pl_name,pl_rade,pl_masse,pl_dens,pl_insol,st_teff,pl_orbeccen,pl_eqt,ESI_equal,ESI_sm,CDHS,mass_est,SEPHI_simple,recon_error,latent_dist,VAE_anomaly,mass_est_planet
TOI-6716 b,0.982,,0.9600725952813067,4.4,3110.0,0.88,369.0,0.392974457819979,0.16171546290294694,0.014532243415077027,3.808264863967231,8.668591088988145e-11,7.070559,2.5723886308644834,0.10198369689144608,0.9091562665553539
Kepler-725 c,3.08,9.7,0.33030852994555354,1.4,5395.0,0.436,268.0,0.42854331300355397,0.3826007004171556,0.07557300849493256,40.42597917482252,0.9869204233620122,1.4318815,2.7577237116520776,0.07561499932029599,9.650991622504538
GJ 514 b,2.13,,0.5372050816696915,0.28,3728.0,0.45,202.0,0.4055307150638285,0.19954439718963546,0.031041299353524482,21.745406561079005,0.957358945793002,2.3878696,2.1000231067308017,0.06464572199383303,5.191333415607986
TOI-2257 b,2.194,,0.515426497277677,0.6703,3430.0,0.496,256.0,0.44053531260948686,0.3795937239082588,0.023080621894531767,22.80159461726745,0.9772260769744017,2.6488953,1.9974367694290127,0.06354879964975832,5.443479740573503
GJ 3138 d,3.23,,0.3103448275862069,0.1,3717.0,0.32,151.7,0.3162345793657445,0.07106356896892757,0.03074744884329165,43.80671505347891,0.7694309613051753,1.9254192,2.090010100816643,0.061861533670920434,10.458082862068967
GJ 229 A c,2.87,,0.36116152450090744,0.1899,3564.0,0.366,188.1,0.35737176212764477,0.1338675733191182,0.026660255382802738,35.763151055483824,0.8891156317033079,2.030263,2.016691006884457,0.06062922166818236,8.537823406533576
Kepler-22 b,2.1,9.1,0.9437386569872959,1.013,5596.0,0.72,279.0,0.48832587072202566,0.5043622609363851,0.08094245872734637,36.609874346631436,0.9939689819515727,4.1463056,1.5113476879307166,0.05978094800193555,8.739963702359349
Kepler-409 b,1.199,6.0,3.4482758620689657,6.15,5421.0,0.69,438.0,0.34975320867244053,0.10876459968790103,0.07626756424640307,24.89706543324881,1.2020417918272652e-30,4.4793386,1.4085827921731684,0.059074709259109986,5.943736548275863
Kepler-130 d,1.64,,0.7531760435571688,9.834,5884.0,0.8,451.0,0.3447444802016172,0.0749995969936408,0.08863599935885562,13.916071494991721,2.3510243542861734e-107,4.8316092,1.2588522367767538,0.05731616090750445,3.322217350272232
HD 20794 f,2.28,,0.49001814882032674,0.3746,5368.0,0.45,214.52,0.4321276568823045,0.2576795559276017,0.07485173906073025,24.327938855799818,0.9785333847905456,1.8508036,1.8618989087593483,0.055828437626115564,5.807867586206895
HD 40307 g,2.56,,0.4228675136116153,0.6378,4956.0,0.29,255.0,0.48251095463269966,0.40227943498135943,0.06384570176843195,29.71753804780731,0.9823356441531578,0.9223183,2.0631101729370953,0.0556946298999505,7.094539615245011
TOI-1470 c,2.47,7.24,0.4827586206896552,3.35,3709.0,0.5,373.0,0.3873640865804858,0.20108913409992663,0.030533739381307098,30.472599715378802,0.0006719174439521673,2.2075198,1.6060379864935475,0.05147781316784503,7.274797310344829
HD 31527 d,3.46,,0.28493647912885667,1.8299,5898.0,0.24,327.48,0.4482671312018487,0.3457307553360572,0.08900999091732384,49.43846286290655,0.9894993260514467,0.54521674,1.937353808993523,0.05052526713329905,11.80256361524501
GJ 9404 b,3.48,,0.2813067150635209,11.2454,3811.0,0.49,473.5,0.2785681349068017,0.056910323768043176,0.03325853502163232,49.65996858244416,3.2056076673071447e-149,1.9358203,1.5997600322329049,0.04983230241803411,11.855444210526317
K2-264 c,2.668,,0.3992740471869329,2.5922,3660.0,0.45,331.0,0.39500413835755266,0.24518785148391242,0.02922476892664001,31.762682031868955,0.24181633158032478,1.9061966,1.6025466665147599,0.049738465035683,7.582781776842107
GJ 414 A b,2.63,,0.4174228675136116,2.2033,4120.0,0.45,308.6,0.4133806993952955,0.2836536374339951,0.04151306299085678,31.80768720695621,0.834045860800063,1.7186725,1.6408195219939343,0.04965312782613543,7.593525970961886
HD 48948 c,2.6,,0.411978221415608,15.5,4593.0,0.55,553.0,0.29000786268666195,0.04413448979236728,0.05414863493080167,30.330733388615087,2.464184e-317,2.092032,1.5028424627911872,0.04830004986549853,7.240929219600726
TOI-2120 b,2.122,6.8,0.16989639537353637,3.61,3131.0,0.32,384.0,0.35487554777723107,0.17225508145516824,0.015093230752789235,6.8,2.6686087602684115e-05,1.680961,1.5874010263268934,0.04812927091128362,1.6233804195373325
TOI-912 b,1.93,5.1,0.7259528130671506,15.0,3572.0,0.58,551.0,0.3143550376542301,0.049024477602630095,0.026873964844791414,21.860944858984414,2.5628661922357144e-294,2.8992639,1.2498318466961358,0.0464915480065569,5.21891615245009
Kapteyn c,2.54,,0.426497277676951,0.1666,3550.0,0.23,165.59,0.3976549921647275,0.13375642496918774,0.0262862638243269,29.2756146907002,0.8584126694571181,1.5767108,1.5327651664141002,0.04621032345911063,6.989038185117969
K2-18 c,2.65,,0.40290381125226865,7.0278,3457.0,0.47,363.0,0.3319176377557265,0.09881054151614094,0.023801891328735742,31.40708332318338,1.1992499660629885e-44,2.034092,1.4182558205896765,0.04589680663163101,7.497888838475499
Kepler-296 f,1.8,,0.5807622504537205,0.62,3740.0,0.33,274.0,0.49729923974216794,0.4048071999104156,0.03136186354650441,14.187455230091752,0.9597039016541411,1.604586,1.5135637296290347,0.04588988766923322,3.3870054446460984
TOI-1448 b,2.749,19.5,0.2240896418655354,5.45,3412.0,0.36,426.0,0.33123753875023193,0.12007207172175952,0.022599775605061205,19.5,2.0018828906806604e-21,1.5024898,1.4988294080002575,0.04496646467461784,4.655282085437939
HD 103949 b,3.35,,0.29764065335753176,1.3983,4792.0,0.19,302.65,0.48108583227979734,0.43332083084488954,0.05946465779771012,46.87219368679577,0.9889031351585309,0.49755424,1.7078143613776813,0.04460484383945647,11.189911978221417
TRAPPIST-1 h,0.755,0.326,0.7554954627949183,0.144,2566.0,0.00567,171.7,0.5660796874854979,0.1665451521649977,0.0,1.3619505038052466,0.6330392079834346,2.8097525,1.1762750175588732,0.04418700230842569,0.32514173239065336
Teegarden's Star d,0.954,,0.9419237749546281,0.12,3034.0,0.07,159.0,0.5574832353027264,0.13926708892390188,0.012502003526205804,3.4257012994334426,0.702136540069662,2.344706,1.2242373403371216,0.04281785551444198,0.8178259430417423
K2-264 b,2.231,,0.5045372050816697,13.0794,3660.0,0.5,496.0,0.31200363372473483,0.05494243016437874,0.029224768926640873,23.468239800217297,5.575469476155603e-214,2.1258883,1.2356636686688007,0.041898962327292164,5.602629554805806
tau Cet f,1.81,,0.6606170598911071,0.2782,5310.0,0.16,201.97,0.5369337425149777,0.25791976077824147,0.07330234546133069,16.408697877405036,0.949684179486754,0.8954552,1.451327232274855,0.04046475018626315,3.917288065335754
GJ 3323 c,1.32,,1.0018148820326678,0.17,3159.0,0.17,147.8,0.5012867576474744,0.1671234033582951,0.01584121386974347,9.651568154639971,0.8377309115567353,2.0620399,1.1841191751991544,0.04027789983427862,2.304142170598911
GJ 180 d,2.66,,0.4010889292196007,0.1362,3371.0,0.14,187.94,0.41137676411802426,0.11836629047591214,0.021504514612381495,31.62089761807604,0.8189969039909923,1.5676792,1.2861732247829178,0.04008145600262344,7.548933241379312
Kepler-296 d,2.09,,0.3448275862068966,2.9,3740.0,0.33,403.0,0.4188226527513558,0.23704154568834118,0.031361863546503436,13.186497893611149,0.03681569489936274,1.259467,1.3480595293464204,0.03991608706215952,3.1480444827586203
Kepler-440 b,1.86,,0.6388384754990926,1.2,4134.0,0.34,229.0,0.5218765030711032,0.4968473542585724,0.04188705454933415,17.21941950502332,0.970772005113879,1.3398265,1.3239080589016243,0.03976158230761653,4.110833597096189
Ross 508 b,1.83,,0.6515426497277677,1.2464,3071.0,0.33,293.86,0.5060757785312261,0.47756900497302945,0.013490409787892758,16.725716383590022,0.9699811131298489,1.8860031,1.1770956654537712,0.03913888343224664,3.992970658802178
Kepler-296 e,1.53,,0.7441016333938294,1.41,3740.0,0.33,337.0,0.5314131328659256,0.46274511826606,0.0313618635465052,11.163365895949497,0.9534708910210298,1.5479418,1.2289707324817765,0.03856293056272407,2.6650572958257714
Kepler-10 d,3.49,,0.2813067150635209,3.9198,5708.0,0.19,387.0,0.4180563906151465,0.19431851141511586,0.0839343911951483,50.08930311975819,3.9162535797722097e-07,0.2963812,1.5004694741018205,0.03838932153986276,11.957940281306719
HD 20794 e,2.03,,0.5680580762250453,2.6513,5401.0,0.29,352.04,0.48761029772809006,0.2904455191735652,0.0757332905914259,19.905333658313246,0.17853376034446,0.70551157,1.370434829634742,0.037428316225985504,4.75204836842105
HD 191939 d,2.995,2.8,0.10344827586206896,14.3,5348.0,0.031,540.0,0.3831710552836706,0.06175181996068141,0.07431746540575669,11.64132318680521,1.3384774716801483e-263,0.39867842,1.416086699104236,0.03687028062264972,2.7791611939655176
Kepler-1536 b,3.14,,0.32123411978221417,0.193,4434.0,0.0,166.0,0.0,0.0,0.0,41.658077254140714,0.8945752536936123,0.98255175,1.2786204356411175,0.0366848259282802,9.945133372050817
Kepler-296 c,2.0,,0.2177858439201452,14.8,3740.0,0.33,606.0,0.2963355662756442,0.046209226582568395,0.031361863546502625,7.298073678030735,2.0908257702175272e-285,1.1749773,1.1883558054632044,0.03551528678775153,1.7422867513611615
TOI-269 b,2.77,8.8,0.41379310344827586,19.0,3514.0,0.425,531.0,0.28176790954912306,0.03644088676654829,0.025324571245388967,36.83928263320809,0.0,1.6374485,1.078319574417985,0.035339974725640905,8.794730896551725
Gliese 12 b,0.93,0.95,1.161524500907441,1.62,3328.0,0.24,314.6,0.5784050653431287,0.46119653290888085,0.02035582625420673,3.9135044329598463,0.8910059857913014,1.8401045,0.9964198133739611,0.03443278877992888,0.9342803629764067
TOI-2406 b,2.86,15.6,0.159198103466613,6.69,3100.0,0.17,449.0,0.3411984531453087,0.10551122884938909,0.014265106587592006,15.600000000000001,5.6845270327828793e-39,1.1611935,1.1365518207328382,0.034162517769278644,3.7242256683503516
Kepler-102 f,0.861,4.3,6.715063520871143,10.0,4909.0,0.1,495.0,0.40915840846979107,0.08523544409198948,0.0625901586792768,17.9534612585067,6.593250381947603e-112,2.0458345,0.8958018362705927,0.033081002642550636,4.286073157350272
HD 216520 c,3.03,,0.3375680580762251,1.2669,5103.0,0.12,295.22,0.5506967939822829,0.5185128044693756,0.06777261313243049,39.33488095847061,0.9865528630848313,0.37460655,1.263067111155651,0.03296576201077228,9.390511110707802
Gl 49 b,2.24,,0.49909255898366606,6.0291,3805.0,0.363,435.99,0.38232912944966485,0.12704962187723434,0.033098252925143894,23.497072629085842,6.158430326494885e-29,1.2769389,1.0251171158146881,0.032050343048046916,5.609512885662434
GJ 3341 b,2.46,,0.4428312159709619,3.6578,3526.0,0.31,377.62,0.4115467123956577,0.20083301721283203,0.025645135438368386,27.61418042439924,1.649424186011414e-05,1.219619,1.0270344082855942,0.03178311284628393,6.592399970961887
GJ 9689 b,3.07,,0.33212341197822143,4.8635,3836.0,0.29,453.04,0.37344458721014123,0.14877267058925706,0.03392637709033998,40.25346096141755,5.624022529042143e-15,0.91551465,1.0823492568779562,0.03147827360930692,9.609805932849364
Kepler-1634 b,3.19,,0.31578947368421056,0.544,5474.0,0.0,282.0,0.0,0.0,0.0,42.939630988211526,0.987734015467762,0.57021725,1.1459555474116305,0.03115183177103611,10.251081789473686
Kepler-441 b,1.64,,0.7531760435571688,0.21,4340.0,0.1,189.0,0.5608133239214789,0.21944442019743784,0.047390073195483454,13.916071494991721,0.8923205751897849,1.1575902,1.0145515860531984,0.03113503458203857,3.322217350272232
Kepler-176 d,2.51,1.72,0.1088929219600726,15.536,5232.0,0.0,501.0,0.0,0.0,0.0,7.212891930449573,4.25084e-319,0.4353396,1.1696438566917389,0.03099579214861034,1.7219511070780396
Kepler-132 e,1.18,,1.0689655172413792,6.1,6023.0,0.0,414.0,0.0,0.0,0.0,7.356958854492012,5.897013019032152e-30,0.69793975,1.1068436435486926,0.03088837008226832,1.7563445517241376
Kepler-1600 b,3.13,,0.32304900181488205,0.4,5214.0,0.0,209.0,0.0,0.0,0.0,41.494451234167705,0.9872472962001837,0.64881426,1.1105144392212063,0.030709329877425712,9.906070537205082
K2-138 g,3.013,4.32,0.1633393829401089,9.29,5356.3,0.059,445.0,0.4097269190364258,0.09553425985930358,0.07453918897257021,18.714443397351634,4.483923900667932e-93,0.22611241,1.18988602782704,0.03034685895852803,4.467744260852995
Kepler-436 b,2.73,,0.38656987295825773,1.69,4651.0,0.19,322.0,0.5024940869319247,0.40357860083706953,0.05569802853020172,32.94614117139229,0.9839027353525017,0.5007461,1.1231940518256327,0.030209516327980298,7.865311834845735
Kepler-296 b,1.61,,0.544464609800363,6.5,3740.0,0.33,495.0,0.4050845567750219,0.12468933228249823,0.031361863546504755,9.517785067851811,6.19680494449587e-36,1.2632154,0.9462137604802857,0.03002981526399203,2.2722038112522696
TOI-782 b,2.734,19.1,0.223125510576264,5.91,3370.0,0.19,435.0,0.367833358040607,0.12519315904190362,0.02147780092963273,19.1,2.626831339329986e-27,0.93963355,1.013132154739976,0.029904174718023247,4.559789119582803
Kepler-1965 b,1.35415138,,0.9637023593466424,13.8,5852.0,0.0,492.0,0.0,0.0,0.0,10.023818203601618,1.2450994555329172e-242,0.50040686,1.1003862096307608,0.0296453659476742,2.39301032363658
Kepler-138 e,0.797,0.43,0.8475499092558983,1.73,3841.0,0.112,292.0,0.6582392830150487,0.5063084229279782,0.03405994550408371,1.7973342702825488,0.7898023935363627,1.3285851,0.9081127893237908,0.02944916463575844,0.4290819502558984
Teegarden's Star c,1.02,,0.987295825771325,0.35,3034.0,0.04,209.0,0.7297236690455837,0.40920118791293725,0.012502003526205941,4.388705363972197,0.89411491956246,2.0331578,0.7482267021729561,0.0293732295202151,1.0477262286751365
GJ 422 b,3.33,,0.29945553539019965,0.8928,3323.0,0.11,292.68,0.5217382873787809,0.5328323733019518,0.02022225784046299,46.31841133282155,0.9887309170598549,1.0939963,0.9507776837116931,0.02921387382975738,11.057706179673321
Kepler-276 d,2.8,16.3,0.13793103448275862,11.274,5693.0,0.0,489.0,0.0,0.0,0.0,12.683078975927009,3.5090916329295724e-150,0.34037292,1.0991267099665887,0.02873625414596862,3.0278620689655162
Kepler-1868 b,3.14950109,,0.32304900181488205,0.5,4658.0,0.0,215.0,0.0,0.0,0.0,42.27487204032589,0.9876449524050235,0.6783906,1.0100742327269838,0.0283954207651775,10.092382280692838
Kepler-1318 b,3.11,,0.3266787658802178,0.492,4598.0,0.0,202.0,0.0,0.0,0.0,41.16145164190952,0.9871938132066876,0.6969795,1.0012087716293643,0.02827884974836239,9.82657274047187
Kepler-61 b,2.15,,0.5281306715063522,1.69,4017.0,0.25,273.0,0.5070511566953038,0.4046012336281269,0.03876155366778283,21.985957250063045,0.9763946767221526,0.921402,0.950401783056071,0.028257630380671035,5.248760662431942
Kepler-11 f,2.49,2.0,0.12522686025408347,19.53,5663.0,0.013,513.0,0.4040475674397983,0.049198308473830804,0.08273227547147037,8.09811877881575,0.0,0.34985882,1.075485755691133,0.028205472286542355,1.9332834500907445
Kepler-970 b,2.609,,0.4101633393829401,11.111,4290.0,0.34,464.0,0.3354591111534234,0.0679376116814226,0.046054389058067656,30.51179001793989,6.147501116247208e-145,0.8714388,0.9441439964791251,0.027829221205863376,7.284153305905626
Barnard e,0.637,,0.7441016333938294,2.4456,3195.0,0.04,340.0,0.6946092936065785,0.43913145406333687,0.01680290644868218,0.8056365558916532,0.31089050294895787,1.7921528,0.7385284844636527,0.02781180986369891,0.19233156030852994
Kepler-452 b,1.63,,0.7568058076225046,1.1,5757.0,0.0,265.0,0.0,0.0,0.0,13.728904329626776,0.964576043831692,0.66029763,0.9883790987336639,0.02776129229759108,3.277534480943738
GJ 3293 d,2.67,,0.397459165154265,0.59,3466.0,0.12,241.22,0.5308376939327513,0.4296041409932592,0.024042314473469984,31.689465156488115,0.9832441011844728,1.1093407,0.8858994107494247,0.027698598222372917,7.5653025353902
HD 13808 c,3.13,,0.32304900181488205,5.6365,5035.0,0.156,424.57,0.4184910182298257,0.1476092747470663,0.06595608270554687,41.494451234167705,1.0513693121029065e-23,0.20267121,1.0854903245051177,0.02764454157258241,9.906070537205082
Kepler-186 f,1.17,,1.0653357531760437,0.3,3755.0,0.04,177.0,0.7182543234367079,0.36120983852708793,0.03176256878773023,7.147146709171989,0.927429800539753,1.5740986,0.7785940540510283,0.027603158562652094,1.7062555916515425
K2-32 d,3.484,6.7,0.15789473684210528,14.8,5271.0,0.05,550.0,0.37440126569903015,0.059509972915461194,0.07226051183414078,27.969886373777037,2.3095948143880177e-285,0.20120108,1.0689518540741623,0.027228746942575165,6.677318511157895
TRAPPIST-1 g,1.129,1.321,0.9176018148820326,0.252,2566.0,0.00208,197.3,0.5477511434641025,0.2462276650204884,0.0,5.531267969501794,0.8770057653932912,2.4455707,0.5689338267438515,0.027215854822172425,1.3204929583681224
Kepler-443 b,2.33,,0.4754990925589837,0.86,4723.0,0.11,233.0,0.6106126934378148,0.5939720188905925,0.05762141368807971,25.19451861657391,0.9791717623373939,0.5458411,0.9815564302407703,0.026965100422017666,6.014748264972778
Kepler-1086 c,2.94,,0.35208711433756806,0.519,4350.0,0.0,211.0,0.0,0.0,0.0,37.478373211900745,0.9859267480524068,0.7578484,0.9149963487489465,0.026487396220811452,8.947302533575318
Kepler-1636 b,3.23,,0.3103448275862069,1.217,5797.0,0.0,248.0,0.0,0.0,0.0,43.80671505347891,0.9879689107023272,0.4251349,0.9872785202162949,0.02644388830847804,10.458082862068967
TRAPPIST-1 f,1.045,1.039,0.9115978221415607,0.373,2566.0,0.01007,217.7,0.7482264105965557,0.44112737146363756,0.0,4.357533751040198,0.8897183393112479,2.3786864,0.5411897187078152,0.026164895421768322,1.0402845542517238
GJ 682 b,1.93,,0.6098003629764065,0.3125,3028.0,0.08,281.93,0.5667913091145789,0.30241278807446936,0.012341721429715664,18.363193681546907,0.9669535438823785,1.6450341,0.6989221628713834,0.026028183269653747,4.383889568058075
TRAPPIST-1 d,0.788,0.388,0.7925197822141561,1.115,2566.0,0.00837,286.2,0.787407575820232,0.7773021363546581,0.0,1.6243416239150013,0.7738959149707664,2.2907805,0.5530596758207726,0.02597521424848997,0.38778299807398336
HD 238090 b,2.52,,0.4301270417422868,8.1,3933.0,0.3,469.6,0.36430345514671686,0.09599289085387727,0.036517604316925655,28.832810577734715,2.2469740207386276e-65,0.8790838,0.8650226532376286,0.025920562560593472,6.88332649001815
Proxima Cen d,0.692,,0.7822141560798548,1.814,2900.0,0.0,282.0,0.0,0.0,0.0,1.085756814976444,0.7254078780034994,2.0372262,0.6062993015114487,0.025896567763280157,0.2592053461488203
HIP 38594 b,2.77,,0.3793103448275862,1.3216,4086.3,0.17,308.29,0.5178905794460813,0.478480726866654,0.04061281188223871,33.76934241377408,0.9842932481919737,0.6881908,0.9046592542276761,0.02585036110213335,8.061836655172414
TOI-2443 b,2.363,4.8,0.3629764065335753,13.2931,4375.0,0.301,519.0,0.3317064626586106,0.05726069155480886,0.04832505209167246,20.061258358669736,2.723634123164167e-222,0.6892206,0.8799741388327689,0.025247440794068838,4.789272648638838
Kepler-62 f,1.41,35.0,2.9807262832022547,0.5,4925.0,0.0,208.0,0.0,0.0,0.0,35.0,0.9980654584419072,1.563616,0.671238860971339,0.024898980310459253,8.355634512324507
Kepler-1630 b,2.19,,0.515426497277677,0.26,4736.0,0.0,182.0,0.0,0.0,0.0,22.677109389951777,0.9458915841617972,0.8883085,0.8124738646813782,0.024675672884845436,5.4137610816696915
TOI-5713 b,1.77,,0.6805807622504537,2.2554,3225.0,0.24,347.2,0.5069718441891561,0.33943323251824303,0.017604316931131073,15.808405857752895,0.7460946883698533,1.3770802,0.7030280310159291,0.024659219863204837,3.7739789019963705
TOI-5789 c,2.86,5.0,0.21052631578947367,8.7194,5185.0,0.067,718.0,0.42580734305856494,0.10468029051645908,0.06996313511778894,20.62970886461944,3.505048671028373e-79,0.17266247,0.9648161390788885,0.024504871053259655,4.924980210526315
TRAPPIST-1 e,0.92,0.692,0.8895834845735028,0.646,2566.0,0.0051,249.7,0.7275304685658907,0.6017369271883305,0.0,2.9016084199810463,0.847036212035906,2.329867,0.4765033580264911,0.024302301379966775,0.6927079844355718
Kepler-1593 b,3.17,,0.3194192377495463,0.889,4995.0,0.0,260.0,0.0,0.0,0.0,42.62137584624826,0.9876978285360268,0.49268627,0.8755725264521282,0.02406059825357259,10.175103970961887
HD 48948 d,3.24,,0.3103448275862069,2.46,4593.0,0.055,349.0,0.5563242773675672,0.35806441505648134,0.05414863493079975,44.214849538200184,0.4238771558308905,0.34415627,0.9019518212213523,0.023895993772872236,10.55551779310345
EPIC 212737443 c,2.69,,0.3938294010889292,2.2653,4684.0,0.2,316.0,0.4815393183342261,0.3235230571146745,0.05657958006089569,32.11098179201991,0.7421523341431797,0.46830225,0.8731426420544752,0.023866905287361462,7.665932219600725
Kepler-1533 b,3.46,,0.28493647912885667,4.786,6431.0,0.0,330.0,0.0,0.0,0.0,49.43846286290655,3.249337426787381e-14,0.35669172,0.8945301466528924,0.023781803267877977,11.80256361524501
GJ 3323 b,1.23,,1.0816696914700545,2.58,3159.0,0.23,290.06,0.5403698280111578,0.32654026188132956,0.015841213869743864,8.431378859089113,0.24683747633298436,1.6594461,0.5895104488724668,0.023409894550580228,2.0128434337568057
TOI-2285 b,1.77,19.5,0.8395106365121066,3.91,3491.0,0.3,358.0,0.463211782957269,0.21256181258130136,0.024710156542179215,19.5,4.506573230064118e-07,1.380192,0.6493644714883414,0.023353308111487673,4.655282085437938
Kepler-37 d,2.03,2.0,0.23593466424682397,10.39,5357.0,0.1,499.0,0.41416307957164894,0.08625901498419673,0.07455788855049632,8.267390976296237,4.6132026507544446e-123,0.20184143,0.9057091576667999,0.023207783542616194,1.973694210526315
GJ 674 b,3.33,,0.29945553539019965,10.5165,3600.0,0.2,530.8,0.33743681626847544,0.0729109585952001,0.027621947961741784,46.31841133282155,9.913373955554627e-127,0.70839846,0.7919078319797479,0.02318153605048079,11.057706179673321
Kepler-1126 c,1.45,,0.883847549909256,2.06,5678.0,0.0,305.0,0.0,0.0,0.0,11.286777880287813,0.9450291796887834,0.63279086,0.8083994341751679,0.02317327165278039,2.694519736842105
K2-3 d,1.458,2.2,3.176043557168784,1.44,3844.0,0.091,305.2,0.6021246537442927,0.5124518849627244,0.03414008655233214,41.233256066051815,0.9987957952210188,1.6702955,0.5738248785181861,0.023082720281357966,9.843714784029038
GJ 3082 b,2.79,,0.3756805807622504,5.521,3910.0,0.22,457.53,0.39864994608137444,0.14328543591728174,0.03590318961371433,34.17590043095715,2.8618288520345696e-22,0.65852606,0.797081216475497,0.023035441618493944,8.1588952323049
Kepler-351 b,3.06,4.8,0.16715063520871146,11.983,5643.0,0.0,498.0,0.0,0.0,0.0,20.06138534667217,7.034398845214146e-174,0.25413066,0.8845334097431313,0.022972626991216622,4.78930296479129
HN Lib b,2.2,,0.5117967332123412,0.503,3347.0,0.079,234.4,0.5916816448435048,0.4321449545001043,0.020863386226422937,22.827279753828442,0.9771445338670874,1.2543894,0.6617054956716163,0.022967311837317022,5.4496116152450105
K2-54 b,2.6116925,,0.4101633393829401,6.1,3990.0,0.24,560.0,0.39524394550556907,0.1308895004930226,0.038040284233578386,30.606352462620055,6.1726632962783956e-30,0.67443454,0.780778138327145,0.022720801559516515,7.306728426658179
TOI-700 e,0.953,,0.9419237749546281,1.27,3459.0,0.059,272.9,0.7728010682478793,0.7013741277888782,0.02385531869423364,3.4149399419735564,0.8672744701253058,1.4909842,0.59800292631424,0.02269496017342657,0.8152568581905627
Kepler-1097 b,3.26,,0.308529945553539,1.3,5211.0,0.0,267.0,0.0,0.0,0.0,44.775323473123294,0.9883546844459962,0.3993975,0.8270934436961862,0.022353578139392725,10.689321088929217
Kepler-1620 b,1.61,,0.7695099818511797,7.92,6157.0,0.0,428.0,0.0,0.0,0.0,13.451802895897226,1.265460118912994e-61,0.45741826,0.8134264116151396,0.022334983742909147,3.2113813865698737
Kepler-1277 b,1.6,,0.7767695099818512,12.11,5578.0,0.0,496.0,0.0,0.0,0.0,13.327255612574529,2.650809905493523e-178,0.35187835,0.8364445443564343,0.022323389848771788,3.1816479128856634
GJ 180 c,2.41,,0.455535390199637,0.7812,3371.0,0.09,290.87,0.5945335065183858,0.5585627867339692,0.02150451461238197,26.709260241159793,0.9803148706720477,1.1149307,0.6650373867678246,0.02228428409264762,6.3763661905626146
Proxima Cen b,1.02,,0.9909255898366607,0.641,2900.0,0.0,218.0,0.0,0.0,0.0,4.404840310163271,0.894623888780097,2.0330358,0.4586344899507486,0.022233146195882757,1.0515781633393833
Kepler-610 c,3.3,,0.30308529945553536,2.297,5943.0,0.0,318.0,0.0,0.0,0.0,45.6242040824523,0.6946479924928516,0.3381325,0.8327412053332632,0.02215667064289249,10.891976406533574
K2-18 b,2.37,8.92,0.7459165154264974,1.005,3457.0,0.2,284.0,0.5665503314832829,0.6002318028518394,0.023801891328736585,41.59334710368583,0.9940860770597135,1.2085,0.6292564084128515,0.021915551970830283,9.929680186932853
Kepler-1700 b,2.90129941,,0.3575317604355717,2.2,6031.0,0.0,329.0,0.0,0.0,0.0,36.57470952745308,0.8398146900551512,0.3601442,0.8041910998871895,0.021573587273084605,8.731568720166598
Kepler-378 c,0.7,,0.7876588021778584,8.166,4661.0,0.0,414.0,0.0,0.0,0.0,1.131672754019803,6.561493283969877e-67,0.96000373,0.6702091747357163,0.021561744980608765,0.2701669691470054
TOI-700 d,1.073,,1.0090744101633393,0.85,3459.0,0.042,268.8,0.8223561941460674,0.7767233047069754,0.023855318694233702,5.221688590446678,0.9105000545928659,1.5263267,0.5415666776943213,0.02149753192026218,1.2465863256842102
GJ 667 C e,1.45,,0.883847549909256,0.3022,3350.0,0.02,,0.7501193534759295,0.384618015618442,0.020943527274668656,11.286777880287813,0.950013737479315,1.6535809,0.5132097398166152,0.021496646720310437,2.694519736842105
GJ 1061 d,1.16,1.67,1.0671506352087115,0.6,2953.0,0.04,242.03,0.7683120562524333,0.6080701034558962,0.010338195223593647,6.977314582192869,0.9351365219959505,1.9179119,0.4537694802459066,0.02148155564272774,1.6657111578947366
Ross 128 b,1.11,,1.0217785843920146,1.38,3192.0,0.116,301.0,0.6759811604928719,0.5909209819107828,0.01672276540043765,5.8534827340917035,0.9203847506106305,1.5895612,0.5267339191669106,0.02147880521668517,1.3974160671506357
HIP 9618 c,3.42855926,7.0,0.18148820326678766,11.7,5649.0,0.0,470.31,0.0,0.0,0.0,30.6388169089695,3.4281018922082334e-164,0.222766,0.8195910649781019,0.021199492549633832,7.314478742325063
Kepler-411 d,3.319,15.2,0.4174228675136116,3.9,4974.0,0.128,410.0,0.47339361100689364,0.22197667351667952,0.06432654805790203,63.92733554942579,5.331426699354415e-07,0.20972486,0.8208161068674992,0.021158140869476996,15.261527177078039
Kepler-54 b,2.1,0.98,0.13793103448275862,12.357,3705.0,0.022,453.0,0.4362090539722669,0.07915329868926473,0.03042688465031105,5.350673942969209,3.685094917147119e-187,0.80830574,0.6848798284150718,0.021091101598205493,1.2773793103448277
Barnard c,0.743,,0.8148820326678766,4.7285,3195.0,0.08,400.0,0.5801950297214236,0.22861358532438578,0.016802906448682382,1.4000701382235032,8.847771382568756e-14,1.5924547,0.5097725765368172,0.021076526886288197,0.3342421247604356
GJ 887 c,2.43,,0.45190562613430135,2.5,3688.0,0.17,320.0,0.492287431357305,0.3114306100607212,0.02997275204359262,27.1615893133516,0.3607791516983532,0.79452884,0.6850213733339882,0.021019001287005366,6.48435180217786
TOI-5789 e,3.43,,0.2867513611615245,5.5729,5185.0,0.071,424.0,0.4663449311672691,0.16658007525891885,0.0699631351177905,48.47038368284052,6.593794416083404e-23,0.1416825,0.8206467155973374,0.0207806357738788,11.571451735027225
Kepler-1599 b,1.62,,0.764065335753176,8.196,5767.0,0.0,407.0,0.0,0.0,0.0,13.607055303788215,1.964562340511128e-67,0.38712692,0.763329617361034,0.02071426211774276,3.2484451687840292
GJ 163 c,2.5,,0.43375680580762255,1.2457,3500.0,0.099,305.07,0.58250486730561,0.5551274525058186,0.02495057968691241,28.389316553537533,0.9813969869851081,0.93869495,0.6395511685158708,0.020689007918932655,6.777450090744102
Kepler-1550 b,3.02,,0.33938294010889297,2.305,5991.0,0.0,348.0,0.0,0.0,0.0,39.156101522398956,0.6799872477560469,0.3439258,0.7698724717944685,0.020638532991833363,9.347830664246825
Kepler-1649 c,1.06,,1.0054446460980038,0.75,3240.0,0.0,234.0,0.0,0.0,0.0,5.016079037417973,0.9069044115854307,1.7378553,0.45654657020325323,0.020562101123165817,1.1975006606170602
Kepler-371 c,1.78,,0.6751361161524502,17.063,5666.0,0.0,443.0,0.0,0.0,0.0,15.949238678455716,0.0,0.26722845,0.7832254237062269,0.02054691119117552,3.8076002613430133
Kepler-1554 b,2.9,,0.3575317604355717,1.014,5297.0,0.0,288.0,0.0,0.0,0.0,36.525589197810255,0.9854995668383135,0.44308966,0.742543451590081,0.020508865515834678,8.719842105263158
Kepler-276 c,2.9,16.6,0.16152450090744103,19.793,5693.0,0.0,563.0,0.0,0.0,0.0,16.50140831779245,0.0,0.24757096,0.7817367123154156,0.020402354304347968,3.939421052631579
Kepler-332 c,1.09,,1.0163339382940109,19.986,4955.0,0.0,550.0,0.0,0.0,0.0,5.513209950025439,0.0,0.6207799,0.6932619449044758,0.020268847754566874,1.3161819237749548
Kepler-1341 b,2.99,,0.3448275862068966,1.141,4662.0,0.0,241.0,0.0,0.0,0.0,38.610388929770465,0.9863727507767,0.50502485,0.7172037142472986,0.020223977240822873,9.217551379310347
HD 28109 d,3.11,5.8,0.19963702359346644,17.3745,6189.0,0.0054,561.0,0.3837209552375271,0.05282763238830743,0.0967836725970761,25.1542204478336,0.0,0.25420466,0.77062119640283,0.0201647170217519,6.0051277858439205
tau Cet h,1.19,,1.0834845735027223,8.3829,5310.0,0.23,473.22,0.4751967069636082,0.11647180829013616,0.07330234546133524,7.648076542806632,1.5809198007379504e-71,0.76303387,0.6573491059145777,0.020163983975280596,1.825843780399274
GJ 433 d,2.14,,0.5317604355716878,0.6312,3461.0,0.07,279.71,0.6294132156419914,0.5237553044543288,0.02390874605972906,21.829608694312096,0.9762654410507944,1.1446476,0.5662343040288998,0.02001150667520047,5.2114351941923776
Kepler-1058 b,2.72,,0.3883847549909256,0.77,4644.0,0.0,239.0,0.0,0.0,0.0,32.73840341228933,0.9837991599596494,0.5960902,0.6875253243883316,0.019991955637290042,7.815718098003631
GJ 667 C b,2.25,,0.4972776769509982,5.3902,3350.0,0.2,,0.4286621158050227,0.15621090696540044,0.02094352727466813,23.726579181183713,1.0571609203280962e-20,0.97004765,0.6002651459797465,0.019892499656300223,5.664303539019964
GJ 1132 c,1.52,,0.8257713248638838,2.1053,3090.0,0.19,300.0,0.5537498427900116,0.38523215945549416,0.013997969760110774,12.147283598780708,0.9190748500837134,1.4653398,0.48785268668309556,0.019838685245743126,2.8999503448275865
TOI-1468 c,2.126,4.1,0.4192377495462795,2.13,3376.0,0.111,338.1,0.5415864616891243,0.37748868293334614,0.021638083026123467,16.874805308691766,0.8974726504687245,0.96456796,0.5984198303886592,0.019816941052588702,4.028563017887477
TOI-4364 b,2.01,,0.5771324863883848,13.3328,3528.0,0.29,488.0,0.3545566226096944,0.061208589938776134,0.02569856280386575,19.63144658511358,7.562481924263504e-224,1.0916669,0.568834113163415,0.01978491064974682,4.686662646098002
Kepler-442 b,1.34,,0.9782214156079855,0.66,4402.0,0.04,241.0,0.8070744180336905,0.668838146075802,0.049046321525879275,9.8591658135348,0.9541758214701537,1.0236968,0.5833103397306293,0.01976886468310686,2.3537024609800365
HD 69830 c,3.46,,0.28493647912885667,17.417,5385.0,0.13,567.04,0.3429499574291003,0.04764073013400286,0.07530587166745001,49.43846286290655,0.0,0.06948321,0.794761131604802,0.019746332772100566,11.80256361524501
Kepler-1605 b,1.08,,1.012704174228675,16.734,5280.0,0.0,528.0,0.0,0.0,0.0,5.343705012414057,0.0,0.60172814,0.6720805564884051,0.019642124485859915,1.275715600725953
Kepler-378 b,0.75,,0.8203266787658802,17.819,4661.0,0.0,503.0,0.0,0.0,0.0,1.4496369004994643,0.0,0.86498606,0.609607471707999,0.019546376099473513,0.34607531760435567
GJ 676 A e,2.47,,0.44101633393829404,2.7678,3734.0,0.152,351.55,0.49295180218831935,0.29157527877648476,0.03120158145001427,27.837750867808452,0.09281170953529905,0.7252837,0.6396996370318195,0.01952174096991703,6.645773482758623
Kepler-1678 b,3.30422249,,0.30127041742286753,2.78,5754.0,0.0,329.0,0.0,0.0,0.0,45.52531370615489,0.08670721130898057,0.2863716,0.7351482255539796,0.019466680868991466,10.868368068215648
Teegarden's Star b,1.05,,1.0,1.08,3034.0,0.03,277.0,0.8568971394404677,0.8471691680713791,0.012502003526206052,4.849048260815846,0.9037083664753013,1.7788197,0.39916999929481634,0.019372337124991302,1.1576250000000001
Kepler-1093 c,1.96,,0.5952813067150635,18.1,6166.0,0.0,508.0,0.0,0.0,0.0,18.77496206720648,0.0,0.28599003,0.7257485758090295,0.01923285466204109,4.482192029038112
Kepler-125 c,0.74,,0.8112522686025408,16.81,3810.0,0.0,529.0,0.0,0.0,0.0,1.3770182393995083,0.0,1.182997,0.5253720110320709,0.019214527206017094,0.32873888929219597
K2-118 b,2.54,,0.4246823956442831,4.3,4726.29,0.2,394.64,0.4459084003626855,0.1916383317662927,0.057709301704321724,29.151037606909984,6.344182200444727e-10,0.3813302,0.701628757256683,0.019161325037338417,6.95929759709619
Kepler-140 c,1.8,,0.6660617059891107,9.957,6077.0,0.0,428.0,0.0,0.0,0.0,16.271237717011477,9.977747592038105e-111,0.35011667,0.7070404124999351,0.0191234806406587,3.8844718693284945
Barnard b,0.72,,0.7985480943738658,6.76,3195.0,0.03,438.0,0.6278860333940373,0.18761656012140562,0.016802906448682396,1.248496060248074,3.2417430537690106e-40,1.5933937,0.42739787360121,0.019050867849311832,0.29805647912885663
Kepler-231 c,1.93,24.1,0.17604355716878403,6.267,3767.0,0.0,393.0,0.0,0.0,0.0,5.301279128303721,1.9348078454900405e-32,0.7999449,0.6011514093503708,0.018981043177675502,1.265587166969147
Barnard d,0.694,,0.7840290381125228,10.0441,3195.0,0.04,483.0,0.5592583920271195,0.12115778183994534,0.016802906448682417,1.097739188869705,2.8373808870224487e-113,1.5756547,0.42570714138864313,0.0189118577967083,0.2620659272014519
GJ 338 B b,3.25,,0.308529945553539,3.9278,4014.0,0.109,391.0,0.4555559860737187,0.21309503971928886,0.03868141261953652,44.36454326184406,3.4574866360849667e-07,0.48146468,0.6648327503249309,0.018803590305276122,10.591254537205081
Kepler-388 c,0.86,,0.8874773139745916,16.64,4498.0,0.0,515.0,0.0,0.0,0.0,2.3645103714706974,0.0,0.8334122,0.5842944054939839,0.018749087433778754,0.5644852704174228
Kepler-430 c,1.75,,0.6896551724137931,9.096,5884.0,0.0,458.0,0.0,0.0,0.0,15.482274140535905,3.2608980400764955e-88,0.34145606,0.6906876054147946,0.01867281112640821,3.6961206896551726
Gliese 48 b,2.77,,0.38112522686025413,0.89,3450.0,0.0,271.0,0.0,0.0,0.0,33.93091821479693,0.9844746213013943,1.064223,0.5276296538404993,0.018618506627815886,8.100410036297642
K2-25 b,3.44,24.5,0.6007259528130672,9.91,3207.0,0.428,494.0,0.3193790151044702,0.07348987975661948,0.017123470641661694,102.43310369986762,2.0307089324080141e-109,1.8954964,0.33937007843929007,0.018538241247529955,24.454102185117968
Kepler-1489 b,1.77,,0.6805807622504537,11.893,5655.0,0.0,400.0,0.0,0.0,0.0,15.808405857752895,9.246718975576355e-171,0.2910898,0.6958680781015667,0.018524181758935474,3.7739789019963705
K2-72 e,1.29,,1.0272232304900182,1.2,3360.47,0.11,286.34,0.6859482080061213,0.6476752543723833,0.0212232195330438,9.2368219572636,0.951858143713432,1.4229735,0.4437591265818784,0.018519180359811344,2.205128809437387
Kepler-1690 b,2.81109223,,0.3720508166969147,1.2,5404.0,0.0,267.0,0.0,0.0,0.0,34.61913049016424,0.984676114948132,0.4108202,0.6684827451423436,0.018505968637765366,8.264708614579483
Kepler-1025 b,1.98,,0.5880217785843921,17.952,6089.0,0.0,1654.0,0.0,0.0,0.0,19.11954669764277,0.0,0.26522738,0.6952356946264071,0.018366691597603298,4.5644555499092565
HD 219134 g,3.28,,0.30490018148820325,2.2009,4913.0,0.0,339.34,0.0,0.0,0.0,45.06795202233463,0.8410158668354034,0.34455505,0.6748281326405106,0.01829882551029748,10.759181009074407
Kepler-124 d,1.11,,1.029038112522686,10.499,4984.0,0.0,428.0,0.0,0.0,0.0,5.895070533268197,3.039418631774568e-126,0.6469779,0.6003070997364107,0.018120941879268965,1.4073444228675138
GJ 180 b,2.43,,0.45190562613430135,1.5359,3371.0,0.07,344.43,0.6053173451697705,0.5161326439127892,0.021504514612382057,27.1615893133516,0.9806994121485028,0.9832276,0.5238101859832477,0.018079944815835112,6.48435180217786
HD 224018 d,2.4,4.2,0.308529945553539,4.7348,5784.0,0.04,411.0,0.56377898735543,0.22249044476466984,0.0859646310840194,17.865684363819238,9.716043893335576e-14,0.22272184,0.689280848961161,0.017986668933015336,4.265117967332123
HD 190360 d,3.48,11.9,0.2813067150635209,7.7173,5560.0,0.058,459.21,0.4560266627195948,0.1255934047671577,0.07998076614840109,49.65996858244416,1.626906887006892e-57,0.109849736,0.7140146142684065,0.017977141518008697,11.855444210526317
Kepler-1881 b,2.98104391,,0.3448275862068966,1.5,5135.0,0.0,289.0,0.0,0.0,0.0,38.264472508304365,0.9861666180677429,0.37966204,0.6516748858166237,0.01792064284150046,9.134969916750864
Kepler-888 b,1.76,,0.6860254083484574,7.854,5875.0,0.0,417.0,0.0,0.0,0.0,15.666313526372127,2.8451936690550766e-60,0.3497071,0.6580138049489811,0.017912564115794873,3.7400568566243195
GJ 3293 e,1.63,,0.7549909255898367,3.34,3466.0,0.21,370.79,0.5064318206292375,0.25890314339615145,0.02404231447347149,13.695981297661243,0.0007327972804933027,1.1447675,0.48032421209261383,0.017894194413190637,3.269674686025408
Kepler-1538 b,2.82,,0.3720508166969147,1.989,5837.0,0.0,346.0,0.0,0.0,0.0,34.949277047746776,0.9849116117978881,0.34861147,0.6562751423120655,0.017863688946089706,8.343525299455534
TOI-4336 A b,2.137,3.33,0.33938294010889297,1.53,3307.0,0.0,309.4,0.0,0.0,0.0,13.873696302168435,0.9428576476977795,1.1098646,0.483765571889358,0.01778753313463146,3.3121010181687844
Kepler-1251 b,1.84,,0.6460980036297641,13.78,5545.0,0.0,487.0,0.0,0.0,0.0,16.859336442055245,8.345099026140076e-242,0.25319737,0.6724687065415738,0.01773940414709144,4.02487009800363
TOI-6002 b,1.65,,0.7459165154264974,1.6823,3229.0,0.15,321.4,0.5859579509539895,0.46700383043608046,0.017711171662124364,14.03558972895801,0.965265237343999,1.2848818,0.4425549417710085,0.017731823624420787,3.3507502268602543
Kepler-1936 b,3.16615594,,0.32123411978221417,9.4,6501.0,0.0,524.0,0.0,0.0,0.0,42.70779798665523,7.358774626430132e-96,0.3064627,0.6590482659304713,0.017700797352204357,10.195735737219414
Kepler-174 d,2.19,,0.515426497277677,0.53,4880.0,0.0,212.0,0.0,0.0,0.0,22.677109389951777,0.9770403567577406,0.6855825,0.5742788490307611,0.017691071261545635,5.4137610816696915
HIP 54373 b,2.87,,0.3629764065335753,15.0984,4021.0,0.2,580.66,0.33667529289013454,0.05290725894575453,0.038868408398775464,35.9428653823958,8.897745997117391e-299,0.47889766,0.6201116861945652,0.017686982556625465,8.58072704174229
55 Cnc B c,2.16,,0.5245009074410164,0.4613,3286.0,0.0,230.04,0.0,0.0,0.0,22.140942632081188,0.9765186865411027,1.3734812,0.4185845057455207,0.017626991629390673,5.285760696914702
Kepler-930 b,2.13,,0.5353901996370236,16.851,6335.0,0.0,561.0,0.0,0.0,0.0,21.67194234972401,0.0,0.29464573,0.6578228259214247,0.017605749703884236,5.173795127041742
K2-88 b,1.23,,1.0925589836660616,7.8,3537.0,0.26,464.6,0.44706312491286543,0.11801245271631781,0.025938985948601643,8.51625851203296,3.4558001162065406e-59,1.3817768,0.41435899415819993,0.017568334740930336,2.033106958257713
Kepler-1499 b,1.19,,1.0707803992740472,7.371,5097.0,0.0,409.0,0.0,0.0,0.0,7.55840060344374,7.243851144989311e-51,0.63851345,0.577010185488282,0.017500153227330926,1.804435226860254
Kepler-69 c,1.71,,0.7114337568058077,2.687,5638.0,0.14,299.0,0.5876356051498139,0.3438147925489459,0.0820644334027735,14.900862549177393,0.14638246454729414,0.44954187,0.6164829747801875,0.01743645583581093,3.557318896551724
Kepler-220 d,0.98,,0.958257713248639,8.208,4632.0,0.0,401.0,0.0,0.0,0.0,3.777888708645207,9.865011770866213e-68,0.7841955,0.5419432526631877,0.017434952380815362,0.9019044936479129
Kepler-171 d,1.89,,0.6243194192377496,15.103,5642.0,0.0,497.0,0.0,0.0,0.0,17.65553432529008,5.416261248844686e-299,0.2381802,0.6612537001425624,0.01738052191879204,4.214948341197822
Kepler-332 d,1.18,,1.0689655172413792,7.253,4955.0,0.0,427.0,0.0,0.0,0.0,7.356958854492012,1.0886535186648328e-48,0.6613109,0.5660984675745303,0.017356226368479805,1.7563445517241376
Kepler-438 b,1.12,,1.0362976406533575,1.4,3748.0,0.03,288.0,0.8464670216156628,0.7301159363647832,0.031575573008492404,6.098558396003643,0.9241448242738329,1.2641251,0.42581612773699884,0.017205269725977086,1.4559235716878407
TOI-700 c,2.6,,0.411978221415608,2.64,3459.0,0.068,356.0,0.5548926939408995,0.34056117960878657,0.023855318694232217,30.330733388615087,0.19089842184548272,0.8280857,0.5198042740953295,0.01712996620973994,7.240929219600726
TOI-178 f,2.417,5.63,0.4022638838475499,0.6071,4316.0,0.00045,521.0,0.4085771079416295,0.3314763443817713,0.04674894480952234,23.79192613812401,0.9743448482871703,0.76234084,0.5316204945336136,0.017060551860937606,5.679903975839556
Kepler-1229 b,1.4,,0.9237749546279492,0.524,3784.0,0.0,212.0,0.0,0.0,0.0,10.617906576886263,0.9566722641015678,1.3272055,0.40590410945104627,0.01706047622552965,2.5348384754990922
Kepler-215 e,1.75,,0.6896551724137931,7.444,5739.0,0.0,405.0,0.0,0.0,0.0,15.482274140535905,3.1685031440790827e-52,0.3419968,0.623537159712102,0.017020295564916674,3.6961206896551726
Kepler-1996 c,2.81,,0.3738656987295826,1.38,4580.0,0.0,276.0,0.0,0.0,0.0,34.74747015184204,0.9848286211573916,0.49469241,0.5884849656979299,0.016993939629529463,8.295347451905627
TOI-2076 d,3.27,7.3,0.2032667876588022,16.5,5187.0,0.027,490.0,0.4200550777980543,0.06075766940425388,0.07001656248328561,29.77133373013737,0.0,0.14600256,0.6634855953806692,0.016929793008411822,7.107382388384757
Kepler-1512 b,1.18,,1.0689655172413792,1.6,4372.0,0.0,322.0,0.0,0.0,0.0,7.356958854492012,0.9388431669582133,0.9965146,0.4741972770006229,0.016929723239057004,1.7563445517241376
HD 216520 b,3.18,,0.3176043557168784,9.0089,5103.0,0.09,482.1,0.42294073610676236,0.10243168369690082,0.06777261313243109,42.781540526714664,4.532355818053042e-86,0.100255765,0.6728266231919507,0.016909080793137854,10.21334047186933
TOI-4438 b,2.4,4.11,0.29945553539019965,6.0,3501.0,0.07,446.0,0.4682809066989674,0.1565257834214268,0.024977293369660234,17.340223059001023,1.5278457900784856e-28,0.7320019,0.5318273013475164,0.016899189233989722,4.1396733212341195
GJ 667 C f,1.45,,0.883847549909256,0.5633,3350.0,0.03,,0.7805780564122738,0.5988878051523532,0.020943527274668746,11.286777880287813,0.9587360525066468,1.4942086,0.3605546363548954,0.016858758504860738,2.694519736842105
Kepler-383 c,1.24,,1.0834845735027223,6.44,4710.0,0.0,406.0,0.0,0.0,0.0,8.653193135100102,5.388974044502042e-35,0.69557416,0.5365938843619633,0.016816832590477743,2.0657976914700544
GJ 273 b,1.51,,0.8366606170598911,1.06,3382.0,0.1,292.47,0.6832987697743063,0.6897160297864889,0.021798365122614335,12.066151605498609,0.9607478797981196,1.2934208,0.4030494176208006,0.01680473136705664,2.8805815081669692
Kepler-965 b,3.38,,0.29401088929219604,4.98,5886.0,0.0,393.0,0.0,0.0,0.0,47.55565041090551,3.7015988407332426e-16,0.22885513,0.6363138334019321,0.01671450697105224,11.353075252268603
BD+20 594 b,2.57807,22.2481,1.4319419237749547,15.1513,5766.0,0.0,546.0,0.0,0.0,0.0,102.7775188560079,3.494014969006627e-301,0.42698994,0.5892246799872757,0.01664071175809506,24.53632524698121
GJ 251 c,1.8,,0.6642468239564429,0.404,3342.0,0.0,216.0,0.0,0.0,0.0,16.22690191941744,0.969116474426619,1.4574795,0.3591876449272278,0.01662353616646843,3.8738874773139753
LHS 1678 c,0.941,1.4,1.9237749546279492,13.5,3490.0,0.039,510.9,0.5287136952629606,0.08737413630462183,0.024683442859432716,6.714470127423908,1.7244610007258463e-230,1.5139751,0.3460821945158274,0.016610418930285583,1.602961666533575
Kepler-1540 b,2.49,,0.4373865698729583,0.849,4540.0,0.0,266.0,0.0,0.0,0.0,28.284733705718782,0.9814107882840746,0.6189364,0.5446832510217595,0.016595772872084233,6.752482774954631
Kepler-1185 b,1.33,,0.987295825771325,9.31,5622.0,0.0,355.0,0.0,0.0,0.0,9.729506959408015,1.4170811366030318e-93,0.52295244,0.5657481312290754,0.016588455573080786,2.3227486896551732
Kepler-782 b,3.21,,0.3139745916515427,3.987,5867.0,0.0,350.0,0.0,0.0,0.0,43.50089684775247,1.3679191198593316e-07,0.24944532,0.6263050677412173,0.016580730093871635,10.38507414337568
Kepler-399 c,1.43,,0.8965517241379312,15.69,5502.0,0.0,630.0,0.0,0.0,0.0,10.981763124053886,0.0,0.41945904,0.586437174046546,0.01653067068562134,2.6217028275862067
TOI-1266 b,2.52,4.46,0.279491833030853,4.72,3563.0,0.039,415.0,0.5245239501976958,0.21128372350787264,0.026633541700054473,18.735244004097662,1.3417946355810177e-13,0.73360527,0.5163788485062629,0.016527130397361423,4.472710039927406
K2-72 c,1.16,,1.0544464609800364,2.2,3360.47,0.11,333.81,0.6421900344395002,0.4279641609820459,0.021223219533043933,6.894251313357239,0.7957907819035631,1.3843088,0.37110969854922404,0.016515987458560904,1.6458812631578945
Kepler-560 b,1.72,,0.7078039927404719,2.46,3556.0,0.17,298.0,0.5448653791265311,0.34329459196017703,0.026446545920818236,15.086446541898932,0.41494618754352613,1.0237869,0.44822944415771343,0.016439164699731425,3.6016238112522685
Kepler-1883 b,3.25107395,,0.308529945553539,7.08,6208.0,0.0,416.0,0.0,0.0,0.0,44.408538074622655,1.460599874880645e-45,0.25031465,0.6185945078179231,0.016395408848750244,10.601757525091253
Kepler-1840 b,2.77771129,,0.37749546279491836,1.3,4898.0,0.0,284.0,0.0,0.0,0.0,33.88922657691142,0.9843223814653498,0.44040045,0.5754381147019889,0.016374406789729977,8.090456890915027
Kepler-1126 b,1.73,,0.7005444646098004,4.55,5798.0,0.0,374.0,0.0,0.0,0.0,15.193667726976054,4.893473980976821e-12,0.40689176,0.5823212077639844,0.016360245130905032,3.6272209836660614
Kepler-1498 b,1.33,,0.987295825771325,9.86,5256.0,0.0,564.0,0.0,0.0,0.0,9.729506959408015,4.54203710702048e-108,0.5172119,0.5572088720520273,0.016346437728432285,2.3227486896551732
Kepler-1672 b,2.97022762,,0.3466424682395644,4.4,6131.95,0.0,423.0,0.0,0.0,0.0,38.04867823113485,9.722425404532395e-11,0.2838536,0.6087567680189306,0.016336894388382577,9.083452827897158
TRAPPIST-1 c,1.097,1.308,0.991650272232305,2.214,2566.0,0.00654,339.7,0.7280731618319239,0.4873860334592026,0.0,5.483615905703655,0.7609049679833285,2.0237298,0.21938399023894375,0.01628376474614747,1.309116866115116
Kepler-1232 b,1.93,,0.6079854809437387,14.6,5471.0,0.0,523.0,0.0,0.0,0.0,18.30854131939945,1.5609990413997524e-276,0.22266252,0.6169665359473602,0.016203554481193316,4.370842277676951
Kepler-367 c,1.2,,1.0798548094373865,3.761,4710.0,0.0,357.0,0.0,0.0,0.0,7.816236909170915,3.867176423090513e-06,0.7725641,0.4937286767244566,0.016182484359841917,1.8659891107078037
LHS 1903 d,2.5,5.96,0.3793103448275862,6.35,3664.0,0.112,442.0,0.4438450046394143,0.14233990504239172,0.02933162365763325,24.82580401543658,1.3097205833709283e-33,0.62091285,0.5262389633653419,0.016151903764391753,5.926724137931034
Kepler-344 c,2.95,,0.3502722323049002,2.673,5774.0,0.0,360.0,0.0,0.0,0.0,37.66694235242357,0.16108362490234168,0.2928897,0.5990298853509111,0.01614667290343607,8.992320099818514
TOI-1266 c,1.98,3.17,0.40834845735027225,2.42,3563.0,0.071,346.0,0.5808627767633927,0.3709222563113653,0.026633541700055163,13.277462984474147,0.4671191761519038,0.8450736,0.4746725943438237,0.016110527037016976,3.1697607985480944
YZ Cet d,1.03,,0.9945553539019965,2.7,3151.0,0.07,356.7,0.6790716615891716,0.3951893472331521,0.01562750440775736,4.552282897368201,0.1264639122972833,1.5322714,0.31889308205063027,0.016040502041070777,1.0867774882032668
TOI-700 b,0.914,,0.9201451905626136,4.98,3459.0,0.075,417.0,0.6086230840944339,0.2278376124404405,0.023855318694233817,2.9429545630916754,3.182608099065846e-16,1.3057183,0.36780192554164726,0.016003236074817045,0.702578649016334
GJ 1061 c,1.19,1.81,1.0707803992740472,1.4,2953.0,0.02,304.12,0.8533399702592815,0.7446573102032187,0.010338195223593711,7.55840060344374,0.9407077592891748,1.7524536,0.2680069514991235,0.015994066423304358,1.804435226860254
Kepler-1362 b,2.6,,0.411978221415608,1.011,4857.0,0.0,248.0,0.0,0.0,0.0,30.330733388615087,0.9825404012667919,0.50469154,0.5445478860343795,0.01596560645377617,7.240929219600726
Kepler-1177 b,1.9,,0.6206896551724138,11.862,5712.0,0.0,377.0,0.0,0.0,0.0,17.83297987114956,1.0745428905643633e-169,0.2557606,0.5998747304489408,0.01596378435083748,4.2573103448275855
G 261-6 b,1.1,,1.0272232304900182,1.8,2907.0,0.0,322.3,0.0,0.0,0.0,5.727056888593483,0.9188550858032594,1.7969942,0.25620257743081265,0.01594743107728581,1.3672341197822147
Wolf 1061 c,1.66,,0.7441016333938294,1.3,3342.0,0.11,299.3,0.6404872483110335,0.5870772852844452,0.020729817812682193,14.257557484978877,0.9659278418206871,1.217942,0.3816466998367326,0.015862952260736436,3.4037411252268597
K2-129 b,1.04,,0.9927404718693285,4.5,3459.09,0.13,419.19,0.5707567158154594,0.2302885293582948,0.023857722925681297,4.677613720126153,1.2501660402162308e-11,1.2830379,0.3664080870663985,0.01584443231440465,1.1166980181488204
Kepler-289 e,2.94,17.4,0.52994555353902,1.58,5990.0,0.0,286.0,0.0,0.0,0.0,56.410747308634114,0.9954800684210462,0.41674632,0.5567091966179877,0.015782892979579827,13.467073916515426
Kepler-987 b,3.26,,0.308529945553539,3.853,5637.0,0.0,351.0,0.0,0.0,0.0,44.775323473123294,1.0718229652580126e-06,0.23157033,0.5904046596212265,0.015597590301273523,10.689321088929217
Kepler-1052 c,2.3,,0.4827586206896552,1.96,5818.0,0.0,302.0,0.0,0.0,0.0,24.6037981345829,0.9786564374477399,0.39156386,0.5521654744384799,0.015532705921866606,5.873724137931034
K2-95 b,3.31,,0.30308529945553536,8.4172,3566.0,0.16,474.0,0.36651712762639377,0.09523308447219006,0.026713682748299654,46.04022770879793,2.8661517566009776e-72,0.6739689,0.48324651287538584,0.015383100227474014,10.991294731397458
Kepler-386 c,1.58,,0.7894736842105263,16.657,5178.0,0.0,513.0,0.0,0.0,0.0,13.04360168701691,0.0,0.3482335,0.5553505696463596,0.015373487748562094,3.11393052631579
Kepler-1496 b,2.22,,0.5063520871143375,18.383,6182.0,0.0,535.0,0.0,0.0,0.0,23.205991940484335,0.0,0.23602387,0.5773233228029568,0.015299527070991628,5.54002249001815
Kepler-159 c,3.41,,0.2885662431941924,4.791,4625.0,0.0,275.0,0.0,0.0,0.0,47.92887903025806,2.9050223103389275e-14,0.3010063,0.5626318259878303,0.015293872768223539,11.442177021778587
Kepler-1092 b,2.07,,0.5553539019963702,17.016,5862.0,0.0,508.0,0.0,0.0,0.0,20.633337086744156,0.0,0.20985608,0.5827122022940262,0.01528880567092577,4.92584638475499
K2-17 b,2.23,,0.5027223230490019,4.91,4320.0,0.18,487.0,0.4589802305984561,0.17794515595080873,0.046855799540517044,23.352391807810356,1.903569453852434e-15,0.4759596,0.5221619482770762,0.015256074399187797,5.574972883847551
Kepler-367 b,1.3,,1.0163339382940109,5.985,4710.0,0.0,401.0,0.0,0.0,0.0,9.35308959120289,2.465952188066438e-28,0.6568441,0.4802574676877512,0.015215451024442267,2.2328856624319418
Kepler-519 b,2.1,,0.544464609800363,19.87,5260.0,0.0,532.0,0.0,0.0,0.0,21.12108135382583,0.0,0.17230427,0.587687856096227,0.015205435984993455,5.0422867513611624
GJ 273 c,1.06,,0.987295825771325,6.66,3382.0,0.17,462.26,0.5063115216506276,0.1510686172398799,0.021798365122614887,4.925536094504292,1.7082775953634164e-38,1.324236,0.33043193819706723,0.015183542978035196,1.1758851252268605
Kepler-985 b,2.98,,0.3448275862068966,2.4,5434.0,0.0,323.0,0.0,0.0,0.0,38.22428791484948,0.5199854125125787,0.29030073,0.5601085894887134,0.015172928176188212,9.125376551724138
Kepler-311 d,2.05,,0.5626134301270418,2.71,5903.0,0.0,327.0,0.0,0.0,0.0,20.303003404778963,0.12976320407639128,0.3975554,0.5358581436735411,0.01516354989727152,4.846985027223229
HD 20781 d,3.25,,0.308529945553539,18.0638,5256.0,0.11,570.19,0.35759010518087647,0.04800676359841173,0.07185980659292043,44.36454326184406,0.0,0.052470595,0.6114213938875386,0.015133053482789703,10.591254537205081
Kepler-1549 b,2.57,,0.4192377495462795,1.184,5324.0,0.0,286.0,0.0,0.0,0.0,29.809065432440704,0.982301193381203,0.42899293,0.5261591144919286,0.015096925109861322,7.116390168784028
TOI-712 c,2.701,,0.3920145190562614,3.08,4622.0,0.089,369.9,0.5302167466509802,0.29066926365693085,0.054923331730501436,32.35672174448529,0.009259346220868069,0.31037432,0.5517532510686439,0.015077079313740348,7.724598311825773
Kepler-1649 b,1.017,,0.9764065335753176,2.208,3240.0,0.0,307.0,0.0,0.0,0.0,4.302116283185127,0.750037202482113,1.5554729,0.2732035480967883,0.015041403293193818,1.0270546083375676
Kepler-1545 b,2.7,,0.3920145190562614,1.408,5201.0,0.0,274.0,0.0,0.0,0.0,32.320796446052775,0.9835846674338602,0.39496237,0.5314696732951376,0.01504113211937076,7.716021778584394
Kepler-1621 b,2.16,,0.5263157894736842,14.055,6158.0,0.0,469.0,0.0,0.0,0.0,22.21755489032368,3.449917153866822e-253,0.25517058,0.5606137547182248,0.014992633102436537,5.30405052631579
LP 791-18 c,2.488,7.16,0.46460980036297644,2.637,2960.0,0.0001,324.4,0.27640977924945803,0.17053282388876684,0.010525191002831176,29.97285438671314,0.19410152578169504,1.2278701,0.33880527418623885,0.014861240851467563,7.155491901328494
YZ Cet b,0.913,,0.9165154264972777,8.21,3151.0,0.06,471.2,0.5714366098466015,0.14454291407359474,0.015627504407757373,2.9217343144256036,8.637885813601346e-68,1.456514,0.28536496442178033,0.014798263560621267,0.6975126878130673
Kepler-1036 b,3.01,,0.3411978221415608,2.821,5533.0,0.0,326.0,0.0,0.0,0.0,38.97573793300523,0.06655078438274858,0.26782614,0.5467700832072173,0.014720777868784856,9.30477202903811
Kepler-333 c,1.11,,1.029038112522686,7.049,4259.0,0.0,386.0,0.0,0.0,0.0,5.895070533268197,4.781114723479696e-45,0.8580906,0.41309333618212113,0.014663813781517114,1.4073444228675138
Kepler-1548 b,2.64,,0.4047186932849365,1.933,5706.0,0.0,350.0,0.0,0.0,0.0,31.19274925340165,0.9830627796096509,0.34865615,0.5255281288727588,0.014640584131005493,7.446720348457351
LHS 1140 b,1.73,5.6,1.0707803992740472,0.43,3096.0,0.043,226.0,0.6983640490262103,0.4598136983580429,0.014158251856600714,23.22348175884941,0.9876479138832859,1.7072592,0.22298941180001253,0.014636265593773054,5.544197876588021
Kepler-1480 b,1.67,,0.73502722323049,16.317,5156.0,0.0,721.0,0.0,0.0,0.0,14.339745615952426,0.0,0.31271693,0.5302584484771258,0.014560014052711722,3.4233620961887468
Kepler-26 b,2.78,5.12,0.22867513611615245,7.6,3914.0,0.021,431.0,0.50478312519282,0.1400169326906983,0.03601004434470615,20.579837599775182,3.1765931321350777e-55,0.53661215,0.47888001914172235,0.014521813960379989,4.913074323049001
TOI-4633 c,3.2,123.0,0.8961208191056728,1.56,5800.0,0.117,268.57,0.6145794972668538,0.5221455529247594,0.08639205000799884,122.99999999999999,0.99965369314965,0.44613618,0.49875599514084573,0.014515407160018094,29.364087000454692
K2-72 d,1.01,,0.9782214156079855,5.4,3360.47,0.11,416.92,0.5689584090057623,0.19975088939920388,0.021223219533043933,4.221724579174764,7.372958629525874e-21,1.3212801,0.3024125231491687,0.01447655244678744,1.0078625027223231
Kepler-357 d,3.43,,0.2867513611615245,4.619,5036.0,0.0,402.0,0.0,0.0,0.0,48.47038368284052,1.2014228753227414e-12,0.231184,0.5437291026692256,0.014444762488247833,11.571451735027225
Kepler-591 b,3.39,,0.29219600725952816,5.615,5677.0,0.0,436.0,0.0,0.0,0.0,47.68282538846247,1.9651179502533584e-23,0.19383506,0.5516461794845184,0.014435021851343731,11.38343604174229
TOI-1749 d,2.52,15.0,0.22376957004380957,14.2074,3985.0,0.062,533.0,0.3937749632452956,0.06434497707567545,0.037906715819835256,15.0,1.2446253979297257e-259,0.45295173,0.4922197043719559,0.014391660726373665,3.580986219567645
TOI-712 d,2.474,,0.43920145190562615,1.6,4622.0,0.073,313.6,0.6170522282891534,0.5089100333485419,0.05492333173050168,27.858098031081635,0.9810272647450963,0.42774934,0.4972945706830658,0.014378494751458824,6.65063101017786
GJ 1061 b,1.04,1.11,0.9836660617059891,3.8,2953.0,0.05,388.11,0.672186148410769,0.3090947556946179,0.010338195223593711,4.634856739137798,2.114822679342165e-06,1.6256058,0.22879222732655555,0.014331315347301098,1.1064905408348458
GJ 3378 b,1.32,,0.9981851179673321,0.91,3340.0,0.0,272.0,0.0,0.0,0.0,9.61659870480432,0.9533427456554318,1.5125089,0.2506003483357061,0.014248427333140763,2.2957938294010893
K2-123 b,2.76,,0.38112522686025413,2.9,4035.0,0.06,338.0,0.5576208477538755,0.3204252074024383,0.03924239995725133,33.56476040254678,0.03854507157430356,0.50048286,0.47545426043066663,0.01423912650595759,8.012996297640653
Kepler-1454 b,1.88,,0.6297640653357532,9.08,5448.0,0.0,492.0,0.0,0.0,0.0,17.528309500369478,8.106510608474505e-88,0.26935118,0.5265253578210468,0.014230045347770618,4.18457565154265
Kepler-1923 b,1.95958179,,0.5970961887477314,8.63,5881.0,0.0,553.0,0.0,0.0,0.0,18.82015055750303,4.237747555227715e-77,0.28337094,0.5178160496868925,0.014092254331902022,4.492979986440447
Kepler-1539 b,2.7,,0.3920145190562614,1.572,5176.0,0.0,301.0,0.0,0.0,0.0,32.320796446052775,0.9835846674338602,0.3766585,0.49694401589281606,0.01408953141329704,7.716021778584394
K2-125 b,2.18,,0.5190562613430127,2.0,3654.47,0.08,321.22,0.5983375087287188,0.43380888068497053,0.029077042261042466,22.525400652961082,0.9769311468893188,0.8085601,0.4004984878710095,0.01408154884468414,5.377543288566245
Kepler-62 e,1.61,36.0,2.0593789219950316,1.352,4925.0,0.0,270.0,0.0,0.0,0.0,36.0,0.9972333250535784,1.0591766,0.3398433967343728,0.013961260513632726,8.59436692696235
GJ 625 b,1.49,,0.8493647912885662,2.0787,3499.0,0.13,335.59,0.6068698116931124,0.4231637942728783,0.024923866004165518,11.769057068519444,0.9363785924158,1.1337636,0.3226251622622458,0.013946011192878974,2.809655411978221
Kepler-52 d,1.95,88.8775,3.266787658802178,2.945,4263.0,0.0,332.0,0.0,0.0,0.0,101.46432011885277,0.02809446729575417,1.3456019,0.27366588883833315,0.013901298936113977,24.222822141560798
TOI-1266 d,1.74,3.68,0.6969147005444646,1.3,3563.0,0.087,288.0,0.6629950281372571,0.6074710228872017,0.02663354170005618,15.378570915853674,0.9678400569051876,1.0460579,0.3380167913061085,0.013844250402338856,3.6713633684210523
HD 164922 e,3.23,,0.3121597096188748,13.3822,5393.43,0.086,543.73,0.3966937411650255,0.06886589966188782,0.07553106801301858,44.06289467367469,8.6227252522756e-226,0.055523746,0.5584353509869064,0.013843522610317861,10.519241241379312
TRAPPIST-1 b,1.116,1.374,0.9876477313974591,4.153,2566.0,0.00622,397.6,0.6562343973444104,0.2852912813772347,0.0,5.750204148107209,8.130589964480631e-09,1.9260089,0.14174950874949183,0.013833648835225653,1.3727601209381752
Kepler-616 c,3.41,,0.2885662431941924,6.86,5753.0,0.0,413.0,0.0,0.0,0.0,47.92887903025806,9.199486562618717e-42,0.18130407,0.5289429375394744,0.013806557215373785,11.442177021778587
Kepler-549 c,2.93,,0.35390199637023595,2.51,5360.0,0.0,349.0,0.0,0.0,0.0,37.28846303513528,0.3483203220132931,0.28498295,0.5053781506159334,0.013794463182133896,8.901964818511798
Kepler-1638 b,1.87,,0.6352087114337568,2.76,5710.0,0.0,304.0,0.0,0.0,0.0,17.39922380349986,0.0963518331582309,0.41843042,0.4750598873550291,0.013779205355968082,4.153758711433758
Kepler-630 b,3.18,,0.31578947368421056,5.568,5829.0,0.0,343.0,0.0,0.0,0.0,42.53707458084773,7.571704347174977e-23,0.20625207,0.5200307499615716,0.013723724663657032,10.154978526315793
Kepler-379 c,2.29,,0.48638838475499097,19.793,6054.0,0.0,530.0,0.0,0.0,0.0,24.466860820351094,0.0,0.19543536,0.5218484636832043,0.013709189128201411,5.841032762250454
Kepler-220 e,1.33,,0.987295825771325,4.274,4632.0,0.0,341.0,0.0,0.0,0.0,9.729506959408015,9.915830297184207e-10,0.69168246,0.41118398362767616,0.013703707680918893,2.3227486896551732
Kepler-1609 b,2.22,,0.5063520871143375,12.975,6132.0,0.0,429.0,0.0,0.0,0.0,23.205991940484335,5.571319005040079e-210,0.24483995,0.5094604630738271,0.01367485254837195,5.54002249001815
LTT 1445 A c,1.147,1.54,1.0108892921960073,10.9,3340.0,0.223,508.0,0.4367728407573853,0.0874020127956507,0.02067639044718639,6.389729294200943,2.3179402892696095e-138,1.3797157,0.2553905320199053,0.01363792300409868,1.5254355032867515
Kepler-1166 b,1.69,,0.7223230490018149,14.188,5446.0,0.0,486.0,0.0,0.0,0.0,14.60428153050956,8.549962069162093e-259,0.30099282,0.48902114183619955,0.013479050018494537,3.486515393829401
Kepler-1606 b,2.07,,0.5553539019963702,1.29,5422.0,0.0,324.0,0.0,0.0,0.0,20.633337086744156,0.9750333087385211,0.47910744,0.4481022694179661,0.013447527733580489,4.92584638475499
Kepler-310 c,3.38,,0.29401088929219604,7.109,5797.0,0.0,417.0,0.0,0.0,0.0,47.55565041090551,4.4834535684065585e-46,0.18083301,0.5137530492236362,0.01342949127973534,11.353075252268603
GJ 341 b,0.88,4.0,1.4012749732217498,13.8,3770.0,0.0,629.0,0.0,0.0,0.0,4.0,1.1758679358718811e-242,1.2824857,0.26844606822461187,0.013426312294170604,0.9549296585513722
GJ 3473 c,2.63,,0.4065335753176044,1.95,3347.0,0.0,329.1,0.0,0.0,0.0,30.977921453731273,0.9829363171663225,0.9932111,0.3310421679203464,0.01338234657061483,7.395433989110708
Kepler-195 c,1.55,,0.809437386569873,11.281,5329.0,0.0,469.0,0.0,0.0,0.0,12.626034267217095,2.2285775874378903e-150,0.37790078,0.4632215323477091,0.013264975743834877,3.014243647912886
TOI-1224 c,2.884,,0.36116152450090744,1.9952,3326.0,0.0,303.12,0.0,0.0,0.0,36.28907138401883,0.9854649667659651,0.991086,0.3267045939587847,0.013263751215446264,8.663377636471868
Kepler-1510 b,3.36,,0.29401088929219604,14.036,6200.0,0.0,537.0,0.0,0.0,0.0,46.71645258164611,2.179104757929741e-252,0.1986297,0.5010133686698917,0.013213061060888173,11.152731528130671
Kepler-395 c,1.32,,0.9981851179673321,2.11,4262.0,0.0,341.0,0.0,0.0,0.0,9.61659870480432,0.9082997889601715,0.9070697,0.3432117621616687,0.013209734481204204,2.2957938294010893
Kepler-26 c,2.72,6.2,0.29219600725952816,4.82,3914.0,0.013,385.0,0.5679169764327877,0.2255682674916354,0.036010044344706754,24.630294155974685,1.485144900042244e-14,0.55602944,0.4176653681981101,0.013119205937621134,5.88004959709619
Kepler-705 b,2.11,,0.5408348457350273,0.729,3722.0,0.0,265.0,0.0,0.0,0.0,21.281421841846257,0.9756677848406441,1.0260111,0.3129323610844702,0.013115844492306268,5.080565223230489
GJ 1265 b,2.63,,0.4065335753176044,5.3846,3236.0,0.04,424.04,0.5309529882597065,0.1953713526338293,0.017898167441361752,30.977921453731273,1.2366699893862749e-20,0.8879078,0.34276715497062193,0.013093637357235169,7.395433989110708
EPIC 212737443 b,2.586,,0.41560798548094374,18.4919,4684.0,0.2,536.0,0.3413950546250483,0.0445597807166438,0.05657958006089675,30.10634641105788,0.0,0.26679516,0.48035452803819373,0.013077756228129336,7.1873607746352075
GJ 3998 d,2.34,,0.47186932849364793,1.2,3726.0,0.0,292.23,0.0,0.0,0.0,25.32549430166565,0.9792145241694954,0.8877529,0.34075560092087614,0.013043196010345821,6.046016406533575
Kepler-916 b,1.76,,0.6860254083484574,14.683,5248.0,0.0,503.0,0.0,0.0,0.0,15.666313526372127,3.517180229559088e-280,0.27871376,0.47602231482566676,0.013036346705003135,3.7400568566243195
LTT 3780 c,2.39,8.04,0.5880217785843921,2.76,3358.0,0.024,359.0,0.6750706257996227,0.4019035821685409,0.021157236736654705,33.626039864121346,0.09813637850703708,0.9506283,0.32640930735660517,0.013034491611704918,8.027625691470057
K2-146 c,2.19,7.49,0.7114337568058077,14.028,3385.0,0.075,518.53,0.4510452577201552,0.07518370639325908,0.021878506170859353,31.300798876271468,4.710335563521539e-252,0.79720604,0.3599923457984215,0.013020641204086593,7.4725152958257715
Kepler-1040 b,2.08,,0.5517241379310345,2.121,5694.0,0.0,300.0,0.0,0.0,0.0,20.79699555273639,0.9197288755484766,0.40388542,0.44637294701785923,0.012992172284463494,4.964916965517242
Kepler-1459 b,1.36,,0.9600725952813067,3.511,4828.0,0.0,349.0,0.0,0.0,0.0,10.116013671203888,0.00010324146677626213,0.6552235,0.3903756223662606,0.01299067224845719,2.415020370235935
TOI-2136 b,2.19,6.37,0.6061705989110707,4.0,3342.0,0.0,395.0,0.0,0.0,0.0,26.66955822621089,1.1076294815634475e-07,0.96352255,0.32172434451372545,0.012989738643242368,6.366888032667876
Kepler-52 c,1.84,45.4,3.6297640653357535,8.55,4075.0,0.012,433.0,0.5355815124081797,0.13177226498403263,0.04031094726719065,94.7153732699733,2.9558749788449774e-75,1.3832432,0.22784418920043067,0.012978168543506148,22.611629764065338
Kepler-445 c,2.51,,0.4319419237749546,9.177,3157.0,0.0,341.0,0.0,0.0,0.0,28.611137990783305,3.2437550118161687e-90,0.940419,0.3257236635477698,0.012961572877901353,6.830406058076223
Kepler-401 d,2.27,,0.49183303085299457,8.485,6184.0,0.0,380.0,0.0,0.0,0.0,24.098159408961518,8.571500273152871e-74,0.27927572,0.47168221515382147,0.012932432035425347,5.753011784029039
GJ 581 c,2.5,6.81,0.43375680580762255,2.3985,3500.0,0.032,346.13,0.6374899332172791,0.41566698087982595,0.024950579686912517,28.389316553537533,0.5199684067771663,0.84380305,0.34358395948482773,0.012871784111045632,6.777450090744102
AU Mic c,2.79,14.46,0.7078039927404719,7.3,3540.0,0.18,424.7,0.4233504886045349,0.12315692527265502,0.02601912699684566,64.38937762354247,1.590707325381877e-49,0.7887955,0.3544143823105907,0.012836979235963423,15.371831597096191
Kepler-1359 b,2.83,,0.37023593466424687,2.451,4709.0,0.0,369.0,0.0,0.0,0.0,35.15009348862319,0.4366054691336835,0.3690495,0.44726364519556067,0.012822996098332573,8.391466693284938
Kepler-193 c,2.75,,0.38294010889292196,16.026,6335.0,0.0,595.0,0.0,0.0,0.0,33.35934749042692,0.0,0.22925869,0.4782577661408951,0.012820112079855133,7.963957577132486
GJ 536 c,2.3,,0.4827586206896552,1.692,3641.0,0.0,290.5,0.0,0.0,0.0,24.6037981345829,0.9786564374477399,0.8772076,0.33267132541889755,0.012786032780845393,5.873724137931034
Kepler-201 c,2.85,,0.3666061705989111,6.033,6065.0,0.0,378.0,0.0,0.0,0.0,35.54863750630473,5.472021007714342e-29,0.23792477,0.4742019833778723,0.012767671835163396,8.486612068965519
Kepler-1490 b,3.04,,0.3357531760435572,3.788,5515.0,0.0,348.0,0.0,0.0,0.0,39.51204335427572,2.7572593997091526e-06,0.22761822,0.4764764893166349,0.012767196899281763,9.43280551724138
Kepler-1567 b,2.73,,0.38656987295825773,2.723,5655.0,0.0,330.0,0.0,0.0,0.0,32.94614117139229,0.12158468866013827,0.2871693,0.4621813135895087,0.012741513122405774,7.865311834845735
GJ 1214 b,2.733,8.41,0.4101633393829401,17.2,3101.0,0.0062,567.0,0.41925706296654464,0.05934209319032465,0.014291820270341498,35.072307861010174,0.0,0.9149966,0.32244589635469345,0.012741279407588912,8.372896742580762
LTT 1445 A b,1.34,2.73,1.1252268602540836,5.7,3562.0,0.18,431.0,0.4995082142162142,0.1698844775812413,0.026606828017309153,11.340784423732053,1.5941237681193958e-24,1.1698954,0.2646888786843812,0.012715934122951175,2.707412849364792
Kepler-1094 b,3.18,,0.31578947368421056,10.336,6112.0,0.0,480.0,0.0,0.0,0.0,42.53707458084773,1.90535682445132e-121,0.19650592,0.4799194945428734,0.012681374074329147,10.154978526315793
HD 134606 c,3.37,,0.29401088929219604,12.84,5576.0,0.055,527.65,0.4242929594547702,0.07638245470992781,0.08040818507237439,47.13480639929338,7.3623151635567525e-205,0.068680525,0.5082431067774194,0.012678303916553195,11.252606145190564
Kepler-351 d,2.72,,0.3883847549909256,1.989,5225.0,0.0,318.0,0.0,0.0,0.0,32.73840341228933,0.9837991599596494,0.33396366,0.44660710274598125,0.012614304248076472,7.815718098003631
Kepler-759 b,2.27,,0.49183303085299457,19.02,5860.0,0.0,533.0,0.0,0.0,0.0,24.098159408961518,0.0,0.1688741,0.4825499354937623,0.012594615308772317,5.753011784029039
GJ 433 b,2.33,,0.47731397459165154,5.2029,3461.0,0.04,473.94,0.5603127056257888,0.20992657196297265,0.023908746059729202,25.29068090136999,1.4790406969759696e-18,0.77913594,0.3459745690394078,0.012575910456072743,6.0377053194192385
Kepler-54 c,1.23,0.7,0.43128275862068965,3.07,3705.0,0.0,395.0,0.0,0.0,0.0,3.361754851781187,0.008444946892620835,0.9828768,0.3000996152880387,0.012562808220764277,0.8025598531862068
KOI-351 f,2.88,,0.36116152450090744,6.796,6080.0,0.0,407.0,0.0,0.0,0.0,36.1382859620897,1.0856691653552116e-40,0.22813399,0.46663546021927077,0.012527412656264645,8.62738026860254
Kepler-1544 b,1.78,,0.6751361161524502,0.833,4886.0,0.0,269.0,0.0,0.0,0.0,15.949238678455716,0.9687279870663713,0.68698883,0.3608884542225026,0.012438002699796037,3.8076002613430133
GJ 3929 c,2.26,,0.4936479128856625,1.68,3384.0,0.0,317.0,0.0,0.0,0.0,23.86883552916823,0.9780321308290683,1.0335,0.28281744416651566,0.012414500389961154,5.698264740471869
Kepler-1353 b,1.8,,0.6660617059891107,10.767,4776.0,0.0,491.0,0.0,0.0,0.0,16.271237717011477,2.92722393525834e-134,0.34489712,0.4357668973939726,0.012407045737400167,3.8844718693284945
Kepler-984 b,2.12,,0.5372050816696915,13.991,5610.0,0.0,484.0,0.0,0.0,0.0,21.440568881959855,1.6249296466081108e-250,0.18669848,0.4705036452543489,0.012395431395342788,5.118558780399274
GJ 3779 b,2.75,,0.38294010889292196,12.8254,3324.0,0.07,526.94,0.4130456087589159,0.07498123178708724,0.020248971523212058,33.35934749042692,2.596575097108683e-204,0.7368175,0.3462944336318379,0.012351606756833083,7.963957577132486
Kepler-196 d,2.66065673,,0.4010889292196007,1.8,5132.0,0.0,297.0,0.0,0.0,0.0,31.64432414388374,0.983327419434939,0.36057922,0.42812590761983904,0.012304713122732033,7.554525912451959
TOI-2015 c,2.93,8.91,0.35390199637023595,6.68,3297.0,0.00033,448.0,0.28711290900311587,0.08962164683315371,0.01952770208900778,37.28846303513528,8.819682483318368e-39,0.8525728,0.3185332389511423,0.0123023175624152,8.901964818511798
TOI-2015 b,3.309,9.2,0.2540834845735027,13.185,3297.0,0.0789,530.9,0.36781124691560096,0.06573398865283608,0.019527702089007355,38.56162683574251,4.613526940039503e-218,0.7694497,0.33638339206967327,0.01228631050403938,9.205910286860254
TOI-270 d,2.0,4.2,0.5263157894736842,9.2135,3506.0,0.0066,383.0,0.5213677760243354,0.12265408690501595,0.02511086178340292,17.637011388574276,3.91210072389973e-91,0.7774089,0.332131139461224,0.01222514801323363,4.2105263157894735
YZ Cet c,1.05,,0.9818511796733213,4.72,3151.0,0.0,410.3,0.0,0.0,0.0,4.761043755174906,1.2662455638919278e-13,1.4962889,0.17155324260891966,0.012210658195798425,1.1366154718693287
Kepler-445 b,1.58,,0.7894736842105263,17.657,3157.0,0.0,401.0,0.0,0.0,0.0,13.04360168701691,0.0,1.118348,0.25558799900173346,0.012208740723279817,3.11393052631579
G 9-40 b,1.9,4.0,0.5807622504537205,6.27,3395.0,0.0,440.6,0.0,0.0,0.0,16.685829119204268,2.0503301449784137e-32,0.9147705,0.29874382508971875,0.012155703792480241,3.983448275862069
Gl 686 b,2.46,,0.4446460980036298,3.5638,3656.0,0.05,379.0,0.5706637013276183,0.28336229679807146,0.02911791419564712,27.72735329499104,5.539655616839465e-05,0.693138,0.34737700584954423,0.012138638999472621,6.6194180036297645
Kepler-1632 b,2.47,,0.44101633393829404,6.062,6137.0,0.0,369.0,0.0,0.0,0.0,27.837750867808452,2.1307554538624583e-29,0.27544743,0.43824642559973304,0.012087123628069973,6.645773482758623
Kepler-540 b,2.71,,0.39019963702359345,4.525,5946.0,0.0,355.0,0.0,0.0,0.0,32.529946047917385,8.2654141873175e-12,0.25476182,0.44172000022543106,0.012059262734333779,7.765952568058076
GJ 163 b,3.25,,0.308529945553539,5.3165,3500.0,0.073,438.49,0.45610746652638734,0.1708040021442003,0.024950579686911983,44.36454326184406,7.714567991081101e-20,0.69863266,0.3427997051014905,0.012055940882830928,10.591254537205081
LHS 1903 c,2.046,4.55,0.5281306715063522,16.2,3664.0,0.089,559.0,0.4191805242986362,0.06116063298360523,0.029331623657634212,18.9472806309805,0.0,0.6019381,0.3609705487920199,0.011973377416957842,4.523330055854809
Kepler-268 c,3.38,,0.29401088929219604,13.662,6081.0,0.0,471.0,0.0,0.0,0.0,47.55565041090551,5.434102628093967e-237,0.17419514,0.45578796320444814,0.011964038493420337,11.353075252268603
Kepler-1333 b,2.81,,0.3738656987295826,3.298,5628.0,0.0,428.0,0.0,0.0,0.0,34.74747015184204,0.0011656182551439277,0.25533044,0.43500323070137087,0.011896791898498946,8.295347451905627
Kepler-973 b,1.96,,0.5952813067150635,7.892,5213.0,0.0,402.0,0.0,0.0,0.0,18.77496206720648,4.794449704059832e-61,0.26653144,0.43242134789193104,0.011894596573848603,4.482192029038112
GJ 667 C c,1.77,,0.6842105263157895,0.8774,3350.0,0.02,,0.8180216471231399,0.8032662459314275,0.020943527274668396,15.892717355660912,0.9688613900625693,1.2678992,0.20828891045900907,0.011863205481492604,3.794106789473685
Kepler-149 c,1.61,,0.7695099818511797,10.084,5381.0,0.0,436.0,0.0,0.0,0.0,13.451802895897226,2.8685931418111635e-114,0.3572179,0.41076321647497394,0.011858222373221327,3.2113813865698737
TOI-122 b,2.72,,0.3883847549909256,8.8,3403.0,0.0,471.0,0.0,0.0,0.0,32.73840341228933,4.632325565782962e-81,0.76882714,0.3186787474963887,0.011846416351984093,7.815718098003631
Kepler-1236 b,2.14,,0.5317604355716878,13.571,5337.0,0.0,480.0,0.0,0.0,0.0,21.829608694312096,2.5247496425767217e-233,0.18120813,0.44704796114448414,0.01178704658895591,5.2114351941923776
Kepler-185 c,2.02,,0.573502722323049,16.029,5208.0,0.0,530.0,0.0,0.0,0.0,19.800593202511692,0.0,0.20266406,0.4417934355599118,0.011775227561068424,4.7270434264972785
Kepler-1801 c,2.91,,0.35571687840290384,4.47,5738.0,0.0,371.0,0.0,0.0,0.0,36.71741082369577,2.4850546604079802e-11,0.2225929,0.4371462449710901,0.011770002722498604,8.765636145190564
G 192-15 b,1.02,,0.9673321234119783,7.06,2999.0,0.0,453.6,0.0,0.0,0.0,4.299963159921289,2.964799502584223e-45,1.5751381,0.13565936878311458,0.011758378064832709,1.0265405880217788
TOI-178 g,2.939,4.4,0.1741141560798548,19.4978,4316.0,0.00043,470.0,0.22907724238004176,0.028589295900696678,0.04674894480952028,18.514903366455524,0.0,0.3992576,0.39711977928284137,0.011752525881859426,4.420107587460256
Kepler-1774 b,3.18179549,,0.31578947368421056,16.4,6214.0,0.0,522.0,0.0,0.0,0.0,42.609167055289475,0.0,0.19003054,0.44312973859038646,0.011738855410212691,10.172189336816487
L 98-59 f,1.48,,0.9074410163339384,1.1,3415.0,0.044,285.0,0.7853468457898258,0.778262538258803,0.022679916653308374,12.322310867109694,0.9637592802272072,1.3033924,0.1948961837762236,0.01172777152246839,2.9417350272232303
K2-3 b,2.078,5.11,0.5644283121597096,10.5,3844.0,0.107,501.3,0.44571811865558353,0.09400915447660019,0.034140086552327975,21.214560020404576,3.009412575543513e-126,0.54700404,0.3625273453072813,0.011710349992228477,5.064603139150633
Kepler-439 b,2.24,,0.5009074410163339,1.83,5431.0,0.03,291.0,0.7260840988418937,0.5486227495710632,0.07653470107387383,23.582516529555242,0.9778747462857434,0.35590085,0.40473760104298107,0.01170244449516141,5.6299111143375695
K2-124 b,2.9,,0.3575317604355717,8.7,3570.0,0.08,442.0,0.4299555456704142,0.10798182251879852,0.026820537479293208,36.525589197810255,1.0273993039985413e-78,0.6118161,0.3471297658687489,0.011686353583261087,8.719842105263158
Kepler-566 b,2.15,,0.5281306715063522,16.879,5132.0,0.0,526.0,0.0,0.0,0.0,21.985957250063045,0.0,0.17924073,0.443021996383857,0.011676998580144355,5.248760662431942
Kepler-732 b,2.18,,0.5190562613430127,8.559,3631.0,0.0,407.0,0.0,0.0,0.0,22.525400652961082,1.8014985946714997e-75,0.69630796,0.3266693977189785,0.011645520089523501,5.377543288566245
Kepler-1109 b,2.19,,0.515426497277677,11.382,5893.0,0.0,787.0,0.0,0.0,0.0,22.677109389951777,1.2027323263363182e-153,0.2152636,0.43285594889532686,0.011624018807560406,5.4137610816696915
Wolf 1061 b,1.21,,1.074410163339383,7.34,3342.0,0.15,461.1,0.49830804666163686,0.1383750620645565,0.020729817812683037,7.9728726669275805,2.7443059594141156e-50,1.266541,0.198674824093532,0.01161873421593904,1.9033831433756807
GJ 480 b,2.91,,0.35571687840290384,5.929,3509.0,0.0,406.0,0.0,0.0,0.0,36.71741082369577,1.5024425393748848e-27,0.73325336,0.3165406940421149,0.011598522879239556,8.765636145190564
Kepler-937 c,2.67,,0.3992740471869329,6.93,6095.0,0.0,377.0,0.0,0.0,0.0,31.83416591062733,5.899374279340511e-43,0.23830524,0.4248517555396224,0.011553111715584046,7.5998472958257715
Kepler-598 c,3.02420941,,0.33938294010889297,3.7,5245.0,0.0,367.0,0.0,0.0,0.0,39.32006238118018,9.412369560097055e-06,0.23442864,0.42513723945273735,0.011538880068225238,9.38697343596976
Kepler-1475 b,2.92,,0.35390199637023595,13.76,6214.0,0.0,441.0,0.0,0.0,0.0,36.90797146408427,5.5740909378314726e-241,0.20108902,0.4321551207639802,0.011528969219323133,8.811129147005444
Kepler-399 d,1.89,,0.6243194192377496,5.57,5502.0,0.0,486.0,0.0,0.0,0.0,17.65553432529008,7.034004013115564e-23,0.3131142,0.4066289445974797,0.011514314172087836,4.214948341197822
Kepler-991 b,2.54,,0.4246823956442831,1.371,4392.0,0.0,260.0,0.0,0.0,0.0,29.151037606909984,0.981853933187158,0.5657604,0.3487592255194626,0.0114738306072185,6.95929759709619
Kepler-1712 b,2.28372556,,0.4882032667876588,5.52,3732.0,0.0,391.0,0.0,0.0,0.0,24.356844775034283,2.9257462836652204e-22,0.6684779,0.3258703803825816,0.011473125956570799,5.814768366103065
Kepler-969 b,2.07,,0.5553539019963702,10.166,5214.0,0.0,465.0,0.0,0.0,0.0,20.633337086744156,1.4054578780572315e-116,0.22053488,0.4246673252998709,0.011451063919930664,4.92584638475499
Kepler-194 d,2.4,,0.4573502722323049,12.863,6089.0,0.0,562.0,0.0,0.0,0.0,26.483249762837925,9.908270371707745e-206,0.21093026,0.4267964227272952,0.011450855547458358,6.322410163339382
Kepler-926 b,2.31,,0.4809437386569873,17.883,5806.0,0.0,524.0,0.0,0.0,0.0,24.83240736571559,0.0,0.1593808,0.43739135149159364,0.01142921856046623,5.928300571687841
Kepler-225 c,1.84,,0.6460980036297641,9.903,3682.0,0.0,412.0,0.0,0.0,0.0,16.859336442055245,3.0704405574504717e-109,0.73630667,0.30686771628004506,0.011376804352434117,4.02487009800363
K2-72 b,1.08,,1.012704174228675,8.5,3360.47,0.11,466.13,0.5226487256917766,0.12817151732151044,0.02122321953304406,5.343705012414057,3.668690510024907e-74,1.2486856,0.19071595037103953,0.01132455422046843,1.275715600725953
Kepler-691 b,2.09,,0.5480943738656987,12.995,3715.0,0.0,460.0,0.0,0.0,0.0,20.959591388792457,9.586997363022612e-211,0.6375002,0.32483373816756,0.011277603597815392,5.003733862068964
GJ 3998 c,2.5,,0.4355716878402904,5.4,3726.0,0.0,423.49,0.0,0.0,0.0,28.50810030480756,8.131074689981983e-21,0.6487883,0.3217701558492589,0.01126401042606533,6.805807622504537
Kepler-1684 b,2.87084792,,0.3629764065335753,3.42,4706.54,0.0,347.0,0.0,0.0,0.0,35.974731946235785,0.0003095494045421219,0.32145151,0.39447826479774484,0.011260503866843562,8.588334623474019
Kepler-261 c,2.0,,0.5807622504537205,14.512,5098.0,0.0,505.0,0.0,0.0,0.0,19.46152980808196,1.0788729699805573e-272,0.22189939,0.4154465119258056,0.011231226908363508,4.646098003629764
GJ 536 b,2.41,,0.4537205081669692,9.9,3641.0,0.0,451.0,0.0,0.0,0.0,26.602848845776688,3.749820678367995e-109,0.64637727,0.3205553432206444,0.011220832738014625,6.350962341197824
TOI-1801 b,2.079,5.738,0.6716878402903812,10.7276,3863.0,0.0,493.7,0.0,0.0,0.0,25.282473665099726,4.6827355253473095e-133,0.60457504,0.3298579013171422,0.011220815004886569,6.035745986086934
Kepler-1535 b,2.55,,0.4228675136116153,5.384,6021.0,0.0,384.0,0.0,0.0,0.0,29.370644238439844,1.2557337459021519e-20,0.25845963,0.4051743982821828,0.011178580644017328,7.011724818511796
Kepler-174 c,1.49,,0.852994555353902,5.296,4880.0,0.0,377.0,0.0,0.0,0.0,11.819352184196878,1.2892120461402426e-19,0.52060235,0.3450245753810424,0.011133989737187404,2.8216624863883846
Kepler-411 e,3.28,10.8,0.30490018148820325,7.6205,4974.0,0.016,503.0,0.5398940980593604,0.15028639425453638,0.0643265480579007,45.06795202233463,1.3104853989274257e-55,0.16362917,0.42439638887557485,0.011132159006130548,10.759181009074407
Kepler-1653 b,2.17,,0.5226860254083484,0.98,4807.0,0.0,284.0,0.0,0.0,0.0,22.37220034175378,0.9768168694147288,0.56732,0.3344878575895154,0.011130550790359238,5.340969408348456
Kepler-1918 b,2.29763023,,0.4845735027223231,14.43,5889.0,0.0,497.0,0.0,0.0,0.0,24.620035890333646,3.874043185630192e-269,0.18291764,0.4199983045569869,0.011129561936961923,5.877600616569709
HD 285968 b,2.83,,0.37023593466424687,5.0456,3703.49,0.0,450.0,0.0,0.0,0.0,35.15009348862319,7.584508658094865e-17,0.647456,0.31642874426062934,0.011125017100915142,8.391466693284938
GJ 685 b,2.95,,0.3502722323049002,3.0917,3816.0,0.0,368.84,0.0,0.0,0.0,37.66694235242357,0.00838466195878322,0.6484732,0.31604943826604714,0.011121247126676656,8.992320099818514
Kepler-568 b,2.26,,0.49546279491833034,8.37,3768.0,0.0,429.0,0.0,0.0,0.0,23.95658860096664,3.1705767384397603e-71,0.61346614,0.3231963655770654,0.011105368844673148,5.719214243194191
Kepler-632 b,2.21,,0.5099818511796733,14.72,5322.0,0.0,500.0,0.0,0.0,0.0,23.057921240007,8.269395503652205e-282,0.16461952,0.4229834165108,0.01110275826900522,5.50467321415608
GJ 3138 c,1.88,,0.6279491833030854,13.9,3717.0,0.11,530.85,0.43082258798287154,0.07142022755420703,0.030747448843294414,17.477795640137867,9.670861968876075e-247,0.6387291,0.31694026036362033,0.01108974559102311,4.172516355716878
LP 791-18 d,1.032,0.91,0.8275862068965517,5.83,2960.0,0.0011,395.5,0.4654989002980199,0.15469225303527506,0.010525191002831707,3.810140098950967,2.8704422525273e-26,1.5687172,0.1095988284698616,0.011080669705789333,0.9096039459310346
KOI-1831 d,1.13,2.23,1.8058076225045372,11.8,5233.0,0.0,475.0,0.0,0.0,0.0,10.914288304927567,1.4114592221778239e-167,0.8527607,0.26780054391069436,0.011052618430875504,2.6055944010889287
GJ 3090 c,3.14,,0.32123411978221417,4.58,3707.0,0.0,407.2,0.0,0.0,0.0,41.658077254140714,2.698270104660239e-12,0.652787,0.31175461696508894,0.011039034092038859,9.945133372050817
Kepler-992 b,1.62,,0.764065335753176,15.291,4944.0,0.0,510.0,0.0,0.0,0.0,13.607055303788215,1.2899865753440438e-307,0.36100477,0.3761232252049508,0.01102500841912601,3.2484451687840292
Kepler-1652 b,1.6,,0.7767695099818512,0.81,3638.0,0.0,268.0,0.0,0.0,0.0,13.327255612574529,0.9637904968388026,1.2025421,0.18623235581123757,0.01096084188132669,3.1816479128856634
L 98-59 d,1.627,1.64,0.3992740471869329,4.97,3415.0,0.006,416.0,0.5641941044154426,0.2142378930498013,0.022679916653307132,7.203148198236998,4.2640645760920335e-16,0.95034677,0.242343467514328,0.010960443735753306,1.719624962359347
Kepler-1013 b,2.15,,0.5281306715063522,16.101,4954.0,0.0,766.0,0.0,0.0,0.0,21.985957250063045,0.0,0.20244709,0.4084713949641731,0.010952537681863744,5.248760662431942
Kepler-319 d,2.29,,0.48638838475499097,17.962,5526.0,0.0,528.0,0.0,0.0,0.0,24.466860820351094,0.0,0.1417477,0.42020490206823413,0.010908767446049659,5.841032762250454
Kepler-505 b,2.6,,0.411978221415608,3.641,3931.0,0.0,314.0,0.0,0.0,0.0,30.330733388615087,2.062229439489781e-05,0.5877582,0.3195448990531786,0.010874295722319963,7.240929219600726
Kepler-988 b,2.07,,0.5553539019963702,6.56,4005.0,0.0,368.0,0.0,0.0,0.0,20.633337086744156,7.3592998196868435e-37,0.5590273,0.32588076639214614,0.01087285775964702,4.92584638475499
K2-4 b,2.1,,0.544464609800363,15.6,4014.73,0.08,563.0,0.4346932437365689,0.06542203269802178,0.03870091360794489,21.12108135382583,4.8e-322,0.42975578,0.35314243856374117,0.0108356727045399,5.0422867513611624
Kepler-993 b,2.97,,0.3466424682395644,3.954,3843.0,0.0,352.0,0.0,0.0,0.0,38.039931450518424,2.2970492134078294e-07,0.6029069,0.313700159245565,0.010813319977898136,9.081364687840292
TOI-7166 b,2.01,,0.5771324863883848,1.07,3099.0,0.0,249.0,0.0,0.0,0.0,19.63144658511358,0.9739083877721493,1.3514102,0.14590957482218944,0.010783547776181427,4.686662646098002
Kepler-722 c,2.82,,0.3720508166969147,5.48,5863.0,0.0,401.0,0.0,0.0,0.0,34.949277047746776,9.025633266741162e-22,0.21620385,0.39853517044573206,0.010783056117941815,8.343525299455534
Kepler-1321 d,2.62843782,,0.4065335753176044,15.84,3640.0,0.0,509.0,0.0,0.0,0.0,30.92275299334855,0.0,0.5970382,0.31333653943754436,0.01077215575758101,7.382263489351687
Kepler-1204 b,3.05,,0.3357531760435572,7.021,5825.0,0.0,448.0,0.0,0.0,0.0,39.90324887759406,1.5820251193198165e-44,0.18157203,0.4054466068115992,0.010763431120255742,9.526198956442832
Kepler-1742 b,2.1782413,,0.5190562613430127,10.73,5776.0,0.0,462.0,0.0,0.0,0.0,22.47092798609845,3.9306055985230844e-133,0.20708182,0.3997147918630748,0.010762087745784705,5.3645388972743655
Kepler-146 c,3.13,,0.32304900181488205,9.887,5948.0,0.0,473.0,0.0,0.0,0.0,41.494451234167705,8.58369453079016e-109,0.16943869,0.4048682873149734,0.010682601398001795,9.906070537205082
Kepler-676 b,3.04,,0.3357531760435572,8.241,3701.0,0.0,396.0,0.0,0.0,0.0,39.51204335427572,2.1424820232745e-68,0.595968,0.3096342371918782,0.010675009905552393,9.43280551724138
Kepler-1663 b,3.30395896,,0.30127041742286753,4.07,3844.0,0.0,362.0,0.0,0.0,0.0,45.5144218889729,3.5589219775494036e-08,0.6002638,0.30826271015903867,0.010664766636765724,10.865767838399996
Kepler-533 b,3.38,,0.29401088929219604,8.769,4758.0,0.0,423.0,0.0,0.0,0.0,47.55565041090551,2.505195554227191e-80,0.20964535,0.39472441986489515,0.010653123734353863,11.353075252268603
Kepler-1798 b,2.30911251,,0.4809437386569873,6.52,3967.0,0.0,408.0,0.0,0.0,0.0,24.803796914786954,3.158484794214522e-36,0.53515685,0.3210389745883196,0.010622520949593995,5.92147032965377
Kepler-1853 b,1.51862272,,0.8312159709618875,5.23,4821.0,0.0,386.0,0.0,0.0,0.0,12.194167818364711,7.227212871410618e-19,0.5172452,0.3241957999355843,0.010602071036259547,2.9111431277772857
Kepler-1646 b,1.23,,1.0925589836660616,4.2,3299.0,0.0,365.0,0.0,0.0,0.0,8.51625851203296,3.7091374740870733e-09,1.3594608,0.13604921068190615,0.01058462908387629,2.033106958257713
Kepler-1418 b,1.66,,0.7386569872958259,7.29,4770.0,0.0,419.0,0.0,0.0,0.0,14.153233893625375,2.3515672112098676e-49,0.42882878,0.343035603399746,0.010581419330156404,3.3788357023593467
TOI-2096 b,1.243,,1.0798548094373865,9.4,3300.0,0.15,445.0,0.47436408013252934,0.10779638659711226,0.019607843137254447,8.686950805674238,7.075121758449885e-96,1.2596834,0.15789989947109287,0.010575870458547566,2.0738567416787665
Kepler-10 c,2.355,11.29,0.8620689655172414,18.3,5708.0,0.136,579.0,0.41584146871492245,0.05446444883347487,0.08393439119515668,47.16320981500305,0.0,0.21966457,0.38883832846927335,0.010562984549268652,11.259386961206896
Kepler-236 c,2.0,,0.5807622504537205,3.802,3750.0,0.0,329.0,0.0,0.0,0.0,19.46152980808196,2.2256348784190615e-06,0.7559579,0.2686860330496449,0.010543319151883487,4.646098003629764
Kepler-445 d,1.25,,1.0725952813067152,4.314,3157.0,0.0,305.0,0.0,0.0,0.0,8.775149625073578,4.741260669660448e-10,1.4353498,0.11597164755675585,0.010506031486937187,2.094912658802178
Kepler-264 c,2.83,,0.37023593466424687,15.347,6158.0,0.0,511.0,0.0,0.0,0.0,35.15009348862319,3.3757634962638e-310,0.18430059,0.39346103208525174,0.010482917513795646,8.391466693284938
Kepler-358 c,2.85,,0.3666061705989111,6.599,5908.0,0.0,411.0,0.0,0.0,0.0,35.54863750630473,1.7815446401937125e-37,0.20164736,0.3881839115849489,0.010447995697965963,8.486612068965519
Kepler-1948 b,1.03283226,,0.987295825771325,5.98,3872.0,0.0,399.0,0.0,0.0,0.0,4.556436198815113,2.725646054351387e-28,1.0628014,0.19635086545498404,0.010443579522006145,1.087769015886407
Kepler-1701 b,2.22186207,,0.5063520871143375,1.3,5146.0,0.0,273.0,0.0,0.0,0.0,23.26443442129576,0.9776029816166067,0.46285707,0.3250021754492532,0.010323538830553662,5.553974604579688
Kepler-199 c,3.25,,0.308529945553539,7.885,5644.0,0.0,420.0,0.0,0.0,0.0,44.36454326184406,6.772621947103448e-61,0.15525962,0.3931261683342119,0.010315322492068565,10.591254537205081
TOI-4342 c,2.349,4.8,0.36479128856624315,11.6,3866.0,0.0,514.0,0.0,0.0,0.0,19.80533160113487,7.692214933077378e-161,0.52504647,0.31070794103981075,0.010312353923490059,4.728174635842105
Kepler-1388 e,2.46,,0.4428312159709619,3.97,4098.0,0.0,299.0,0.0,0.0,0.0,27.61418042439924,1.7774856238574133e-07,0.5172372,0.31223852645681566,0.0103072406002081,6.592399970961887
Kepler-1009 b,2.17,,0.5226860254083484,11.561,4027.0,0.0,403.0,0.0,0.0,0.0,22.37220034175378,1.547575789465108e-159,0.48285508,0.31957709343116164,0.010299515771834966,5.340969408348456
LHS 1678 d,0.981,,0.958257713248639,9.1,3490.0,0.036,462.95,0.6200035474644029,0.14315154956182227,0.024683442859431293,3.789465479078913,2.3586667087326138e-88,1.2110735,0.15716005321793292,0.010290922347693056,0.9046682440072595
Kepler-1060 b,2.38,,0.4627949183303085,17.416,5797.0,0.0,484.0,0.0,0.0,0.0,26.13413090004276,0.0,0.15069984,0.3926767803325254,0.010279225286356091,6.239064174228674
Kepler-1354 b,2.97,,0.3466424682395644,18.86,6168.0,0.0,466.0,0.0,0.0,0.0,38.039931450518424,0.0,0.17299429,0.3866049800667295,0.010251858504024387,9.081364687840292
Kepler-224 e,1.97,,0.5916515426497277,18.732,5018.0,0.0,517.0,0.0,0.0,0.0,18.94755991323829,0.0,0.22494498,0.3748627774691601,0.010247412779071,4.5233967295825765
Kepler-2000 b,2.73,,0.38656987295825773,18.73,3757.0,0.0,530.0,0.0,0.0,0.0,32.94614117139229,0.0,0.52155405,0.3087691725730421,0.010245394853808007,7.865311834845735
Kepler-251 e,2.77,,0.3793103448275862,3.548,5526.0,0.0,360.0,0.0,0.0,0.0,33.76934241377408,6.765783388211546e-05,0.24279365,0.37078956066171265,0.010244924950029016,8.061836655172414
Kepler-446 b,1.5,,0.8457350272232306,16.213,3359.0,0.0,648.0,0.0,0.0,0.0,11.956297267836291,0.0,1.028974,0.19543944497082552,0.010235509020266716,2.8543557168784033
KOI-351 e,2.66,,0.4010889292196007,10.228,6080.0,0.0,450.0,0.0,0.0,0.0,31.62089761807604,2.4309247923352455e-118,0.20257029,0.3792002563914767,0.010231582532490877,7.548933241379312
Kepler-896 b,2.53,,0.426497277676951,1.99,5262.0,0.0,303.0,0.0,0.0,0.0,28.931199246336508,0.9816987035563466,0.34471282,0.3474201805825496,0.010227993384181936,6.90681505444646
Kepler-924 b,3.07,,0.33212341197822143,19.997,6167.0,0.0,610.0,0.0,0.0,0.0,40.25346096141755,0.0,0.16934054,0.3843711248220113,0.010176739397372106,9.609805932849364
Kepler-1824 b,2.38127597,,0.4627949183303085,7.45,6002.0,0.0,421.0,0.0,0.0,0.0,26.17618667472595,2.469861268675838e-52,0.23940794,0.36843031368242823,0.010168185251957595,6.249104250868258
Kepler-940 b,3.34,,0.29764065335753176,10.519,5769.0,0.0,486.0,0.0,0.0,0.0,46.45369443982614,8.36057589565838e-127,0.14412674,0.3893824664881188,0.010161944754893645,11.090002642468237
Kepler-329 c,1.93,,0.6079854809437387,11.869,4257.0,0.0,402.0,0.0,0.0,0.0,18.30854131939945,6.188310876590763e-170,0.44341284,0.32199413402984983,0.010142695482573927,4.370842277676951
Kepler-331 c,1.84,,0.6460980036297641,13.888,4347.0,0.0,425.0,0.0,0.0,0.0,16.859336442055245,3.0265967260449915e-246,0.42790467,0.32203360035137085,0.010058579568957653,4.02487009800363
TOI-198 b,1.36,3.17,1.250453720508167,7.2,3801.0,0.15,456.0,0.4932902377912529,0.13908507785373075,0.03299139819415313,13.175677541511302,1.0351957841321942e-47,1.0091287,0.19264764851731367,0.010057795883710665,3.145461313974592
Kepler-298 d,2.5,,0.43375680580762255,1.715,4465.0,0.0,277.0,0.0,0.0,0.0,28.389316553537533,0.9813969869851081,0.5083164,0.30329064414007945,0.01003769957281649,6.777450090744102
Kepler-49 c,2.444,8.38,0.5643700544464609,12.341,4095.6,0.008,443.0,0.507775323672864,0.09417260865535099,0.04086124913179978,34.51089131454824,1.6901395248493244e-186,0.42046967,0.3222562334375941,0.010023274425510448,8.238868414826266
TOI-2096 c,1.914,,0.6152450090744103,3.7,3300.0,0.1,349.0,0.5408892227892247,0.2593702842698203,0.01960784313725346,18.070181261383908,9.272571578024352e-06,0.99229586,0.19493658084389914,0.010021868766800215,4.313938005473685
Kepler-446 c,1.11,,1.029038112522686,6.705,3359.0,0.0,520.0,0.0,0.0,0.0,5.895070533268197,3.224142963245787e-39,1.3050115,0.12488928129501131,0.010010751352167167,1.4073444228675138
Kepler-833 b,2.02,,0.573502722323049,8.313,4339.0,0.0,382.0,0.0,0.0,0.0,19.800593202511692,5.690797331750575e-70,0.4208189,0.32100961276368317,0.009994457265123416,4.7270434264972785
TOI-2095 c,1.33,7.4,0.7509105179932297,1.84,3759.0,0.0,297.0,0.0,0.0,0.0,7.4,0.9266163634829344,1.0627278,0.17784085905614447,0.00998684241260344,1.7666198683200385
Kepler-309 c,2.51,,0.4319419237749546,2.142,4713.0,0.0,204.0,0.0,0.0,0.0,28.611137990783305,0.9055011275238417,0.40828317,0.3222094175369061,0.00995525641886329,6.830406058076223
Kepler-54 d,1.53,12.0946,1.6696914700544463,3.425,4252.0,0.0,328.0,0.0,0.0,0.0,25.04950396164277,0.00029464004212247465,0.990503,0.19214505025391365,0.009943211134444716,5.980128566243194
Kepler-1667 b,2.98385261,,0.3448275862068966,9.3,5941.54,0.0,655.0,0.0,0.0,0.0,38.37273127840353,2.628858118527588e-93,0.17374769,0.37236071925874675,0.009904823651544627,9.160814794342361
TOI-406.01,2.08,6.57,0.7441016333938294,3.0,3392.0,0.056,368.0,0.6234098523178147,0.34837360590980493,0.022065501950097297,28.04857952836158,0.018092011481473384,0.9733216,0.19436339949257303,0.009903631438144054,6.696105117967333
Kepler-622 b,2.13,,0.5353901996370236,12.486,4201.0,0.0,446.0,0.0,0.0,0.0,21.67194234972401,9.463055342671289e-192,0.41559783,0.3176217504958382,0.009882288612007104,5.173795127041742
Kepler-1237 b,2.86,,0.36479128856624315,4.042,5472.0,0.0,366.0,0.0,0.0,0.0,35.74630587748713,5.622276607138482e-08,0.2217175,0.3605022016727806,0.009875668415167639,8.533801916515424
Kepler-298 c,1.93,,0.6079854809437387,8.696,4465.0,0.0,416.0,0.0,0.0,0.0,18.30854131939945,1.2558512313061014e-78,0.39970374,0.3198435488414044,0.009849857098098946,4.370842277676951
Kepler-1162 b,2.21,,0.5099818511796733,12.245,5390.0,0.0,490.0,0.0,0.0,0.0,23.057921240007,4.52735192643115e-183,0.17447165,0.3693498068974784,0.009834566770660892,5.50467321415608
Kepler-1651 b,1.84,,0.6460980036297641,5.65,3713.0,0.13,393.0,0.49466411663003773,0.17154090365465563,0.030640594112301103,16.859336442055245,6.970759256216112e-24,0.74185693,0.24218336987570993,0.009812572368813515,4.02487009800363
GJ 3929 b,1.09,1.75,1.32486388384755,17.3,3384.0,0.0,568.0,0.0,0.0,0.0,7.186862970568876,0.0,1.3281114,0.10950911503391395,0.009758321725095331,1.715737150635209
TOI-1759 b,3.14,10.8,0.3466424682395644,6.39,4065.0,0.0,443.0,0.0,0.0,0.0,44.953066415485175,3.2837668491724516e-34,0.43521318,0.30687170267408415,0.00972488795572134,10.731754090744102
Kepler-1718 b,2.5685207,,0.4192377495462795,3.7,5731.0,0.0,345.0,0.0,0.0,0.0,29.757620483118746,9.370852937444435e-06,0.2619864,0.3453377722711086,0.009722758720437114,7.1041085918114755
Kepler-158 c,1.9,,0.6206896551724138,6.677,4623.0,0.0,418.0,0.0,0.0,0.0,17.83297987114956,9.724935565657311e-39,0.38945764,0.31609429734515343,0.009701208121917566,4.2573103448275855
Kepler-1896 b,3.09935997,,0.3284936479128857,19.5,6122.0,0.0,536.0,0.0,0.0,0.0,40.96676249454488,0.0,0.16046092,0.3663620769256078,0.009684036385283297,9.780094130217725
Kepler-1552 b,2.47,,0.44101633393829404,1.854,5202.0,0.0,268.0,0.0,0.0,0.0,27.837750867808452,0.9810664283135114,0.3653315,0.3206480454264136,0.009681099895704152,6.645773482758623
Kepler-283 c,1.82,,0.6569872958257714,0.949,4351.0,0.0,240.0,0.0,0.0,0.0,16.59051031687569,0.969816637480068,0.7794594,0.22775833941251233,0.009663261293601493,3.9606925880217796
Kepler-1610 c,2.09,,0.5480943738656987,8.34,5295.0,0.0,433.0,0.0,0.0,0.0,20.959591388792457,1.4529698393582837e-70,0.22812065,0.3483440423567237,0.009611061526997785,5.003733862068964
Kepler-1938 b,1.82828927,,0.6533575317604357,18.25,4522.0,0.0,527.0,0.0,0.0,0.0,16.72531256088653,0.0,0.36481714,0.31791297437578797,0.009610849133726097,3.9928742532330874
TOI-1824 b,2.7438269,16.0,0.7695099818511797,14.6287,5165.0,0.0,528.67,0.0,0.0,0.0,66.58447742808423,8.84900486985993e-278,0.19623885,0.3552186209246167,0.009605616393340226,15.895873073805504
Kepler-1388 d,2.86,,0.36479128856624315,8.66,4098.0,0.0,363.0,0.0,0.0,0.0,35.74630587748713,8.708932139644464e-78,0.4106841,0.3070258230426591,0.009594103508461575,8.533801916515424
Kepler-267 c,2.13,,0.5353901996370236,17.583,4258.0,0.0,484.0,0.0,0.0,0.0,21.67194234972401,0.0,0.37552172,0.3146075508681974,0.009588092348867906,5.173795127041742
HD 73583 c,2.39,9.7,0.7041742286751361,10.2,4511.0,0.08,498.0,0.4833009063017193,0.10491822574496376,0.05195811294544341,40.268220578021854,1.5461585065909935e-117,0.2903633,0.3327430991028873,0.00956795409203567,9.613329531760437
55 Cnc B b,1.69,,0.7223230490018149,4.0271,3286.0,0.0,395.41,0.0,0.0,0.0,14.60428153050956,7.028032994803229e-08,1.111922,0.1492283154197665,0.009551362778035432,3.486515393829401
KOI-7913 b,2.34,,0.47368421052631576,8.27,4324.0,0.0,432.0,0.0,0.0,0.0,25.422900048979745,4.982600096906484e-69,0.37021294,0.3140705386358426,0.009545725394610172,6.069270315789472
Kepler-265 d,2.49,,0.4373865698729583,18.941,5835.0,0.0,554.0,0.0,0.0,0.0,28.284733705718782,0.0,0.13966301,0.3649381274355176,0.009534819062753197,6.752482774954631
Kepler-1674 b,3.2057749,,0.3139745916515427,7.13,5473.91,0.0,417.0,0.0,0.0,0.0,43.32935121412675,1.8947794194973895e-46,0.1571655,0.3607528412188815,0.009527668974885595,10.344120640039636
Kepler-801 b,2.0,,0.5807622504537205,14.442,4435.0,0.0,419.0,0.0,0.0,0.0,19.46152980808196,1.167986902775637e-269,0.35526663,0.31656072817247677,0.009525110774547877,4.646098003629764
Kepler-236 b,1.57,,0.7967332123411978,15.632,3750.0,0.0,469.0,0.0,0.0,0.0,12.915180730626957,1.5e-323,0.7740896,0.22231987550507012,0.00949972216791087,3.083272281306715
Kepler-1460 b,1.96,,0.5952813067150635,5.469,4422.0,0.0,391.0,0.0,0.0,0.0,18.77496206720648,1.2102987348635238e-21,0.44918236,0.29458468759891865,0.009498617115848876,4.482192029038112
TOI-2095 b,1.25,4.1,0.50114708480776,3.43,3759.0,0.0,347.0,0.0,0.0,0.0,4.1,0.00023921050377371378,0.9397017,0.18513299183809087,0.009491608238407088,0.9788029000151564
Kepler-327 d,1.73,,0.7005444646098004,7.59,3799.0,0.0,387.0,0.0,0.0,0.0,15.193667726976054,5.036248579939788e-55,0.7354363,0.22830719767590568,0.009435250244996165,3.6272209836660614
Kepler-283 b,2.13,,0.5353901996370236,16.26,4351.0,0.0,488.0,0.0,0.0,0.0,21.67194234972401,0.0,0.34770614,0.3138586749969288,0.009417013881896797,5.173795127041742
Kepler-310 d,2.47,7.0,0.5989110707803993,3.664,5797.0,0.0,353.0,0.0,0.0,0.0,37.804353030357156,1.5350720909333762e-05,0.30590156,0.3231569338819581,0.009416877120353877,9.025124482758622
Kepler-81 d,1.21,,1.0816696914700545,7.507,4500.0,0.0,418.0,0.0,0.0,0.0,8.026743428190604,1.9584741854228132e-53,0.745594,0.22521282873399048,0.009414695937627508,1.9162438402903812
Kepler-615 b,1.74,,0.6969147005444646,19.18,4655.0,0.0,620.0,0.0,0.0,0.0,15.378570915853674,0.0,0.35815126,0.31143718502882095,0.009414625479790025,3.6713633684210523
Kepler-1388 b,2.59,,0.41379310344827586,17.674,4098.0,0.0,434.0,0.0,0.0,0.0,30.114187470357702,0.0,0.37758893,0.307107553199492,0.009414534625285902,7.189232689655172
K2-266 e,2.73,14.3,0.4010889292196007,9.581,4285.0,0.043,490.1,0.48790018165880483,0.11211931454446547,0.04592082064432603,34.183554924308424,1.4296708753283648e-100,0.29509598,0.32513394425855585,0.009406329838468933,8.16072260798548
Kepler-834 b,2.02,,0.573502722323049,11.845,4554.0,0.0,378.0,0.0,0.0,0.0,19.800593202511692,4.1146368228580777e-169,0.3294556,0.3157825001424157,0.009364307132929956,4.7270434264972785
Kepler-26 e,2.41,,0.455535390199637,1.753,4486.0,0.0,276.0,0.0,0.0,0.0,26.709260241159793,0.9803148706720477,0.5078099,0.27607779572204555,0.00936403304897921,6.3763661905626146
Kepler-1461 b,2.03,,0.5698729582577133,8.88,4919.0,0.0,451.0,0.0,0.0,0.0,19.968928973515528,5.759980872080535e-83,0.2723638,0.3280669022112977,0.009353912101141055,4.767230631578946
HD 88986 b,2.49,17.2,1.1070780399274047,7.3543,5861.0,0.24,460.0,0.4417507211319145,0.1250589876133418,0.0880215846556473,71.59206456634213,1.5746115270115204e-50,0.5655824,0.262467555047394,0.009345476690774115,17.09134644283122
Kepler-235 e,2.22,,0.5063520871143375,1.33,4255.0,0.0,306.0,0.0,0.0,0.0,23.205991940484335,0.9775188556601869,0.65562475,0.24210168588181283,0.009337426927471713,5.54002249001815
HD 15906 c,2.93,,0.35390199637023595,13.37,4757.0,0.04,532.0,0.455916902612918,0.07912993228706669,0.058529678901521505,37.28846303513528,2.611208566974349e-225,0.13682659,0.35744112503295106,0.009334430321026765,8.901964818511798
Kepler-202 c,1.85,,0.6424682395644283,17.07,4668.0,0.0,505.0,0.0,0.0,0.0,17.039445495925126,0.0,0.32421854,0.31535408231388407,0.009325010876632362,4.067867967332124
Kepler-1766 b,2.27904508,,0.49001814882032674,7.8,5868.0,0.0,406.0,0.0,0.0,0.0,24.29738424143328,3.563625906744553e-59,0.22810264,0.336709279805046,0.009324126996294542,5.800573209340843
Kepler-1802 c,2.322,,0.47731397459165154,3.86,4245.0,0.0,357.0,0.0,0.0,0.0,25.031069447353754,9.568709974061932e-07,0.48078147,0.2804439040827153,0.009323374891739747,5.975727650134301
Kepler-1085 c,3.26817741,,0.30490018148820325,11.8,5816.0,0.0,491.0,0.0,0.0,0.0,44.58237119496439,1.4330243467341424e-167,0.14005868,0.3560821818588256,0.009318661444443922,10.643257125654468
Kepler-1709 b,3.12424875,,0.32486388384754994,11.7,5918.0,0.0,472.0,0.0,0.0,0.0,41.497970310171944,3.49447649865302e-164,0.15227798,0.3530610646652805,0.00931122458989032,9.906910654716869
Kepler-1086 b,2.44,,0.4482758620689656,9.157,4350.0,0.0,433.0,0.0,0.0,0.0,27.277429546248953,1.0201960332386176e-89,0.3413139,0.31098605763003534,0.009311121840786704,6.512006620689656
GJ 251 b,1.79,,0.6696914700544465,2.37,3342.0,0.0,336.0,0.0,0.0,0.0,16.08875615821695,0.5603653818706215,1.1130202,0.13723912203441893,0.009261814373404405,3.8409076061705996
KOI-351 d,2.87,,0.3629764065335753,18.168,6080.0,0.0,520.0,0.0,0.0,0.0,35.9428653823958,0.0,0.15823099,0.34968005108349226,0.009260533861225146,8.58072704174229
Kepler-1378 b,2.2,,0.5136116152450091,14.867,4407.0,0.0,525.0,0.0,0.0,0.0,22.908227554373934,2.4176930402960683e-288,0.31975308,0.3121314832665133,0.009221062295427195,5.468936479128859
Kepler-1030 b,2.48,,0.43920145190562615,16.881,4983.0,0.0,529.0,0.0,0.0,0.0,28.06127623040837,0.0,0.15092468,0.3492891669302524,0.00921080958912951,6.6991362323049
Kepler-1467 b,3.3,,0.30308529945553536,7.917,5332.0,0.0,411.0,0.0,0.0,0.0,45.6242040824523,1.4957393383357052e-61,0.14992407,0.346983121717131,0.009148467854742125,10.891976406533574
Kepler-184 d,2.49,,0.4373865698729583,18.557,5788.0,0.0,559.0,0.0,0.0,0.0,28.284733705718782,0.0,0.13510554,0.34997546739768215,0.009140934052974056,6.752482774954631
Kepler-231 b,1.73,35.4,2.50453720508167,14.879,3767.0,0.0,488.0,0.0,0.0,0.0,54.319330215613874,7.183042385018899e-289,1.25119,0.1014095286482966,0.009136593392050994,12.967784863883848
TOI-1260 d,3.12,11.84,0.3883847549909256,10.32,4227.0,0.0,499.0,0.0,0.0,0.0,49.409967230144275,5.557923990244172e-121,0.33592698,0.3048047607046975,0.009129175806240524,11.79576078402904
GJ 3988 b,1.74,,0.6987295825771326,2.45,3273.0,0.0,348.0,0.0,0.0,0.0,15.418619277613711,0.43062701470666537,1.1706511,0.11868879297545999,0.009120690941823507,3.680924210526316
K2-263 b,2.513,15.4,1.0254725952813069,8.17,5368.0,0.08,482.0,0.5273657456736844,0.13748789604138298,0.07485173906073624,68.16950396340651,7.36098958103454e-67,0.27295125,0.31804639244666827,0.009110096195722703,16.274270285848047
K2-266 d,2.93,8.9,0.3684210526315789,13.95,4285.0,0.047,538.3,0.43934760565976294,0.07382960618782536,0.045920820644325844,38.81824613401262,8.338075653525238e-249,0.2583993,0.32109198380610665,0.00910533777780296,9.267173631578947
Kepler-267 d,2.27,,0.49183303085299457,2.647,4258.0,0.0,301.0,0.0,0.0,0.0,24.098159408961518,0.1833441844572851,0.5346138,0.25948049356263625,0.009101919586092636,5.753011784029039
Kepler-155 c,2.24,,0.5009074410163339,1.28,4508.0,0.0,286.0,0.0,0.0,0.0,23.582516529555242,0.9778747462857434,0.57915366,0.2482980237905269,0.009070612063821499,5.6299111143375695
Kepler-351 c,3.19,11.1,0.3411978221415608,6.712,5643.0,0.0,431.0,0.0,0.0,0.0,46.39454382634348,2.6617236280582028e-39,0.16387184,0.3404910181152853,0.00906494326867472,11.07588147368421
Kepler-1465 b,1.77,,0.6805807622504537,6.246,4726.0,0.0,668.0,0.0,0.0,0.0,15.808405857752895,4.6490963021391405e-32,0.4119548,0.2848425699191632,0.009054184227643449,3.7739789019963705
Kepler-616 d,2.653,,0.4010889292196007,14.69,6004.0,0.0,499.0,0.0,0.0,0.0,31.371915320259962,1.7548392870403792e-280,0.16485295,0.3395041308192181,0.009045996308648269,7.489493096219601
Kepler-235 d,2.05,,0.5626134301270418,4.03,4255.0,0.0,401.0,0.0,0.0,0.0,20.303003404778963,6.762798254380271e-08,0.5189953,0.2604119138639331,0.009039187952707708,4.846985027223229
Kepler-1491 c,2.44,,0.4482758620689656,18.66,5626.0,0.0,530.0,0.0,0.0,0.0,27.277429546248953,0.0,0.1260907,0.34777064204059543,0.009037115912281074,6.512006620689656
Kepler-1786 b,3.16305828,,0.3176043557168784,10.7,5808.0,0.0,501.0,0.0,0.0,0.0,42.10141001495499,3.217256081663597e-132,0.14484231,0.343430166935874,0.009032993503657005,10.050971272528072
TOI-776 b,1.798,5.0,0.8711433756805808,11.5,3725.0,0.052,520.0,0.5268415536730878,0.10258944792984609,0.030961158305281563,21.210324358990594,1.6302144984473376e-157,0.7312347,0.21202561704907,0.009010801962412667,5.063591949473685
Kepler-186 e,1.27,,1.0471869328493648,3.608,3788.0,0.0,319.0,0.0,0.0,0.0,8.985122168369157,3.064328124198581e-05,1.0674465,0.13710511433056735,0.009008460304246107,2.1450399110707807
Kepler-1337 b,2.41,,0.455535390199637,9.183,4523.0,0.0,437.0,0.0,0.0,0.0,26.709260241159793,2.2952021149382646e-90,0.29229632,0.30924143548930555,0.008999165500545546,6.3763661905626146
Kepler-158 b,2.12,,0.5372050816696915,13.634,4623.0,0.0,500.0,0.0,0.0,0.0,21.440568881959855,7.284677856303838e-236,0.28157243,0.31150847006967497,0.00899621659780057,5.118558780399274
Kepler-230 c,2.04,,0.5662431941923776,2.976,5588.0,0.0,359.0,0.0,0.0,0.0,20.13641284646067,0.021576787134503984,0.35615188,0.2947994480078279,0.00899347973353704,4.807214460980037
K2-136 c,3.0,18.1,0.6696914700544465,11.91,4500.0,0.047,470.0,0.49097190890711434,0.09488553005362499,0.051664262435211994,75.74032088981272,2.4789300345637117e-171,0.24055973,0.3193967523380618,0.008965663947185357,18.081669691470054
Kepler-249 c,1.51,,0.8366606170598911,12.529,3568.0,0.0,429.0,0.0,0.0,0.0,12.066151605498609,2.508075413485967e-193,0.9137543,0.16928470731863773,0.008958529017718826,2.8805815081669692
Kepler-551 b,2.73,,0.38656987295825773,14.386,4286.0,0.0,483.0,0.0,0.0,0.0,32.94614117139229,3.0710133740792513e-267,0.30931556,0.30337233156687266,0.008947852274221282,7.865311834845735
Kepler-1455 b,2.16,,0.5263157894736842,1.533,4075.0,0.0,298.0,0.0,0.0,0.0,22.21755489032368,0.976697486385851,0.70994586,0.21415711735098183,0.0089465445408935,5.30405052631579
Kepler-1196 b,2.23,,0.5027223230490019,8.302,5756.0,0.0,436.0,0.0,0.0,0.0,23.352391807810356,9.949227383864917e-70,0.21679203,0.32271461938531193,0.008917053852770461,5.574972883847551
Kepler-1760 b,2.28995546,,0.48638838475499097,12.56,5229.0,0.0,480.0,0.0,0.0,0.0,24.46543322281537,1.8691261188361045e-194,0.16628273,0.33267687489130066,0.00888552644678285,5.84069194844362
Kepler-1184 b,2.68,,0.39564428312159716,18.039,5983.0,0.0,529.0,0.0,0.0,0.0,31.900529088691453,0.0,0.1490154,0.3358031463780157,0.008867858521186748,7.6156903375680605
LHS 1140 c,1.272,1.91,0.925589836660617,5.3,3096.0,0.05,422.0,0.6230251978558349,0.2248813173198119,0.014158251856600792,7.979368473096951,1.1350426204100131e-19,1.3517354,0.06774564238571876,0.008858330610784216,1.9049339028675134
K2-90 b,2.6,,0.411978221415608,10.2,4484.0,0.07,502.0,0.45494755615739607,0.09881247818570527,0.05123684351123719,30.330733388615087,1.529348863031217e-117,0.22527733,0.31766981798461996,0.008839239142143726,7.240929219600726
Kepler-1022 b,2.36,,0.4682395644283122,19.258,4445.0,0.0,512.0,0.0,0.0,0.0,25.78058247142872,0.0,0.27449554,0.3064721719933564,0.008833226122604189,6.154660704174229
Kepler-227 c,3.04,,0.3357531760435572,10.186,5854.0,0.0,443.0,0.0,0.0,0.0,39.51204335427572,3.844234669977317e-117,0.15374038,0.33284750761615095,0.008820916814287824,9.43280551724138
Kepler-169 f,2.58,,0.4174228675136116,2.439,4997.0,0.0,321.0,0.0,0.0,0.0,30.027831097818066,0.454482606560138,0.33324277,0.2928069435237554,0.008818662135361088,7.168616624319419
Kepler-558 b,2.37,,0.46460980036297644,15.227,5242.0,0.0,498.0,0.0,0.0,0.0,25.907291626626694,1.1632592145377902e-304,0.14337385,0.33417828764891744,0.008796846781766912,6.184910286751363
Kepler-1669 b,2.78043818,,0.37749546279491836,18.66,4303.0,0.0,530.0,0.0,0.0,0.0,33.98913214790143,0.0,0.2878112,0.3005608211338934,0.00876055084115026,8.114307589113245
Kepler-737 b,1.96,,0.5952813067150635,2.297,3813.0,0.0,298.0,0.0,0.0,0.0,18.77496206720648,0.6835798972051683,0.80435354,0.18554352926417994,0.008759112291711038,4.482192029038112
GJ 887 b,1.8,,0.6660617059891107,7.8,3688.0,0.14,426.0,0.4642168592655123,0.12445889797598865,0.02997275204359377,16.271237717011477,3.5301082527632877e-59,0.7460891,0.19843743981285844,0.008757309983650981,3.8844718693284945
Kepler-446 d,1.35,,0.9691470054446462,3.307,3359.0,0.0,436.0,0.0,0.0,0.0,9.988023901731585,0.0010287433130855442,1.2644688,0.08209957451257265,0.00873339599678234,2.3844650635208717
Kepler-1795 b,1.66301611,,0.7368421052631579,17.3,4500.0,0.0,520.0,0.0,0.0,0.0,14.195556188781374,0.0,0.4313709,0.26652812176554663,0.008709202739109969,3.388939406074954
TOI-1452 b,1.672,4.82,1.0163339382940109,1.8,3185.0,0.0,326.0,0.0,0.0,0.0,19.89911934766415,0.9833541550253405,1.3929442,0.050637021628613776,0.008662647431227908,4.750564811034482
EPIC 201170410.02,1.047,,1.0,10.3359,3648.0,0.0,500.03,0.0,0.0,0.0,4.807603629113822,1.7538143226835386e-121,1.1233838,0.1101242367962433,0.008650203934973752,1.1477308229999998
TOI-776 c,2.047,6.9,0.7985480943738658,4.9,3725.0,0.089,420.0,0.5469433082933584,0.21327001115401933,0.030961158305281174,28.690836787748356,2.429458577856207e-15,0.74040926,0.19463598367561832,0.008632427497567728,6.849432744319421
Kepler-779 b,0.92,,0.9237749546279492,15.028,3804.0,0.0,425.0,0.0,0.0,0.0,3.0131328121510252,1.207583784167633e-295,1.0743053,0.11777128712352153,0.008569449410084001,0.7193324718693286
Kepler-436 c,2.33,,0.4754990925589837,14.52,4685.0,0.0,503.0,0.0,0.0,0.0,25.19451861657391,4.869942754255497e-273,0.2296795,0.30567607026472843,0.008567706651894227,6.014748264972778
Kepler-354 d,1.24,,1.0834845735027223,8.949,4648.0,0.0,451.0,0.0,0.0,0.0,8.653193135100102,1.2349377689092295e-84,0.6797261,0.20435320198840085,0.008539038251890597,2.0657976914700544
Kepler-324 c,3.15,6.2,0.3139745916515427,7.233,5194.0,0.0,410.0,0.0,0.0,0.0,41.10690458488351,2.647373849242637e-48,0.16528697,0.3186995221711755,0.008535474664190154,9.81355058983666
Kepler-1129 c,2.73,,0.38656987295825773,7.006,5831.0,0.0,503.0,0.0,0.0,0.0,32.94614117139229,2.8787951581057626e-44,0.1911555,0.31279342937885113,0.008531803051777585,7.865311834845735
Kepler-1675 b,3.12483349,,0.32486388384754994,11.8,5853.19,0.0,465.0,0.0,0.0,0.0,41.52127517508196,1.4318267746050111e-167,0.14268307,0.3235491930358491,0.008531014080426693,9.912474281389644
Kepler-1410 b,1.78,,0.6751361161524502,1.06,4092.0,0.0,290.0,0.0,0.0,0.0,15.949238678455716,0.9687279870663713,0.86533177,0.15979257819066353,0.008458835663161232,3.8076002613430133
Kepler-1090 b,2.25,,0.4972776769509982,1.825,5321.0,0.0,297.0,0.0,0.0,0.0,23.726579181183713,0.9779558412378612,0.38921005,0.2653733653388003,0.008449409447497416,5.664303539019964
Kepler-260 c,1.74,,0.6969147005444646,6.775,5250.0,0.0,372.0,0.0,0.0,0.0,15.378570915853674,2.382654694524114e-40,0.34517348,0.2751306984605079,0.008448344086934706,3.6713633684210523
Kepler-504 b,1.59,,0.7822141560798548,5.991,3519.0,0.0,374.0,0.0,0.0,0.0,13.170602833581443,2.0601218976425615e-28,0.96314067,0.13721964208774107,0.008438987470246531,3.1442498166969153
Kepler-1495 b,2.94,,0.35208711433756806,9.1,5831.0,0.0,443.0,0.0,0.0,0.0,37.478373211900745,2.646703661263579e-88,0.16079304,0.31562572775131376,0.008435038442101703,8.947302533575318
TOI-2322 c,1.874,18.1,2.6660617059891107,10.15,4664.0,0.0,496.8,0.0,0.0,0.0,73.49665366175431,4.09412825824078e-116,0.9608833,0.1353962993063246,0.00838165033165898,17.546033596471872
K2-21 b,1.84,,0.49001814882032674,10.0,4222.06,0.1,500.0,0.45890775208278395,0.09965740380642954,0.04423946145214895,12.786575391446394,6.280263300149183e-112,0.41128778,0.25736826506621463,0.008373191365340463,3.052570018148821
Kepler-1805 b,1.54502915,,0.8112522686025408,12.48,3867.0,0.0,479.0,0.0,0.0,0.0,12.53298634642398,1.542301768352089e-191,0.74115485,0.1820189651709388,0.008325466753216531,2.992030093104915
TOI-406 c,1.32,2.08,0.8892921960072596,19.0,3392.0,0.032,584.0,0.5283604157333652,0.06606318760383019,0.02206550195009788,8.56751520973476,0.0,1.0391452,0.11506546385468393,0.008309828616904921,2.0453435934664252
TOI-260 b,1.71,4.23,0.8457350272232306,10.1838,4026.0,0.0,493.0,0.0,0.0,0.0,17.71378047937925,4.396986546835904e-117,0.6550535,0.1990558483215706,0.008273069125144205,4.228853586206896
TOI-2093 b,3.25,,0.308529945553539,19.5345,4426.0,0.0,535.0,0.0,0.0,0.0,44.36454326184406,0.0,0.24097359,0.29107117247295977,0.008269614746501716,10.591254537205081
Kepler-1083 b,3.36,,0.29401088929219604,10.148,5049.0,0.0,448.0,0.0,0.0,0.0,46.71645258164611,4.6131433705334724e-116,0.15200764,0.31052941816247737,0.008261194430255987,11.152731528130671
TOI-1467 b,1.92,9.0,1.9963702359346642,18.13,3834.0,0.0,506.07,0.0,0.0,0.0,59.18796137472349,0.0,1.0318239,0.11355203796191697,0.008232347351039435,14.130084936479127
Kepler-189 c,2.38,22.7,1.6787658802177858,18.811,5235.0,0.0,544.0,0.0,0.0,0.0,94.80027875505708,0.0,0.49806458,0.23062377278469634,0.00818997002276736,22.63189945553539
Kepler-1309 b,2.37,,0.46460980036297644,13.77,5235.0,0.0,491.0,0.0,0.0,0.0,25.907291626626694,2.1616695748878545e-241,0.14958028,0.3063578283640626,0.008145032627316192,6.184910286751363
Kepler-1767 b,3.01299077,,0.3411978221415608,5.66,5243.0,0.0,393.0,0.0,0.0,0.0,39.092033609601394,5.291408911167438e-24,0.1848428,0.29838147853416125,0.008141864402502294,9.332535576723856
Kepler-1162 c,1.81,,0.6606170598911071,6.14,5225.0,0.0,401.0,0.0,0.0,0.0,16.408697877405036,1.6292958987152795e-30,0.33236903,0.2644903016127174,0.008115768504829174,3.917288065335754
Kepler-120 c,1.53,,0.823956442831216,16.625,4096.0,0.0,455.0,0.0,0.0,0.0,12.36138565063676,0.0,0.63210315,0.19772943398261936,0.008114446558799305,2.9510634446460986
L 98-59 c,1.329,2.0,0.852994555353902,12.7,3415.0,0.002,526.0,0.44945971813607033,0.07945584139237306,0.02267991665330864,8.387061183752342,1.2124309508693314e-199,1.0635765,0.10148305849007838,0.008109024153684972,2.002263368112523
Kepler-62 d,1.95,14.0,0.45074985147150864,17.21,4925.0,0.0,510.0,0.0,0.0,0.0,14.0,0.0,0.22023566,0.2890428607909119,0.00810582692854515,3.3422538049298023
Kepler-538 b,2.215,12.9,1.1796733212341197,5.07,5534.0,0.21,417.0,0.48599379252101493,0.1831249404877487,0.07928621039695424,53.6996628195333,4.230175406131942e-17,0.5505985,0.21542422476705592,0.00810348922873624,12.819850170145187
HD 260655 c,1.533,3.09,0.852994555353902,16.1,3803.0,0.038,557.0,0.5284538725715772,0.07650025294261742,0.03304482555964892,12.87245353786664,0.0,0.73469067,0.17426078215279736,0.008098734579489836,3.0730719154083483
Kepler-259 c,2.7,,0.3920145190562614,15.054,5938.0,0.0,530.0,0.0,0.0,0.0,32.320796446052775,9.240140232881082e-297,0.14985207,0.30380871150853533,0.008083679618625515,7.716021778584394
Kepler-1817 b,2.27349126,,0.49183303085299457,10.85,5316.0,0.0,463.0,0.0,0.0,0.0,24.2095194126846,8.519494377202855e-137,0.17474332,0.2968519755567736,0.00804874411734995,5.779597026611929
Kepler-1996 b,2.26,,0.49546279491833034,5.61,4580.0,0.0,392.0,0.0,0.0,0.0,23.95658860096664,2.2457264262965885e-23,0.34302434,0.25872037592514263,0.008031983206745712,5.719214243194191
L 98-59 e,1.49,,0.9437386569872959,2.4,3415.0,0.012,347.0,0.7780073087236425,0.4961815787702426,0.022679916653308565,13.076730076132716,0.5100908710537557,1.207057,0.06609406062423023,0.008023804541827566,3.121839346642468
Kepler-1227 b,2.29,,0.48638838475499097,4.179,5747.0,0.0,369.0,0.0,0.0,0.0,24.466860820351094,5.526013812175139e-09,0.27821463,0.2722773225577998,0.008010614684972661,5.841032762250454
Kepler-218 d,2.66,,0.4010889292196007,4.118,5542.0,0.0,356.0,0.0,0.0,0.0,31.62089761807604,1.5843140356713566e-08,0.23021844,0.2829431187807662,0.008010220658266533,7.548933241379312
GJ 581 e,1.38,2.48,0.9419237749546281,15.783,3500.0,0.012,554.37,0.5721106158976181,0.08411951156136678,0.02495057968691437,10.36911348150106,0.0,0.99844915,0.11142212972088979,0.007996720434577827,2.475443499092559
K2-233 d,2.363,10.3,0.7803992740471869,12.7,4796.0,0.18,525.0,0.41097063774070874,0.07404019982279078,0.05957151252870878,43.13170547113993,1.2829445088384097e-199,0.32278198,0.2609486165895156,0.007975852710669404,10.296936194573501
Kepler-288 d,2.67,,0.3992740471869329,12.659,5918.0,0.0,570.0,0.0,0.0,0.0,31.83416591062733,4.212312166019778e-198,0.15884034,0.2969253398367076,0.007963297645135889,7.5998472958257715
Kepler-466 b,2.85,,0.3666061705989111,12.5,5927.0,0.0,503.0,0.0,0.0,0.0,35.54863750630473,2.948728844952162e-192,0.15290849,0.29774891675017273,0.007951055156200362,8.486612068965519
Kepler-1681 b,2.55321772,,0.4228675136116153,5.33,5756.4,0.0,442.0,0.0,0.0,0.0,29.481968723934347,5.355117863675375e-20,0.22235179,0.2821831803078561,0.00794832349610334,7.038301581742214
Kepler-1789 b,2.83137505,,0.3684210526315789,4.91,5436.0,0.0,380.0,0.0,0.0,0.0,35.0287992662131,1.9176626427662808e-15,0.19941255,0.28665435267184497,0.007932691776205786,8.362509830687356
Kepler-1294 b,3.19,,0.31578947368421056,12.362,5776.0,0.0,401.0,0.0,0.0,0.0,42.939630988211526,2.9650519616180617e-187,0.1310449,0.3017991854631974,0.007930948432504248,10.251081789473686
Kepler-892 b,2.81,,0.3738656987295826,18.196,4747.0,0.0,556.0,0.0,0.0,0.0,34.74747015184204,0.0,0.16601619,0.29193175066087645,0.00787956085682968,8.295347451905627
Kepler-81 c,2.37,4.3,0.32123411978221417,15.62,4385.0,0.0,502.0,0.0,0.0,0.0,17.91246335122236,5.4e-323,0.30703983,0.26051617878521677,0.007878818958574434,4.276285627949184
HD 219134 d,1.61,16.17,0.9250043657961017,4.72,4699.0,0.138,410.5,0.5489894932996158,0.21580710040319423,0.056980285302124255,16.17,1.37045320852192e-13,0.5377542,0.2089531974018382,0.00787348364672081,3.860303144693922
Kepler-1101 b,2.47,,0.44101633393829404,3.577,5614.0,0.0,393.0,0.0,0.0,0.0,27.837750867808452,4.693104755242016e-05,0.2663799,0.26886004800943386,0.007861433566758141,6.645773482758623
GJ 1132 b,1.19151465,1.83704819246,1.0834845735027223,19.3,3229.0,0.0118,583.8,0.5519870137951,0.06789560865324173,0.01771117166212518,7.6773174920945415,0.0,1.2791212,0.04228450037448069,0.007832215279502308,1.8328245428290793
Kepler-938 b,2.22,,0.5063520871143375,8.57,5533.0,0.0,544.0,0.0,0.0,0.0,23.205991940484335,1.0116111692475474e-75,0.20114236,0.2815027097772553,0.007815177533957447,5.54002249001815
Kepler-1582 b,1.49,,0.852994555353902,2.5,3208.0,0.0,354.0,0.0,0.0,0.0,11.819352184196878,0.3532350597251859,1.3195117,0.03135434108000188,0.007784361405859718,2.8216624863883846
HD 39194 d,2.12,,0.5408348457350273,10.2669,5205.0,0.159,503.31,0.4281823837973062,0.09115344264937872,0.07049740877276024,21.585437590621748,1.8532911934088277e-119,0.2143946,0.27427097865926825,0.007709602569011039,5.153143637023594
Kepler-1494 b,3.07,,0.33212341197822143,9.113,5659.0,0.0,415.0,0.0,0.0,0.0,40.25346096141755,1.265176893220121e-88,0.14240661,0.28978400949210403,0.007697072821289941,9.609805932849364
Kepler-1439 b,1.46,,0.8747731397459166,9.081,3578.0,0.0,420.0,0.0,0.0,0.0,11.403616824159371,7.563869683163077e-88,0.95857966,0.10609279649494137,0.0076465818277856815,2.7224129800362977
Kepler-1749 b,1.61301783,,0.7676950998185119,7.34,3957.0,0.0,420.0,0.0,0.0,0.0,13.495683414641084,2.8019104169229763e-50,0.71020424,0.1608804185245832,0.007634513964512362,3.2218570887651565
TOI-237 b,1.44,,0.8911070780399275,3.7,3212.0,0.0,388.0,0.0,0.0,0.0,11.145664828760077,9.14226747217605e-06,1.2899476,0.03107009445364805,0.007615144394529972,2.6608314773139745
TOI-4336 A c,1.251,1.55,0.7894736842105263,4.24,3307.0,0.0,399.5,0.0,0.0,0.0,6.474380159179272,1.7637698980891704e-09,1.2459838,0.039949240711131775,0.007592828220337683,1.54564440868421
Kepler-986 b,2.36,,0.4682395644283122,10.857,5642.0,0.0,465.0,0.0,0.0,0.0,25.78058247142872,5.195553397448428e-137,0.16799748,0.2765012680045936,0.007510018809519524,6.154660704174229
HD 219134 f,1.31,7.3,0.7752117805089981,12.38,4699.0,0.148,522.6,0.45984205801423095,0.08201802547168016,0.05698028530212382,7.3,6.248684299373836e-188,0.50569975,0.20048356676291024,0.007488805492573894,1.7427466268562541
Kepler-672 b,2.5,,0.43375680580762255,16.36,5627.0,0.0,529.0,0.0,0.0,0.0,28.389316553537533,0.0,0.12650254,0.2840489607138194,0.007468423661316655,6.777450090744102
Kepler-249 d,1.57,,0.7967332123411978,4.474,3568.0,0.0,332.0,0.0,0.0,0.0,12.915180730626957,2.243237245435495e-11,0.97937775,0.09419081192908817,0.0074672713123871085,3.083272281306715
Kepler-138 c,1.51,2.3,0.6533575317604357,6.8,3841.0,0.017,410.0,0.6626944693738317,0.1962502693597061,0.034059945504083367,9.4225912754436,8.872669288767053e-41,0.74544984,0.1431192277218916,0.00739002376541618,2.2494779673321235
Kepler-385 d,2.6186448,,0.40834845735027225,15.0,5829.0,0.0,535.0,0.0,0.0,0.0,30.714914393356,2.56672766334696e-294,0.14000776,0.27775611146094314,0.007387383226808474,7.332645678520518
Kepler-48 d,2.04,7.93,0.9219600725952813,9.292,5194.0,0.0,448.0,0.0,0.0,0.0,32.78621066026288,4.219471324121759e-93,0.33882836,0.23166015201999987,0.007341836275025292,7.827131237749548
Kepler-925 b,2.34,,0.47368421052631576,5.833,4673.0,0.0,394.0,0.0,0.0,0.0,25.422900048979745,2.94125647897737e-26,0.3051479,0.2389740870025625,0.0073373540406098505,6.069270315789472
Kepler-265 e,2.59,,0.41379310344827586,10.354,5835.0,0.0,476.0,0.0,0.0,0.0,30.114187470357702,5.699414549024134e-122,0.16704024,0.2679332371903804,0.007293536143602891,7.189232689655172
GJ 411 b,1.45,,0.8802177858439201,3.13,3719.0,0.063,349.83,0.6559983441120777,0.3483238877367369,0.03080087620879151,11.240425609732215,0.005798967243527803,0.95273,0.09294026355066334,0.007290232793800356,2.6834539473684207
LHS 1903 e,1.732,5.79,1.1070780399274047,2.05,3664.0,0.014,333.0,0.7974693318104629,0.564644597444229,0.029331623657635503,24.094088904414466,0.9788964431621685,1.0799898,0.06403746188490281,0.007275920964884545,5.7520400226497275
TOI-771 b,1.36,2.47,0.9800362976406535,14.0,3370.0,0.055,543.0,0.5210067587215452,0.08498992660261276,0.02147780092963539,10.326365562287524,6.7171271409043064e-251,1.0699772,0.06592392747216924,0.007267492241835214,2.465238185117968
Kepler-1456 b,1.14,,1.043557168784029,8.234,4231.0,0.0,433.0,0.0,0.0,0.0,6.476187426891155,2.86069675688772e-68,0.8438141,0.1162091916388913,0.00726629841733278,1.546075862068965
EPIC 211822797 b,1.92,,0.6134301270417423,3.5,4057.0,0.06,431.0,0.6081129620846388,0.3012079361504719,0.0398301009777154,18.186846313324125,0.00011997239318363755,0.59445107,0.1706612552765592,0.007240539486007571,4.3417897350272225
Kepler-1389 b,1.77,,0.6805807622504537,1.871,5078.0,0.0,300.0,0.0,0.0,0.0,15.808405857752895,0.9685200262803172,0.51555353,0.18787405946686242,0.007232003995424226,3.7739789019963705
Kepler-241 c,2.57,,0.4192377495462795,5.88,4699.0,0.0,397.0,0.0,0.0,0.0,29.809065432440704,6.919477129277378e-27,0.2747159,0.2331553705201104,0.007026931574138309,7.116390168784028
GJ 15 A b,1.55,,0.8112522686025408,4.2691,3607.0,0.094,550.0,0.5731472472414066,0.24443273597510815,0.02780894374098188,12.654343761089779,1.0937595127631022e-09,0.92230797,0.08880182467769533,0.007021289255814935,3.021002041742287
Kepler-1026 b,2.21,,0.5099818511796733,5.988,4948.0,0.0,425.0,0.0,0.0,0.0,23.057921240007,2.300144140587507e-28,0.26987755,0.233383913138399,0.007006019260278224,5.50467321415608
HD 23472 b,2.0,8.32,1.1161524500907443,16.0,4684.0,0.072,543.0,0.4781515572553252,0.07012881807041921,0.05657958006090111,37.40262759990752,0.0,0.39559785,0.20508922231432308,0.006998252295660247,8.929219600725954
Kepler-1010 b,2.32,,0.4791288566243195,10.17,5253.0,0.0,477.0,0.0,0.0,0.0,25.061374825835614,1.0867311305255182e-116,0.17577678,0.25299880511005823,0.00697328753265715,5.982962526315789
Kepler-934 b,2.09,,0.5480943738656987,4.716,5001.0,0.0,384.0,0.0,0.0,0.0,20.959591388792457,1.494864139636898e-13,0.31060165,0.22255555671498053,0.006962505797814126,5.003733862068964
TOI-771 c,1.5,,0.8475499092558983,3.0,3370.0,0.065,365.0,0.6437295536846974,0.3537778156493198,0.021477800929634916,11.981954558110615,0.01759621702574324,1.1322243,0.03948070295956323,0.006957110866468317,2.860480943738657
Kepler-353 c,1.38,,0.9419237749546281,16.561,3903.0,0.0,472.0,0.0,0.0,0.0,10.36911348150106,0.0,0.7998117,0.1133894570505521,0.006955354409061955,2.475443499092559
Kepler-1273 b,2.49,,0.4373865698729583,14.877,5566.0,0.0,573.0,0.0,0.0,0.0,28.284733705718782,8.669505146554644e-289,0.1295304,0.2610451557671024,0.006917916151349958,6.752482774954631
Kepler-437 b,2.14,,0.5317604355716878,2.15,4551.0,0.02,308.0,0.7421757893281982,0.510178580435147,0.05302666025537355,21.829608694312096,0.892239431678891,0.47307205,0.18289309866070017,0.006876122971512455,5.2114351941923776
Kepler-205 c,1.64,,0.7531760435571688,7.14,4321.0,0.0,389.0,0.0,0.0,0.0,13.916071494991721,1.227505984443902e-46,0.56004393,0.16310260509942592,0.006865411208616739,3.322217350272232
Kepler-1116 b,2.54,,0.4246823956442831,15.793,5641.0,0.0,488.0,0.0,0.0,0.0,29.151037606909984,0.0,0.12569097,0.2589552454699817,0.0068453269589647805,6.95929759709619
Gl 725 A b,1.48,,0.8548094373865699,3.3572,3433.0,0.0,376.1,0.0,0.0,0.0,11.607616836817332,0.0006054761659469153,1.1376721,0.03304213333786785,0.006828268987656221,2.771114395644283
K2-21 c,2.49,,0.9800362976406535,5.1,4222.06,0.21,420.0,0.47083646926442874,0.17963506985923766,0.0442394614521512,63.376581747253695,2.0181365605608135e-17,0.6768063,0.13474061608618898,0.0068068355016711254,15.130044392014526
HD 136352 d,2.562,8.82,0.5223426497277678,5.74,5664.0,0.0,431.0,0.0,0.0,0.0,36.794378648165214,4.971956379631861e-25,0.21782705,0.236412395454446,0.006795095105908758,8.784010859775575
HIP 97166 b,2.4801338,19.1,1.2450090744101634,9.0686,5216.0,0.29,701.66,0.4020779700967372,0.09609203647154903,0.07079125928299612,79.55847675021019,1.5900098401782778e-87,0.7331794,0.12053958815702008,0.006766035978640799,18.993187259486376
Kepler-1926 b,2.31495961,,0.4791288566243195,9.8,5256.0,0.0,451.0,0.0,0.0,0.0,24.898385778583016,1.99912871564523e-106,0.17896667,0.24258758915240022,0.006734118338033246,5.944051757505655
Kepler-357 c,2.67,,0.3992740471869329,19.404,5036.0,0.0,576.0,0.0,0.0,0.0,31.83416591062733,0.0,0.12296717,0.25363860521620535,0.006699309347354343,7.5998472958257715
Kepler-11 g,3.33,25.0,0.7259528130671506,5.65,5663.0,0.15,376.0,0.47099540660314815,0.16715404026549288,0.08273227547148154,112.2870577765371,7.180999309265058e-24,0.22977614,0.22919824012313794,0.00668280338826845,26.80656043557169
Kepler-1451 b,3.35,,0.29764065335753176,18.751,5782.0,0.0,523.0,0.0,0.0,0.0,46.87219368679577,0.0,0.11104985,0.25463632569433714,0.006658519577632832,11.189911978221417
Kepler-1874 b,2.21110724,,0.5099818511796733,3.79,4701.0,0.0,356.0,0.0,0.0,0.0,23.092595601165677,2.654688589669422e-06,0.36759824,0.19612064750130154,0.006623521170339303,5.512951108121514
Kepler-942 b,2.13,,0.5353901996370236,4.957,4861.0,0.0,379.0,0.0,0.0,0.0,21.67194234972401,6.307926006195286e-16,0.31832138,0.20615678185931274,0.006600577166585916,5.173795127041742
Kepler-2000 c,1.57,,0.7967332123411978,3.92,3757.0,0.0,359.0,0.0,0.0,0.0,12.915180730626957,3.798794005743106e-07,0.8942172,0.07684960840946957,0.006572501299171139,3.083272281306715
Kepler-369 c,1.41,,0.9147005444646098,4.21,3591.0,0.0,391.0,0.0,0.0,0.0,10.74050953174657,3.1359698019218737e-09,1.0580065,0.0383933865164553,0.0065230929422018975,2.5641077749546275
Kepler-581 b,2.63,,0.4065335753176044,12.39,5772.0,0.0,521.0,0.0,0.0,0.0,30.977921453731273,2.887486896365847e-188,0.14442675,0.23874421861566059,0.006449855682054416,7.395433989110708
TOI-2093 c,2.3,15.8,1.2704174228675136,3.0647,4426.0,0.0,329.0,0.0,0.0,0.0,64.74683719627077,0.010720791477136588,0.68752784,0.11744806124381478,0.006439342420279669,15.457168784029035
Kepler-1140 b,2.77,,0.3793103448275862,13.051,4850.0,0.0,500.0,0.0,0.0,0.0,33.76934241377408,6.933670993639666e-213,0.16617298,0.2331664643275326,0.006431660841429052,8.061836655172414
Kepler-331 d,1.64,,0.7531760435571688,6.065,4347.0,0.0,346.0,0.0,0.0,0.0,13.916071494991721,1.901300023487047e-29,0.5674645,0.14196132660014862,0.006384922592216997,3.322217350272232
Kepler-1447 b,2.9,,0.3575317604355717,10.349,5722.0,0.0,522.0,0.0,0.0,0.0,36.525589197810255,7.985047684024452e-122,0.1401887,0.23446524806840582,0.0063211118184352474,8.719842105263158
Kepler-1925 b,3.00177922,,0.3430127041742287,18.74,5856.0,0.0,531.0,0.0,0.0,0.0,38.86288658399536,0.0,0.11739387,0.23852631686617703,0.006296162000782359,9.277830753993848
GJ 143 b,2.61,22.7,1.2704174228675136,7.0423,4640.0,0.188,422.0,0.44596195476228095,0.1318296569531126,0.055404178019976255,94.61425465808409,6.798662741099161e-45,0.5582218,0.1396011696409449,0.006276025174669045,22.587489473684204
Kepler-306 e,2.27,,0.49183303085299457,6.185,4954.0,0.0,390.0,0.0,0.0,0.0,24.098159408961518,3.67401026074704e-31,0.25624365,0.20621087392023313,0.006261307889935518,5.753011784029039
Kepler-395 b,1.03,,0.985480943738657,17.8,4262.0,0.0,576.0,0.0,0.0,0.0,4.510747469472506,0.0,0.8207992,0.07826708753852236,0.006204622864542217,1.0768616352087115
Kepler-196 c,2.24,,0.5009074410163339,6.88,5128.0,0.0,407.0,0.0,0.0,0.0,23.582516529555242,4.172854013106833e-42,0.22989897,0.20824655331799483,0.00616694837147446,5.6299111143375695
Kepler-186 c,1.25,,1.0725952813067152,13.98,3788.0,0.0,464.0,0.0,0.0,0.0,8.775149625073578,4.542644734036544e-250,0.9560456,0.04419911135553793,0.006106792384142281,2.094912658802178
Kepler-166 c,2.38,,0.4627949183303085,10.507,5413.0,0.0,468.0,0.0,0.0,0.0,26.13413090004276,1.8761323653340376e-126,0.16102853,0.22070547685399958,0.0060962298307487605,6.239064174228674
Kepler-1858 b,2.42168247,,0.45190562613430135,2.79,4939.0,0.0,330.0,0.0,0.0,0.0,26.883632603879192,0.08076560196262583,0.3362468,0.17899160569597283,0.006029216611357393,6.417994525760723
TOI-5076 b,3.48935569,16.1456830756,0.37749546279491836,12.8373,4780.0,0.0,550.0,0.0,0.0,0.0,67.17939229515515,9.366842952022723e-205,0.15868418,0.2170550152595333,0.0059933709925256715,16.037898536525297
Kepler-1450 b,1.71,,0.7114337568058077,3.078,4524.0,0.0,308.0,0.0,0.0,0.0,14.900862549177393,0.009260544207789254,0.56737614,0.12556070808103428,0.005980108135765938,3.557318896551724
TOI-815 c,2.62,23.5,1.3067150635208713,8.03,4869.0,0.22,469.0,0.4239338428465793,0.11252522648066934,0.061521611369336815,98.44040251750677,6.830948052595587e-64,0.58020175,0.12229405651917143,0.005969944549889696,23.500914990925594
TOI-561 e,2.517,12.4,0.7803992740471869,4.89,5342.0,0.074,416.0,0.5694741418026452,0.22239037416424887,0.07415718330927863,52.126085575751375,3.0858120213769015e-15,0.24588838,0.19653418580404658,0.005965928878654086,12.444186275117966
Kepler-186 d,1.4,,0.9237749546279492,7.204,3788.0,0.0,379.0,0.0,0.0,0.0,10.617906576886263,8.613459653370633e-48,0.90254724,0.04976600769320475,0.005950504884082839,2.5348384754990922
Kepler-1731 b,2.93295657,,0.35208711433756806,13.3,4859.0,0.0,486.0,0.0,0.0,0.0,37.20965444783974,1.491147810134003e-222,0.15832405,0.21482079473484977,0.00593631408911904,8.883150654172537
TOI-1136 g,2.53,5.6,0.3448275862068966,17.9249,5770.0,0.04,574.0,0.44814226470443286,0.05950784560300755,0.08559063952554483,23.391182369378456,0.0,0.09439087,0.2285581417006271,0.005924202270479058,5.584233448275861
Kepler-1696 b,2.80982017,,0.3720508166969147,10.04,5712.0,0.0,454.0,0.0,0.0,0.0,34.57215477800893,5.0040047753711456e-113,0.14442454,0.2171845099749038,0.0059183248640157496,8.253493989387314
Kepler-809 b,3.01,,0.3411978221415608,13.155,5734.0,0.0,478.0,0.0,0.0,0.0,38.97573793300523,6.761462628843603e-217,0.12276609,0.22154902536810436,0.005907090988617453,9.30477202903811
Kepler-1735 b,1.19429134,,1.0780399274047188,15.01,3975.0,0.0,502.0,0.0,0.0,0.0,7.692266197449698,8.693209875876423e-295,0.889919,0.05078748811343538,0.005906399711417886,1.8363932833542256
Kepler-198 c,2.47,,0.44101633393829404,11.354,5574.0,0.0,465.0,0.0,0.0,0.0,27.837750867808452,9.84673690162637e-153,0.14883837,0.21468641272936526,0.005880955908722012,6.645773482758623
Kepler-1411 b,2.82,,0.3720508166969147,8.927,5664.0,0.0,441.0,0.0,0.0,0.0,34.949277047746776,4.343273973313079e-84,0.14948952,0.21371247356635284,0.0058605177304747215,8.343525299455534
Kepler-1849 b,2.38685349,,0.46098003629764067,3.76,4806.0,0.0,355.0,0.0,0.0,0.0,26.257175857720327,4.075049679349549e-06,0.32240415,0.17347098471226893,0.005817164258557333,6.26843899408405
Kepler-325 d,2.79,,0.3756805807622504,12.083,5752.0,0.0,498.0,0.0,0.0,0.0,34.17590043095715,2.3973364134156407e-177,0.13556442,0.21463483209301876,0.005806853800962822,8.1588952323049
Kepler-1458 b,2.76,,0.38112522686025413,8.293,5653.0,0.0,493.0,0.0,0.0,0.0,33.56476040254678,1.576249647112325e-69,0.15747583,0.20957407604524894,0.005802311042429013,8.012996297640653
Kepler-138 d,1.51,2.1,0.6533575317604357,3.4,3841.0,0.01,345.0,0.7026226812011719,0.3515402723198117,0.0340599455040832,9.4225912754436,0.00036962812428980554,0.83267593,0.057404851951856316,0.005755463830814871,2.2494779673321235
K2-136 d,1.565,3.0,0.7803992740471869,7.07,4500.0,0.071,420.0,0.5628619100516864,0.16121360548481128,0.0516642624352124,12.5299255833512,2.1315254379985434e-45,0.48030084,0.13385520569511355,0.0057068376229880416,2.991299389745916
Kepler-786 b,2.43,,0.4500907441016334,3.658,4838.0,0.0,348.0,0.0,0.0,0.0,27.05250662534617,1.6444334256997945e-05,0.31516275,0.17056641234826475,0.005705825362616722,6.4583102286751375
Kepler-152 c,2.39,,0.46098003629764067,2.57,5088.0,0.0,326.0,0.0,0.0,0.0,26.36115470829266,0.26721433897511887,0.33309934,0.16645287206465842,0.005702825850518698,6.293262116152451
Kepler-576 b,3.27,,0.30490018148820325,16.817,5672.0,0.0,541.0,0.0,0.0,0.0,44.65700059520605,0.0,0.10527279,0.21682835289993702,0.005694729875888911,10.661073582577133
Kepler-712 b,3.41,,0.2885662431941924,15.801,5148.0,0.0,521.0,0.0,0.0,0.0,47.92887903025806,0.0,0.114861384,0.21316440531295675,0.005657011209363626,11.442177021778587
Kepler-121 c,2.27,,0.49183303085299457,7.296,5311.0,0.0,425.0,0.0,0.0,0.0,24.098159408961518,1.8482725636231127e-49,0.20814812,0.18897733039269818,0.00557255704890355,5.753011784029039
Kepler-711 b,3.41,,0.2885662431941924,15.569,5222.0,0.0,487.0,0.0,0.0,0.0,47.92887903025806,1.412e-320,0.10956571,0.20983213255211505,0.005545803764899436,11.442177021778587
K2-3 c,1.582,2.68,0.6715063520871144,3.17,3844.0,0.048,371.8,0.6577577884642354,0.34659415437891367,0.034140086552328155,11.136742341936547,0.003979876125742228,0.7938759,0.05653592945865237,0.005521157020120033,2.6587013904900187
Kepler-154 c,2.95,,0.3502722323049002,12.071,5690.0,0.0,454.0,0.0,0.0,0.0,37.66694235242357,6.317236314021032e-177,0.12541132,0.20336121232193932,0.0054732143044577495,8.992320099818514
Kepler-1020 b,2.28,,0.49001814882032674,2.339,5227.0,0.0,325.0,0.0,0.0,0.0,24.327938855799818,0.6179273565968643,0.3501026,0.15223834606385914,0.005445682480640472,5.807867586206895
Kepler-1492 b,1.49,,0.852994555353902,11.523,4712.0,0.0,801.0,0.0,0.0,0.0,11.819352184196878,2.7668435033787464e-158,0.4832279,0.12250609640688774,0.005443104193681765,2.8216624863883846
K2-83 c,1.483,,0.8566243194192378,7.42,3910.0,0.06,459.75,0.5735327912028543,0.15844854790502164,0.03590318961371674,11.70314166577282,8.915503890972707e-52,0.74383867,0.0644749954817291,0.0054423415459837424,2.793919268718694
Kepler-1716 b,2.4247685,,0.45190562613430135,6.3,4894.0,0.0,408.0,0.0,0.0,0.0,26.986539734821786,7.430709506967025e-33,0.24391238,0.17332585759840072,0.0053829244391375985,6.442561793614101
Kepler-1045 b,2.69,,0.3938294010889292,19.127,5301.0,0.0,512.0,0.0,0.0,0.0,32.11098179201991,0.0,0.10156474,0.20490561913308544,0.005380449727496155,7.665932219600725
Kepler-517 b,2.67,,0.3992740471869329,10.555,5690.0,0.0,467.0,0.0,0.0,0.0,31.83416591062733,7.114103309589895e-128,0.14531936,0.19412896233761526,0.005354838375467074,7.5998472958257715
Kepler-1816 b,1.9679397,,0.5934664246823956,2.0,5051.0,0.0,310.0,0.0,0.0,0.0,18.946113038660123,0.9730912340759189,0.4501628,0.12603687217225953,0.0053487307464304724,4.523051313720853
Kepler-1822 b,2.64755943,,0.40290381125226865,15.65,5165.0,0.0,507.0,0.0,0.0,0.0,31.320388288930744,0.0,0.121892974,0.19813123121097248,0.005324973725134071,7.477191923611257
Kepler-531 b,2.78,,0.37749546279491836,10.007,4893.0,0.0,453.0,0.0,0.0,0.0,33.97306524407332,4.16033785090658e-112,0.17705438,0.1825612231960058,0.005243776031798713,8.110471898366605
TOI-5789 d,1.91,,0.6134301270417423,15.2098,5185.0,0.096,545.0,0.4481477649234872,0.06804532041853621,0.0699631351177952,17.904154319490235,7.1115254903157635e-304,0.18357354,0.18038311082340086,0.005225847139158001,4.274301992740471
Kepler-1151 b,2.22,,0.5063520871143375,4.86,5470.0,0.0,485.0,0.0,0.0,0.0,23.205991940484335,6.035379267795323e-15,0.2561062,0.16266453003577264,0.005186991165401287,5.54002249001815
Kepler-530 b,3.01,,0.3411978221415608,14.238,5697.0,0.0,488.0,0.0,0.0,0.0,38.97573793300523,6.596289695462118e-261,0.114745036,0.1916316362359709,0.005125518285180623,9.30477202903811
HD 23472 c,1.87,3.41,0.5626134301270418,7.96,4684.0,0.063,467.0,0.5305371339809798,0.13884041373614353,0.05657958006089776,15.41074108309988,1.8892859102934062e-62,0.2993694,0.15009857372793547,0.005114571260330483,3.679043430127043
Kepler-167 d,1.238,,1.0834845735027223,14.489,4884.0,0.0,538.0,0.0,0.0,0.0,8.611390342153577,1.049221392101956e-271,0.5993783,0.08296436478355824,0.00510555290079533,2.0558180097713246
Kepler-1453 b,2.67,,0.3992740471869329,11.889,5665.0,0.0,503.0,0.0,0.0,0.0,31.83416591062733,1.2884875661277708e-170,0.13521196,0.18430387134569087,0.005057160644017455,7.5998472958257715
Kepler-180 c,3.01,,0.3411978221415608,16.423,5731.0,0.0,540.0,0.0,0.0,0.0,38.97573793300523,0.0,0.10985692,0.18943237693575585,0.005044479506161129,9.30477202903811
Kepler-482 b,2.36,,0.4682395644283122,4.436,4871.0,0.0,352.0,0.0,0.0,0.0,25.78058247142872,4.813831933105804e-11,0.29373693,0.1484315801758417,0.005042570582779072,6.154660704174229
Kepler-235 c,1.28,,1.0362976406533575,14.2,4255.0,0.0,555.0,0.0,0.0,0.0,9.103387459923805,2.610601087185158e-259,0.7317543,0.048862449327783566,0.004991136573749421,2.1732736696914703
Kepler-239 c,2.51,,0.4319419237749546,4.315,4914.0,0.0,366.0,0.0,0.0,0.0,28.611137990783305,4.808283566137338e-10,0.27402458,0.15047518103516105,0.004984796038133531,6.830406058076223
Kepler-1090 c,3.29265785,,0.30490018148820325,13.8,5330.0,0.0,496.0,0.0,0.0,0.0,45.591733440604685,1.2893316686324022e-242,0.10812829,0.18268036866263138,0.004868535485241627,10.884224611800452
Kepler-284 c,2.61,,0.4101633393829401,9.042,5615.0,0.0,478.0,0.0,0.0,0.0,30.54688793246715,7.01724314987231e-87,0.15642473,0.16685271651792774,0.004743319973112024,7.2925323157894715
Kepler-1503 b,2.27,,0.49183303085299457,5.636,5069.0,0.0,321.0,0.0,0.0,0.0,24.098159408961518,1.0570891392456189e-23,0.25137037,0.1455267180650706,0.004738502820035597,5.753011784029039
Kepler-347 d,3.04,,0.3357531760435572,12.75,5592.0,0.0,482.0,0.0,0.0,0.0,39.51204335427572,1.743869246128001e-201,0.11457392,0.1752413125275139,0.00472050331934784,9.43280551724138
Kepler-20 d,2.606,13.4,0.7441016333938294,5.71,5495.0,0.082,430.0,0.5414494820576545,0.18781790764151984,0.07824437676976785,55.1625204299274,1.2242440817858788e-24,0.21102305,0.14964686456014478,0.004618703841902066,13.169081699745915
Kepler-1266 b,2.58,,0.4174228675136116,10.313,5044.0,0.0,489.0,0.0,0.0,0.0,30.027831097818066,8.768875849295438e-121,0.16541007,0.15974044648714894,0.0046172788264770065,7.168616624319419
Kepler-1018 b,2.58,,0.4174228675136116,12.098,5518.0,0.0,498.0,0.0,0.0,0.0,30.027831097818066,7.127916084545939e-178,0.13265505,0.16335255832505272,0.004526611936357155,7.168616624319419
Kepler-1261 b,2.26,,0.49546279491833034,4.744,5006.0,0.0,396.0,0.0,0.0,0.0,23.95658860096664,8.133726699030787e-14,0.27953318,0.12763893634989304,0.004452030668577148,5.719214243194191
Kepler-354 c,1.31,,1.0072595281306715,14.404,4648.0,0.0,508.0,0.0,0.0,0.0,9.4851429509056,4.990865874340648e-268,0.5935202,0.05541283760418465,0.004394174310833414,2.2644110798548094
HD 20794 d,2.04,,0.5644283121597096,5.2273,5368.0,0.077,388.0,0.554344848049607,0.2025704019912314,0.07485173906073245,20.07187306169637,7.855705073620943e-19,0.2293028,0.13620222898994375,0.004387544500585652,4.79180672232305
Kepler-1889 b,2.94360686,,0.3502722323049002,14.0,5646.0,0.0,493.0,0.0,0.0,0.0,37.42258112786638,6.921194482493673e-251,0.113087475,0.16094217977022143,0.004359826306893325,8.933983154636117
Kepler-921 b,2.87,,0.3629764065335753,15.007,5663.0,0.0,492.0,0.0,0.0,0.0,35.9428653823958,1.242352501582154e-294,0.11187444,0.16076116677211155,0.004348708152521097,8.58072704174229
Kepler-681 b,3.08,,0.33030852994555354,14.151,5021.0,0.0,489.0,0.0,0.0,0.0,40.42597917482252,3.202715462231564e-257,0.12901376,0.15499169982827093,0.004300510162481768,9.650991622504538
Kepler-233 c,2.71,,0.39019963702359345,6.195,5360.0,0.0,390.0,0.0,0.0,0.0,32.529946047917385,2.6421595927484306e-31,0.18036231,0.14311489962429,0.004289442349076331,7.765952568058076
Kepler-977 b,2.62,,0.40834845735027225,13.955,5315.0,0.0,544.0,0.0,0.0,0.0,30.762625786720864,5.14613407746606e-249,0.12165365,0.15518730998866528,0.004264949759888476,7.344035934664247
Kepler-859 b,3.09,,0.33030852994555354,14.897,5020.0,0.0,528.0,0.0,0.0,0.0,40.8210185358893,1.109274067645163e-289,0.12586436,0.15346562593226443,0.004245607418437689,9.745300323049001
Kepler-549 b,2.57,11.0,0.3448275862068966,9.549,5360.0,0.0,487.0,0.0,0.0,0.0,24.51827892711573,9.78731042280349e-100,0.15433797,0.14053255710417106,0.004082990829645534,5.8533079310344815
Kepler-1919 b,2.62390658,,0.4065335753176044,12.46,5513.0,0.0,479.0,0.0,0.0,0.0,30.763102650289024,8.414436547282419e-191,0.12761065,0.14514671005258684,0.004050099848453769,7.3441497774553275
Kepler-1023 b,2.63,,0.4065335753176044,6.978,5494.0,0.0,524.0,0.0,0.0,0.0,30.977921453731273,8.798639846496767e-44,0.17338948,0.13490313726651432,0.004048737049407405,7.395433989110708
Kepler-251 d,2.77,,0.3793103448275862,17.477,5526.0,0.0,536.0,0.0,0.0,0.0,33.76934241377408,0.0,0.10070553,0.14823754000283315,0.003978678315298219,8.061836655172414
Kepler-209 c,3.1,,0.3284936479128857,13.637,5513.0,0.0,486.0,0.0,0.0,0.0,40.99214712764654,5.573857383575341e-236,0.10694526,0.14643990387732722,0.003968596270197244,9.78615426497278
HD 40307 f,2.13,,0.5372050816696915,3.7636,4956.0,0.02,398.0,0.6910345375205433,0.3242506793265407,0.06384570176843393,21.745406561079005,3.858945015549199e-06,0.3131897,0.09887015800676256,0.0039274480380887215,5.191333415607986
Kepler-487 c,2.68,,0.39564428312159716,15.038,5444.0,0.0,487.0,0.0,0.0,0.0,31.900529088691453,4.906847636411558e-296,0.11164148,0.14331449857165288,0.003917311421818544,7.6156903375680605
Kepler-1168 b,2.5,,0.43375680580762255,4.107,5157.0,0.0,379.0,0.0,0.0,0.0,28.389316553537533,1.9042848256831846e-08,0.25196043,0.10847255540163452,0.0038282315435202567,6.777450090744102
Kepler-577 b,2.55,,0.4228675136116153,5.688,4984.0,0.0,314.0,0.0,0.0,0.0,29.370644238439844,2.3129145328846115e-24,0.22916985,0.11301522442485873,0.0038151780604298237,7.011724818511796
Kepler-563 b,3.09,,0.33030852994555354,18.738,5066.0,0.0,546.0,0.0,0.0,0.0,40.8210185358893,0.0,0.10894477,0.13693185769728367,0.003745161973494574,9.745300323049001
K2-285 e,1.95,10.7,0.3445016721960816,10.5,4975.0,0.0,500.9,0.0,0.0,0.0,10.7,2.8513541514382287e-126,0.24528182,0.10430972307806675,0.003688960260203182,2.5544368366249204
Kepler-569 b,3.16,,0.3194192377495463,19.314,5616.0,0.0,526.0,0.0,0.0,0.0,42.21929005820646,0.0,0.09361204,0.13438011265408428,0.003598126580983886,10.079113059891109
Kepler-1325 b,2.86,,0.36479128856624315,18.153,5550.0,0.0,564.0,0.0,0.0,0.0,35.74630587748713,0.0,0.096342206,0.1275423387051525,0.0034445323061751045,8.533801916515424
Kepler-1854 b,2.58746104,,0.41560798548094374,7.33,5026.0,0.0,420.0,0.0,0.0,0.0,30.157403757468327,4.375422083691028e-50,0.19566439,0.10303378086119754,0.0033852672653785477,7.199549818228773
Kepler-1897 b,2.81407954,,0.3720508166969147,15.43,5165.0,0.0,505.0,0.0,0.0,0.0,34.729615674745226,4.649488901e-314,0.11434187,0.11687886718844023,0.003280401192371213,8.291085009476209
Kepler-218 c,3.14,,0.32123411978221417,16.147,5502.0,0.0,500.0,0.0,0.0,0.0,41.658077254140714,0.0,0.097680464,0.11964245697411613,0.0032571165131055867,9.945133372050817
Kepler-290 c,2.7,,0.3920145190562614,6.596,5147.0,0.0,437.0,0.0,0.0,0.0,32.320796446052775,1.986219103995373e-37,0.18525355,0.09798293137765147,0.0032036256517446625,7.716021778584394
Kepler-1521 b,2.5,,0.43375680580762255,5.122,5042.0,0.0,391.0,0.0,0.0,0.0,28.389316553537533,1.1475535808901327e-17,0.23759124,0.08362191220096257,0.0031367407226913693,6.777450090744102
Kepler-896 c,3.15,,0.32304900181488205,16.56,5510.0,0.0,515.0,0.0,0.0,0.0,42.29496541103621,0.0,0.09583891,0.11196175439771575,0.003057657518450175,10.097179219600726
Kepler-153 c,2.53,,0.426497277676951,6.422,5404.0,0.0,458.0,0.0,0.0,0.0,28.931199246336508,1.054520672584264e-34,0.18850766,0.08705496871537137,0.002952069316891121,6.90681505444646
Kepler-1175 b,2.99,,0.3448275862068966,12.938,5453.0,0.0,515.0,0.0,0.0,0.0,38.610388929770465,1.4399413596963514e-208,0.10984746,0.09635384994901025,0.0027497315739202764,9.217551379310347
Kepler-150 e,3.12,,0.32486388384754994,19.671,5560.0,0.0,544.0,0.0,0.0,0.0,41.32889782334498,0.0,0.08990631,0.09900469097980762,0.00270567221798515,9.866547571687843
Kepler-995 b,2.7,,0.3920145190562614,11.92,5206.0,0.0,517.0,0.0,0.0,0.0,32.320796446052775,1.1050596827033198e-171,0.13230875,0.08409386539627521,0.0025707207875158952,7.716021778584394
HD 35843 c,2.54,11.32,0.6896551724137931,11.3814,5666.0,0.153,479.0,0.4289323930646755,0.08462589975042027,0.08281241651972647,47.33929184028118,1.281335130707253e-153,0.1952948,0.0687516416668039,0.002538070378769188,11.301423448275864
HD 3167 c,2.983,11.41,0.4283121597096189,16.9,5338.0,0.04,567.0,0.4528115239626641,0.06422749995640795,0.07405032857828256,47.62212531435852,0.0,0.052092098,0.09931523977117544,0.0025058524144729844,11.36894496648276
Kepler-1132 b,2.35,,0.47005444646098005,4.547,5298.0,0.0,384.0,0.0,0.0,0.0,25.55290976560077,5.266709060574817e-12,0.24746037,0.054300927764801936,0.0024680297563432155,6.100307849364792
Kepler-607 c,2.76001201,,0.38112522686025413,8.8,5244.0,0.0,473.0,0.0,0.0,0.0,33.56519857051045,4.634210450591564e-81,0.14990966,0.04867028947988403,0.001793982684041769,8.013100902536635
Kepler-263 c,2.47,,0.44101633393829404,5.994,5265.0,0.0,386.0,0.0,0.0,0.0,27.837750867808452,1.9062224275263595e-28,0.20504078,0.024696593840933544,0.0015054399432341973,6.645773482758623
Kepler-819 b,2.76,,0.38112522686025413,9.913,5279.0,0.0,485.0,0.0,0.0,0.0,33.56476040254678,1.6546212061626e-109,0.13857606,0.01683391249325112,0.0009469255962817216,8.012996297640653
