pl_name,pl_rade,pl_masse,pl_dens,pl_insol,st_teff,pl_orbeccen,pl_eqt,ESI_equal,ESI_sm,CDHS,mass,SEPHI_simple,VAE_anomaly
MASCARA-1 b,17.90074218,1175.971,0.2722323049001815,38711.5,7490.0,0.00034,2594.3,0.03819749729848704,5.465561583718863e-06,0.13153817385264455,6540.958327122757,0.0,0.7505381128877455
NSVS 14256825 b,12.3,,2.4137931034482762,9.6678,40000.0,0.12,473.47,0.2521221436336437,0.06902725581652043,0.9999999999999675,18814.989735886786,7.283687206417824e-103,0.4766870367345747
KOI-13 b,16.948008,2949.4624,0.6533575317604357,25339.901,7650.0,0.00064,2550.0,0.05357949010023821,1.1357415029246118e-05,0.13581236309237296,13322.799504042812,0.0,0.3922686589258336
NY Vir b,13.3,730.978,0.3103448275862069,2.178,32780.0,0.15,338.12,0.3017953709549008,0.24877610649365123,0.8071272105572255,3058.3560479021503,0.8809662160288813,0.3474874598988077
2MASS J19383260+4603591 b,13.4,603.877,0.25045372050816694,33.2985,29564.0,0.33,669.65,0.15917844346076532,0.014743920526287141,0.7212160068386856,2524.2391136693914,0.0,0.3381695230132763
V0391 Peg b,13.1,,0.45190562613430135,9.375,29300.0,0.0,519.69,0.0,0.0,0.0,4255.4965671630525,3.264425644582205e-95,0.25449538435817975
mu2 Sco b,12.3,4576.7290608,2.4500907441016335,0.1074,21700.0,0.56,159.05,0.2103513501565936,0.057613448552587924,0.511139605706031,19097.921912366284,0.7902396382201681,0.1984636001803712
Kepler-1171 b,2.56,,0.42105263157894735,10171.005,7044.0,0.0,2700.0,0.0,0.0,0.0,29.58999496605706,0.0,0.1136329167451108
DP Leo b,12.7,1995.88832,0.9709618874773139,0.0001,13500.0,0.39,24.39,0.06764155145404319,3.3653610802078185e-05,0.292087407169947,8331.092478470533,0.612797929080066,0.09571022472484754
Kepler-929 b,1.11,,1.029038112522686,8159.933,5869.0,0.0,2362.0,0.0,0.0,0.0,5.895070533268197,0.0,0.09506933565518048
Kepler-1373 b,1.16,,1.0544464609800364,8385.9,6299.0,0.0,1887.0,0.0,0.0,0.0,6.894251313357239,0.0,0.09421417616828867
WASP-33 b,17.855937,665.21819,0.1250453720508167,9392.0471,7430.0,0.0,2781.7,0.0,0.0,0.0,2981.9761612233137,0.0,0.08978754667471574
HD 26161 b,11.9,9045.39646322,5.353901996370237,0.0243,6057.62,0.922,110.98,0.15173822760938954,0.010757702661876565,0.09327402895763116,37792.00301721871,0.6542132175104138,0.08584703216325909
Kepler-1613 b,2.08,,0.5517241379310345,6797.623,6005.0,0.0,1926.0,0.0,0.0,0.0,20.79699555273639,0.0,0.07640052855432145
HD 128717 b,12.1,6293.0024586,3.5390199637023594,0.0892,6210.0,0.85,151.9,0.21009245591432354,0.046651713889954836,0.09734465993481765,26261.996115724294,0.7618035537577782,0.07571135057218181
HATS-70 b,15.513256,4100.007,1.2050816696914701,9110.0,7930.0,0.18,2730.0,0.08083667066441683,4.35603035648021e-05,0.1432921942618998,18845.77352071125,0.0,0.07558616594682625
TIC 241249530 b,13.29385111,1582.78546686,0.6715063520871144,6.2305,6166.0,0.9412,438.94,0.2536061059784586,0.09244626981679144,0.09616925789389268,6608.321532535602,8.118959258384644e-32,0.07486972928909276
HD 62364 c,12.0,7923.46218651,4.573502722323049,0.002,6255.0,0.773,58.7,0.09780920462935806,0.000720783776645612,0.09854677565849122,33104.06220354741,0.6160568689412488,0.07437576684256088
HD 20782 b,13.6,,0.1869328493647913,0.6863,5782.13,0.95,253.34,0.26108087886528647,0.25242024341512737,0.08591467649730154,1969.658616510397,0.9999999096228023,0.0741412377045246
HD 28254 b,13.0,1207.7479466,0.5480943738656987,0.3645,5664.0,0.95,212.28,0.2840337712532476,0.18829258502281787,0.08275898915424434,5043.987600970129,0.9999999999982241,0.07386633901195704
KIC 3526061 b,12.1,,3.248638838475499,0.6208,4829.0,0.85,248.63,0.28654490571363034,0.26255831280993513,0.060453064059410845,24107.165665203323,1.0,0.07336384638689822
GJ 680 b,12.0,7977.4930157,4.609800362976406,0.0003,3563.0,0.381,36.57,0.07324309827665249,9.641097713970064e-05,0.02663354170005869,33366.79285595651,0.6131409958198552,0.07259106135394063
HD 80869 b,12.8,1609.800881455,0.7658802177858439,0.142,5837.0,0.924,203.2,0.25622604834472884,0.08442083903445947,0.08738045626970073,6727.897562325475,0.8410905124570556,0.07256269318534654
BD+63 1405 b,12.4,3305.4154328,1.7295825771324864,0.0911,5000.0,0.88,150.69,0.22909772578561374,0.0523724572211445,0.06502110380937078,13813.221202261973,0.7648184144986188,0.07109364047047832
HD 80606 b,11.56766808,1323.4692695887,0.9219600725952813,4.6941,5565.0,0.93183,405.0,0.28416338332893376,0.12771192994290306,0.08011433456216194,5977.755923595349,2.4618349066722424e-13,0.07069564977078444
HD 219828 c,12.2,5102.417245978,2.7949183303085303,0.0822,5891.0,0.811,149.17,0.2173226854411659,0.04511130154123991,0.08882299513810892,21258.725456084707,0.750611283315088,0.0705972637479437
HD 4113 b,13.5,,0.21960072595281308,0.744,5688.0,0.899,251.65,0.2736195265604066,0.27668107282604065,0.08340011754020371,2263.2039178080927,0.9999999751625002,0.07050895794415957
ROXs 12 b,12.2,5085.0,2.7949183303085303,0.0,3850.0,0.83,13.23,0.0,0.0,0.034300368648821855,21258.725456084707,0.6126263941844161,0.07048456725551495
Kepler-1704 b,11.94877343,1322.16617312,0.7386569872958259,0.342,5746.0,0.92,253.8,0.2987173390415085,0.18879725769255803,0.08494951113960492,5278.3890627547535,0.9997440327649296,0.07037614320895455
HD 156846 b,12.4,,1.7731397459165155,3.97,6090.0,0.85,382.49,0.2768171175230362,0.14119633197206616,0.09413901800502135,14161.088262969515,1.8121167750902497e-07,0.0703519976632456
HD 6860 b,11.9,,5.317604355716878,406.4355,3802.0,0.28,1196.06,0.11657324906777912,0.0010475546303606873,0.033018111876903164,37535.78604761044,0.0,0.06973928709677665
HD 98649 b,12.5,3082.9355479,1.573502722323049,0.0272,5759.0,0.852,114.22,0.18787165506809364,0.014956294643397712,0.085296789015333,12873.189043889664,0.6591531591672936,0.06969342730741723
HD 95735 c,3.76,,0.2558983666061706,0.0023,3719.0,0.132,63.49,0.16909325274861864,0.0013170248445687146,0.030800876208792547,56.9796343412587,0.6110431571617663,0.0696091887818784
HD 22781 b,12.3,,2.323049001814882,0.2456,5027.0,0.8191,193.48,0.26581648731339197,0.13303333971687045,0.06574237324357493,18107.65929468803,0.9573392664079461,0.06894498044069111
Kepler-339 d,1.17,14.7,9.147005444646098,58.651,5631.0,0.0,796.0,0.0,0.0,0.0,61.365620807882145,0.0,0.06845935276476352
KELT-16 b,15.860735,874.0325,0.2177858439201452,6992.0328,6236.0,0.0,2453.0,0.0,0.0,0.0,3639.889366436618,0.0,0.06840288529608865
HD 86264 b,12.5,3117.261015856,1.5916515426497277,0.5987,6210.0,0.821,247.01,0.3187631638161047,0.28786280971014094,0.09734465993481775,13021.668732977203,1.0,0.06833832221295717
HD 76920 b,13.1,,0.44101633393829404,24.7841,4664.0,0.8782,621.44,0.186318635581892,0.021188526421685356,0.056045306405940964,4152.954481207316,0.0,0.06796373448174275
K2-312 c,12.8,,0.8003629764065336,0.4596,5959.0,0.8435,229.0,0.3150186660035528,0.2433397426491633,0.09063952556499374,7030.812381482309,0.9999999999999911,0.06752857577899052
HR 5183 b,13.1,1052.01202717,0.4664246823956443,0.0077,5794.0,0.84,171.0,0.13995028342280777,0.003572081605549865,0.08623176791152376,4392.2193484373665,0.6258295933640902,0.06669315899157323
HD 80653 b,1.621,5.61,1.3139745916515428,6130.0,5959.0,0.0,2438.0,0.0,0.0,0.0,23.443617190279127,0.0,0.06660425836038723
HD 108341 b,13.3,715.11391575,0.30308529945553536,0.1066,5122.0,0.85,155.23,0.21448980355864902,0.055810346730774785,0.06828017310466394,2986.815555553562,0.7890116115972384,0.06659937440093752
GJ 2126 b,13.6,,0.16388384754990926,0.2833,4159.0,0.85,203.08,0.22283564574364598,0.1241459383677146,0.042554896618047795,1726.7977968047462,0.9823615834656864,0.0662753996642815
TOI-3362 b,12.80065596,1598.359058803,0.7604355716878404,37.2117,6532.0,0.815,688.0,0.18991229694089923,0.015062780156014416,0.10594646577977149,6681.095957269222,0.0,0.0661665694506429
HD 135344 A b,16.25302201,3178.28407,0.7386569872958259,0.061,9540.0,0.5,1585.0,0.22306751387930396,0.037568318943563495,0.18630122348666886,13284.15058946222,0.7159936362356685,0.06601856762414765
Kepler-448 c,12.0,6992.26,4.029038112522686,0.2399,6635.0,0.65,184.72,0.2562184602949216,0.12505116803953814,0.10869797510284639,29163.102417410817,0.9526687331557481,0.06599094851302678
HD 125390 b,11.9,8646.203984028,5.1179673321234125,1.0874,4882.0,0.597,320.26,0.2997710372879403,0.33487765198425895,0.06186888924507082,36126.592714765,1.0,0.06490847644180825
HD 8673 b,12.3,4210.590735936,2.250453720508167,0.3841,6389.05,0.73,219.11,0.2936018249336699,0.20076885491052404,0.10212774483090135,17541.79494172903,1.0,0.06475620902543507
HD 219077 b,12.5,3057.50927534,1.5607985480943738,0.0755,5362.0,0.768,146.68,0.23155083627135384,0.04512768854610047,0.07469145696425655,12769.253261528385,0.7397810610545065,0.06397790293918934
HD 457 b,11.9,8445.336430804,4.990925589836661,0.0088,6114.04,0.565,85.15,0.138183600658078,0.003922466393704387,0.0947812149382903,35229.83332113609,0.6277145462740797,0.06395968371329157
HD 165131 b,12.1,5943.3912109,3.3393829401088926,0.0967,5870.0,0.6708,155.2,0.2266479817101552,0.05379220260355723,0.08826200780039449,24780.550180991126,0.7736439222654136,0.06391935513639838
WASP-189 b,18.14733975,632.47852993,0.11288330308529945,8083.7169,8000.0,0.0,3353.0,0.0,0.0,0.0,2825.902855857695,0.0,0.06377057093728469
TOI-201 c,10.4,4990.0,4.355716878402904,0.1367,6423.0,0.651,169.58,0.2369264107402615,0.07382114677698927,0.10303467436020558,20523.350874410913,0.8336117104809118,0.06325752222873103
HD 7449 b,12.6,2597.929398818,1.295825771324864,0.2125,6024.0,0.752,183.23,0.2859079091525301,0.12896856721704428,0.09237591494363337,10857.92550237478,0.9271638278117531,0.06307330158486237
HD 87816 b,12.7,,1.043557168784029,17.2656,4989.0,0.78,567.39,0.227378723650803,0.03552696233769471,0.06472725329913948,8953.9778974216,0.0,0.06304613611201028
HD 67087 c,12.9,,0.7150635208711434,0.2327,6330.0,0.76,193.42,0.28435533054594453,0.1376850764473537,0.10055030186461424,6429.872528554522,0.9464499772188215,0.06279374001330496
HIP 39017 b,12.0,7500.7504052,4.337568058076225,0.0115,7201.0,0.55,91.06,0.14706148376507225,0.0053611884248115855,0.1238179195383859,31396.312962888216,0.6323394023177229,0.06278303448896513
TOI-4504 b,2.65,140.0,7.985480943738657,548.0544,5315.0,0.84,1345.0,0.11066453768849636,0.0006678957169181614,0.07343591387508192,622.4827325315624,0.0,0.06277157140484334
HD 45350 b,13.5,,0.23049001814882034,0.375,5566.0,0.778,217.81,0.2588659701772609,0.17396301055864072,0.08014104824491067,2375.4289054679984,0.9999999841390883,0.06269876787225578
Kepler-419 b,10.8,794.5,0.6352087114337568,37.416,6430.0,0.833,613.0,0.19113340216597813,0.014854418705580305,0.10322167013944392,3351.786298109176,0.0,0.06264779626241504
VHS J125601.92-125723.9 b,13.67495645,5085.254512,1.9782214156079856,0.0,2620.0,0.68,1194.0,0.0,0.0,0.0014425388684084354,21190.5078050987,0.6126263941844161,0.062416547712104864
Kepler-1547 b,0.9,,0.911070780399274,5760.944,6078.0,0.0,3186.0,0.0,0.0,0.0,2.7820712990258043,0.0,0.06214340070902599
AB Aur b,12.5,2860.455663,1.4609800362976408,0.0067,9770.0,0.4,83.63,0.15702751788234187,0.003593671284703462,0.1924453705187766,11952.61497154692,0.624115669501706,0.06209781430011322
HIP 66074 b,12.9,1589.142035,0.7386569872958259,0.2381,4300.0,0.948,192.69,0.2682607959516317,0.13304572368387252,0.046321525885558504,6642.025683049976,0.9511472037828663,0.06209754203169757
HD 140901 c,13.4,572.0911326,0.23774954627949185,0.0057,5610.0,0.77,76.76,0.12039839772045309,0.0023269419999001526,0.08131645028583599,2396.197999207901,0.6224014517457511,0.06203982482030602
HD 30562 b,13.6,467.20775829,0.18511796733212343,0.5147,5882.0,0.76,235.27,0.2622109124457252,0.2149829073672977,0.08858257199337455,1950.535717320976,0.9999999018191356,0.06201421185342816
HD 222582 b,12.6,,1.3266787658802177,0.7253,5790.0,0.73,256.39,0.34302316932126287,0.3443785166386254,0.08612491318053038,11116.447538145607,1.0,0.06156282870700969
HD 83443 c,13.6,476.7426105,0.18874773139745918,0.0123,5442.0,0.76,89.95,0.13454971326550827,0.0052261227681656515,0.07682855158412107,1988.7815156998186,0.6337091123074556,0.06151245779389147
HD 181234 b,12.5,2980.912629253,1.5226860254083485,0.0144,5386.0,0.726,98.09,0.170644056189693,0.007692134841379042,0.07533258535021582,12457.445914444554,0.6373034010636969,0.06133693618839863
HIP 97233 b,12.1,6098.173645109,3.4301270417422867,2.5778,5020.0,0.63,354.42,0.2840822436495093,0.19468530705954254,0.06555537746433672,25453.93469677893,0.26304994497134554,0.06118305890672472
PZ Tel b,11.9,8581.366989,5.081669691470054,0.0014,5169.0,0.52,53.77,0.09652300531340995,0.0005128883019211592,0.06953571619383382,35870.375745156736,0.6150277809004491,0.061113676585292195
HD 62364 b,12.1,5965.63919939,3.3575317604355717,0.072,6255.0,0.607,143.96,0.21726213156008775,0.0402625653150876,0.09854677565849118,24915.22708414869,0.7340809282309358,0.060969441417237806
HD 180314 b,12.0,,4.1560798548094375,20.9853,4917.0,0.247,597.64,0.2291796601862571,0.029707479158686798,0.06280386814126128,30082.659700842687,0.0,0.0608534124189618
BD+48 740 b,13.5,,0.21960072595281308,15.1044,4534.0,0.76,538.94,0.18774615882462026,0.03272521639140389,0.05257252764866156,2263.2039178080927,4.81504475626877e-299,0.060634711229443146
HD 20868 b,13.7,,0.1540834845735027,0.3278,4802.0,0.75,207.11,0.23451523313587574,0.144018146451349,0.059731794625206905,1659.6113724630552,0.9980301957991938,0.06051170876061823
TOI-4562 b,12.53,732.0,0.3738656987295826,3.2011,6096.0,0.76,318.0,0.2760456020981968,0.1637326922876827,0.09429930010151116,3080.7569989899534,0.00311799584628278,0.060511271167608
HAT-P-13 c,12.3,,2.431941923774955,1.4016,5653.0,0.6616,340.0,0.3237050162584613,0.31997815085958325,0.08246513864401273,18956.455824126533,1.0,0.060483369310386094
iot Dra b,12.4,,1.960072595281307,24.9999,4504.0,0.701,618.67,0.19953224523568058,0.0224775039182537,0.05177111716621228,15654.017731839383,0.0,0.06033359504810744
HD 14067 b,12.2,4862.7746271,2.6678765880217785,2.9812,4815.0,0.65,360.28,0.2853002383291499,0.17811879327424618,0.06007907250093456,20292.4197535354,0.02125817482376323,0.059726014580524824
HD 39091 b,12.3,4481.3805387,2.395644283121597,0.1342,5998.0,0.642,172.74,0.2533083546361649,0.07913236912753348,0.09168135919217733,18673.52364764703,0.8300423461791432,0.05967340246337134
HD 2039 b,12.7,,0.9727767695099819,0.3229,5945.0,0.71,210.84,0.31666579401331674,0.19386124093180201,0.0902655340065174,8346.664613944311,0.9970666706423128,0.059621628666504264
Pr0211 c,12.6,,1.234119782214156,0.0152,5300.0,0.71,99.1,0.17692715044185836,0.0083980303025149,0.07303520863386175,10340.881430833122,0.6386720628604128,0.059607927115872324
HD 166724 b,13.0,1207.7479466,0.5480943738656987,0.0105,5127.0,0.734,94.83,0.15446998617984994,0.005248380558476491,0.06841374151840537,5043.987600970129,0.6306268211672172,0.059530655698048565
HD 203387 b,13.1,,0.49001814882032674,23.0974,5174.32,0.732,610.0,0.20079246747850188,0.024237093870482694,0.06967783298605511,4614.393868008129,0.0,0.05932554691428036
HD 87883 b,12.7,2005.49724817,0.9764065335753176,0.0238,4980.0,0.72,110.52,0.19493680718705766,0.013900469377104482,0.06448683015440472,8377.808884891863,0.6533608101225498,0.0592851738902275
HD 16905 b,12.4,3591.4609991,1.8874773139745917,0.0039,4866.12,0.68,69.63,0.1286260381515627,0.0017704452579731284,0.06144467596302788,15074.239297326814,0.6193152541897714,0.059271011591882916
HD 89744 b,12.6,,1.3230490018148822,7.4311,6291.0,0.677,462.62,0.2680796804296745,0.08466708415713446,0.0995084682374303,11086.033180996099,5.737571261935128e-52,0.05906435460165295
CoRoT-20 c,12.2,,2.9764065335753176,0.1759,5880.0,0.6,168.16,0.26155037398289793,0.10093327643942927,0.08852914462787752,22639.162174012283,0.8858184669018279,0.05903266528590761
TOI-5110 b,11.98240037,921.7023803,0.5353901996370236,15.1027,6160.0,0.745,976.0,0.22419466918248254,0.03884773323160822,0.09600897579740242,3858.2512573340723,5.754335928723295e-299,0.05894544225282761
TOI-4127 b,12.07,743.71847238,0.3938294010889292,22.3,6096.0,0.7484,556.0,0.19941560899035346,0.02456704335255958,0.09429930010151104,2900.805128666681,0.0,0.058801259116503427
HD 55696 b,12.9,1357.12729789,0.6297640653357532,0.2662,6012.0,0.705,200.43,0.2919466601263395,0.15560074797613738,0.09205535075065378,5662.857277686343,0.9723010891382299,0.05871741100267068
TOI-1444 b,1.41792246,3.58,1.2413793103448276,5028.6263,5460.0,0.0,2130.02,0.0,0.0,0.0,14.823493171319884,0.0,0.0585917526331582
HD 106515 A b,12.1,6006.9568923,3.3756805807622507,0.0342,5362.0,0.571,116.53,0.19074422962805393,0.018467720005234847,0.07469145696425641,25049.90398730625,0.6710453490613887,0.05816081359225312
HD 129445 b,13.3,797.74930157,0.3375680580762251,0.1462,5646.0,0.7,173.36,0.24197451182307314,0.08127155642090893,0.08227814286477486,3326.632894209357,0.8469295527727849,0.057922089622688855
WASP-72 b,14.45961,731.009,0.15789473684210528,6233.7915,6250.0,0.0,2210.0,0.0,0.0,0.0,1999.5211463311311,0.0,0.05781366946595873
HR 8799 d,13.0,3000.0,1.3611615245009074,0.0085,7204.58,0.6,1300.0,0.15795728637652973,0.004456214110586995,0.12391355452262524,12526.45927393244,0.6272005079982987,0.05730380449901293
HD 111232 c,12.2,5740.934515641,3.1578947368421053,0.0023,5512.0,0.558,60.71,0.11367491566739557,0.0009560688031991826,0.07869850937650191,24019.598891939862,0.6165713926002981,0.057069506992538134
16 Cyg B b,13.5,,0.22867513611615245,0.454,5750.0,0.68,228.76,0.27360748071082014,0.20790714302652652,0.08505636587059845,2356.724740858014,0.99999998292083,0.05699846736696619
Kepler-990 c,1.53,,0.823956442831216,5272.4,5948.0,0.0,2386.0,0.0,0.0,0.0,12.36138565063676,0.0,0.05699403001540935
HD 156279 b,12.5,,1.52994555353902,2.8355,5453.0,0.647,361.73,0.31258559065862995,0.2025758426953496,0.07712240209435213,12516.83779007957,0.06128372309062609,0.056832500839444265
KOI-1257 b,10.54,460.83,0.38112522686025413,7.28,5520.0,0.772,511.0,0.2489419698017846,0.07823029786118704,0.07891221883848798,1869.2962632489168,3.7175674458372405e-49,0.05648517069473607
HIP 948 b,12.1,6547.2651842,3.68421052631579,0.0008,4497.0,0.23,46.4,0.10431209532365494,0.0003353377518486429,0.05158412138697393,27339.41134098478,0.613998643574185,0.05646247882991309
HD 110537 b,11.9,8612.832001293,5.099818511796734,0.0047,5718.0,0.401,72.83,0.13048807981960348,0.0020896285097532544,0.08420152802265221,35998.48422996087,0.6206869937169325,0.05617697229881711
TOI-969 c,12.4,,1.8874773139745917,0.0208,4435.0,0.628,96.4,0.1801149132233065,0.011348354498838052,0.04992787305657933,15074.239297326814,0.6482424119951108,0.056098339083690836
HD 37605 b,13.2,,0.37023593466424687,7.8531,5329.0,0.6745,465.76,0.24006134444077223,0.07228826770807141,0.07380990543356268,3566.8838832365113,3.0648147878797913e-60,0.05597104506278157
HD 1666 b,12.7,,0.9927404718693285,6.0778,6317.0,0.63,436.47,0.28934786166090526,0.10757021139375245,0.1002030239888862,8517.958104155854,1.2984306420940104e-29,0.05552980107019681
HIP 67537 b,12.3,4309.117542106,2.304900181488203,1.7903,4985.0,0.586,323.2,0.31986538077657994,0.27682011620905184,0.06462039856814612,17966.19320644828,1.0,0.05531088750073482
HD 1690 b,12.5,,1.4264972776769511,17.8958,4374.0,0.64,841.73,0.2241968717164752,0.03398175637009483,0.04829833840893284,11670.503562280595,0.0,0.05529481731185475
HD 240237 b,12.2,,2.7767695099818512,83.8296,3926.0,0.4,1153.09,0.1651049617574372,0.006296336154620501,0.036330608537692835,21120.681784291948,0.0,0.0552727440499996
TOI-2338 b,11.2089807,1900.61387386,1.3466424682395646,13.8485,5581.0,0.676,799.0,0.2454578091941301,0.04565716913871021,0.08054175348613463,7944.00081196463,1.3270437057263569e-244,0.05510745910822715
HD 17156 b,12.26262489,1036.12060682,0.558983666061706,68.8,6046.0,0.6772,888.0,0.17089567208089043,0.007739914593393561,0.0929636159640959,4317.556778729128,0.0,0.05506336652557001
TIC 52059926 b,10.71,5380.0,4.373865698729583,4.4802,4505.0,0.51,229.6,0.264269836327351,0.12147725854639996,0.051797830848960245,22507.251586753013,2.0603335000667943e-11,0.05479109025190611
HD 74156 b,13.5,,0.2159709618874773,32.0951,6068.0,0.636,679.63,0.17137198253775746,0.015343403291008275,0.09355131698455889,2225.7955885881242,0.0,0.05456047049981764
HIP 54515 b,12.2,5625.5628039,3.0852994555353903,0.0171,8100.0,0.42,100.72,0.17385761119686216,0.009152204988674244,0.14783352032911037,23467.42420476883,0.6419212540873479,0.05433140336284984
HAT-P-11 c,13.2,851.78013076,0.37023593466424687,0.0161,4653.0,0.652,91.58,0.16079232162970267,0.008045396860752308,0.0557514558957096,3566.8838832365113,0.6402114028753418,0.05423750178995907
HIP 70849 b,12.9,1430.2278315,0.6642468239564429,0.0056,4105.0,0.65,78.85,0.1397153150657396,0.00270383133417518,0.04111235774963929,5972.92727271816,0.6222300246857965,0.054211471554311934
HD 196067 b,12.4,3623.2438398,1.8874773139745917,0.1596,6072.0,0.56292,176.42,0.2759158917954639,0.09932446629862524,0.0936581717155518,15074.239297326814,0.8650148193504156,0.05393735662426981
Kepler-1589 b,1.09,,1.0163339382940109,5228.785,6166.0,0.0,2102.0,0.0,0.0,0.0,5.513209950025439,0.0,0.05340876799322364
BD+37 3172 b,12.4,,1.7622504537205084,31.9959,4500.0,0.59,713.25,0.19946821664363057,0.018082021313917757,0.051664262435219044,14074.121497792632,0.0,0.053386959418057385
HD 16175 b,12.8,1875.1876013,0.8911070780399275,0.7164,5981.0,0.6,259.78,0.360258537185153,0.3605818981688102,0.0912272265854563,7827.956642421346,0.9999999999999987,0.05334995020395584
HD 154672 b,12.8,,0.8112522686025408,5.0225,5743.0,0.61,410.76,0.29647992781753796,0.12735453570884547,0.08486937009136013,7126.469692794993,1.3489634570010742e-16,0.053313405128892384
TOI-561 b,1.397,2.02,0.7441016333938294,4709.0,5342.0,0.0,2319.0,0.0,0.0,0.0,8.497870049394681,0.0,0.05321307483830641
HD 68475 b,12.8,1639.99458012,0.7803992740471869,0.0068,5022.0,0.62,79.88,0.15295867892322085,0.0035110049656836262,0.06560880482983346,6855.44064407572,0.6242870751974677,0.05314776575393315
HD 133131 B b,13.3,,0.3375680580762251,0.0259,5805.0,0.61,112.28,0.1801081966440126,0.013710759651110856,0.08652561842175507,3326.632894209357,0.6569395719631894,0.0529745111105742
HD 175167 b,12.3,4703.8604236,2.5226860254083485,0.496,5635.0,0.51,232.03,0.32353729334058495,0.25950223364440567,0.08198429235454321,19663.786265325285,1.0,0.05272386143962317
11 Com b,12.2,,2.7041742286751362,68.5387,4874.0,0.238,803.26,0.19505630518124906,0.008860707301435185,0.06165517978308427,20568.507097120917,0.0,0.05260416416223625
Kepler-211 c,1.29,18.3,8.493647912885661,95.436,5123.0,0.0,841.0,0.0,0.0,0.0,76.37513561836334,0.0,0.05251946379775094
HD 148164 b,13.7,,0.15154264972776768,2.1682,6032.0,0.587,337.89,0.26154087215464467,0.20021193011799623,0.09258962440561999,1632.2444004789766,0.8930029451954125,0.05226021583121377
HATS-41 b,14.90797,3082.951,0.925589836660617,1300.3125,6424.0,0.38,1710.0,0.10817373835067978,0.00034333640386711626,0.10306138804295509,12845.846168359507,0.0,0.05213148513603014
ROXs 42 B b,12.5,2860.0,1.4609800362976408,0.0,3433.0,0.58,1975.0,0.0,0.0,0.023160762942779307,11952.61497154692,0.6126263941844161,0.052114066472702426
Kepler-1368 b,1.65,,0.7459165154264974,4849.257,5906.0,0.0,2085.0,0.0,0.0,0.0,14.03558972895801,0.0,0.05211169667842719
HR 8799 c,13.0,3000.0,1.3611615245009074,0.0034,7204.58,0.5,1200.0,0.13638264880244444,0.0016698955697610465,0.12391355452262519,12526.45927393244,0.6184578488983994,0.052061031439460344
HD 331093 b,13.6,,0.18874773139745918,0.4895,5544.0,0.59,234.84,0.27389794859100797,0.21799979779158407,0.07955334722444796,1988.7815156998186,0.9999999167728402,0.051756312263370546
Kepler-1323 b,1.52,,0.8294010889292197,5067.603,6169.0,0.0,2291.0,0.0,0.0,0.0,12.200678251962165,0.0,0.05159193851386039
Kepler-75 b,11.77,3209.9,1.9963702359346642,106.484,5200.0,0.57,767.0,0.16001476472597154,0.0048684185443669875,0.0703638403590312,13635.123758251848,0.0,0.05159133944148116
TIC 393818343 b,12.18416202,1379.37528638,0.7658802177858439,2.28,5756.0,0.6058,805.5,0.3362236306459231,0.25087198792891574,0.08521664796708792,5802.784705786554,0.73081129421994,0.05158470834434827
bet Pic b,18.49485,2765.1071409,0.4355716878402904,0.0885,8038.68,0.105,1612.0,0.297328049200987,0.06875554937453124,0.1461954373029861,11542.521503275726,0.7606902760179854,0.05157330518772601
HD 171028 b,13.2,,0.36116152450090744,3.1028,5671.0,0.59,374.07,0.2881652007743258,0.17514744648539227,0.08294598493348239,3479.4602586473807,0.007714363021347906,0.05154747258181238
HD 79498 b,13.6,,0.16878402903811254,0.1207,5748.0,0.575,164.53,0.216876766520315,0.06197700094636596,0.08500293850510181,1778.429624616184,0.8103296240088075,0.051112310341258745
TIC 139270665 c,12.9,,0.7223230490018149,0.21,5844.0,0.566,200.0,0.2989446711683913,0.1337044668430511,0.08756745204893876,6495.1504222454305,0.9245945147601766,0.050987909318200304
HD 190984 b,13.0,1137.82569706,0.5172413793103449,0.089,5988.0,0.57,152.29,0.245411181159057,0.05497694464152756,0.09141422236469447,4760.0545240943275,0.7614856128445454,0.0509224923393888
HD 128356 b,13.9,,0.10508166969147005,0.4756,4875.0,0.57,232.36,0.24357601164566303,0.19018575982617464,0.06168189346583304,1182.1156716537532,0.9999951755137462,0.0505319042302143
Kepler-1656 b,4.574,47.8,0.38656987295825773,24.6,5569.0,0.838,651.0,0.22675958042531472,0.023799944795372494,0.08022118929315229,154.95482172013195,0.0,0.050491788487475535
TOI-6628 b,10.98480109,235.19302118,0.17785843920145192,20.0861,5463.0,0.67,833.0,0.1865589068287649,0.024780687135588293,0.0773895389218348,987.5058517486242,0.0,0.05038397722454662
HD 13167 b,13.1,,0.4664246823956443,0.5428,5671.0,0.563,208.79,0.3249657719474904,0.27698626279139305,0.08294598493348236,4392.2193484373665,0.9999999999873748,0.050229180285380357
HD 68988 c,12.2,4776.96095721,2.6315789473684212,0.0096,5883.41,0.45,87.5,0.1622786993744687,0.005024063501660521,0.08862023828604915,20016.332409949886,0.6290851612197172,0.05022112063412056
HD 190228 b,12.9,1598.67688721,0.7422867513611615,0.8598,5360.0,0.559,267.99,0.36331159095846455,0.3995157401762114,0.07463802959875998,6674.66462989543,0.9999999999999762,0.05017605800112151
HD 238914 b,12.8,,0.9074410163339384,2.179,4769.0,0.56,343.67,0.34000281262326437,0.26398955480210795,0.0588502430945127,7971.442609390373,0.8797090950220847,0.05014755569124952
HD 97037 b,12.1,6707.768529735,3.7749546279491835,0.0357,5874.1,0.357,120.99,0.2081527132237536,0.02087068572263946,0.08837153389966236,28012.79585677258,0.6735871047614213,0.049992538348601914
CI Tau c,13.0,,0.5190562613430127,19.2542,3807.0,0.58,610.62,0.2120409412124893,0.030322007250927804,0.03315168029064485,4776.756469792905,0.0,0.049908819896722904
TIC 9344899 b,9.16,6170.0,8.003629764065336,149.861,5800.0,0.029,923.0,0.21146630882278983,0.00453956833673921,0.08639205000801152,25766.891037074223,0.0,0.04976054047976975
iot Dra c,12.2,,2.722323049001815,0.1402,4504.0,0.455,169.31,0.26231315316256587,0.08529839309616812,0.051771117166212174,20706.550768913672,0.8385641793333141,0.049722121499565244
HD 222237 b,12.8,1649.52943233,0.7840290381125228,0.0019,4751.0,0.56,58.74,0.12035356358105533,0.0008646023077577289,0.05836939680504324,6887.3264145132825,0.615885357945522,0.04971455349390799
bet Pic d,14.12331568,762.7881768,0.27041742286751363,0.0133,8038.68,0.44,600.0,0.1553219438325706,0.006579499194904837,0.14619543730298523,3191.0475682763563,0.6354209659041293,0.049712098657260805
HD 144899 b,4.77,,0.1869328493647913,58.843,6126.0,0.821,770.87,0.1698191144665312,0.00815281389644203,0.0951007105839568,84.9824744319953,0.0,0.04967498559548969
HD 81040 b,12.6,2301.07766668,1.147005444646098,0.2213,5755.0,0.525,189.77,0.3140505298787877,0.14602702689443642,0.08518993428433967,9610.936859244903,0.9358924059687428,0.04951866813807719
HD 164604 b,12.3,4195.3349724,2.250453720508167,0.1402,4663.0,0.479,170.16,0.2674905476164506,0.08710260293699464,0.05601859272319243,17541.79494172903,0.8385641793333141,0.049500700621211466
HD 168443 b,12.6,,1.208711433756806,28.2942,5491.0,0.53,641.03,0.2221696762020099,0.022414071390280513,0.07813752203878763,10127.98093078656,0.0,0.049496195231511074
Kepler-1338 b,0.92,,0.9237749546279492,4712.111,5909.0,0.0,2124.0,0.0,0.0,0.0,3.0131328121510252,0.0,0.04940887960810345
HD 148156 b,13.9,,0.10036297640653359,0.2965,6308.0,0.52,213.76,0.23160431935800094,0.13164186095766067,0.09996260084415172,1129.0327572098888,0.9886098766828078,0.049348311360352344
HD 145675 c,12.6,2510.8444153,1.252268602540835,0.0018,5338.0,0.52,55.51,0.12290780266177279,0.0008363017900272078,0.07405032857829723,10492.953216580669,0.6157138454415748,0.04919139715913609
HD 112300 b,12.2,,2.7586206896551726,284.1257,3657.0,0.36,1240.35,0.1311967321827794,0.001652468540987929,0.02914462787839922,20982.63811249919,0.0,0.04912139031945941
HIP 109384 b,13.5,,0.20145190562613433,0.3732,5180.0,0.549,213.83,0.26880460985376425,0.18018675367959677,0.06982956670406551,2076.1622717082505,0.9999999461975786,0.049055624042891766
BD-17 63 b,12.8,1639.99458012,0.7803992740471869,0.1169,4714.0,0.5439,168.92,0.2695833382433664,0.07633091723207264,0.057380990543356,6855.44064407572,0.8046543762760334,0.04881789073164012
HD 106252 b,12.5,3178.28407,1.6225045372050817,0.1884,5874.0,0.48,178.13,0.2989809502840651,0.12262623924189996,0.08836886253138772,13274.084204426019,0.9008124145478633,0.04877580617166449
HD 152079 b,13.2,,0.3666061705989111,0.073,5907.0,0.532,147.84,0.22820980475486313,0.0431085949928227,0.08925041406208195,3531.9144334008593,0.7357123980060879,0.048738154876404795
TIC 237913194 b,12.520453,617.22586,0.3352087114337568,83.3856,5788.0,0.575,974.0,0.15826072711831385,0.005996049138672668,0.08607148581503368,2755.9036673516603,0.0,0.04869616671426384
HD 213472 b,13.1,,0.4936479128856625,0.0114,5729.54,0.53,91.76,0.16666227249212676,0.006077615388610822,0.084509803921568,4648.574563326708,0.6321681627005254,0.04864163348609854
HD 66428 b,12.4,3478.949743022,1.8148820326678767,0.1082,5716.0,0.471,159.02,0.26907649862524374,0.0706653544849625,0.08414810065715578,14494.460862814245,0.7914655227426631,0.04860253491822105
HD 141937 b,12.4,3591.4609991,1.8874773139745917,0.4436,5870.0,0.46,231.49,0.33807554093941744,0.2537256434205603,0.08826200780039448,15074.239297326814,1.0,0.048517177409632455
HD 115954 b,12.6,2685.65003915,1.339382940108893,0.064,5957.0,0.487,144.9,0.25056327233698206,0.04241178145711976,0.09058609819949692,11222.89778816889,0.7209510758236471,0.048466293022545306
HD 142022 A b,12.9,1433.40611557,0.6660617059891107,0.1176,5421.0,0.53,155.74,0.2698916260834534,0.07639949494399398,0.07626756424640646,5989.246746140887,0.8057038465812011,0.048465036956447764
HD 50554 b,12.8,1859.29618095,0.883847549909256,0.251,5987.0,0.501,190.08,0.3219352742811613,0.1647201094155138,0.09138750868194608,7764.185101546223,0.9615545320124474,0.048090538851665
HIP 21152 b,12.0,7627.881768,4.41016333938294,0.015,6655.0,0.36,1300.0,0.16916432652960156,0.007819789924488679,0.10923224875781226,31921.774267706434,0.6383299284950751,0.047972832376330564
HD 220773 b,13.6,,0.18330308529945555,0.129,5940.0,0.51,167.02,0.22728395244483449,0.06867975692421685,0.09013196559277603,1931.4128181315546,0.8225351129790699,0.047943468201983745
Kepler-780 b,0.89,,0.9056261343012705,4572.56,5769.0,0.0,2099.0,0.0,0.0,0.0,2.67428430798031,0.0,0.047927264936698744
HD 4203 b,13.3,,0.30127041742286753,1.4338,5596.0,0.52,297.28,0.31813647802443557,0.31169461879303806,0.08094245872735963,2968.930432466415,0.9999999985174444,0.04777438629989281
HIP 5158 b,13.6,,0.17876588021778586,0.1389,4962.0,0.52,219.65,0.22547668492295403,0.07258899898640485,0.06400598386493538,1883.6055701580012,0.8367307275851351,0.04753146974692818
TOI-332 b,3.2,57.2,1.7422867513611615,4180.32,5251.0,0.0,1871.0,0.0,0.0,0.0,239.14327828171116,0.0,0.047402621001070566
GJ 3021 b,13.1,,0.4754990925589837,2.7517,5540.0,0.511,350.0,0.3133261137163468,0.20728818822231201,0.07944649249345459,4477.671086733814,0.1043284107002609,0.04738768401435956
HD 137496 c,12.6,,1.2141560798548094,1.5713,5799.0,0.477,370.0,0.3704563021096058,0.34658129942670973,0.086365336325265,10173.602466510822,1.0,0.04735812406732446
HD 142415 b,13.5,,0.2159709618874773,1.0219,5940.0,0.5,283.72,0.3147598308062457,0.3645069184592367,0.09013196559277599,2225.7955885881242,0.9999999710863154,0.047305671929985214
HD 224538 b,12.7,2075.737326117,1.0108892921960073,0.523,6097.0,0.476,236.74,0.36612060609788427,0.3066959380706429,0.09432601378425938,8673.67945889362,0.9999999999999998,0.04719724585551278
TOI-1994 b,13.67495645,7024.0077947,2.722323049001815,1910.26,7700.0,0.341,2290.0,0.09068966304530628,0.00020057716081001538,0.13714804722978965,29161.249273071604,0.0,0.04718621198869969
Kepler-539 c,13.3,762.792,0.32304900181488205,0.1486,5820.0,0.5,253.0,0.25777795320490166,0.08762959674752618,0.08692632366297956,3183.55190951218,0.8502304567137842,0.047067831522883484
HD 110014 b,12.4,,1.851179673321234,43.9799,4445.0,0.462,669.84,0.19506965293229084,0.013313595542930459,0.050195009884062315,14784.350080070528,0.0,0.0470309003136164
HD 105618 c,11.9,8419.592329837,4.990925589836661,0.0012,5671.0,0.126,51.64,0.12353279495136645,0.0005685582815795747,0.08294598493348168,35229.83332113609,0.6146847403044321,0.04700612644292888
HD 168443 c,12.2,5500.338411542,3.0127041742286753,0.2987,5491.0,0.21,205.47,0.3464010982500495,0.19841907332498893,0.07813752203878731,22915.2495175978,0.9895284524322095,0.046974387450583216
HD 108202 b,13.1,953.485221,0.4228675136116153,0.0125,4556.03,0.52,93.04,0.1627636751892795,0.006489169484096305,0.053161030079606555,3982.0510046144227,0.6340515618304399,0.046966689351703526
Kepler-432 b,12.834305,1719.4603,0.809437386569873,97.846,4995.0,0.5134,812.0,0.17253855103697074,0.005738131354783546,0.06488753539562922,7167.850467396109,0.0,0.046901714284637804
HD 221420 b,12.0,7278.2705203,4.192377495462796,0.0389,5847.0,0.14,123.49,0.24811307690379056,0.02678368819729594,0.08764759309718308,30345.390353251798,0.6790008904571003,0.046825568872888704
EPIC 220674823 b,1.606,7.54,1.9391716878402905,4467.0,5578.0,0.0,2324.0,0.0,0.0,0.0,33.6466239185978,0.0,0.04679768282250965
Kepler-1340 b,1.55,,0.809437386569873,4793.001,6331.0,0.0,2174.0,0.0,0.0,0.0,12.626034267217095,0.0,0.046654161169902786
CoRoT-20 b,9.41556,1366.669,1.6098003629764064,180.8704,5880.0,0.59,1024.0,0.15459619525828547,0.002852615911939128,0.08852914462787666,5628.583276218356,0.0,0.046504585443082946
HD 196885 A b,13.2,,0.35571687840290384,0.4271,6254.0,0.48,224.21,0.3098752276535429,0.22769565232611988,0.09852006197574313,3427.006083893903,0.9999999997173783,0.04648585905844423
HAT-P-44 c,13.0,,0.5771324863883848,0.2084,5295.0,0.494,187.92,0.2955653454567015,0.13156640053950064,0.07290164022012026,5311.218732147355,0.922929674212878,0.046450938197353436
HD 75784 c,12.8,,0.852994555353902,0.0808,4867.0,0.489,149.31,0.26072918439731857,0.05422267156941066,0.0614681840038464,7493.15605282695,0.7483574356477621,0.04635491349967207
HD 188641 b,11.9,9333.031171555,5.517241379310345,0.0285,5897.32,0.034,114.36,0.2799438019293319,0.022854957960860955,0.08899182561307725,38944.97938045589,0.6613652631487666,0.04633145873307454
HD 120084 b,12.7,2034.1018048,0.9909255898366607,3.0851,4879.0,0.483,369.24,0.3371189313931579,0.20787535985480057,0.06178874819682602,8502.385968682078,0.00900686657291631,0.046276483382941026
K2-131 b,1.69,7.9,1.5970961887477315,4070.0,5120.0,0.0,2223.0,0.0,0.0,0.0,32.290873735800034,0.0,0.046259287564092956
TOI-2589 b,12.10569916,1112.3994245,0.6261343012704175,21.7464,5579.0,0.522,592.0,0.2289760639537097,0.02895254614583009,0.0804883261206382,4652.921617874221,0.0,0.04609943868512697
NGTS-10 b,13.506845,687.14846,0.2595281306715064,3716.1785,4600.0,0.0,1332.0,0.0,0.0,0.0,2678.766111564759,0.0,0.04591821355818476
HD 210277 b,13.6,,0.16261343012704174,0.7275,5538.0,0.48,259.86,0.2920405062742775,0.29121218013427236,0.07939306512795809,1713.4117673721512,0.9999997158138195,0.045914867567900024
HD 24064 b,12.3,,2.196007259528131,211.3995,4052.0,0.35,1088.02,0.1460870482426287,0.0024078332709094644,0.03969653256397906,17117.39667700978,0.0,0.04582016827403384
WASP-18 b,13.89913607,3241.8497514,1.1978221415607986,5805.0,6432.0,0.0051,2429.0,0.11325541464308776,9.077272550202826e-05,0.1032750975049399,13472.381297882392,0.0,0.045758111092268045
Kepler-130 d,1.64,,0.7531760435571688,9.834,5884.0,0.8,451.0,0.3447444802016172,0.0749995969936408,0.08863599935886374,13.916071494991721,2.3510243542861734e-107,0.04540586673077878
bet Pic c,12.5,2765.1071409,1.411978221415608,1.2305,8038.68,0.307,1250.0,0.3940920210311611,0.4236837083032617,0.1461954373029844,11551.719811010564,1.0,0.0452630660257154
HD 147018 b,13.4,,0.279491833030853,12.4842,5441.0,0.4686,519.98,0.22685321183203425,0.04635098004735783,0.07680183790137261,2816.9045181527995,1.12744521238341e-191,0.04509810792099678
nu Oph c,12.0,7838.32346,4.519056261343013,2.3098,4887.0,0.179,341.48,0.35022684800884984,0.25701985824472195,0.06200245765881213,32709.966224933753,0.681196709943828,0.04508414923380484
HD 92788 c,13.0,,0.52994555353902,0.0095,5744.0,0.46,91.27,0.16705923033042672,0.005163819039205858,0.0848960837741084,4876.968143984363,0.62891384691407,0.0450005472958863
Kepler-78 b,1.201,1.68,0.9673321234119783,4070.0,5058.0,0.0,2223.0,0.0,0.0,0.0,7.019290907496161,0.0,0.044841907009242656
HD 154857 b,13.3,,0.33030852994555354,2.7638,5589.0,0.46,359.86,0.3027351695438553,0.19915152342182615,0.08075546294812147,3255.092401860768,0.09694981935762213,0.044826809972059484
HD 29021 b,12.9,1420.69297929,0.6606170598911071,0.1252,5560.0,0.453,163.2,0.2817895377161492,0.08388301198135133,0.07998076614842058,5940.288325872705,0.8169804119424848,0.044689425638082134
HD 125612 b,13.2,,0.4101633393829401,0.6309,5900.0,0.446,253.38,0.3397673613463457,0.3157137217421099,0.08906341828284375,3951.5478314286834,0.999999999947423,0.04454646303138482
HD 136118 b,12.3,4164.187788514,2.2323049001814885,0.684,6097.0,0.344,249.62,0.36867429281697683,0.35687969846050577,0.09432601378425917,17400.32885348928,1.0,0.04449701008301662
TOI-677 b,13.11450742,392.200254238,0.1733212341197822,37.6345,6295.0,0.46,1252.0,0.17079513302018468,0.013220845690832239,0.09961532296842354,1637.5566444032665,0.0,0.04444704668457572
4 UMa b,12.6,,1.252268602540835,150.0929,4415.0,0.453,967.44,0.16049233107272035,0.0036276400505320505,0.049393599401613246,10492.953216580669,0.0,0.044160400209734725
Kepler-1531 b,1.11,,1.029038112522686,4457.2,6260.0,0.0,2537.0,0.0,0.0,0.0,5.895070533268197,0.0,0.04401259193842595
XO-3 b,14.79585452,4217.58296089,1.2994555353901998,1161.72,6970.0,0.2791,1890.0,0.11415950991241147,0.0004019538668732361,0.11764705882352856,17630.72575955088,0.0,0.044010216537878316
HD 149806 b,12.3,4003.684442979,2.1415607985480944,0.0037,5352.05,0.357,69.13,0.14341461707206068,0.0018722952725483007,0.07442565582091074,16692.99841229053,0.6189722980780643,0.043941275759295684
HD 213240 b,12.8,1655.88600047,0.7876588021778584,0.7524,5979.0,0.42,257.7,0.383028285376038,0.39305641530024693,0.0911737992199596,6919.212184950843,0.9999999999999882,0.043788598117035595
Kepler-409 b,1.199,6.0,3.4482758620689657,6.15,5421.0,0.69,438.0,0.34975320867244053,0.10876459968790103,0.07626756424639916,24.89706543324881,1.2020417918272652e-30,0.04360095173681628
TOI-6692 b,11.67975789,197.05361234,0.12341197822141563,182.3533,5890.0,0.537,467.0,0.11769508393387719,0.0021544950144121453,0.08879628145536038,823.6589924122259,0.0,0.04358171577882974
CoRoT-10 b,10.87,874.0,0.6715063520871144,16.1089,5075.0,0.53,600.0,0.24618102820237586,0.04020642340911889,0.06702463001549308,3612.6622979724493,0.0,0.04352892960392844
HD 181433 d,13.2,858.1366989,0.3720508166969147,0.0077,4918.0,0.444,81.19,0.1507383340016017,0.003860231210793765,0.06283058182400991,3584.368608154337,0.6258295932665521,0.04344234445696386
HD 217786 b,12.3,4402.559093764,2.3593466424682394,0.3159,5966.0,0.311,207.3,0.3364452151385009,0.20094034782546577,0.09082652134423144,18390.59147116753,0.995359560265405,0.04342329633217467
TIC 279401253 b,11.2089807,1951.46641898,1.3811252268602543,9.1803,5951.0,0.448,486.37,0.2860208030795649,0.07514929922181009,0.09042581610300668,8147.41862251359,2.734164786323671e-90,0.043412322679773345
HD 74156 c,12.5,2753.983146655,1.4065335753176045,0.186,6068.0,0.377,187.52,0.31689973868478455,0.128978864149852,0.09355131698455846,11507.175904284302,0.8980010871912419,0.0433937538624213
TOI-756 c,13.0,,0.5843920145190563,0.24,3657.0,0.445,194.0,0.2964002433853856,0.14852006028375603,0.029144627878399307,5378.026514941662,0.9527526098025283,0.04336762423623415
HD 72892 b,12.8,,0.8257713248638838,26.9314,5688.0,0.419,634.46,0.2348192156145988,0.02475100071461282,0.08340011754020335,7254.012774545238,0.0,0.043346609785479676
HD 72659 c,12.1,6165.8710958,3.466424682395645,0.0051,5929.0,0.114,71.91,0.17725988970008935,0.0030769083094258107,0.08983811508254388,25723.288503094056,0.6213728093881178,0.04331185603077414
HD 114082 b,11.2089807,2542.627256,1.8003629764065336,14.6733,6651.0,0.395,547.7,0.257225813992214,0.04557304479771691,0.1091253940268188,10620.550950766728,9.715227289974852e-280,0.043278508568257844
HD 5388 b,13.1,1017.0509024,0.45190562613430135,1.4901,6297.0,0.41,316.59,0.35080157355582037,0.3381251087574205,0.0996687503339201,4255.4965671630525,0.9999999999810478,0.043234497498221044
70 Vir b,12.6,2380.45,1.1869328493647913,12.2183,5495.0,0.3988,525.24,0.27576219676585656,0.057676161812338235,0.07824437676978077,9945.494787889504,4.120058510821749e-182,0.04311125405721508
HD 38529 c,12.5,3299.05886466,1.6842105263157894,0.656,5697.0,0.357,258.56,0.3784303923635877,0.35897965636845364,0.08364054068493797,13778.915147323652,1.0,0.043083506342411704
Kepler-407 b,1.19,1.93,1.066529764065336,4102.008,5487.0,0.0,1983.0,0.0,0.0,0.0,7.5283963152177655,0.0,0.04306527207492462
HD 100508 b,13.7,381.3940884,0.14791288566243194,0.0216,5419.0,0.42,106.66,0.16146956239467847,0.010394369054304872,0.07621413688090997,1593.1487262160072,0.6496076134678562,0.04306427609979643
Kepler-1244 b,1.35,,0.9691470054446462,4756.325,6680.0,0.0,1839.0,0.0,0.0,0.0,9.988023901731585,0.0,0.043047255262704524
HD 156098 c,12.8,1661.606911796,0.7894736842105263,0.1642,6419.19,0.391,177.18,0.30862027931970804,0.11448685278166601,0.10293289522893516,6935.155070169624,0.8710232927063485,0.04301426505673212
HD 206893 b,14.01122587,6197.6539365,2.250453720508167,0.0247,6500.0,0.069,1429.2,0.2705547239802994,0.019948581348886295,0.10509162793182536,25929.07944188644,0.6548950010089781,0.04300581958325174
HD 70573 b,12.8,,0.9038112522686027,0.3222,5737.0,0.4,206.11,0.3513770574631449,0.21466953630978727,0.0847090879948702,7939.5568389528125,0.9969134133333596,0.04296274769692103
GJ 676 A c,12.3,4288.140867244,2.304900181488203,0.001,3734.0,0.295,47.96,0.10887235339218612,0.0004347868378178057,0.03120158145001857,17966.19320644828,0.6143416944548707,0.04295486076360357
HD 48265 c,12.9,1414.33641115,0.6569872958257714,0.0355,5805.0,0.41,124.28,0.22761469972534296,0.023021664076374904,0.08652561842175487,5907.649379027252,0.6732483487151987,0.0429035531255338
BD-210397 c,12.9,1525.5763536,0.7096188747731398,0.0039,4051.0,0.43,69.51,0.1417352005157103,0.001974248529978717,0.03966981888123085,6380.914108286341,0.6193152541897413,0.0428880551738864
HD 80913 b,12.0,7505.200002898,4.337568058076225,0.0326,6013.24,0.313,118.23,0.20492401318904846,0.01892993422521543,0.09208847571726121,31396.312962888216,0.66833145392221,0.04285842525438137
Kepler-39 b,13.9,6388.1,2.3593466424682394,90.22,6350.0,0.112,897.0,0.212495148518761,0.007599082931810819,0.10108457551957999,26541.457221932284,0.0,0.042781831309264745
psi1 Dra B b,13.5,,0.19782214156079858,0.1079,6212.0,0.4,159.48,0.23292030449112727,0.06090465631013871,0.09739808730031442,2038.7539424882823,0.7910060180756051,0.042727569536556514
TOI-1736 c,12.5,2800.0,1.4301270417422869,0.9,5636.0,0.3685,249.0,0.39723535034432667,0.44463245304407734,0.08201100603729149,11700.199500098102,1.0,0.04259265571120555
HD 23127 b,13.5,,0.1960072595281307,0.5038,5843.0,0.406,223.4,0.2987592302810528,0.2417577220922044,0.08754073836619053,2020.0497778782978,0.9999999316978594,0.04253008984530513
Kepler-1514 b,12.419572,1678.1424,0.8747731397459166,3.23,6145.0,0.401,387.9,0.34789831913187946,0.20651867506613833,0.09560827055617781,7019.46377862418,0.0023540924437342138,0.042490332034007476
HD 220842 b,13.1,,0.4482758620689656,4.155,5960.0,0.404,397.62,0.30553764711162523,0.15095320550069857,0.0906662392477419,4221.315871844474,8.5605619548113e-09,0.04248717110573932
HD 162020 b,12.5,,1.5970961887477315,39.0625,4723.0,0.28,650.0,0.22500660557836188,0.017073453184093163,0.05762141368809057,13066.212639703464,0.0,0.04248662570779071
HIP 75092 b,13.5,,0.23049001814882034,2.5659,4891.0,0.42,353.19,0.2894668359455536,0.20037181304224566,0.062109312389805764,2375.4289054679984,0.2777673861946979,0.042471981191779064
14 Her b,12.5,2828.6728223,1.4446460980036298,0.0873,5338.0,0.3683,147.32,0.2766879007337486,0.061032136187211865,0.07405032857829713,11818.983251368134,0.7587786635430479,0.04237345685840254
HD 11977 b,12.7,,1.012704174228675,18.5126,4970.0,0.4,547.97,0.2561245478621587,0.03768195070750651,0.0642196933269216,8689.251594367397,0.0,0.042319817481229156
HAT-P-2 b,10.659759,2866.81223114,1.3230490018148822,588.518,6380.0,0.5172,1540.0,0.12439856839912669,0.0007925800655833946,0.10188598600202856,6712.846200385389,0.0,0.042304913860053715
KOI-3680 b,11.09691,613.4119,0.44646098003629764,3.3,5830.0,0.496,347.0,0.3145367754056972,0.18095196801136898,0.08719346049046198,2555.5142608252454,0.0011592291726710824,0.042302937089388024
HD 115404 A c,12.5,3279.671331833,1.6751361161524503,0.0023,5019.17,0.211,61.22,0.14729064619365329,0.0012525584600561403,0.06553320510765549,13704.675302779884,0.6165713926002981,0.04225238633567772
TOI-6330 b,10.89,3179.0,2.462794918330309,9.97,3539.0,0.34,495.0,0.26306950687686764,0.06507080105017249,0.025992413314099305,13322.953047932622,4.496706870587381e-111,0.04223323726138054
HD 33564 b,12.5,,1.4773139745916517,2.8331,6250.0,0.34,344.43,0.35469616880627586,0.23021308221526043,0.09841320724474961,12086.246691725706,0.06227330476267982,0.04222938480341612
Kepler-88 d,13.1,,0.4283121597096189,0.1124,5466.0,0.41,158.95,0.26505940406425527,0.07207466875204056,0.0774696799700801,4033.3220475922903,0.7978656612219703,0.042198013190256276
HD 75302 b,12.8,1716.2733978,0.8166969147005445,0.0299,5697.46,0.39,115.76,0.22806350142410464,0.019836802444861412,0.08365282897900228,7174.298348451335,0.6637457961035585,0.042162133025232765
HAT-P-34 b,13.417173,1058.3739,0.4537205081669692,433.78,6442.0,0.432,1520.0,0.1229008558509613,0.001049564475944928,0.1035422343324242,4590.500910163766,0.0,0.042127805304957126
HATS-32 b,14.000041,292.4036,0.10526315789473684,614.5934,5700.0,0.471,1437.0,0.08909007525709392,0.0005444153498980165,0.0837206817331833,1209.9096111140893,0.0,0.042099129086943896
HD 11506 d,12.3,4068.2036096,2.177858439201452,0.0066,6123.0,0.29,77.07,0.16734375715479938,0.003699576782084326,0.09502056953571503,16975.930588770032,0.6239442609519352,0.04208621242492777
HD 11506 b,12.9,1551.00262616,0.7205081669691471,0.2609,6123.0,0.379,193.57,0.3328825709733948,0.17514620746979506,0.09502056953571526,6478.830948822704,0.9687436627629409,0.04205858152567793
HD 171238 b,12.5,2796.8899816,1.428312159709619,0.0989,5467.0,0.358,166.96,0.28570276346647505,0.0699215646519994,0.07749639365282822,11685.351531189348,0.7770855435620582,0.04199774772663918
HD 96992 b,13.7,,0.14047186932849365,19.1936,4725.0,0.41,557.72,0.1878283705076211,0.02646451649773695,0.05767484105358744,1513.0025939769198,0.0,0.04193068250001469
TOI-4515 b,12.17,637.0,0.35226860254083486,42.2987,5433.0,0.461,705.0,0.19000777836894434,0.013266303739817888,0.0765881284393859,2659.709965544988,0.0,0.041901626699935586
TOI-6884 b,10.39072511,8365.24367224,7.441016333938294,1230.0,6330.0,0.067,1652.0,0.12081709536013706,0.0003842652522577108,0.1005503018646127,34967.0048593824,0.0,0.04187162999248037
HD 35759 b,13.0,,0.5426497277676952,22.7689,6060.0,0.389,621.56,0.23251723904320865,0.02837546218723604,0.0933376075225722,4993.8817638744,0.0,0.041867206126454413
OGLE-TR-132 b,13.45,375.02,0.1542649727767695,2550.8364,6210.0,0.6,2013.0,0.06855085688650761,0.00011425453995657622,0.09734465993481793,1572.2542928120345,0.0,0.04185064321131102
HD 219415 b,13.8,,0.1206896551724138,0.4071,4820.0,0.4,221.26,0.26171766435797794,0.18538935856585936,0.06021264091467627,1328.6050992674773,0.999997905704876,0.04183635329103736
HD 217107 c,12.9,1388.91013859,0.6460980036297641,0.0357,5622.0,0.3918,123.27,0.22886770031923526,0.023276393872028806,0.08163701447881536,5809.732538490888,0.6735871047612826,0.04179228481716395
HD 153557 d,11.9,8725.661085778,5.172413793103448,0.0006,4837.0,0.152,43.47,0.10168354832417799,0.00024930507389194813,0.06066677352139691,36510.91816917739,0.6136555878846754,0.04178504402885085
HD 183263 b,13.1,,0.49001814882032674,0.8347,5948.0,0.383,263.26,0.3705999523627386,0.40005767994083186,0.09034567505476225,4614.393868008129,0.9999999999933884,0.041683977585840255
NGTS-20 b,11.99360935,947.12865286,0.5480943738656987,6.7645,5980.0,0.432,688.0,0.2900773469351014,0.09798470730719162,0.0912005129027077,3960.897927110508,3.675035232694086e-40,0.041589079459984836
Kepler-94 c,12.5,3126.0,1.5952813067150635,0.0955,4781.0,0.345931,159.05,0.2779931224808312,0.06629733628374307,0.05917080728749218,13051.36467079471,0.7717605079107341,0.04156709727947194
HD 150706 b,13.3,772.32302901,0.3266787658802178,0.024,5961.0,0.38,108.81,0.19297285043272444,0.013729399759453427,0.09069295293049025,3219.322155686474,0.6537017962028355,0.04146579938087777
HD 100777 b,13.7,390.92894061,0.15154264972776768,0.9345,5533.0,0.38,264.28,0.30971511489060666,0.35011835507643707,0.07925949671421653,1632.2444004789766,0.9999995599801876,0.041345420546800654
HD 87816 c,12.4,,2.0326678765880217,0.4396,4989.0,0.19,226.65,0.3898218623939399,0.29187396685064465,0.06472725329913914,16233.79616635195,1.0,0.04133915847199494
HAT-P-17 c,13.1,,0.4791288566243195,0.0164,5336.96,0.39,99.59,0.18784383388109768,0.009532923969091722,0.07402254634823903,4511.851782052393,0.640724417752602,0.04132784016557985
HD 18143 c,12.5,3177.648413186,1.6225045372050817,0.0016,5078.0,0.194,54.55,0.1398685540364144,0.0008535143307520012,0.06710477106373813,13274.084204426019,0.6153708160203826,0.041219828224328355
HD 25015 b,12.5,2884.928450339,1.4736842105263157,0.0106,5160.0,0.341,90.69,0.18578967180667122,0.00635760879880904,0.06929529304909911,12056.550753908195,0.6307980974427336,0.041174781379964866
HD 23596 b,12.4,3786.607640998,1.9782214156079856,0.3957,6040.0,0.282,219.49,0.36197234721634686,0.2524540082955905,0.09280333386760586,15798.962340467526,1.0,0.04116979092543281
HIP 55507 b,12.6,2585.534090945,1.2885662431941924,0.0056,4171.0,0.362,76.05,0.16030182027026244,0.0030986139558089854,0.0428754608110272,10797.096788075762,0.6222300246858807,0.04115268833335933
Kepler-207 b,1.57,,0.7967332123411978,4097.318,5920.0,0.0,1930.0,0.0,0.0,0.0,12.915180730626957,0.0,0.041096526261170274
HD 12661 b,13.3,,0.3266787658802178,1.9237,5645.0,0.38,325.35,0.3301222985193493,0.27358530706758827,0.08225142918202641,3219.322155686474,0.9999999993807227,0.04109397177420838
ups And d,12.5,3257.74117175,1.664246823956443,0.5308,6156.77,0.2987,233.9,0.3798520686527087,0.31946720276726476,0.09592269060212529,13615.587489327361,1.0,0.041075317166971013
GJ 2030 b,2.03,,0.5680580762250453,3542.7587,5485.0,0.239,2147.31,0.12798421784637515,0.00013990522114950524,0.07797723994229204,19.905333658313246,0.0,0.04105286470427943
HIP 8541 b,12.6,2451.728331598,1.221415607985481,1.4683,4672.0,0.36,305.12,0.3854234552648144,0.37680571155009,0.05625901586792717,10234.431180809841,1.0,0.040994004546832476
GJ 2056 b,4.17,,0.22323049001814882,1.5537,4069.95,0.72,310.74,0.33379571924328805,0.28877772979294347,0.040176043169309526,67.80321494925931,0.9926274337117669,0.04091007684653648
Kepler-22 b,2.1,9.1,0.9437386569872959,1.013,5596.0,0.72,279.0,0.48832587072202566,0.5043622609363851,0.08094245872735385,36.609874346631436,0.9939689819515727,0.0408282914946022
HD 174205 b,13.0,,0.6061705989110707,82.699,4308.0,0.4,821.72,0.17754600892538078,0.006901055436426888,0.04653523534754483,5578.449863324579,0.0,0.04079163188193475
HD 82943 c,13.4,622.603,0.2577132486388385,2.8285,5935.0,0.3663,360.95,0.30310158484423055,0.19585554031997052,0.08999839717903436,2597.405464790244,0.06420661692318048,0.04078593926131105
WASP-162 b,11.209,1652.716,1.252268602540835,121.918,5300.0,0.434,910.0,0.17578245585985772,0.004727420071952619,0.07303520863386133,7387.316542152703,0.0,0.04077527277125686
Kepler-278 b,3.955,56.0,0.9074410163339384,110.0,4965.0,0.696,586.0,0.19740166147905147,0.005410180413645487,0.0640861249131773,235.1508095848088,0.0,0.04074058955266618
TOI-4914 b,12.87,227.0,0.10707803992740472,18.1082,5805.0,0.408,894.0,0.18706533730925753,0.027323857916524398,0.08652561842175485,956.1469913536066,0.0,0.04064814004516227
Kepler-122 f,1.75,36.0,6.696914700544465,21.524,5917.0,0.0,543.0,0.0,0.0,0.0,150.34103046994076,0.0,0.040639931936404396
HD 142 c,12.4,3464.647464707,1.8130671506352087,0.031,6245.0,0.277,116.56,0.233727096936063,0.02091199976906271,0.098279638831008,14479.96640195143,0.6656149026014822,0.04063349054520451
Kepler-312 b,1.29,,1.0272232304900182,4124.022,6115.0,0.0,1685.0,0.0,0.0,0.0,9.2368219572636,0.0,0.04061046228511723
TOI-4465 b,14.01122587,1872.00931723,0.676950998185118,130.528,5545.0,0.24,427.0,0.18356785014269722,0.004710243461034409,0.07958006090719613,7799.634380502936,0.0,0.04048956557533064
TOI-4582 b,10.53644186,168.44905571,0.14355716878402905,33.7343,5190.0,0.51,614.66,0.1719712799614819,0.01439949072776197,0.07009670353154786,703.3887519625706,0.0,0.03999194957227432
HD 118203 c,12.4,3747.19691853,1.960072595281307,0.1122,5742.0,0.26,146.0,0.30045135087321817,0.08123585274227889,0.08484265640861151,15654.017731839383,0.7975622746790085,0.03991745256957931
HD 153950 b,13.2,,0.4065335753176044,1.355,6124.0,0.34,295.3,0.3628086211599851,0.3675547423529138,0.09504728321846362,3916.578381593032,0.9999999999413969,0.03991727473985969
HD 92788 b,13.0,,0.5426497277676952,1.1129,5744.0,0.35,300.27,0.38663171575925337,0.4325827832467372,0.08489608377410834,4993.8817638744,0.9999999999979599,0.03991483525867933
HD 27894 d,12.7,2063.659846651,1.0054446460980038,0.0124,4875.0,0.343,95.87,0.1978396802312089,0.007850358360466771,0.061681893465832735,8626.963052472292,0.6338803656902503,0.03983671075660865
HD 73256 c,12.2,5085.254512,2.7949183303085303,0.0511,5570.0,0.16,133.92,0.2702173641871721,0.037291748735739205,0.0802479029759032,21258.725456084707,0.6995172393036119,0.03975319973431305
HD 233832 b,13.5,,0.22867513611615245,0.0376,4981.0,0.359,117.8,0.19825690812035623,0.02104487651199054,0.06451354383715305,2356.724740858014,0.6768029871384854,0.03974971157567469
HD 86065 b,12.5,2877.300568571,1.47005444646098,0.0013,4927.56,0.219,52.56,0.13236514749017728,0.0006692153809772009,0.06308596463108344,12026.854816090688,0.6148562612730396,0.03967339762240993
KOI-12 b,13.78707,349.613,0.13303085299455536,196.507,6635.0,0.34,911.0,0.12289721126409564,0.0021394776146251896,0.10869797510284673,1460.3499055308948,0.0,0.03957906762025181
HD 216536 b,13.8,,0.1266787658802178,169.5666,4639.0,0.38,897.99,0.12172135906194198,0.0024288107099049564,0.05537746433723336,1394.5358786296226,0.0,0.03953933430057054
HD 109286 b,13.2,,0.411978221415608,0.709,5694.0,0.338,259.4,0.36382214896695914,0.3603774592886263,0.08356039963669322,3969.03255634651,0.9999999999501905,0.039371565138600906
HD 194490 b,12.4,3561.902957249,1.869328493647913,0.0114,5861.32,0.251,90.87,0.1961701697982614,0.007128973494017705,0.08803013303413904,14929.294688698672,0.6321681627043144,0.03936525462623023
HD 145377 b,12.8,,0.9092558983666061,7.7037,6014.0,0.31,442.98,0.3165404924488591,0.09722449832763724,0.09210877811615012,7987.385494609152,3.0604915510471977e-57,0.03927944098281477
HD 56414 b,3.71,,0.2595281306715064,1614.3559,8500.0,0.68,1133.0,0.09658810538513858,0.00022594687163966377,0.15851899342842457,55.513010087164744,0.0,0.03926346009520777
HD 133131 A b,13.6,,0.17894736842105263,0.4642,5799.0,0.33,227.72,0.3025626934850079,0.23260311058334218,0.08636533632526515,1885.5178600769432,0.9999998694863438,0.03924357457906913
BD+49 828 b,13.5,,0.20689655172413793,1.673,4943.0,0.35,320.63,0.31232404435395117,0.28106798771929303,0.06349842389271751,2132.274765538203,0.9999999574832013,0.03922097467860869
CoRoT-3 b,11.32,6883.91,4.791288566243194,735.4472,6740.0,0.0,1695.0,0.0,0.0,0.0,29112.54801881262,0.0,0.039185990139730446
HD 11112 b,12.6,2598.565055632,1.295825771324864,0.0133,5905.64,0.285,94.51,0.20569571971779566,0.008633841392410337,0.08921408345354392,10857.92550237478,0.635420966732946,0.039111626307176864
HD 190360 b,13.5,537.0,0.2177858439201452,0.0741,5560.0,0.3342,150.0,0.22941252611004628,0.043744245656517446,0.07998076614842063,2244.4997531981085,0.7375043689439144,0.03909041604883926
HD 204313 e,12.2,4868.177710019,2.6678765880217785,0.0226,5767.0,0.253,106.81,0.21428467090662384,0.014355741857917041,0.08551049847731902,20292.4197535354,0.651314246320624,0.03903102883452409
NGTS-39 b,12.195371,466.254273069,0.2560798548094374,16.7057,6053.0,0.386,519.0,0.22412632608545352,0.03536638702713962,0.09315061174333383,1945.5799152142692,0.0,0.03888267788952166
HIP 99770 b,12.2,5403.082919,2.9764065335753176,0.0555,8000.0,0.31,135.17,0.23303209604982236,0.0348601210422238,0.14516215205427993,22639.162174012283,0.706861168084326,0.03883047044242079
Kepler-553 c,11.57887706,2129.4503269,1.3666061705989112,0.589,5191.0,0.346,251.0,0.387012759640232,0.344949339840758,0.07012341721429632,8886.51165889876,1.0,0.038787187341550795
HD 216437 b,13.0,1334.8793094,0.6061705989110707,0.3389,5909.0,0.31,209.85,0.3534744921906001,0.2232583143651042,0.08930384142757834,5578.449863324579,0.9995072814252631,0.03860359612973779
HD 103891 b,13.2,918.52409623,0.397459165154265,0.5714,6072.0,0.31,241.25,0.35712397502778087,0.31372831119538136,0.09365817171555182,3829.1547570039015,0.9999999999229696,0.03854253810289682
HD 4760 b,12.3,,2.3593466424682394,654.9231,4076.0,0.23,1198.67,0.12504660526639094,0.0007330414272424681,0.040337660949938285,18390.59147116753,0.0,0.03853310355772674
HD 156279 c,12.5,3098.82696825,1.5825771324863886,0.0237,5453.0,0.261,109.42,0.22831752219232643,0.016097742703497,0.07712240209435191,12947.428888433435,0.6531903052029681,0.03852507023507404
WASP-47 e,1.83,9.0,1.1415607985480944,3740.0,5565.0,0.0,1992.0,0.0,0.0,0.0,29.304945975705085,0.0,0.03848018571794298
HD 154391 b,12.5,2892.2385037,1.4773139745916517,0.685,4909.0,0.2,253.57,0.42440854682217527,0.41465167506213746,0.06259015867927492,12086.246691725706,1.0,0.0384676041992454
HIP 63242 b,12.5,,1.4900181488203268,133.6297,4830.0,0.23,993.26,0.18521098955777307,0.004629608600718078,0.06047977774215897,12190.182474086983,0.0,0.0383430054214939
Kepler-1031 b,0.87,,0.8929219600725953,3973.86,6011.0,0.0,2024.0,0.0,0.0,0.0,2.46297424824219,0.0,0.03828800907098918
ups And c,12.3,4443.24112986,2.3774954627949185,4.8931,6156.77,0.2596,407.56,0.32339385579889085,0.14068812954219345,0.0959226906021252,18532.057559407283,2.8825230074850945e-15,0.03825995618740408
HIP 67851 c,12.7,2204.775659359,1.0725952813067152,0.7091,4840.0,0.3,255.43,0.4075164957716326,0.40736561413163064,0.060746914569642096,9203.13206500203,1.0,0.03824495136100939
HD 113337 b,13.1,,0.4591651542649728,4.1073,6774.0,0.28,395.73,0.32494772458264826,0.16260608471515028,0.11241117700486061,4323.85795780021,1.9305937226730428e-08,0.038234584548480846
TOI-5293 A b,11.9,170.4,0.1016333938294011,34.6,3586.0,0.38,675.0,0.15962560318741698,0.013304962131558207,0.027247956403269658,717.4075149031348,0.0,0.038095010972694875
HD 8574 b,13.4,,0.26678765880217786,4.1197,6064.0,0.3,394.03,0.29804727446699397,0.14773084753573504,0.09344446225356545,2688.8634036913086,1.5654422618710274e-08,0.03808685459816972
HD 203387 c,12.6,2378.945626395,1.1851179673321235,2.8216,5174.32,0.202,360.63,0.39941204732981,0.2608332278321275,0.06967783298605473,9930.28760931475,0.06719837320533503,0.03808033543588762
HD 16760 b,12.1,6833.3107505,3.8475499092558985,0.5388,5518.0,0.079,226.14,0.4319690882220897,0.3623644463696195,0.07885879147299123,28551.50346940282,1.0,0.038058035907104514
GJ 433 c,6.27,,0.13121597096188747,0.0009,3461.0,0.12,53.76,0.11600765002901965,0.0003951863642791593,0.02390874605973107,135.4808554637806,0.6122673952547739,0.03798028886987641
HD 106270 b,12.4,3623.2438398,1.8874773139745917,0.511,5509.0,0.185,237.07,0.4079787763478437,0.3346004190417816,0.07861836832825679,15074.239297326814,1.0,0.03796749467198731
HD 169830 b,13.2,,0.3484573502722323,7.8465,6300.0,0.294,345.0,0.27906929769201205,0.08405414199825195,0.09974889138216493,3357.0671842225984,4.173923911306083e-60,0.03792765855147987
TOI-2537 c,12.7,,1.117967332123412,0.0389,4870.0,0.287,123.1,0.2530950908141087,0.027930773647589238,0.061548325052091186,9592.435451846446,0.6790008904571003,0.03791927377017005
TIC 279401253 c,12.6,,1.2704174228675136,3.5788,5951.0,0.254,384.31,0.3694023809438748,0.2038011106723518,0.0904258161030069,10645.025002328213,4.676208841184778e-05,0.03781580699435745
HD 169830 c,12.6,2437.426053283,1.2159709618874774,0.4856,6300.0,0.246,241.03,0.4024320310817619,0.3219057192751312,0.0997488913821647,10188.809645085577,1.0,0.03777103900894369
NGTS-38 b,12.11690814,1516.04150139,0.8475499092558983,10.1316,6310.0,0.3086,457.0,0.3009103328939661,0.07352380129452027,0.10001602820964765,6315.814084014817,1.3574547708750948e-115,0.03771961236326574
TOI-2025 b,11.89272852,1144.1822652,0.6787658802177859,343.7178,5977.0,0.394,1166.0,0.14222095631131657,0.001489858192226266,0.09112037185446273,4782.479622209072,0.0,0.037567895818274744
K2-141 b,1.51,4.97,1.4392014519056262,3260.0,4570.0,0.0,2103.0,0.0,0.0,0.0,20.75587467062993,0.0,0.03754464094235389
HD 56957 b,12.8,1880.908512626,0.8947368421052632,0.075,5743.0,0.273,145.67,0.2939661641290468,0.05710834296373359,0.08486937009135992,7859.842412858907,0.7389684882589432,0.03747417046501579
TYC 4282-00605-1 b,12.4,,1.791288566243194,456.431,4300.0,0.28,1285.1,0.13504595341015826,0.001102846193793917,0.046321525885558275,14306.032871597658,0.0,0.03745140138859496
HD 13189 b,12.4,,1.8148820326678767,277.0528,4175.0,0.27,1115.98,0.14944789160231897,0.00192731698377241,0.04298231554202035,14494.460862814245,0.0,0.037430704787206656
24 Sex c,13.9,,0.10145190562613432,3.3719,5098.0,0.29,377.31,0.25852604221893916,0.14716217556429775,0.06763904471870458,1141.2826605430885,0.0005375738052523137,0.03738731279104178
TOI-1898 b,9.39553231,129.0,0.1542649727767695,51.0074,6241.0,0.485,674.54,0.16614079991255612,0.009525019538785675,0.09817278410001394,535.9448564404312,0.0,0.037382410306390876
HD 128311 b,13.5,,0.22867513611615245,0.262,4965.0,0.303,200.47,0.2902115282441801,0.15243432232653883,0.06408612491318014,2356.724740858014,0.9694988242107555,0.03734198446141103
HD 52265 b,13.7,,0.14918330308529945,7.3281,6136.0,0.27,405.0,0.24907220682743075,0.07869469187166626,0.09536784741144333,1606.8322122080465,4.829078744124592e-50,0.0372470437971492
WASP-41 c,13.1,,0.4482758620689656,0.5573,5545.0,0.294,241.0,0.36654845189582513,0.317431203620863,0.07958006090719598,4221.315871844474,0.9999999999790006,0.03722808245026322
Kepler-10 b,1.47,3.24,1.0054446460980038,3741.78,5708.0,0.0,2188.0,0.0,0.0,0.0,13.378233736722304,0.0,0.037177472540392754
HD 205739 b,13.6,,0.17259528130671506,2.8535,6176.0,0.27,362.84,0.29817767211314766,0.1911031927997214,0.09643639472137543,1818.5877129139685,0.05426644624791362,0.0371620910996014
HD 206893 c,16.36511182,3527.8953177,0.8021778584392014,0.2043,6500.0,0.283,1181.9,0.325410638017229,0.1458894927064918,0.1050916279318264,14727.065254219706,0.9185913165983236,0.037154453012386915
HD 25912 c,12.2,5252.750082489,2.885662431941924,0.0034,5920.58,0.051,67.44,0.19150388901312415,0.0023023307490816626,0.08961318587380299,21948.943815048497,0.6184578488983994,0.03713254349452687
TIC 245076932 b,10.87271128,162.09248757,0.13549909255898368,85.6018,6130.0,0.428,845.0,0.14658251209031198,0.005316728491261873,0.0952075653149528,729.5222851895985,0.0,0.03711337068153068
Kepler-653 c,0.78,,0.838475499092559,3743.275,5665.0,0.0,2078.0,0.0,0.0,0.0,1.6667205651523551,0.0,0.03709863535331916
BD+14 4559 b,13.8,,0.12540834845735027,0.7867,4864.0,0.29,246.28,0.30501908905340885,0.31748187407254197,0.061388042955601574,1380.550561795228,0.9999983991214747,0.03709733645865447
HD 60532 b,13.8,,0.1277676950998185,16.9008,6245.0,0.26,550.16,0.20880353506397925,0.032704661173500044,0.09827963883100838,1406.5232930591035,0.0,0.03706972687660217
TOI-2180 b,11.32107051,875.617261285,0.6025408348457351,2.71,5695.0,0.3683,348.0,0.3553656911725132,0.23509086676302254,0.08358711331944106,3662.1622368042845,0.1331338853916197,0.03692929547510839
HD 50499 b,13.5,,0.21052631578947367,0.1619,6102.0,0.266,174.69,0.27372142835026747,0.09938400261559147,0.09445958219800094,2169.6830947581716,0.8680321929098793,0.036821295889514466
WASP-150 b,11.99363,2688.8418,1.5499092558983665,854.7074,6218.0,0.3775,1460.0,0.11815771403238676,0.0005389948863952253,0.09755836939680379,11200.74272117552,0.0,0.036806789594743004
TOI-172 b,10.816685,1722.6386,1.3666061705989112,299.0,5645.0,0.3806,1198.0,0.15127868809438555,0.0017869238009307513,0.08225142918202578,7244.602045838723,0.0,0.03678372549749376
HD 164604 c,12.5,3019.3698665,1.5408348457350274,0.0084,4663.0,0.196,84.25,0.1936741705109634,0.005381892308919291,0.056018592723192304,12605.925603532094,0.6270291551427865,0.036776579829709166
BD-13 2130 b,12.5,,1.588021778584392,40.0372,4545.0,0.21,744.77,0.2354684335670127,0.017501404176694046,0.052866378158892544,12991.972795159694,0.0,0.03671322659361125
Kepler-407 c,12.3,4000.0,2.1415607985480944,0.0854,5476.0,0.221479,146.73,0.29013364275889403,0.06247158966036675,0.0777368167975628,16692.99841229053,0.7557439580466838,0.03671243796444687
HD 73526 c,13.3,,0.30308529945553536,2.0521,5601.0,0.28,329.17,0.34266797790179315,0.27286640827891095,0.08107602714110099,2986.815555553562,0.9892010900432117,0.03666445703145218
HD 132563 b,13.6,,0.1869328493647913,0.3447,6289.0,0.22,213.27,0.31268984923468923,0.19846408636168117,0.09945504087193362,1969.658616510397,0.9998875559451049,0.036641461632681165
HD 132406 b,12.8,1887.90073758,0.8983666061705989,0.4641,5766.0,0.25,228.73,0.40487354650627266,0.3146660208169823,0.08548378479457087,7891.728183296469,0.9999999999999987,0.036603676206486205
HD 147513 b,13.7,,0.14936479128856625,0.5609,5883.0,0.26,244.43,0.3137447597625216,0.27021617231289663,0.08860928567612258,1608.786995921195,0.9999995081657959,0.03660290187476963
HD 158038 b,13.5,,0.19782214156079858,5.2889,4860.0,0.29,405.91,0.2702550174072688,0.11107806203725276,0.0612811882246083,2038.7539424882823,1.6187655681833886e-19,0.03659116071860981
HD 40979 b,12.9,,0.6896551724137931,2.7022,6165.0,0.25,354.69,0.37772293497828413,0.2536545906794531,0.09614254421114388,6201.399900636341,0.13913099772265441,0.03652231228328033
TOI-5301 b,13.09208946,1182.32167404,0.5226860254083484,429.794,6240.0,0.33,1648.0,0.13318296740280364,0.0011451416184838162,0.09814607041726674,4913.1089052413345,0.0,0.036522217995976936
HD 65216 b,13.6,,0.1631578947368421,0.4185,5612.0,0.27,222.56,0.3041606840723071,0.21884883646986175,0.08136987765133238,1719.1486371289777,0.999999723260222,0.03651034910731124
HD 95089 c,13.1,,0.48638838475499097,1.2174,4918.0,0.284,292.91,0.38584917640656097,0.4148763503719272,0.0628305818240098,4580.21317268955,0.9999999999927041,0.03647512946010198
K2-287 b,9.494023,100.11645,0.11433756805807622,53.5814,5695.0,0.478,804.0,0.15721911740192884,0.008581997254383156,0.08358711331944056,409.8532642909427,0.0,0.03638908527999972
HATS-10 b,10.861521,167.17858,0.12704174228675136,836.8558,5880.0,0.501,1407.0,0.08968663084510127,0.000405982318357922,0.08852914462787709,681.8784874265934,0.0,0.036193874285010655
TOI-2431 b,1.534,6.2,1.705989110707804,2649.15,4109.0,0.0,2063.0,0.0,0.0,0.0,25.79532137032227,0.0,0.03612704879212631
HD 73267 b,13.0,1321.530516306,0.6007259528130672,0.1577,5387.0,0.261,165.89,0.32066323540745434,0.11497814542148298,0.07535929903296402,5528.34402622885,0.8625025616944763,0.036080123997206164
TOI-1798.02,1.464,5.6,2.0272232304900184,3345.44,5165.0,0.0,1935.83,0.0,0.0,0.0,26.644858224625818,0.0,0.035997648139084265
TOI-778 b,15.4,878.0,0.23593466424682397,734.672,6643.0,0.21,1561.0,0.11165053645551569,0.0005920195365349154,0.10891168456483344,3609.4624263234396,0.0,0.03597169856212278
HD 111232 b,12.6,2531.503261755,1.2613430127041743,0.1496,5512.0,0.214,172.05,0.3435442797997368,0.11802473939702973,0.07869850937650177,10568.989109454442,0.8515980464001721,0.035864045928068355
HD 187123 c,13.2,912.16752809,0.39564428312159716,0.056,5790.0,0.252,135.42,0.253732905007219,0.03815658128983547,0.08612491318053025,3811.670032086076,0.7076936334313493,0.035852305742188985
HD 102329 b,12.6,,1.2921960072595282,5.9827,4745.0,0.21,532.95,0.34493678118697724,0.12996207187713787,0.05820911470855321,10827.51114522527,2.786497536193999e-28,0.03579880398175854
HD 48265 b,12.6,2351.9302118,1.1724137931034484,1.167,5733.0,0.211,283.0,0.44904140398733994,0.491561836442376,0.08460223326387677,9823.837359291467,1.0,0.035623299461461755
HD 4732 b,13.4,,0.2613430127041742,10.3009,4898.0,0.266,498.53,0.25621857061126463,0.06170472659864752,0.06229630816904379,2633.9886403506694,1.9946087460398494e-120,0.0355916024870911
HD 108874 c,13.8,,0.11941923774954628,0.1412,5551.0,0.239,168.21,0.24667300460310063,0.07988389231572529,0.0797403430036859,1314.6197824330827,0.839967554564395,0.035591492131691035
HD 72659 b,13.2,949.671280116,0.411978221415608,0.1115,5929.0,0.2393,155.34,0.29202251967768067,0.07882828849169146,0.0898381150825444,3969.03255634651,0.7964993226425297,0.03558042626714796
HD 111591 b,12.9,,0.6497277676950999,6.0912,4884.0,0.26,422.08,0.3233521665894222,0.12006088417833063,0.061922316610567456,5842.371485336343,8.380294271608648e-30,0.035563836646360744
HD 75898 c,12.6,2698.36317543,1.3448275862068966,0.0528,6122.0,0.08,135.2,0.3350130732739534,0.04804653586025939,0.09499385585296644,11268.519323893153,0.7023584729944679,0.035386940658707525
TOI-4010 e,13.3,,0.29401088929219604,0.15,4960.0,0.26,174.0,0.28404011945579777,0.09762542423912021,0.06395255649943857,2897.389940117827,0.8521437873340715,0.03533981660904059
Kepler-278 c,3.268,34.9,0.9981851179673321,54.3,4965.0,0.616,492.0,0.2417784695113236,0.012393119983636448,0.06408612491317679,145.93042373586312,0.0,0.03521997318933422
HD 147873 c,13.3,,0.3103448275862069,3.2385,5972.0,0.23,373.68,0.33409465815226963,0.1969915640421996,0.09098680344072144,3058.3560479021503,0.002164579849880438,0.03511891459811594
TOI-5027 b,10.76062147,642.01338214,0.5335753176043557,190.912,5909.0,0.385,1056.0,0.15892765152490615,0.0028175967167001713,0.08930384142757777,2784.8153484445984,0.0,0.035085345650405775
HD 4203 c,13.3,,0.29219600725952816,0.0406,5582.0,0.24,124.96,0.22909775198276697,0.025968165004306775,0.08056846716888319,2879.5048170306795,0.6818719181718542,0.03503653760350697
WASP-8 b,12.66617,807.2882,0.38112522686025413,209.118,5600.0,0.31,1059.0,0.15056110541638368,0.0024811553213409613,0.08104931345835256,3244.0851363938073,0.0,0.03502487988532026
eps Ind A b,12.7,2065.8846455,1.0054446460980038,0.001,4700.0,0.25,275.0,0.12672418731352836,0.0005068591230263312,0.05700699898487961,8626.963052472292,0.6143416944548706,0.03500449288412691
TOI-558 b,12.17295304,1147.36054927,0.6352087114337568,248.8554,6466.0,0.298,1061.0,0.15673249913214232,0.0022130742864132054,0.10418336271838294,4799.465726578451,0.0,0.03500254036387546
HD 80883 b,12.8,1748.0562385,0.8312159709618875,0.0103,5177.91,0.203,88.66,0.20758927217114678,0.006944671008382111,0.0697737351071212,7301.841430201581,0.630284256855085,0.034990328927685256
HD 20329 b,1.72,7.42,1.4627949183303086,3474.0,5596.0,0.0,2141.0,0.0,0.0,0.0,31.178656186591123,0.0,0.03498805364910321
HD 134987 b,13.5,,0.20689655172413793,2.7435,5736.0,0.23,339.45,0.320998879751434,0.21120314078986,0.08468237431212192,2132.274765538203,0.10957247872584003,0.03497732128432409
Kepler-1087 b,0.61,,0.7241379310344829,3496.493,5589.0,0.0,2161.0,0.0,0.0,0.0,0.6884928130663799,0.0,0.034958558866911474
KELT-6 c,13.0,,0.5353901996370236,0.5448,6272.0,0.21,241.9,0.39753811588383686,0.34047590911046394,0.09900090826521231,4927.073981080093,0.9999999999975429,0.03492498080322009
HD 136418 b,13.3,,0.2885662431941924,4.0863,4989.0,0.25,411.81,0.30990786500419953,0.1550535174691766,0.06472725329913936,2843.7345708563853,2.745848079777621e-08,0.034913518607192884
TOI-4603 b,11.67975789,4096.80816623,2.5589836660617062,1192.0,6264.0,0.325,1677.0,0.10686724095594126,0.0003572183097501666,0.09878719880322562,17078.811460312332,0.0,0.03489803076460124
HD 125271 b,12.4,3465.600949928,1.8130671506352087,0.0021,4703.93,0.165,59.78,0.14897414118555666,0.0011666969530929729,0.05711198375808032,14479.96640195143,0.6162283784008664,0.03488573573852296
HATS-58 A b,12.273855,327.3649,0.17422867513611615,382.7103,7175.0,0.168,1721.0,0.1303270696369883,0.0012305731506545947,0.1231233637869297,1349.4326334003943,0.0,0.03477011842609399
TOI-2537 b,11.25381662,415.401727949,0.29038112522686027,7.4445,4870.0,0.364,338.0,0.26852820656201665,0.08339939255948134,0.06154832505209095,1733.6303258570965,3.203050966693806e-52,0.034745098899765105
HD 190647 b,13.4,,0.2613430127041742,0.3978,5656.0,0.224,214.19,0.33930268943490516,0.23716461464787597,0.08254527969225764,2633.9886403506694,0.9999999945495766,0.03463769254534934
HD 143811 AB b,15.69257298,1938.7532827,0.5009074410163339,0.0011,6791.0,0.19,1042.0,0.12116011011171801,0.000534024970464618,0.11286530961158239,8108.276753283747,0.6145132180224254,0.03463011441033342
BD+20 2457 c,12.4,,2.0689655172413794,366.1069,4137.0,0.18,984.96,0.14966253858400702,0.001495065455869199,0.04196719559758478,16523.685383608237,0.0,0.034536572884512916
HD 30177 c,12.9,1484.25866069,0.6896551724137931,0.0124,5680.0,0.21,87.87,0.21120715289287825,0.008327687543641835,0.08318640807821678,6201.399900636341,0.6338803656902021,0.03449400425862316
nu Oph b,12.0,7057.73298,4.0653357531760435,25.1924,4887.0,0.126,620.57,0.2509339449491434,0.02771967188657093,0.06200245765881206,29425.83306981992,0.0,0.03445375081547015
HD 98736 b,13.3,,0.3139745916515427,0.1734,5271.0,0.226,179.53,0.30394026997884815,0.11697501785742973,0.07226051183416086,3094.1262940764445,0.8827173416963038,0.034330171332855715
HD 125612 d,12.7,2281.372305446,1.1107078039927405,0.0724,5900.0,0.115,147.48,0.3421248057135905,0.06448477732871236,0.08906341828284327,9530.14690995134,0.7347337869525471,0.034262473627733936
HD 66428 c,13.5,560.649309948,0.2268602540834846,0.0141,5716.0,0.207,95.52,0.18395475890192367,0.008084462061018734,0.08414810065715583,2338.02057624803,0.6367900571177983,0.0342064397524797
TOI-1670 b,2.06,41.31769291,1.5607985480943738,196.694,6170.0,0.59,1062.0,0.19402464147346524,0.002990337575130149,0.09627611262487873,57.15274878447668,0.0,0.03410772348739728
HD 147873 b,12.8,,0.7767695099818512,21.9829,5972.0,0.207,603.16,0.2766071869178407,0.034859297508346106,0.09098680344072127,6823.554873638159,0.0,0.03406806834214996
HD 89307 b,13.4,642.01338214,0.26678765880217786,0.1265,5955.0,0.2,166.55,0.2883812041349656,0.08604173245595842,0.09053267083400028,2688.8634036913086,0.8188871419525464,0.03398036162966467
HD 29985 b,12.8,1739.474871511,0.8275862068965517,0.0008,4678.0,0.261,46.73,0.11769468143360173,0.000383572688636994,0.056419297964416956,7269.955659764019,0.6139986435741819,0.03384774807526801
TOI-3919 b,12.31866979,1233.17421916,0.6588021778584392,184.322,6100.0,0.259,1198.0,0.17226906629671163,0.003196397117912615,0.09440615483250403,5158.638285391711,0.0,0.03380028483089322
HD 143361 b,12.9,1382.55357045,0.6424682395644283,0.205,5507.0,0.197,180.26,0.3575332423715837,0.15703402896646318,0.0785649409627603,5777.093591645434,0.9193393175663125,0.03368522499030151
KOI-134 b,12.03844527,346.43296363,0.19782214156079858,45.0,6160.0,0.16,659.0,0.2094473920382445,0.013736159258882346,0.09600897579740199,1445.6884669668536,0.0,0.03367216772484727
HD 196050 b,12.9,1493.7935129,0.6932849364791288,0.2591,5879.0,0.2,207.52,0.37493369978875546,0.19597530617895376,0.0885024309451291,6234.038847481795,0.9674889841833035,0.033616299029431695
HD 168863 b,12.7,2154.87659946,1.0490018148820328,0.0026,4905.0,0.187,63.01,0.16191265274959604,0.0015489968946615453,0.06248330394828173,9000.694303842933,0.6170859016816201,0.03359435467145958
Kepler-1660 AB b,12.9,1586.599407744,0.7368421052631579,7.2787,6305.24,0.05541,415.08,0.41997210790039463,0.1351091811080495,0.09988887107976543,6625.7062096272475,3.927388875161319e-49,0.0335911945417812
HD 165155 b,13.2,,0.397459165154265,0.5482,5426.0,0.2,239.9,0.38510419382229627,0.3303072233797585,0.07640113266014782,3829.1547570039015,0.9999999999229696,0.03355551865226889
HD 109988 b,12.1,6935.333669147,3.901996370235935,0.0031,5185.97,0.056,65.91,0.1756764215693473,0.0019386766053318249,0.06998904739007211,28955.534178875503,0.6179433823757576,0.03350872155371423
HATS-59 c,12.3,,2.159709618874773,0.159,5670.0,0.083,175.9,0.3868725542995814,0.1384585408404909,0.08291927125073338,16834.464500530277,0.8642233816658355,0.03344382483329268
HD 17092 b,12.5,,1.6442831215970963,33.1963,4326.0,0.17,671.64,0.2513847301622444,0.022111710518751673,0.04701608163701409,13452.259831331068,0.0,0.03327691649391034
HD 42012 b,13.5,,0.20689655172413793,0.1927,5405.0,0.2,182.63,0.29611616905574234,0.12314570324917291,0.07584014532243352,2132.274765538203,0.9057669799737628,0.033237616375250245
HD 73344 d,13.2,810.46243785,0.35208711433756806,0.0407,6148.0,0.18,126.51,0.24830997025919074,0.028269544797646876,0.09568841160442272,3392.0366340582505,0.6820406898937845,0.03322857479407409
HD 73526 b,13.1,,0.43375680580762255,5.1529,5601.0,0.19,414.37,0.33840117136229764,0.14212686349021272,0.08107602714110083,4084.593090570159,5.383927001631111e-18,0.03320995696758889
TIC 147027702 b,10.92875618,346.43296363,0.28431941923774956,90.5749,6410.0,0.127,863.0,0.20445763197498074,0.007120196169478029,0.10268739648447729,1554.5594803027293,0.0,0.03315326494782022
K2-19 d,1.044,6.2,5.626134301270418,404.0,5350.0,0.44,1258.0,0.15929244957234664,0.001213560464859392,0.07437089277126921,26.816383034519852,0.0,0.03313845558994842
TOI-2295 c,12.8,,0.8475499092558983,0.5059,5730.0,0.194,234.9,0.4264450218338609,0.34945787890855506,0.08452209221563191,7445.327397170608,0.9999999999999967,0.03307463234674032
TOI-6420 b,11.93756445,2606.1929374,1.5245009074410165,106.619,6020.0,0.078,1213.0,0.2393942535254331,0.0072862097413527475,0.09226906021263934,10863.342806789753,0.0,0.033070081956989794
HD 67087 b,13.1,,0.4319419237749546,2.9727,6330.0,0.17,365.67,0.3743901942631827,0.23517597433109932,0.10055030186461383,4067.5027429108686,0.022718376148207178,0.0330053894482333
TOI-3785 b,5.14,14.95,0.11070780399274048,19.1,3576.0,0.11,582.0,0.2648139093526441,0.034997682727014964,0.026980819575785662,62.973263770697244,0.0,0.03299170472438265
WASP-89 b,11.65736,1875.197,1.2704174228675136,278.8533,5130.0,0.193,1120.0,0.17165331531884123,0.0021814493391522386,0.06849388256664972,8430.157252768755,0.0,0.032908457370564956
WASP-186 b,12.44199,1341.2426,0.6934664246823957,853.1355,6361.0,0.33,1378.4,0.12121410197223523,0.0005562189928689519,0.10137842602981123,5594.787449678013,0.0,0.032906982845938404
TOI-4860 b,8.7,86.7,0.13611615245009076,42.5,3260.0,0.008,694.0,0.2542042708603121,0.01733271796986336,0.018539295827322312,375.4533915003338,0.0,0.03286707699091768
HD 151450 b,6.94,,0.11470054446460981,66.5618,6091.98,0.496,795.0,0.1576315866111046,0.006917721368328533,0.09419191109686074,160.59517763093837,0.0,0.03285782989475314
HR 8799 e,13.11453,3178.3,1.4047186932849365,0.0201,7400.0,0.15,1150.0,0.24117722767207678,0.014831168782832143,0.12913394240529816,13271.993608386605,0.6470471968007122,0.03284893602519174
HD 11505 b,12.6,2510.526586893,1.252268602540835,0.0035,5757.15,0.144,67.46,0.18000529879389474,0.0022434987054229297,0.0852473687022482,10492.953216580669,0.6186293339225837,0.0328412268452295
HD 167677 b,13.2,905.81095995,0.3920145190562614,0.0891,5474.0,0.182,151.9,0.2920012618123769,0.06541745828599294,0.07768338943206636,3776.700582250424,0.7616445971090537,0.03266407408846749
HD 191806 b,12.5,2966.610350938,1.515426497277677,0.2951,6010.0,0.213,206.98,0.3773572290107628,0.21605387373921028,0.09200192338515673,12398.054038809538,0.9880163428746233,0.03266275591577299
HD 43197 c,12.6,2500.673906276,1.2468239564428314,0.01,5508.0,0.149,90.89,0.21954002015593846,0.007125543312837318,0.07859165464550849,10447.331680856407,0.6297703814010032,0.032601222875210646
HD 118203 b,12.778238,680.15279098,0.32486388384754994,593.4,5742.0,0.3136,1361.0,0.1192793474505606,0.0007569793392459847,0.08484265640861166,2839.245589303618,0.0,0.032599743776598494
HIP 10090 c,13.9,270.15414595,0.10036297640653359,1.9857,5661.0,0.188,338.35,0.3052191409257861,0.24555073108900613,0.08267884810599921,1129.0327572098888,0.9999935124372277,0.032516643494602725
HD 28185 c,12.8,1906.970442,0.9074410163339384,0.0134,5602.0,0.15,94.85,0.2351737035084059,0.009965742442342154,0.08110274082384904,7971.442609390373,0.6355921213543527,0.03250232638662822
TOI-4504 d,11.26,643.0,0.4500907441016334,12.5915,5315.0,0.293,524.8,0.2738453106100353,0.05509465779732494,0.0734359138750858,2691.5587438313028,1.329235723567436e-195,0.03247158519383808
HD 89839 b,12.8,1748.0562385,0.8312159709618875,0.1067,6314.0,0.185,159.03,0.33169119044156836,0.08683186762556046,0.10012288294064094,7301.841430201581,0.7891652324285853,0.032463141354854244
TOI-530 b,9.30345398,127.1313628,0.16878402903811254,14.259,3659.0,0.0,565.0,0.0,0.0,0.0,569.314965424486,8.54148995953548e-262,0.03245982914852823
HD 93351 c,12.3,4154.01727949,2.2323049001814885,0.0051,5408.0,0.109,74.54,0.18922477445291006,0.0033079006442838293,0.07592028637067802,17400.32885348928,0.6213728093881178,0.0324275773266268
WASP-185 b,14.01125,311.4734,0.11978221415607987,662.3252,5900.0,0.24,1160.0,0.10204530143265225,0.0005834665823083481,0.0890634182828438,1380.1032942201045,0.0,0.03235063490026922
TOI-5261 b,11.60129502,3651.84839643,2.341197822141561,159.592,5790.0,0.1585,1244.0,0.1864498618384248,0.0039040592773361502,0.08612491318052971,15312.501130455279,0.0,0.03229944402703591
HD 10647 b,13.8,,0.1134301270417423,0.3471,6218.0,0.15,221.54,0.3072600440614327,0.1949084825506036,0.09755836939680404,1248.6890030709374,0.9999631610925626,0.032244051490649545
HD 155358 b,13.8,,0.11941923774954628,5.0212,5905.0,0.17,421.43,0.27913635974782264,0.11830865303682636,0.08919698669658517,1314.6197824330827,1.3920277185917226e-16,0.032234711110236666
GJ 3293 c,4.87,,0.18148820326678766,0.17,3466.0,0.11,176.62,0.35960066417447456,0.12727279745119582,0.024042314473472343,87.80593950026588,0.8736511876119604,0.0322123357641006
HD 183263 c,12.5,2958.98246917,1.5099818511796734,0.057,5948.0,0.051,134.6,0.36169307133644174,0.055300880033392785,0.09034567505476153,12353.510132083276,0.7093572504623998,0.032184052393984856
TIC 4672985 b,11.5004142,4049.13390518,2.6497277676951,11.9376,5757.0,0.018,517.2,0.41969655274166084,0.08811666376655922,0.08524336164983513,16882.249444242527,2.776138560089674e-172,0.03203499242184188
K2-99 c,12.6,,1.3303085299455537,3.8779,6069.0,0.21,390.0,0.3752146359229504,0.19539631386738388,0.09357803066730665,11146.861895295118,7.478722666985309e-07,0.03201750098252223
HD 60292 b,12.7,,1.0054446460980038,110.1333,4348.0,0.27,889.53,0.192177696020367,0.005771293017969902,0.04760378265747686,8626.963052472292,0.0,0.03199235167810293
TOI-3135 b,13.65253849,327.36325921,0.12704174228675136,464.0,5890.0,0.24,1292.0,0.11126855876807037,0.00087963561429765,0.08879628145536068,1354.1765198086928,0.0,0.031916751610015205
TOI-2416 b,9.86390302,953.485221,0.9800362976406535,130.93,5808.0,0.32,1080.0,0.1937944711135484,0.004831281101459142,0.08660575946999882,3939.826993362872,0.0,0.03189609945675617
HD 135625 b,13.3,731.0053361,0.3103448275862069,0.0758,6040.64,0.16,146.04,0.2801432062662376,0.05461943901163399,0.09282043062456487,3058.3560479021503,0.7402683220948352,0.03178045100864245
HD 82943 b,13.5,534.25,0.2159709618874773,1.117,5935.0,0.162,286.13,0.3856975835199603,0.4282307242078144,0.08999839717903417,2225.7955885881242,0.9999999710863154,0.031748205702303564
TOI-159 b,18.18,1110.0,0.18511796733212343,1797.8272,7287.0,0.24,1891.0,0.08394436132308307,0.00019894142464839902,0.12611529625474163,4659.28009288723,0.0,0.03171667027902066
Kepler-419 c,12.6,2320.1,1.1560798548094375,1.8888,6430.0,0.184,315.55,0.4310286851959198,0.36374877556773116,0.10322167013944404,9686.972752118676,1.0,0.03171646084719969
Kepler-56 d,12.8,,0.8475499092558983,1.7204,4819.44,0.2,324.75,0.42400607585593486,0.37938470210222247,0.06019768125233692,7445.327397170608,0.9999999999999967,0.03168471744635938
TOI-201 b,11.4,164.0,0.11070780399274048,68.4513,6423.0,0.275,759.0,0.15861990879215365,0.0070611822530936355,0.10303467436020565,687.0390139832359,0.0,0.03165834181625735
HIP 5158 c,12.2,,2.6315789473684212,0.0046,4813.0,0.14,72.63,0.1714250625884584,0.0027316279483688122,0.060025645135437684,20016.332409949886,0.6205155340008442,0.03165662465872317
HD 17674 b,13.9,,0.1027223230490018,0.7946,5904.0,0.13,259.52,0.3464000876406907,0.3599932784788581,0.08917027301383681,1155.5742144318208,0.9999944101904414,0.031652731856092534
HD 27969 b,12.9,,0.7096188747731398,0.76,5966.0,0.182,261.0,0.4430047789363059,0.45686398094431174,0.09082652134423144,6380.914108286341,0.9999999999999514,0.03148307171195248
HAT-P-7 b,16.92559,584.8072,0.12921960072595282,4353.408,6389.0,0.0,2733.0,0.0,0.0,0.0,2624.5113391012014,0.0,0.031480666622280454
47 UMa d,13.5,,0.21052631578947367,0.0117,5872.0,0.16,91.58,0.1834999521697315,0.006807529311687411,0.08831543516589105,2169.6830947581716,0.632681845835931,0.03146215989739512
Kepler-539 b,8.373123,308.2951,0.5263157894736842,3.681,5820.0,0.39,387.6,0.3485564718918393,0.18176710302570057,0.08692632366297799,1294.1881569264522,1.233531771055312e-05,0.03134933218494024
Kepler-226 b,1.55,24.0,6.424682395644283,270.402,5571.0,0.0,1018.0,0.0,0.0,0.0,100.2156083093016,0.0,0.03131544263141178
K2-14 b,4.81,,0.18511796733212343,8.0,3789.0,0.14,488.0,0.3320189918951628,0.09154826960529987,0.03267083400117402,86.29237285794,2.878601134208682e-63,0.03128125228969321
TOI-559 b,12.22899794,1910.14872607,1.0417422867513613,404.915,5925.0,0.151,1180.0,0.17036098770094082,0.001543666924199296,0.08973126035155078,7980.342271850335,0.0,0.03126991766886066
TIC 87422071 b,10.8615023,409.99864503,0.34092558983666066,140.925,6150.0,0.124,1110.0,0.1944319877319924,0.00453342323441495,0.0957418389699185,1829.8601753140458,0.0,0.03121975618594228
Kepler-643 b,10.16,321.0083,0.30490018148820325,211.711,4908.0,0.37,963.0,0.1442585563767288,0.0023143412066847966,0.06256344499652623,1339.4528049123767,0.0,0.031201481295029743
HD 202206 c,12.2,5689.157,3.1215970961887476,0.1866,5766.0,0.22,182.65,0.31814922384268707,0.12840383907430547,0.0854837847945707,23743.511548354345,0.8987069778195043,0.031123060181150644
HD 65216 c,13.4,,0.26678765880217786,0.0214,5612.0,0.17,105.87,0.21238638940979998,0.013613249928329794,0.08136987765133222,2688.8634036913086,0.649266610625264,0.03112112973331382
HD 85390 b,6.16,,0.13430127041742287,0.2281,5186.0,0.5,190.89,0.2724986414910772,0.12070747244259501,0.06998984880055323,131.49549270052162,0.9392559210438458,0.03111962051365369
TOI-2373 b,10.42435205,2955.8041851,2.6134301270417426,69.8726,5651.0,0.112,860.0,0.23401035452778718,0.010273537829309528,0.08241171127851518,12400.714594810723,0.0,0.03105728782928584
HD 159243 c,13.4,,0.25045372050816694,2.0315,6123.0,0.075,349.35,0.41943647918718135,0.3358506141451666,0.09502056953571494,2524.2391136693914,0.9960388578286552,0.03104758332655326
HD 113337 c,12.1,6299.676855147,3.5390199637023594,0.0926,6774.0,0.164,153.36,0.2867991508598565,0.06589835469664329,0.11241117700486009,26261.996115724294,0.7671913425136317,0.031021071429410133
TOI-1670 c,11.06326395,200.23189641,0.14700544464609802,14.5514,6170.0,0.09,684.0,0.27780726208754647,0.04870079417027751,0.09627611262488456,833.819123509351,2.1334433690847873e-274,0.03101400146441469
HD 135872 b,12.8,1744.560126023,0.8294010889292197,0.4969,4992.0,0.164,233.64,0.4314435612132797,0.3511508822329093,0.0648073943473841,7285.8985449828015,0.9999999999999951,0.030990317487974775
GJ 724 b,3.27,,0.30671506352087113,23.32,3799.0,0.577,611.0,0.240646967797885,0.026142279137317207,0.03293797082865668,44.92281607493942,0.0,0.030965508594300452
TOI-150.01,14.067295,797.7533,0.30490018148820325,750.922,6255.0,0.262,1404.5,0.11368445443264803,0.0005871124158058492,0.09854677565849149,3555.3149342721276,0.0,0.030922022211089285
GJ 9714 b,12.5,2988.540511021,1.5263157894736843,0.0009,4263.0,0.155,47.68,0.12835505792293128,0.0004656357816598969,0.045333119623870974,12487.14185226206,0.6141701696295219,0.030885408072993403
HD 27631 b,13.5,495.81231492,0.20145190562613433,0.0836,5737.0,0.141,147.61,0.27263272623277396,0.05748590277545222,0.0847090879948701,2076.1622717082505,0.7528600735095605,0.03083449349934165
HD 70642 b,13.0,1239.5307873,0.5626134301270418,0.0934,5732.0,0.175,150.52,0.31394581750578765,0.07323193477998018,0.08457551958112854,5177.6031665587425,0.7684542571691452,0.030830809979410453
IC 4651 9122 b,12.7,,0.9745916515426498,10.4109,4740.1,0.18,513.04,0.32918758234538326,0.0792829360486841,0.058078217663086525,8362.236749418087,1.2776356204304057e-123,0.03082041373760477
HD 178911 B b,12.6,,1.2722323049001816,7.8319,5588.0,0.11,480.24,0.376824003870974,0.11390835090865951,0.08072874926537266,10660.232180902969,8.255462807017042e-60,0.030818901006216506
HD 222155 b,13.4,581.62598481,0.2413793103448276,0.1222,5701.0,0.16,164.93,0.29432162643028376,0.0852358009594583,0.0837473954159312,2432.7811747683268,0.8125552461735582,0.030815870169233713
TOI-6695 c,13.6,,0.18330308529945555,4.9413,6400.0,0.022,415.0,0.4108083841220835,0.17741676732654005,0.10242025965699458,1931.4128181315546,9.35937599627922e-16,0.030809358197476048
HD 200964 c,13.7,,0.14972776769509982,3.0164,4982.0,0.243,380.62,0.2914122456159418,0.18007787890293706,0.0645402575199013,1612.696563347492,0.016046310635669355,0.030806361399146644
HD 19994 b,13.6,,0.17259528130671506,2.2324,6188.0,0.063,350.1,0.39888517705185883,0.3003207837664851,0.09675695891435464,1818.5877129139685,0.8057037048896838,0.030803528789718374
HD 113996 b,12.7,,0.9745916515426498,113.6719,4181.0,0.28,798.69,0.18843268245767647,0.005505313636337744,0.04314259763851021,8362.236749418087,0.0,0.030780623215262256
HD 111998 b,12.9,1525.5763536,0.7096188747731398,0.8918,6557.0,0.13,275.49,0.474368239728537,0.5316981517048212,0.10661430784847852,6380.914108286341,0.9999999999999514,0.030759388872260488
HD 18015 b,13.1,1048.8337431,0.46460980036297644,0.6286,5603.0,0.148,242.98,0.4250343821708454,0.3944918649804291,0.08112945450659739,4375.129000778078,0.9999999999867217,0.0307403779759759
CoRoT-6 b,13.068,940.74,0.42105263157894735,145.1436,6090.0,0.1,1017.0,0.20016213791855592,0.004619120583268731,0.09413901800502092,3935.9753759056703,0.0,0.030738210819582928
CoRoT-9 b,11.948794,266.9772,0.1560798548094374,3.444,5625.0,0.133,420.0,0.3335959271163414,0.18524980949188272,0.08171715552705977,1115.3410412846981,0.00023864186770584874,0.03073462182126794
TOI-2379 b,11.72459381,1830.69162432,1.1270417422867514,25.3,3707.0,0.342,624.0,0.24129533565601616,0.02708746582744153,0.030480312015814342,7608.902657855583,0.0,0.030732242240564693
CoRoT-27 b,11.287,3302.11,2.2867513611615244,300.8697,5900.0,0.065,1500.0,0.19266562929416006,0.0022599047897669915,0.08906341828284271,13773.462492666966,0.0,0.03071564753511708
HIP 8923 b,12.5,3171.92750186,1.618874773139746,0.0539,5980.0,0.011,136.48,0.3900942664870078,0.0567932328919752,0.09120051290270682,13244.388266608512,0.7041943891406794,0.030682258064813298
HD 117207 b,13.4,669.346625142,0.2776769509981851,0.0811,5732.0,0.157,147.2,0.28044115759698096,0.0578091017564823,0.08457551958112859,2798.6129303725866,0.748840818842934,0.03067659910349905
HD 2952 b,13.9,,0.10580762250453721,46.9588,4853.0,0.269,731.02,0.16279274134371163,0.01035205939442212,0.061094192445370225,1190.2822738758862,0.0,0.03067297370690615
HD 231701 b,13.7,,0.13938294010889293,9.1798,6101.0,0.13,483.27,0.2705100868455356,0.07103899710412796,0.09443286851525248,1501.273891698029,2.8138267268722917e-90,0.030657927699553538
HIP 109600 b,13.2,,0.37023593466424687,1.6736,5530.0,0.163,312.88,0.4008586213925814,0.36104257309752424,0.07917935566597133,3566.8838832365113,0.9999999998216547,0.03062483752772482
TOI-3464 b,13.7646283,397.28550875,0.15063520871143377,1370.0,6370.0,0.25,1693.0,0.09077557529057631,0.0002679198139396273,0.10161884917454629,1645.5404690095952,0.0,0.030605764635403935
HD 188015 b,13.6,,0.18874773139745918,0.7914,5746.0,0.137,267.98,0.3838128605672461,0.4001410571696807,0.08494951113960485,1988.7815156998186,0.9999999167728402,0.030604886590410288
HD 43691 b,13.2,,0.35208711433756806,55.8272,6093.0,0.0796,761.79,0.24438033170174533,0.013383775845177987,0.09421915905326579,3392.0366340582505,0.0,0.030509963569805138
TOI-2010 b,11.81426566,408.727331402,0.24682395644283125,4.09,5929.0,0.212,400.2,0.32271605648630997,0.15896023544624396,0.089838115082544,1704.8890280656058,2.581267741096626e-08,0.03048598336667495
TOI-3071 b,7.16,68.2,0.18511796733212343,2579.61,6177.0,0.09,2155.0,0.11241930306658643,0.00017691880734174365,0.09646310840412108,284.62710081528525,0.0,0.03046481984305625
TOI-912 b,1.93,5.1,0.7259528130671506,15.0,3572.0,0.58,551.0,0.3143550376542301,0.049024477602630095,0.026873964844791518,21.860944858984414,2.5628661922357144e-294,0.030433503393114465
Kepler-1339 b,0.71,,0.79491833030853,3094.817,5586.0,0.0,1642.0,0.0,0.0,0.0,1.1917527619810564,0.0,0.03043194943383638
TIC 88785435 b,5.03,,0.17477313974591652,28.3253,3998.0,0.131,635.0,0.26243737858961597,0.024539222220719713,0.03825399369556927,93.16810296863416,0.0,0.03038740406160315
HD 40956 b,13.2,,0.3720508166969147,23.5561,4869.0,0.24,580.56,0.2365306829901969,0.028058102245206162,0.06152161136934295,3584.368608154337,0.0,0.030336373652146465
OGLE-TR-56 b,15.278,441.77,0.12341197822141563,3942.3204,6050.0,0.0,2212.0,0.0,0.0,0.0,1843.5097558419686,0.0,0.030238480459783522
HD 30177 b,12.6,2622.08435775,1.3067150635208713,0.0995,5680.0,0.186,148.0,0.3275438436850898,0.08058164434518038,0.08318640807821669,10949.168573823308,0.7780215935369749,0.03021360657647918
HAT-P-21 b,12.44199,1547.8321,0.6594883847549909,459.542,5588.0,0.23,1367.0,0.14688222199717174,0.0011840235140426398,0.08072874926537281,5320.657506851197,0.0,0.03021356848722617
HD 47536 b,12.6,,1.161524500907441,47.5699,4380.0,0.2,736.52,0.23681076020605907,0.015150059363407343,0.0484586205054225,9732.59428784294,0.0,0.030196597069094264
Kepler-757 b,1.36,,0.9600725952813067,3345.453,6014.0,0.0,1734.0,0.0,0.0,0.0,10.116013671203888,0.0,0.030194244552663632
HD 204313 b,12.9,1466.778098305,0.6805807622504537,0.124,5767.0,0.1,163.43,0.3743540125011837,0.11047197733077174,0.08551049847731897,6119.802533522705,0.8152145083034429,0.030141775367175973
HD 109246 b,13.9,,0.10145190562613432,11.568,5844.0,0.12,507.43,0.24893580476626814,0.05367492098162893,0.08756745204893861,1141.2826605430885,9.273054450637911e-160,0.030124256034700786
HD 99706 b,13.7,,0.15154264972776768,3.9282,4862.0,0.25,391.46,0.27809500608190907,0.14261482081126242,0.06133461559010492,1632.2444004789766,3.4773630104908523e-07,0.030108221332923082
HD 68402 b,12.6,2510.8444153,1.252268602540835,0.2462,5950.0,0.03,196.26,0.5153815555157533,0.25941334494516216,0.09039910242025802,10492.953216580669,0.9578177492267765,0.0300056163702514
HD 60532 c,13.3,,0.3375680580762251,3.9142,6245.0,0.03,381.66,0.4561568176231108,0.23541414321303886,0.0982796388310076,3326.632894209357,4.3122037766589443e-07,0.029992587346962054
HD 142 b,12.7,2256.5816897,1.0980036297640654,2.7603,6245.0,0.158,358.19,0.4233677645820778,0.2806521018504325,0.09827963883100792,9421.141961634903,0.0990407041814445,0.02993509900021924
HD 23079 b,13.2,,0.3666061705989111,0.5273,5994.0,0.07348,237.47,0.4524983440401132,0.3786131320379695,0.09157450446118377,3531.9144334008593,0.9999999998000717,0.02989138315541687
HATS-44 b,11.960003,177.9848,0.1016333938294011,306.417,5080.0,0.279,1161.0,0.11438236469604966,0.0013079617574805844,0.06715819842923472,728.3144108218685,0.0,0.02985644265390953
HD 147018 c,12.7,,1.012704174228675,0.1927,5441.0,0.133,183.28,0.39924900419005976,0.16767255679146084,0.07680183790137217,8689.251594367397,0.9057670184840766,0.029852853880904594
Kepler-129 d,12.6,,1.3157894736842106,0.1818,5770.0,0.15,178.86,0.37903765749313556,0.15152559393195528,0.08559063952556391,11025.20446669708,0.8930033381345739,0.02978585292642273
Kepler-908 b,1.22,,1.087114337568058,3304.101,5973.0,0.0,1783.0,0.0,0.0,0.0,8.268815940386196,0.0,0.029767954259444236
HIP 98599 b,12.7,2177.12458795,1.05989110707804,0.1724,5978.0,0.169,171.08,0.3745362221386604,0.14413488416464623,0.09114708553721103,9094.127116685591,0.8814675941382927,0.0297454153732288
GJ 676 A b,12.8,1840.862133344,0.8747731397459166,0.0301,3734.0,0.319,113.55,0.2280943164145827,0.020251261369752565,0.031201581450018622,7684.47067545232,0.6640857209645051,0.029742898258423228
K2-157 d,5.16,,0.16914700544464611,6.46,5334.0,0.5,429.1,0.27465839871876396,0.08925765270799009,0.07394347384730149,97.34239507188327,2.77126943664161e-35,0.029662587587232177
HD 10697 b,12.8,1825.288541401,0.8675136116152451,0.7124,5641.0,0.104,259.25,0.4979983073590093,0.4966977582631409,0.08214457445103276,7620.699134577197,0.9999999999999978,0.029637736372169838
HD 214823 b,12.1,5914.78665427,3.3212341197822144,0.4586,6215.0,0.161,243.9,0.38117946387582297,0.2904429733071866,0.0974782283485587,24645.87327783357,1.0,0.029531523292370392
HIP 14810 c,13.6,,0.16515426497277677,3.2423,5544.0,0.1566,373.22,0.3218874303255648,0.1886644629050186,0.07955334722444764,1740.183826237341,0.002084476756873873,0.0295218608803336
HIP 10090 b,13.0,1229.99593509,0.558983666061706,0.1074,5661.0,0.115,163.17,0.3464040888960229,0.09079627249798994,0.08267884810599889,5144.199275161589,0.7902396382191025,0.02948547200847723
HD 151450 c,12.8,1636.180639236,0.7785843920145191,0.0085,6091.98,0.138,84.59,0.21407195135989157,0.006002263804725255,0.09419191109686255,6839.49775885694,0.6272005079982899,0.02942981369342536
TOI-4961 b,12.34108775,572.0911326,0.30308529945553536,115.0,5380.0,0.182,919.0,0.1811179356737717,0.005126635470403257,0.07517230325372566,2386.2382482176404,0.0,0.029413805501729794
HD 137496 b,1.31,4.04,1.9038112522686026,3114.3366,5799.0,0.0,2130.0,0.0,0.0,0.0,17.927774694594547,0.0,0.029395320125875084
HD 19615 b,12.6,,1.3466424682395646,270.2479,4263.0,0.2,1113.92,0.16463369934110342,0.002178634780144204,0.04533311962387103,11283.726502467909,0.0,0.029364079893263565
Kepler-1377 b,1.25,,1.0725952813067152,2909.21,5218.0,0.0,1873.0,0.0,0.0,0.0,8.775149625073578,0.0,0.02935326298061103
Kepler-63 b,6.11,120.0,0.544464609800363,100.371,5576.0,0.45,791.0,0.19403593933141297,0.005914577863680178,0.08040818507239117,520.2138324789953,0.0,0.029285619635089168
HD 139357 b,12.1,6315.568275497,3.5571687840290385,7.649,4700.0,0.099,446.97,0.3316530912092719,0.10143439340590599,0.057006998984879334,26396.67301888186,3.669154329800215e-56,0.02927884712329647
HR 810 b,12.7,1970.5361234,0.9600725952813067,2.116,6167.0,0.14,329.57,0.4522937092306344,0.3561522835620325,0.09619597157664027,8237.659665627873,0.9475988692272315,0.02924409403289654
HAT-P-15 b,11.88154,616.5902,0.35571687840290384,79.7578,5568.0,0.19,904.0,0.200001441017965,0.007869200259718288,0.08019447561040655,2499.2591173313544,0.0,0.029225241894293402
TOI-2497 b,11.14172682,1531.93292174,1.1070780399274047,997.8085,7360.0,0.195,1595.0,0.1341498256960865,0.0005323455166527913,0.12806539509536538,6413.93217767794,0.0,0.029172725944105592
HD 155918 c,12.8,1878.048056963,0.8929219600725953,0.006,5771.84,0.071,77.38,0.22834527521054737,0.0046616876954966805,0.08563979270182064,7843.8995276401265,0.6229157512983048,0.02912957250179325
HD 13908 c,12.8,,0.7749546279491832,0.9705,6255.0,0.12,273.57,0.4934306446953748,0.5749050998090816,0.0985467756584909,6807.611988419378,0.9999999999999847,0.02912917324906281
HD 75898 b,13.2,,0.35208711433756806,1.9945,6122.0,0.105,335.16,0.4199212461312585,0.3408821731332601,0.09499385585296667,3392.0366340582505,0.9999999996824398,0.029106158360321946
Kepler-167 e,10.16,321.00669107,0.30490018148820325,0.1,4884.0,0.29,134.4,0.2731005862585649,0.06607200363767467,0.06192231661056692,1339.4528049123767,0.7788006293270394,0.029059428027044646
HD 216435 b,13.7,,0.15535390199637023,0.5501,5999.0,0.07,242.57,0.3966362357084836,0.33808053728325127,0.0917080728749254,1673.2948584550945,0.9999996371773359,0.029056612867310715
GJ 2030 c,12.3,4069.157094821,2.177858439201452,0.0146,5485.0,0.041,96.71,0.27368878319745266,0.012428412123232868,0.07797723994229713,16975.930588770032,0.6376455973666584,0.029036203511465086
HD 48948 c,2.6,,0.411978221415608,15.5,4593.0,0.55,553.0,0.29000786268666195,0.04413448979236728,0.05414863493080795,30.330733388615087,2.464184e-317,0.029007365017879087
Kepler-428 b,12.11,403.63,0.18511796733212343,195.088,5150.0,0.22,1070.0,0.14524915121874737,0.0025273503243218465,0.06902815622161593,1377.1131064662804,0.0,0.029000370495141408
Wolf 1061 d,2.69,,0.3938294010889292,0.06,3342.0,0.55,130.24,0.27232560388997923,0.03944040037497444,0.020729817812682454,32.11098179201991,0.7025319525114151,0.028920762695412335
HIP 48714 b,5.11,,0.17114337568058077,5.5708,4015.5,0.5,446.47,0.2739706574350828,0.10090465345307345,0.038721483143664734,95.65582101030925,7.043600660454428e-23,0.028847970540342115
HD 12484 b,13.2,,0.4101633393829401,11.9305,5920.0,0.07,524.3,0.34407998131600886,0.07318056479635578,0.08959769193780932,3951.5478314286834,4.8808285726174075e-172,0.028811126538010504
NGTS-30 b,10.40193409,305.11527072,0.27041742286751363,172.857,5455.0,0.294,500.0,0.15507733984194058,0.002984387895050758,0.07717582945984801,1274.8690319046727,0.0,0.028807316342552274
HD 114386 b,13.6,464.02947422,0.18330308529945555,0.0964,4836.0,0.23,154.56,0.24707379595811108,0.05900870511989275,0.06064005983864899,1931.4128181315546,0.773173390738281,0.02879782137838015
Kepler-281 b,2.82,324.0,9.437386569872958,118.246,5723.0,0.0,694.0,0.0,0.0,0.0,886.5182470647962,0.0,0.028750850792502097
HD 25171 b,13.9,,0.10798548094373865,0.2141,6125.0,0.042,190.04,0.34791354564325205,0.1558536681328734,0.0950739969012115,1214.7820805422853,0.9287838155067443,0.028749086408950422
G 192-15 c,3.87,,0.24682395644283125,0.0016,2999.0,0.676,55.9,0.1113489436289793,0.0006284827290756387,0.01156702463001505,59.92510640825432,0.6101703195201262,0.028742496086855678
TOI-1431 b,16.70138124,991.62462984,0.21234119782214156,5300.0,7690.0,0.0022,2370.0,0.078510174893522,6.889847255823308e-05,0.13688091040230557,4143.62115195402,0.0,0.02873851356493287
HD 153557 c,4.36,,0.21052631578947367,22.2262,4837.0,0.511,604.33,0.23007261551803398,0.026253663058636398,0.06066677352139481,73.08941190890867,0.0,0.0287170143618012
HD 12235 c,12.5,3135.695063462,1.6007259528130673,0.0076,5986.0,0.174,82.22,0.19686434685726661,0.004964916083071655,0.09136079499919739,13095.908577520973,0.6256582146326345,0.028699796513548908
HD 148164 c,12.8,,0.7803992740471869,0.0565,6032.0,0.125,135.77,0.31566374851460416,0.04807145599631651,0.09258962440561933,6855.44064407572,0.708525662229447,0.028640204415682016
HD 94890 b,13.3,,0.2867513611615245,13.5382,4867.0,0.22,533.83,0.25632419932135775,0.04904124544730959,0.061468184003846335,2825.8494477692384,5.3628985980810366e-232,0.028637603058183417
AF Lep b,13.0,1147.36054927,0.5208711433756806,0.0241,6140.0,0.015,1400.0,0.3351105727735058,0.024019675853208834,0.09547470214243552,4793.458415491481,0.6538722781122148,0.028600074027425995
gam Cep b,12.7,2097.6674862,1.0217785843920146,2.6076,4775.0,0.15,343.48,0.4289149164173208,0.2965572080418996,0.05901052519100227,8767.112271736281,0.22838761219409706,0.028575847081800294
HD 4732 c,13.1,,0.47368421052631576,0.5881,4898.0,0.187,243.69,0.39937867062099486,0.35846022306915115,0.06229630816904367,4460.580739074524,0.9999999999896709,0.028533336962373736
HD 185269 b,13.8,,0.12177858439201453,832.9821,5923.0,0.229,1455.61,0.09886720041915048,0.00045794014363267937,0.08967783298605471,1340.5925136969581,0.0,0.02852387317441214
TOI-4562 c,12.8,1833.86990839,0.8729582577132486,0.0657,6096.0,0.122,138.11,0.3298355295227075,0.05728467970651962,0.09429930010151072,7668.527790233538,0.7237523812101229,0.02848181842887768
TOI-4214 b,10.68215861,165.27077164,0.13430127041742287,1210.0,6370.0,0.17,1642.0,0.10264454391178165,0.00033218567164414723,0.1016188491745452,685.71838970107,0.0,0.02845135089334628
HD 221287 b,13.1,,0.4355716878402904,1.0624,6304.0,0.08,290.13,0.4876455724408076,0.5584049166824219,0.09985574611315771,4101.683438229447,0.9999999999698312,0.028422929842370066
TOI-2145 b,12.24020692,1805.26535176,0.9691470054446462,515.939,6206.0,0.214,1484.0,0.1516891116832718,0.0011031472706096255,0.09723780520382405,7444.654481849055,0.0,0.02841761658463841
HD 108874 b,13.6,,0.17894736842105263,0.923,5600.0,0.13,271.33,0.38934246897255936,0.4380092491258431,0.08104931345835256,1885.5178600769432,0.9999998694863438,0.02841296860747511
Kepler-1932 b,1.51482218,,0.8348457350272231,2799.9,5278.0,0.0,1891.0,0.0,0.0,0.0,12.15569538640298,0.0,0.028350404665033663
GJ 436 b,4.17,22.1,0.3266787658802178,29.4322,3586.11,0.13827,686.0,0.290443345417887,0.02619300533822503,0.0272508949083708,99.22421699891608,0.0,0.02833102533968386
HD 221585 b,13.5,,0.20689655172413793,0.4965,5620.0,0.123,242.77,0.3748237387881693,0.30095857178613816,0.08158358711331859,2132.274765538203,0.9999999574832013,0.028281775134950074
HD 93351 b,1.69,,0.7223230490018149,522.5845,5408.0,0.549,1330.76,0.16854038722505946,0.0010537394324582477,0.07592028637067241,14.60428153050956,0.0,0.028277077043867577
Kepler-434 b,12.67,908.96,0.4355716878402904,158.285,5977.0,0.131,1000.0,0.1900318710368387,0.004041783584293951,0.09112037185446265,3710.8901353516,0.0,0.028210511379501542
TOI-5153 b,11.88151954,1036.12060682,0.6152450090744103,49.5559,6300.0,0.091,906.0,0.2682259557391674,0.016317546622475882,0.09974889138216418,4322.675836213756,0.0,0.028191347567215762
K2-45 b,6.71,,0.12014519056261344,100.0,4103.0,0.1,1073.56,0.1921456276023676,0.005878876446637215,0.04105893038414144,152.041645221723,0.0,0.028182965386851864
Kepler-117 c,12.341,584.78,0.31578947368421056,41.863,6150.0,0.0323,704.0,0.2945534500843134,0.02075680788533457,0.09574183896991857,2486.2071762235837,0.0,0.02813295423442323
HD 88072 b,12.6,2511.797900521,1.252268602540835,0.0056,5785.33,0.156,76.03,0.19488323499752094,0.003728435835992054,0.0860001602820954,10492.953216580669,0.6222300246858807,0.028128360327001493
HD 62549 b,12.6,2707.580199233,1.3502722323049003,0.0121,5930.46,0.15,92.25,0.2261635932923789,0.008713025405362416,0.08987711705935662,11314.140859617419,0.6333667504621973,0.028112254054639043
TOI-712 b,2.049,,0.5626134301270418,22.6,4622.0,0.54,650.0,0.2923251552556256,0.03168436975689198,0.05492333173050816,20.27330618364081,0.0,0.028096755233421523
HAT-P-31 b,12.21781,721.4741,0.39564428312159716,746.9025,6065.0,0.25,1450.0,0.12289578308284832,0.0006317695394113767,0.09347117593631338,3022.550776275811,0.0,0.02805643777584711
HD 128311 c,13.0,1204.25787,0.5462794918330308,0.1017,4965.0,0.159,158.23,0.31844099096540424,0.08008766194645735,0.06408612491317993,5027.285655271552,0.7814441787600038,0.028030245855919542
K2-99 b,11.88151954,276.51071409,0.1633393829401089,357.0,6069.0,0.22,1184.0,0.12737210888916123,0.001270443652530981,0.09357803066730645,1147.613053862059,0.0,0.02803013859680921
HD 112570 b,13.1,1086.97315194,0.4827586206896552,2.9139,4750.0,0.2,364.01,0.3659630199288701,0.23407952355106676,0.058342683122294806,4546.032477370972,0.03540674854991607,0.028010499498811063
GJ 687 b,4.32,,0.21234119782214156,0.801,3413.0,0.17,263.65,0.4349330844419807,0.42634041716849475,0.02262648928781224,71.70907371497573,0.9930485311531718,0.02800693161105773
GJ 3222 b,3.4,,0.29038112522686027,67.5954,5257.46,0.929,811.06,0.18218820702752167,0.007587013699478585,0.07189880856974537,47.80724797355333,0.0,0.027982606599491953
WASP-87 b,15.524465,692.8694,0.18511796733212343,4170.0965,6450.0,0.0,2049.54,0.0,0.0,0.0,2901.2630698086837,0.0,0.027958797622941938
Kepler-1647 b,11.8739,483.0,0.2885662431941924,0.5956,6210.0,0.0581,242.92,0.4676177545207749,0.41613453611657636,0.0973446599348168,2023.5516590080315,0.9999999786424383,0.027917080298301665
HD 211970 b,3.66,,0.26497277676951,4.2125,4127.0,0.15,398.77,0.40952440342310237,0.18292083502346485,0.04170005877009977,54.41681542070515,3.1054346301026658e-09,0.027857647297374513
K2-277 b,2.18575124,7.4,0.7259528130671506,195.0,5680.0,0.52,1049.0,0.201538110628768,0.003140178239068128,0.08318640807821123,31.754055689261758,0.0,0.027778183402806727
HD 69123 b,13.1,982.08977763,0.4355716878402904,4.7903,4842.0,0.19,411.78,0.33752672404207285,0.15056666086684814,0.06080034193513869,4101.683438229447,2.9834935374669416e-14,0.02775985610244442
Kepler-145 b,2.65,37.1,2.3593466424682394,154.705,6022.0,0.43,873.0,0.19832577350986022,0.0038444429146198447,0.09232248757813101,183.91535279341616,0.0,0.027732080588967485
HIP 114933 b,13.4,,0.2558983666061706,1.711,4823.0,0.21,316.81,0.3544877835886575,0.3157407836179942,0.060292781962921,2579.1138770100306,0.9999999932918877,0.02772604721522191
nu Oct A b,13.3,696.04421133,0.2958257713248639,8.5848,4910.0,0.195,477.33,0.28653665566997394,0.08029791593262522,0.06261687236202335,2915.2750632049733,4.749801870730751e-76,0.027708860097891433
HD 211403 b,12.8,,0.8366606170598911,3.44,6273.0,0.084,380.0,0.4522410255109124,0.25750062849967065,0.09902762194796028,7349.670085857923,0.00024991242536772144,0.027621617058454756
TOI-2382 b,12.25141591,235.19302118,0.12341197822141563,689.0,6033.0,0.18,1426.0,0.1098125481080099,0.0005997776506193964,0.0926163380883676,950.6152425634779,0.0,0.027452002391896446
TOI-1232 b,10.92875618,220.572914458,0.1680580762250454,90.0659,5823.0,0.065,785.71,0.21232156261958338,0.00736535877707883,0.08700646471122328,918.88298146325,0.0,0.027449939493170636
WASP-129 b,10.42437,317.83,0.29038112522686027,345.7201,5900.0,0.096,1100.0,0.16786422143645102,0.0017162692097745281,0.08906341828284256,1377.8642949324803,0.0,0.02736256895810529
HD 9174 b,13.7,,0.1368421052631579,0.4979,5577.0,0.12,234.3,0.34965086073655,0.28023720764384463,0.0804348987551416,1473.9069197139504,0.9999990517402108,0.027362351209863637
TOI-2158 b,10.76062147,260.61929374,0.20689655172413793,81.4989,5673.0,0.07,1188.0,0.22202623753503653,0.008444643294508456,0.08299941229897784,1079.8263596009667,0.0,0.027356809300814047
HATS-55 b,14.022459,292.72143,0.10653357531760435,355.909,6214.0,0.092,1367.0,0.1335823995557988,0.0013477519458801113,0.09745151466581074,1230.4037561734801,0.0,0.027334584202105022
HD 95544 b,12.8,1913.644838547,0.9092558983666061,0.1,5722.0,0.049,156.5,0.4175805495540822,0.10340467808997887,0.08430838275364512,7987.385494609152,0.778800783071404,0.02730324535324201
HD 220074 b,12.2,,2.9038112522686026,305.7049,3787.0,0.14,1069.88,0.1535765351840588,0.0018060430672118676,0.032617406635678574,22086.98748684125,0.0,0.027294301173176362
K2-115 b,11.80305668,321.00669107,0.1941923774954628,20.4393,5870.0,0.063,696.0,0.2876825923933653,0.03784302151463315,0.08826200780039378,1337.5322617625213,0.0,0.027251358578751772
HD 220689 b,13.7,381.3940884,0.14791288566243194,0.1074,5921.0,0.054,160.11,0.316454348410398,0.08211991450831645,0.08962440562055768,1593.1487262160072,0.7902392194221747,0.027211325750871037
HD 199509 b,7.43,,0.10508166969147005,4.5393,5796.02,0.373,410.73,0.2684453566225921,0.11675518220882483,0.08628572955067329,180.54356570855418,6.276150042749955e-12,0.02720403085070223
Kepler-454 d,13.3,,0.3103448275862069,0.0434,5687.0,0.089,125.37,0.2802157105606037,0.03368297174500388,0.08337340385745477,3058.3560479021503,0.686592555152466,0.02719540670080342
TOI-2449 b,11.24,222.0,0.1558983666061706,362.642,6021.0,0.098,400.0,0.14721103478452366,0.0014399341513439562,0.09229577389538748,927.318892751295,0.0,0.027177744097710985
HIP 14810 b,13.0,,0.5626134301270418,201.7351,5544.0,0.14399,1048.2,0.18323812795350122,0.003139340877068799,0.07955334722444748,5177.6031665587425,0.0,0.02717735133399793
HIP 107772 b,3.64,,0.26678765880217786,1.163,4006.0,0.18,280.92,0.47165973268540673,0.47189121067221096,0.03846770315755523,53.89624346034754,0.9904518350295045,0.027134735888027107
TOI-3837 b,10.87271128,187.51876013,0.14882032667876588,138.065,5905.0,0.221,1178.0,0.15421995242053668,0.0036248678986635073,0.08919698669658443,801.2433349256238,0.0,0.0271208481191005
HD 105618 b,5.44,,0.15753176043557168,182.6347,5671.0,0.455,1023.19,0.1452169970265764,0.002511809909289345,0.08294598493347954,106.23152957707342,0.0,0.027116880013717856
TOI-5205 b,11.6,343.0,0.21960072595281308,49.0,3430.0,0.02,737.0,0.2742085223714175,0.01689553330602249,0.023080621894534095,1435.8079327301655,0.0,0.02705275490311194
HD 24040 b,12.9,1589.142035,0.7386569872958259,0.0779,5802.0,0.04,143.81,0.40114842450447985,0.0804135762746773,0.08644547737350934,6642.025683049976,0.7436731612979137,0.027042574494391847
CoRoT-23 b,11.77,889.9,0.544464609800363,530.0221,5900.0,0.16,1660.0,0.1507250489612044,0.0010595424698273477,0.08906341828284309,3718.670115886868,0.0,0.026998527387690506
EPIC 201595106 b,1.565,7.67,2.014519056261343,2852.0,5679.0,0.0,2038.0,0.0,0.0,0.0,32.34469162213915,0.0,0.02697150369818223
HD 50499 c,13.2,,0.40290381125226865,0.0292,6099.0,0.0,116.69,0.0,0.0,0.0,3881.60893175738,0.6625557590462076,0.026967849799377133
HD 121504 b,13.6,,0.19056261343012706,14.2224,6027.0,0.03,523.32,0.33200308393747036,0.06047929734738348,0.09245605599187763,2007.90441488924,3.0767598970234463e-260,0.02693527099349469
Kepler-1067 b,0.8,,0.8511796733212342,2761.757,5592.0,0.0,1872.0,0.0,0.0,0.0,1.8254914959980884,0.0,0.02693457471572712
HAT-P-56 b,16.92559,734.1873,0.13611615245009076,3515.0,6566.0,0.29,1840.0,0.06887915023492068,8.721531878948122e-05,0.10685473099321459,2764.5835734914344,0.0,0.026900088038887198
HIP 39330 b,13.5,530.77343969,0.2159709618874773,0.044,5748.0,0.078,125.05,0.2706712881473467,0.0328263556938767,0.08500293850510128,2225.7955885881242,0.687602734287926,0.026891493661295764
HD 86950 b,13.0,,0.5190562613430127,4.9065,4805.0,0.17,416.76,0.3515586691174766,0.15419836218069588,0.05981193567345144,4776.756469792905,2.1123633566339294e-15,0.026867645347149298
HIP 35965 b,12.6,2589.983688643,1.2903811252268604,0.0009,4836.0,0.138,48.85,0.1353560587000808,0.0004899397643615194,0.06064005983864872,10812.303966650516,0.6141701696295219,0.02685596627326297
HD 96063 b,13.7,,0.15662431941923777,10.3076,5020.0,0.17,500.75,0.25527737545984436,0.06113973130293815,0.06555537746433676,1686.978344447134,1.2780554957016632e-120,0.026833430487888145
TOI-7510 d,10.52,190.0,0.16152450090744103,20.6036,5720.0,0.04,542.4,0.3045493719466001,0.03932988913393664,0.08425495538814785,787.7242883948809,0.0,0.026827859700341645
Kepler-1310 b,1.44,,0.8911070780399275,2830.91,5549.0,0.0,1883.0,0.0,0.0,0.0,11.145664828760077,0.0,0.026819711807538223
HD 68988 b,13.4,,0.2595281306715064,340.126,5932.0,0.12,1179.39,0.15191601725634496,0.0016065073380982352,0.08991825613078916,2615.697052570457,0.0,0.026818733497653
alf Ari b,13.4,,0.23774954627949185,59.6537,4553.0,0.25,747.22,0.18098941259074902,0.009364876948241039,0.05308008762087913,2396.197999207901,0.0,0.026765985828599362
WTS-1 b,16.7,1274.44,0.29219600725952816,554.9183,6250.0,0.1,1500.0,0.13827646595341112,0.0009543710020293315,0.09841320724475033,5700.491467082325,0.0,0.026759557555597824
HAT-P-49 b,17.82231,699.226,0.13611615245009076,4392.03,6820.0,0.0,2131.0,0.0,0.0,0.0,3227.6783881352007,0.0,0.026749705970175997
TOI-5882 b,11.46678726,6995.40323807,4.609800362976406,4792.5,5920.0,0.0339,1515.0,0.1092459720599761,0.00010117302142904498,0.08959769193780866,29113.605495903983,0.0,0.026715752793771832
HD 28185 b,12.8,,0.883847549909256,0.9073,5602.0,0.063,271.95,0.5565173119698249,0.6277958074972041,0.08110274082384882,7764.185101546223,0.9999999999999984,0.026684859850342964
WASP-8 c,12.5,,1.5335753176043556,0.0314,5690.0,0.0,116.99,0.0,0.0,0.0,12546.533727897075,0.6662942827798407,0.026632807361041413
KOI-351 h,11.252,203.0,0.16548620689655172,1.849,6031.13,0.0276,294.0,0.4743244553040227,0.3943924005053155,0.09256638350162744,987.5056324748999,0.9999960767966313,0.026616586244621033
HD 99283 b,13.8,,0.11705989110707805,55.3069,4886.0,0.2,759.06,0.17002384673406368,0.009338305198656954,0.061975743976064174,1288.6470511692073,0.0,0.02661541786816311
TOI-892 b,11.99363,301.9385,0.17459165154264972,571.007,6261.0,0.125,1397.0,0.1293414392498079,0.0008419476368499939,0.09870705775498052,1261.7230091066572,0.0,0.02659129268394165
TOI-4994 b,8.54124329,88.99195396,0.1415607985480944,40.0,5640.0,0.319,717.6,0.19025315208136756,0.013426482915375905,0.0821178607682835,369.4833654805058,0.0,0.02656450313187823
TOI-5350 b,12.41955062,2094.48920213,1.0943738656987296,321.879,6220.0,0.0165,1195.0,0.24280996551727999,0.002719719740322841,0.09761179676229961,8781.56597277866,0.0,0.026542985213915477
XO-2 S c,13.6,,0.17386569872958257,3.3572,5325.0,0.149,376.79,0.32455751693507423,0.1859752064698895,0.07370305070256922,1831.9737423465635,0.0006311496719022342,0.026533586894714516
Kepler-1513 b,8.594,48.309917864,0.23666061705989114,2.23,5491.0,0.306,346.0,0.3463389651191284,0.2524710748963914,0.07813752203878638,629.2172928653381,0.8092783440327821,0.026499809329348537
HD 140901 b,4.07,,0.23049001814882034,109.3426,5610.0,0.472,904.37,0.17833331127898952,0.004841534197614651,0.08131645028583218,65.09145193886319,0.0,0.026468284834128525
TOI-3160 A b,13.7646283,378.21580433,0.14337568058076225,933.0,6190.0,0.18,1539.0,0.10358742533512531,0.0004338909656883499,0.0968103862798516,1566.2373138766027,0.0,0.026462564294521925
omi UMa b,13.0,,0.5263157894736842,8.4795,5075.0,0.149,473.88,0.3300834455700931,0.09371218637292572,0.06702463001549329,4843.56425258721,1.165360858175715e-73,0.02645363467349681
Kepler-1259 b,1.43,,0.8965517241379312,2460.582,5053.0,0.0,1681.0,0.0,0.0,0.0,10.981763124053886,0.0,0.02640039830295979
Kepler-1402 b,0.76,,0.823956442831216,2491.119,5416.0,0.0,1789.0,0.0,0.0,0.0,1.515073284023748,0.0,0.026377407785478726
TIC 172900988 b,11.25,942.0,0.6606170598911071,5.7522,6050.0,0.0271,361.24,0.4914411207978801,0.18808335850891272,0.0930704706950879,3939.9976377513094,3.4854876575167027e-25,0.026361863028634448
HD 32963 b,13.4,657.90480249,0.2722323049001815,0.0996,5727.0,0.07,157.63,0.3335682094099756,0.08170500795292342,0.08444195116738687,2743.738167031948,0.778177490742981,0.02635737507688763
HD 9446 c,13.4,,0.23956442831215974,2.5718,5793.0,0.06,345.42,0.4200260889045293,0.2887753308439119,0.08620505422877484,2414.4895869881143,0.2704086426997096,0.026323188164638453
HD 112640 b,12.9,,0.7386569872958259,98.0969,4155.0,0.24,959.65,0.1931154590917502,0.006445232320654896,0.04244804188705433,6642.025683049976,0.0,0.026266830456471907
HD 5319 c,13.8,,0.12704174228675136,2.1721,4871.0,0.183,340.67,0.31162989139805286,0.23887182719326913,0.061575038734839604,1398.5316834394496,0.8882739330148336,0.026248897403362125
HD 13908 b,13.9,,0.10199637023593468,168.6392,6255.0,0.02,993.25,0.19127544231291138,0.003810308885476011,0.09854677565849067,1147.407612209688,0.0,0.026229102933237325
HD 6718 b,13.3,762.7881768,0.32304900181488205,0.0907,5746.0,0.06,148.94,0.3456355249886725,0.0783748910018573,0.08494951113960457,3183.55190951218,0.7641845505305702,0.026130861315644998
GJ 9404 b,3.48,,0.2813067150635209,11.2454,3811.0,0.49,473.5,0.2785681349068017,0.056910323768043176,0.033258535021636365,49.65996858244416,3.2056076673071447e-149,0.02612130402018298
K2-12 b,2.44,5.2,0.29038112522686027,185.0,5672.0,0.5,1026.0,0.17829844013344612,0.002908445235585951,0.08297269861622521,17.669589989473003,0.0,0.02611284547781285
TOI-3235 b,11.39953337,211.355890655,0.1415607985480944,13.8883,3388.8,0.029,604.0,0.31088114815055673,0.057749358690586075,0.021980018165304024,878.4010289603417,3.031981237208282e-246,0.0260669407799367
HD 131496 b,13.4,,0.23774954627949185,2.4257,4846.0,0.181,347.3,0.3437684736279174,0.24687973845666766,0.06090719666613195,2396.197999207901,0.4843817354024122,0.026042010517732063
NGTS-35 b,10.9,152.0,0.11705989110707805,9.8437,4717.0,0.192,451.0,0.24781462162149842,0.060468964997173344,0.057461131591600385,635.0036460297158,1.3258324505218583e-107,0.02600977364059204
47 UMa b,13.2,,0.3484573502722323,0.3576,5872.0,0.032,215.23,0.4822672496415654,0.3145795488631623,0.08831543516589058,3357.0671842225984,0.9999999996429672,0.025970238515833532
Kepler-1873 b,1.62573811,,0.7604355716878404,2412.15,5151.0,0.0,1787.0,0.0,0.0,0.0,13.686827468508973,0.0,0.025959232841134786
BD+15 2940 b,13.7,,0.1368421052631579,352.2269,4796.0,0.26,1207.75,0.11522033409420691,0.0011793360292117697,0.0595715125287169,1473.9069197139504,0.0,0.02594282853512673
LSPM J2116+0234 b,3.71,,0.2595281306715064,2.6063,3475.0,0.183,371.68,0.41420075661008826,0.2610627348542934,0.024282737618206842,55.513010087164744,0.22770076941893325,0.02592628334140331
Kepler-1317 b,1.56,,0.8003629764065336,2413.261,5144.0,0.0,1796.0,0.0,0.0,0.0,12.727684315708894,0.0,0.025925483288412165
TOI-2207 b,11.1529358,203.41018048,0.14519056261343014,406.0,6101.0,0.174,1259.0,0.1284279899218449,0.0011318380659688279,0.09443286851525184,843.7127346860659,0.0,0.025910051749053715
TOI-1470 c,2.47,7.24,0.4827586206896552,3.35,3709.0,0.5,373.0,0.3873640865804858,0.20108913409992663,0.03053373938130913,30.472599715378802,0.0006719174439521673,0.02588878865589275
gam Psc b,13.6,,0.16878402903811254,33.5227,4742.0,0.204,666.07,0.19908103019799295,0.017189585214584146,0.058128973660308454,1778.429624616184,0.0,0.025839464087819744
TOI-620 b,3.76,,0.2558983666061706,20.8,3708.0,0.22,603.6,0.2803850630289603,0.03394803381143359,0.03050702569856127,56.9796343412587,0.0,0.025823070510693224
K2-167 b,2.36509493,6.5,0.5208711433756806,317.0,6310.0,0.48,1220.0,0.1750982327049179,0.0017583582039821769,0.10001602820964142,28.864539849805848,0.0,0.025818645925216873
Kepler-1654 b,9.180171,158.915,0.2177858439201452,0.3,5597.0,0.26,206.0,0.32896413305781885,0.18386884542105777,0.08096917241010662,705.7819856862953,0.9900407597808688,0.025806741692921582
HD 159243 b,13.7,,0.13920145190562613,107.452,6123.0,0.02,942.13,0.22221663177569959,0.0066825577162149446,0.09502056953571462,1499.3191079848805,0.0,0.025783919970224337
HIP 54373 b,2.87,,0.3629764065335753,15.0984,4021.0,0.2,580.66,0.33667529289013454,0.05290725894575453,0.0388684083987794,35.9428653823958,8.897745997117391e-299,0.02571993636760695
Kepler-1566 b,0.79,,0.8457350272232306,2340.984,5254.0,0.0,1871.0,0.0,0.0,0.0,1.7466432144108852,0.0,0.02570575233806397
Kepler-1322 b,1.61,,0.7695099818511797,2651.424,5488.0,0.0,1666.0,0.0,0.0,0.0,13.451802895897226,0.0,0.02568708722484525
Kepler-1082 b,1.12,,1.0362976406533575,2949.557,5923.0,0.0,1827.0,0.0,0.0,0.0,6.098558396003643,0.0,0.025677128004370157
K2-264 b,2.231,,0.5045372050816697,13.0794,3660.0,0.5,496.0,0.31200363372473483,0.05494243016437874,0.02922476892664222,23.468239800217297,5.575469476155603e-214,0.02564794634976345
Kepler-524 c,0.96,,0.9473684210526315,2959.338,6014.0,0.0,1574.0,0.0,0.0,0.0,3.5109222542733707,0.0,0.0255585752640971
GJ 674 b,3.33,,0.29945553539019965,10.5165,3600.0,0.2,530.8,0.33743681626847544,0.0729109585952001,0.027621947961744504,46.31841133282155,9.913373955554627e-127,0.02553219409506143
HD 173416 b,13.4,,0.24319419237749548,58.1544,4683.0,0.208,771.03,0.1895203294931851,0.010026863305921101,0.05655286637815854,2451.07276254854,0.0,0.025499698630228763
HD 73267 c,12.8,1630.777556317,0.7749546279491832,0.0049,5387.0,0.089,69.53,0.20659156024537503,0.0035105626439913356,0.07535929903296372,6807.611988419378,0.6210299062472998,0.025484902441219145
KELT-1 b,12.442,8654.15,4.482758620689655,5165.92,6516.0,0.0099,2361.0,0.10800867093203276,9.430239319280779e-05,0.1055190468557971,36166.33949559122,0.0,0.025434783650316106
TOI-2257 b,2.194,,0.515426497277677,0.6703,3430.0,0.496,256.0,0.44053531260948686,0.3795937239082588,0.02308062189453282,22.80159461726745,0.9772260769744017,0.025430537228157378
HD 13931 b,13.2,889.9195396,0.38656987295825773,0.0592,5867.0,0.02,139.38,0.3800458661702134,0.05997950991573568,0.08818186675214894,3724.2464074969453,0.71301090788574,0.025418176314050016
Kepler-342 e,0.88,,0.9001814882032668,3111.322,6366.0,0.0,1897.0,0.0,0.0,0.0,2.569606980516063,0.0,0.025411358680581943
HD 93963 A b,1.46954368,2.8,0.8729582577132486,2898.0,5908.0,0.0,1842.23,0.0,0.0,0.0,11.604584223752054,0.0,0.02540559942842835
HD 11755 b,12.8,,0.8511796733212342,124.3021,4312.0,0.19,903.49,0.196611881273998,0.005288661741285815,0.0466420900785379,7477.21316760817,0.0,0.025394014114743
GJ 3082 b,2.79,,0.3756805807622504,5.521,3910.0,0.22,457.53,0.39864994608137444,0.14328543591728174,0.03590318961371787,34.17590043095715,2.8618288520345696e-22,0.025363179603635568
HATS-59 b,12.621334,256.17098,0.12704174228675136,269.0,5670.0,0.129,1128.0,0.14097323759637465,0.0018221946013106773,0.08291927125073358,1069.9188264710112,0.0,0.02523759972676072
TOI-1836 c,2.59987579,8.0,0.544464609800363,2981.98,6237.0,0.0,2007.6,0.0,0.0,0.0,40.07892504700751,0.0,0.025175077772522588
Kepler-1258 b,0.86,,0.8874773139745916,2775.0,5839.0,0.0,2335.0,0.0,0.0,0.0,2.3645103714706974,0.0,0.025147808547209043
HATS-12 b,7.76,759.6137,0.2032667876588022,566.4817,6357.0,0.085,1446.0,0.15342861196127372,0.000974704382085941,0.10127157129881582,397.8690865975076,0.0,0.02514474099490986
gam1 Leo b,12.5,,1.4246823956442831,228.5105,4330.0,0.144,1080.7,0.180126002031087,0.0027733389972719653,0.04712293636800728,11655.655593371841,0.0,0.025123121388593777
WD 1856+534 b,10.4,4386.054,3.8838475499092557,0.181,4710.0,0.0,163.0,0.0,0.0,0.0,18299.987863016395,0.8920402714997477,0.025100245066830392
HD 217107 b,13.6,459.579876522,0.18148820326678766,231.1546,5622.0,0.1284,1105.84,0.15243853903177412,0.0022867324047307937,0.08163701447881523,1912.289918942133,0.0,0.02508477775567028
Kepler-127 b,1.4,,0.9237749546279492,159.163,6106.0,0.47,884.0,0.23163900758130274,0.004250786391907737,0.09456643692898575,10.617906576886263,0.0,0.025074094792055
Kepler-607 b,0.87,,0.8929219600725953,2302.613,5196.0,0.0,1874.0,0.0,0.0,0.0,2.46297424824219,0.0,0.025070004891597854
BD+20 274 b,13.0,,0.6061705989110707,53.9651,4296.0,0.21,755.7,0.2180585293252963,0.01245980940304197,0.046214671154565096,5578.449863324579,0.0,0.02500368287933154
rho CrB b,13.7,,0.13502722323049002,34.7,5817.0,0.046,614.0,0.24929125283613185,0.020704519943363656,0.0868461826147341,1454.3590825824654,0.0,0.02499617898232297
Kepler-557 b,2.67,,0.3992740471869329,2885.663,6068.0,0.0,1281.0,0.0,0.0,0.0,31.83416591062733,0.0,0.024992805472105258
Kepler-1967 b,0.73022577,,0.8076225045372052,57.1,4970.0,0.0,1086.0,0.0,0.0,0.0,1.3172508498372135,0.0,0.024889817761069473
HD 81817 b,12.0,7668.563804096,4.428312159709619,174.402,4140.0,0.097,1016.37,0.1737832451900755,0.0033787730895003696,0.04204733664582955,32053.139593910986,0.0,0.024888761869824683
GJ 96 b,4.67,,0.19237749546279492,1.0486,3785.0,0.44,257.81,0.3644865331466031,0.38928031548688824,0.03256397927018089,82.07171664833226,0.994110140866735,0.02485021512632469
HD 47366 c,13.5,,0.1960072595281307,7.7091,4866.0,0.161,467.37,0.2820256860514331,0.08601175508924118,0.06144147032109801,2020.0497778782978,2.3918305478003472e-57,0.024828528194270744
HD 141399 d,13.7,,0.14537205081669693,0.364,5600.0,0.074,220.0,0.3672628963635067,0.24086567880230234,0.08104931345835245,1565.7817542319287,0.9999993955248404,0.024808696132474807
TOI-481 b,11.09691,486.2799,0.35571687840290384,253.126,5735.0,0.153,1370.0,0.16801508995930012,0.0022986096913292747,0.0846556606293729,2036.1007931778379,0.0,0.024799851660224703
HAT-P-29 b,13.11453,279.6904,0.12900943738656986,433.0,6087.0,0.09,1281.0,0.13539290814465585,0.0011378748547349834,0.094058876956776,1218.9005788853683,0.0,0.02478322427719261
NGC 2682 Sand 1429 b,13.4,,0.23774954627949185,37.2589,6000.0,0.0,683.0,0.0,0.0,0.0,2396.197999207901,0.0,0.02474501254327652
HD 163607 c,13.3,,0.2958257713248639,0.4605,5522.0,0.08,228.5,0.4233191081846357,0.32549699041343233,0.07896564620398473,2915.2750632049733,0.9999999982039907,0.024730024065015153
HD 12661 c,13.2,899.45439181,0.39019963702359345,0.1459,5748.0,0.031,174.06,0.4261899718020118,0.1429579922657076,0.08500293850510098,3759.215857332597,0.8465150994200079,0.024722004773410515
HS Psc b,13.6,,0.18330308529945555,64.4735,4203.0,0.27,783.44,0.16630139456918763,0.008030075257478127,0.043730298658972995,1931.4128181315546,0.0,0.02471920827072475
Kepler-378 c,0.7,,0.7876588021778584,8.166,4661.0,0.0,414.0,0.0,0.0,0.0,1.131672754019803,6.561493283969877e-67,0.024703478745326822
Kepler-1297 b,0.97,,0.9509981851179674,2760.593,5818.0,0.0,1790.0,0.0,0.0,0.0,3.6356619938806842,0.0,0.024696039337087528
HD 14787 b,13.7,,0.13811252268602542,4.5099,4946.0,0.155,409.43,0.2927629085056651,0.13532188769524126,0.0635785649409623,1487.5904057059897,1.1388774644157938e-11,0.024667245401561268
HD 290327 b,13.3,,0.3266787658802178,0.0616,5505.0,0.08,139.7,0.3062543885200493,0.05001536967568056,0.07851151359726358,3219.322155686474,0.7169865189229803,0.02465815016162649
HD 154857 c,13.2,,0.35571687840290384,0.1601,5605.0,0.06,154.88,0.38760252662299743,0.13994633403866608,0.0811828818720938,3427.006083893903,0.8656729996516866,0.02465371960717572
HD 33844 b,13.4,,0.26497277676951,5.7778,4861.0,0.15,430.22,0.31585292244896923,0.12154594885926417,0.061307901907356466,2670.5718159110957,1.6120972323486875e-25,0.024629776192266615
K2-290 c,11.276254,246.00042,0.18330308529945555,28.2979,6302.0,0.0,676.0,0.0,0.0,0.0,1100.9128322341974,0.0,0.02446607539350887
KOI-94 c,4.32,15.6,0.16515426497277677,268.219,6182.0,0.43,1012.0,0.1417350221810101,0.0017022156271534182,0.09659667681786116,55.77372400053669,0.0,0.024464747833465236
TOI-762 A b,8.33948164,79.774930157,0.13793103448275862,17.0012,3266.0,0.083,555.4,0.26850337431948784,0.04095049873321863,0.01869957792381223,335.0948654953298,0.0,0.024456854826093
HATS-52 b,15.490838,711.9392,0.19237749546279492,1310.22,6010.0,0.246,1834.0,0.0942569100435521,0.0002928875386518217,0.0920019233851575,2995.4881944272506,0.0,0.024445499830374626
Kepler-1072 b,1.58,,0.7894736842105263,2944.0,6199.0,0.0,1849.0,0.0,0.0,0.0,13.04360168701691,0.0,0.024418989634132887
HIP 38594 b,2.77,,0.3793103448275862,1.3216,4086.3,0.17,308.29,0.5178905794460813,0.478480726866654,0.04061281188224343,33.76934241377408,0.9842932481919737,0.024349621578825798
gam Lib b,13.7,,0.13883847549909256,45.374,4879.0,0.16,720.78,0.1900011864886863,0.012485574841332616,0.06178874819682598,1495.4095405585836,0.0,0.02434313827756513
Kepler-1107 b,1.34,,0.9782214156079855,2387.261,5268.0,0.0,1897.0,0.0,0.0,0.0,9.8591658135348,0.0,0.024309220482931427
K2-18 c,2.65,,0.40290381125226865,7.0278,3457.0,0.47,363.0,0.3319176377557265,0.09881054151614094,0.02380189132873715,31.40708332318338,1.1992499660629885e-44,0.024229024603314404
Kepler-378 b,0.75,,0.8203266787658802,17.819,4661.0,0.0,503.0,0.0,0.0,0.0,1.4496369004994643,0.0,0.02420597426536392
Kepler-390 c,0.79,,0.8457350272232306,41.351,5166.0,0.0,630.0,0.0,0.0,0.0,1.7466432144108852,0.0,0.024196439836275944
Kepler-1076 b,0.8,,0.8511796733212342,83.18,4868.0,0.0,770.0,0.0,0.0,0.0,1.8254914959980884,0.0,0.024126848551157737
HIP 54373 c,3.57,,0.2722323049001815,6.1142,4021.0,0.2,463.2,0.367027127589184,0.12323869214571956,0.038868408398779745,51.88393634567314,3.899694055930716e-30,0.024118293362737905
Kepler-1427 b,1.1,,1.0272232304900182,2730.51,5793.0,0.0,1844.0,0.0,0.0,0.0,5.727056888593483,0.0,0.02411139866416904
KELT-24 b,12.71098411,1458.83238813,0.7078039927404719,624.0,6426.0,0.0319,1391.0,0.19063663850560644,0.0011670885911219235,0.10311481540845033,6088.9042530765155,0.0,0.02409896643213408
XO-2 S d,13.0,,0.5353901996370236,0.0253,5325.0,0.091,110.98,0.27103454002745486,0.020307649300403286,0.07370305070256897,4927.073981080093,0.655917434499715,0.024055813658256677
PH2 b,9.33708092,87.084983518,0.10526315789473684,1.2,5734.0,0.215,295.1,0.3439121233150177,0.3547308688164285,0.08462894694662415,358.92058914732337,0.9996538053645523,0.024033890782832336
BD+03 2562 b,12.7,,0.9909255898366607,296.5605,4095.0,0.2,985.04,0.16569160128033533,0.002022835385887014,0.04084522092215608,8502.385968682078,0.0,0.024015728492409173
HD 4313 b,13.4,,0.2540834845735027,10.533,4943.0,0.147,502.39,0.28365056811519734,0.06700990313188215,0.06349842389271733,2560.8222892298177,3.2542141015479715e-127,0.023990624887689816
HD 114783 b,13.7,,0.1355716878402904,0.3152,5135.0,0.144,210.79,0.3138597881205876,0.1868798804499536,0.06862745098039162,1460.223433721911,0.9951665436892959,0.023989577490010804
BD+20 2457 b,12.1,,3.82940108892922,703.4998,4137.0,0.15,1159.67,0.12458209830048639,0.0006793468008732871,0.04196719559758471,28416.82656624526,0.0,0.023980858926664492
GJ 3293 b,5.19,,0.1678765880217786,1.07,3466.0,0.06,280.54,0.4936218539518571,0.5270194483185536,0.024042314473472357,98.30617914021428,0.9952973262802973,0.023939797115684797
HD 28678 b,13.5,,0.19782214156079858,16.4464,4972.0,0.149,561.84,0.2498590395849385,0.04030145182167261,0.06427312069241814,2038.7539424882823,0.0,0.023936455084046383
HD 38801 b,12.5,,1.573502722323049,1.7311,5338.0,0.017,287.8,0.6038013996926829,0.5343083309240335,0.07405032857829644,12873.189043889664,1.0,0.023935045883102624
K2-95 b,3.31,,0.30308529945553536,8.4172,3566.0,0.16,474.0,0.36651712762639377,0.09523308447219006,0.0267136827483022,46.04022770879793,2.8661517566009776e-72,0.023927712718541657
Kepler-289 c,11.23,157.18,0.11978221415607987,4.882,5990.0,0.0,394.0,0.0,0.0,0.0,710.5918379807415,3.724942569335822e-15,0.02392514809414358
HD 158996 b,12.3,,2.3774954627949185,234.6259,4069.0,0.13,960.27,0.17005528329516795,0.0025463684390083048,0.040150665170700095,18532.057559407283,0.0,0.023924329915918946
TOI-1937 A b,13.97759893,638.83509807,0.23230490018148822,3230.0,5814.0,0.0,2097.0,0.0,0.0,0.0,2657.325189934509,0.0,0.023909183658654815
HD 96127 b,13.0,1207.7479466,0.5480943738656987,364.3861,3943.0,0.3,947.29,0.1364904969024598,0.0013784656588082058,0.03678474114441406,5043.987600970129,0.0,0.023768329310437267
HAT-P-14 b,15.91678,1093.3352,0.2831215970961888,1038.78,6600.0,0.11,1624.0,0.11982090168655912,0.00046485905437545436,0.10776299620665633,4782.194652095918,0.0,0.023753439561325248
HD 36384 b,12.7,,1.0217785843920146,229.7515,3940.0,0.2,1032.58,0.1733267663190877,0.00267445501921619,0.03670460009616906,8767.112271736281,0.0,0.02367670899464362
GJ 896 A b,13.3,718.29219982,0.30490018148820325,0.0429,3345.0,0.35,126.7,0.20467019016058421,0.024793978700689914,0.020809958860928617,3004.7006786407087,0.6857503482640985,0.023664418852107974
Kepler-454 c,12.9,,0.6660617059891107,0.6814,5687.0,0.0053,249.58,0.536797396790494,0.5217877063064157,0.08337340385745398,5989.246746140887,0.9999999999998701,0.023643181009634102
HD 134060 b,3.16,,0.3194192377495463,730.4602,5966.0,0.45,1473.18,0.1349885318363932,0.0006394487478191166,0.0908265213442268,42.21929005820646,0.0,0.023632165679134197
HD 20794 f,2.28,,0.49001814882032674,0.3746,5368.0,0.45,214.52,0.4321276568823045,0.2576795559276017,0.07485173906074129,24.327938855799818,0.9785333847905456,0.023631935111078608
GJ 3090 b,2.18,4.52,0.4355716878402904,45.4,3707.0,0.25,723.0,0.2763017709024466,0.016266676085426073,0.030480312015812305,18.902434114372934,0.0,0.023560206592247456
TOI-2485 b,12.1393261,766.602117684,0.4283121597096189,275.6,6016.4,0.0341,1134.0,0.2117011831150317,0.002706839561678046,0.09217289095474525,3209.4657662708864,0.0,0.02355697154755505
Kepler-725 c,3.08,9.7,0.33030852994555354,1.4,5395.0,0.436,268.0,0.42854331300355397,0.3826007004171556,0.07557300849494637,40.42597917482252,0.9869204233620122,0.02352544166024186
TOI-2529 b,11.54525012,743.71847238,0.4827586206896552,70.9731,5802.0,0.021,636.0,0.3029150315307639,0.013241059815026473,0.08644547737350881,3111.9218733396374,0.0,0.023511747305858255
HATS-1 b,14.594,589.55,0.1869328493647913,489.9461,5870.0,0.12,1359.0,0.13187985121462456,0.0010018977488905428,0.08826200780039464,2433.869346047772,0.0,0.023505461910896166
WASP-71 b,13.22662,441.7837,0.19963702359346644,3384.6097,6050.0,0.0,2016.1,0.0,0.0,0.0,1934.9793072717198,0.0,0.02348635438426623
HATS-36 b,12.92,1022.14128,0.38475499092558985,561.0,5950.0,0.105,1203.0,0.15035332774703686,0.0010078019960836997,0.09039910242025846,3475.845086816385,0.0,0.023452612484173976
TOI-2525 c,10.13291855,208.813263399,0.20145190562613433,6.0478,5096.0,0.157,399.96,0.31458776038957076,0.1137189256313343,0.06758561735320705,877.937590331891,3.442589900610787e-29,0.02344661952973801
NGTS-9 b,11.99363,921.707,0.5317604355716878,729.0,6330.0,0.06,1448.0,0.16483506575981086,0.0008687188595720816,0.1005503018646132,3842.8777720192365,0.0,0.023430077705837382
TOI-3593 b,11.02963701,565.73456446,0.4192377495462795,308.0,5550.0,0.105,1170.0,0.1764338730171611,0.0020223975139167833,0.07971362932093673,2356.311212944155,0.0,0.02341220705417238
HD 113538 c,13.8,,0.11215970961887478,0.0151,4462.0,0.2,100.28,0.16122138733664187,0.00754659554905916,0.05064914249078356,1234.7036862365428,0.6384987950515149,0.023404761092035844
K2-25 b,3.44,24.5,0.6007259528130672,9.91,3207.0,0.428,494.0,0.3193790151044702,0.07348987975661948,0.017123470641661843,102.43310369986762,2.0307089324080141e-109,0.023403670230819712
Kepler-352 d,0.80628032,,0.8548094373865699,81.3,5208.0,0.0,788.0,0.0,0.0,0.0,1.87679179486325,0.0,0.02338616770543158
Kepler-352 b,0.86,,0.8874773139745916,50.389,5212.0,0.0,694.0,0.0,0.0,0.0,2.3645103714706974,0.0,0.023380722001947903
bet UMi b,12.7,,0.9437386569872959,273.9958,4126.0,0.19,1040.63,0.16923195125085805,0.0022194688502712497,0.04167334508735348,8097.510446363883,0.0,0.0233504768792059
HD 141399 c,13.6,,0.16751361161524503,3.3493,5600.0,0.048,383.17,0.3913992950105769,0.2242009617747384,0.08104931345835231,1765.043595183589,0.0006875044992148215,0.02334336089718384
Kepler-141 b,0.69,,0.7803992740471869,228.663,4910.0,0.0,968.0,0.0,0.0,0.0,1.0738725426410054,0.0,0.02329957831892107
55 Cnc e,1.875,7.99,1.208711433756806,2657.8322,5172.0,0.05,1958.0,0.18625307470205332,0.00026501125659501856,0.06961585724207314,33.37452211465166,0.0,0.023294776292640054
HD 240210 b,12.8,,0.7876588021778584,26.3684,4297.0,0.15,970.67,0.2757752141474478,0.029874003070869105,0.04624138483731332,6919.212184950843,0.0,0.023289878988164106
Kepler-1814 c,1.76,,0.6860254083484574,2011.27,4922.0,0.0,1711.0,0.0,0.0,0.0,15.666313526372127,0.0,0.023286414753427187
Kepler-849 b,8.08167508,298.75870258,0.5607985480943739,2.86,5950.0,0.078,362.7,0.49085742284165473,0.304982139340053,0.09039910242025678,1239.9370793229814,0.05190189095275252,0.02328516953227059
TOI-4364 b,2.01,,0.5771324863883848,13.3328,3528.0,0.29,488.0,0.3545566226096944,0.061208589938776134,0.025698562803866246,19.63144658511358,7.562481924263504e-224,0.0232650145078092
TOI-2134 c,7.35,58.3,0.14700544464609802,1.4,4580.0,0.3125,302.0,0.34070090213588045,0.32221497205866695,0.05380135705508214,244.5029180222262,0.999362092162806,0.023243219236506032
GJ 163 d,5.92,,0.1413793103448276,0.0184,3500.0,0.373,106.43,0.17567088295116198,0.009310668548327877,0.024950579686914907,122.86822611812418,0.6418690615016258,0.023242974023564424
Kepler-1558 b,0.68,,0.7731397459165155,189.886,5101.0,0.0,1019.0,0.0,0.0,0.0,1.0182943818366863,0.0,0.023236861023454628
Kepler-1435 b,0.86,,0.8874773139745916,893.886,6356.0,0.0,1331.0,0.0,0.0,0.0,2.3645103714706974,0.0,0.02318134509399363
GJ 414 A b,2.63,,0.4174228675136116,2.2033,4120.0,0.45,308.6,0.4133806993952955,0.2836536374339951,0.041513062990861244,31.80768720695621,0.834045860800063,0.023180236408189354
AU Mic c,2.79,14.46,0.7078039927404719,7.3,3540.0,0.18,424.7,0.4233504886045349,0.12315692527265502,0.026019126996846186,64.38937762354247,1.590707325381877e-49,0.02317885051996744
Kepler-390 b,0.82,,0.8620689655172414,99.972,5166.0,0.0,786.0,0.0,0.0,0.0,1.9910042048557433,0.0,0.02314914820921709
Kepler-1507 b,0.84,,0.8747731397459166,30.476,5410.0,0.0,630.0,0.0,0.0,0.0,2.1718103920093967,0.0,0.023145396272036954
K2-264 c,2.668,,0.3992740471869329,2.5922,3660.0,0.45,331.0,0.39500413835755266,0.24518785148391242,0.029224768926642428,31.762682031868955,0.24181633158032478,0.023129306084379467
Kepler-124 b,0.73,,0.8076225045372052,198.843,4984.0,0.0,892.0,0.0,0.0,0.0,1.3160294312113383,0.0,0.02310971464259435
Kepler-345 b,0.74,0.48,0.8711433756805808,35.37,4504.0,0.0,622.0,0.0,0.0,0.0,1.478677304053163,0.0,0.02309798758625646
Kepler-1907 b,0.86973029,,0.8929219600725953,75.0,5159.0,0.0,856.0,0.0,0.0,0.0,2.460684307315929,0.0,0.023088777966864506
Kepler-1583 b,0.6,,0.7205081669691471,124.307,5645.0,0.0,788.0,0.0,0.0,0.0,0.6519004312900953,0.0,0.022969598775418765
GJ 740 b,1.53,,0.823956442831216,79.0,3913.0,0.24,829.0,0.28487361294913877,0.010020690732738084,0.03598333066196186,12.36138565063676,0.0,0.02293308904835223
K2-21 c,2.49,,0.9800362976406535,5.1,4222.06,0.21,420.0,0.47083646926442874,0.17963506985923766,0.044239461452152726,63.376581747253695,2.0181365605608135e-17,0.022896580454690348
Kepler-1416 b,0.88,,0.9001814882032668,2658.55,6019.0,0.0,1870.0,0.0,0.0,0.0,2.569606980516063,0.0,0.02285377358731481
Kepler-220 b,0.81,,0.8584392014519058,105.001,4632.0,0.0,759.0,0.0,0.0,0.0,1.9109670898728701,0.0,0.02285276212821433
Kepler-1284 b,1.21,,1.0816696914700545,2190.082,5123.0,0.0,1703.0,0.0,0.0,0.0,8.026743428190604,0.0,0.022834093345349114
Kapteyn c,2.54,,0.426497277676951,0.1666,3550.0,0.23,165.59,0.3976549921647275,0.13375642496918774,0.026286263824329116,29.2756146907002,0.8584126694571181,0.022822589306137238
GJ 514 b,2.13,,0.5372050816696915,0.28,3728.0,0.45,202.0,0.4055307150638285,0.19954439718963546,0.03104129935352666,21.745406561079005,0.957358945793002,0.022780164820162704
55 Cnc d,13.0,1232.493,0.558983666061706,0.0203,5198.0,0.0913,104.85,0.26025945008380574,0.0160285020526577,0.07031041299353447,5144.199275161589,0.6473887207644051,0.02277491437904584
TOI-2447 b,9.60609646,124.906563951,0.14047186932849365,44.5933,5730.0,0.17,414.0,0.20510914155252832,0.013245695066197646,0.08452209221563095,521.5774431812011,0.0,0.022675064971503723
K2-17 b,2.23,,0.5027223230490019,4.91,4320.0,0.18,487.0,0.4589802305984561,0.17794515595080873,0.04685579954052113,23.352391807810356,1.903569453852434e-15,0.022669167061643018
Kepler-1928 b,1.992,,0.5843920145190563,37.8,5720.0,0.43,621.0,0.2853215055166258,0.019455133662729128,0.08425495538814291,19.349105135517092,0.0,0.022629561893230225
Kepler-756 b,1.12,,1.0362976406533575,2174.33,5282.0,0.0,1741.0,0.0,0.0,0.0,6.098558396003643,0.0,0.0226263957043043
TOI-1107 b,14.57167491,1064.72516345,0.3430127041742287,532.0,6311.0,0.025,1728.0,0.17991071117298937,0.001278972608121096,0.1000427418923959,4445.567775140848,0.0,0.02257672794221928
BD+48 738 b,13.9,,0.1074410163339383,48.9779,4414.0,0.2,705.93,0.16931410398305116,0.010402447655477955,0.049366885718865,1208.6571288756854,0.0,0.022560139539310443
Kepler-1992 b,0.91,,0.9165154264972777,38.99,5383.0,0.0,637.0,0.0,0.0,0.0,2.8930275241789443,0.0,0.022521788788479043
GPX-1 b,16.47720163,6261.2196179,1.4922727767695099,4650.0,7000.0,0.0,2300.0,0.0,0.0,0.0,27963.220938499955,0.0,0.022515393121020008
HD 154345 b,13.7,376.944490702,0.14627949183303088,0.0349,5468.0,0.058,119.21,0.2521017033394378,0.02487862828778627,0.07752310733557637,1575.5556727976711,0.672231424091188,0.022494367757757795
TOI-849 b,3.64,41.8,1.0163339382940109,2314.06,5257.0,0.0,1932.0,0.0,0.0,0.0,205.31902270608586,0.0,0.022488172152241442
Kepler-1982 b,0.77,,0.8330308529945554,638.38,6202.0,0.0,1282.0,0.0,0.0,0.0,1.5930223593100565,0.0,0.02247888122431664
HATS-18 b,14.896761,629.144485,0.20270417422867515,2990.0,5600.0,0.166,2069.48,0.08741093447285775,0.00012725783112632212,0.0810493134583529,2806.89942600745,0.0,0.022466890351739058
HD 195019 b,13.0,,0.573502722323049,109.862,5751.0,0.01,901.66,0.26882492736275004,0.007998514772859835,0.08508307955334556,5277.814840750201,0.0,0.02245439011843381
TOI-6716 b,0.982,,0.9600725952813067,4.4,3110.0,0.88,369.0,0.392974457819979,0.16171546290294694,0.01453224341507575,3.808264863967231,8.668591088988145e-11,0.022453456258261853
Kepler-1395 b,0.8,,0.8511796733212342,730.531,6138.0,0.0,1311.0,0.0,0.0,0.0,1.8254914959980884,0.0,0.022426933254271343
Kepler-87 b,13.49,324.2,0.13230490018148822,9.203,5600.0,0.036,478.0,0.33052083441238733,0.08639383323886761,0.08104931345835222,1360.5057693465894,7.406855207833536e-91,0.02240862167995266
TOI-5542 b,11.30986153,419.53349724,0.29038112522686027,9.6,5700.0,0.018,441.0,0.42077254209473214,0.10563491700912697,0.08372068173318183,1759.6603828076716,4.577231520350602e-101,0.022379104648531316
TOI-431 b,1.28,3.07,1.4519056261343013,2120.4475,4850.0,0.0,1862.0,0.0,0.0,0.0,12.754308175024596,0.0,0.022366828849045454
Kepler-388 c,0.86,,0.8874773139745916,16.64,4498.0,0.0,515.0,0.0,0.0,0.0,2.3645103714706974,0.0,0.022352858525476513
Kepler-398 d,0.88,,0.9001814882032668,40.831,4557.0,0.0,636.0,0.0,0.0,0.0,2.569606980516063,0.0,0.022335344757636953
Kepler-1443 b,0.97,,0.9509981851179674,2809.165,6289.0,0.0,1602.0,0.0,0.0,0.0,3.6356619938806842,0.0,0.022314655540012697
Kepler-21 b,1.639,7.5,1.6878402903811254,2749.0,6305.0,0.0,2015.0,0.0,0.0,0.0,31.12840151949877,0.0,0.022294255303217044
Kepler-1470 b,1.07,,1.0090744101633393,23.918,4961.0,0.0,574.0,0.0,0.0,0.0,5.178012983804405,0.0,0.0222645487834072
Kepler-240 c,2.2,102.3,9.582577132486389,59.838,4985.0,0.0,696.0,0.0,0.0,0.0,427.4043868801921,0.0,0.022247593986424466
HD 213519 b,2.99,,0.3430127041742287,125.3797,5840.0,0.413,931.36,0.19915234564625067,0.004695076118699808,0.08746059731794054,38.407176356455885,0.0,0.022243564488076854
Kepler-1421 b,0.93,,0.9292196007259529,649.151,6335.0,0.0,1209.0,0.0,0.0,0.0,3.130803546367877,0.0,0.0222338836055516
HD 152843 b,3.05,9.82,0.3448275862068966,265.4,6310.0,0.046,1003.11,0.2495707182049961,0.0029827210677765372,0.10001602820964177,40.98171506347498,0.0,0.022222377920374882
Kepler-1178 b,1.07,,1.0090744101633393,23.237,4990.0,0.0,378.0,0.0,0.0,0.0,5.178012983804405,0.0,0.022221164693139072
Kepler-1415 b,1.29,,1.0272232304900182,2138.079,5267.0,0.0,1846.0,0.0,0.0,0.0,9.2368219572636,0.0,0.022190859511231262
Kepler-220 d,0.98,,0.958257713248639,8.208,4632.0,0.0,401.0,0.0,0.0,0.0,3.777888708645207,9.865011770866213e-68,0.02218841588131906
HD 102888 b,12.8,,0.8602540834845736,37.4512,4990.0,0.11,688.63,0.2794242957627436,0.022073776923098636,0.0647539669818874,7556.927593702073,0.0,0.0221751163701547
Kepler-332 c,1.09,,1.0163339382940109,19.986,4955.0,0.0,550.0,0.0,0.0,0.0,5.513209950025439,0.0,0.022158156898528538
Kepler-1994 b,0.51,,0.6533575317604357,268.27,5495.0,0.0,1032.0,0.0,0.0,0.0,0.36303628929917076,0.0,0.022152450989557954
HD 95872 b,13.0,,0.5390199637023594,0.0216,5312.0,0.06,103.45,0.28142365995498125,0.01830606236972352,0.07335577282684096,4960.477872477247,0.6496079577347682,0.022099562471550163
Kepler-1347 b,1.03,,0.985480943738657,34.32,5193.0,0.0,617.0,0.0,0.0,0.0,4.510747469472506,0.0,0.02208195782321309
TOI-2169 A b,12.50922246,329.588058059,0.16696914700544466,577.0,6270.0,0.045,1364.0,0.15006952411124846,0.0009703639497801449,0.09894748089971508,1369.0388912671037,0.0,0.022057476851472614
BD-11 4672 c,4.04,,0.23230490018148822,1.7444,4550.0,0.4,320.21,0.3778331621120692,0.304308329648503,0.05299994657263187,64.16394759294928,0.9921236669471142,0.022044143628485204
Kepler-388 b,0.81,,0.8584392014519058,112.21,4498.0,0.0,830.0,0.0,0.0,0.0,1.9109670898728701,0.0,0.022043537115222046
Kepler-124 d,1.11,,1.029038112522686,10.499,4984.0,0.0,428.0,0.0,0.0,0.0,5.895070533268197,3.039418631774568e-126,0.022042651255021355
Kepler-85 e,1.27,0.6,0.29038112522686027,24.318,5436.0,0.0,559.0,0.0,0.0,0.0,2.4915416758042723,0.0,0.022027584549639125
K2-321 b,2.05124347,,0.5607985480943739,68.5516,3750.0,0.44,830.0,0.2389946611395233,0.009695764732985996,0.03162900037398924,20.27435863123256,0.0,0.02202262417394037
Kepler-1293 b,0.97,,0.9509981851179674,929.122,6241.0,0.0,1183.0,0.0,0.0,0.0,3.6356619938806842,0.0,0.021992874293952566
Kepler-1763 b,1.14651332,,1.0526315789473684,2597.27,5897.0,0.0,1822.0,0.0,0.0,0.0,6.645112196268169,0.0,0.021987480751760265
GJ 687 c,4.14,,0.2250453720508167,0.0157,3413.0,0.4,98.62,0.1923185132257276,0.008668213595503611,0.022626489287812263,66.88977251650394,0.6347270776029003,0.021966896701433106
HIP 56640 b,12.7,2151.69831539,1.0471869328493648,0.542,4769.0,0.118,239.37,0.46813036792261253,0.40226871012573434,0.0588502430945124,8985.122168369155,1.0,0.021965043690328392
GJ 229 b,3.97,,0.23774954627949185,0.0237,3564.0,0.404,111.85,0.2125296803201298,0.013814780556870755,0.02666025538280587,62.31316729097819,0.6478736881371895,0.021949556965177443
Kepler-1375 b,1.74,,0.6969147005444646,2948.362,6704.0,0.0,1543.0,0.0,0.0,0.0,15.378570915853674,0.0,0.021948617747180578
Kepler-1356 b,1.53,,0.823956442831216,1966.057,5106.0,0.0,1714.0,0.0,0.0,0.0,12.36138565063676,0.0,0.02192084146193944
Ross 508 b,1.83,,0.6515426497277677,1.2464,3071.0,0.33,293.86,0.5060757785312261,0.47756900497302945,0.013490409787892376,16.725716383590022,0.9699811131298489,0.021898087508117073
Kepler-139 e,13.7,378.0,0.14664246823956445,0.0991,5622.0,0.013121,154.06,0.3525545389985834,0.08557619804420377,0.0816370144788147,1579.465240223968,0.7773972438498729,0.02189425330989557
HD 87646 b,12.4,,2.0689655172413794,665.812,5770.0,0.05,1012.7,0.1709471591315918,0.0009778568133755145,0.08559063952556357,16523.685383608237,0.0,0.021882587171591746
Kepler-345 c,1.2,2.2,0.22141560798548096,25.83,4504.0,0.0,575.0,0.0,0.0,0.0,1.6026569796955492,0.0,0.021873364792859677
TOI-329 b,4.94057819,40.4,0.3339382940108893,576.8749,5614.0,0.39,1213.02,0.1364038187776237,0.0008271087336155364,0.08142330501682594,168.68954392494618,0.0,0.021858881205120934
HIP 65891 b,12.7,1938.7532827,0.9437386569872959,5.617,5000.0,0.09,429.05,0.41590410339508155,0.16468504999562666,0.06502110380937039,8097.510446363883,1.875173406969432e-23,0.021854631586498287
Kepler-1616 b,1.02,,0.9782214156079855,724.861,6266.0,0.0,1337.0,0.0,0.0,0.0,4.348367998494511,0.0,0.021845843072626436
TOI-269 b,2.77,8.8,0.41379310344827586,19.0,3514.0,0.425,531.0,0.28176790954912306,0.03644088676654829,0.025324571245390396,36.83928263320809,0.0,0.02183808019498711
WASP-38 b,13.78707,1093.3352,0.4174228675136116,501.5014,6180.0,0.03,1250.0,0.18541513894340064,0.0013868859919520195,0.09654324945236803,4582.271190615358,0.0,0.021831334254501348
Kepler-1130 d,0.64472273,,0.7513611615245008,221.4,5450.0,0.0,981.0,0.0,0.0,0.0,0.843444084748876,0.0,0.021807246650210114
Kepler-1423 b,1.06,,1.0054446460980038,71.16,4939.0,0.0,741.0,0.0,0.0,0.0,5.016079037417973,0.0,0.021805105034352797
Kepler-271 d,0.66,,0.7604355716878404,189.343,5555.0,0.0,954.0,0.0,0.0,0.0,0.9157624675711388,0.0,0.021788013808358035
GJ 15 A c,6.67,,0.12105263157894738,0.0008,3607.0,0.27,46.14,0.0957831766141531,0.00029355239075607635,0.027808943740983395,150.46668263676557,0.6123493438278975,0.021784542073159812
HD 159868 b,13.3,,0.29945553539019965,0.668,5534.0,0.024,255.69,0.5290752183444861,0.5064697418255439,0.0792862103969641,2951.045309379268,0.9999999984198709,0.02177401030583838
K2-54 b,2.6116925,,0.4101633393829401,6.1,3990.0,0.24,560.0,0.39524394550556907,0.1308895004930226,0.03804028423358192,30.606352462620055,6.1726632962783956e-30,0.021773118052018436
Ross 176 b,1.84,4.57,0.7313974591651543,36.2,4041.0,0.25,682.0,0.3188835257211914,0.022798325084292734,0.039402682053744725,19.08514771389962,0.0,0.02177209791227616
HD 64121 b,13.2,,0.35208711433756806,7.7628,5078.0,0.11,464.77,0.3335534077160174,0.10149075068890386,0.06710477106373816,3392.0366340582505,2.0349678766440604e-58,0.021763965012178445
61 Vir d,5.11,,0.17114337568058077,3.5464,5577.0,0.35,382.51,0.3274628550289326,0.16717804169565167,0.08043489875513886,95.65582101030925,6.977052453430835e-05,0.02172880322787536
K2-229 b,1.0,2.55,1.3793103448275863,2290.0,5315.0,0.0,1818.0,0.0,0.0,0.0,5.777641661774332,0.0,0.021723523441020104
Kepler-399 b,0.96,,0.9473684210526315,35.63,5502.0,0.0,773.0,0.0,0.0,0.0,3.5109222542733707,0.0,0.021720148221255186
Kepler-1605 b,1.08,,1.012704174228675,16.734,5280.0,0.0,528.0,0.0,0.0,0.0,5.343705012414057,0.0,0.021703165809388567
TOI-628 b,11.88154,2011.8639,1.1941923774954628,1052.9,6250.0,0.072,1586.0,0.15757851773069004,0.0005948460879222287,0.09841320724474897,8390.369893898118,0.0,0.021670202046465106
Kepler-1361 b,0.86,,0.8874773139745916,186.069,5131.0,0.0,1061.0,0.0,0.0,0.0,2.3645103714706974,0.0,0.021643177442203163
Kepler-1619 b,0.76,,0.823956442831216,74.635,5852.0,0.0,797.0,0.0,0.0,0.0,1.515073284023748,0.0,0.021640807013429995
TOI-5181 A b,13.34989601,330.54154328,0.13793103448275862,1053.0,6060.0,0.15,1585.0,0.10463027039042176,0.0003909232944989625,0.09333760752257203,1374.6250408427675,0.0,0.021628238016404327
TOI-7384 b,3.56,,0.27404718693284935,4.9,3185.0,0.4,378.0,0.3253152287104635,0.13076756584762045,0.016535769621199216,51.792151407458334,2.432005501059386e-15,0.021616565800264075
Kepler-1759 b,0.9037791,,0.912885662431942,195.7,5017.0,0.0,954.0,0.0,0.0,0.0,2.8228764947703335,0.0,0.021553905899793852
WASP-106 b,12.10569916,613.40882551,0.3375680580762251,327.8307,6002.0,0.023,1140.0,0.20771325856797385,0.0022605667469876795,0.09178821392316958,2508.531654853928,0.0,0.021547352340410258
Kepler-381 b,0.99,,0.9637023593466424,716.085,6152.0,0.0,1576.0,0.0,0.0,0.0,3.916851580419873,0.0,0.02154389147322292
Kepler-332 d,1.18,,1.0689655172413792,7.253,4955.0,0.0,427.0,0.0,0.0,0.0,7.356958854492012,1.0886535186648328e-48,0.021520580059006023
Kepler-1130 b,0.8,,0.8511796733212342,162.65,5403.0,0.0,904.0,0.0,0.0,0.0,1.8254914959980884,0.0,0.021513877367122913
Kepler-1577 b,1.13,,1.043557168784029,57.751,4862.0,0.0,1125.0,0.0,0.0,0.0,6.307252035510905,0.0,0.021502471819158337
Kepler-1412 b,0.83,,0.869328493647913,1087.781,5880.0,0.0,1397.0,0.0,0.0,0.0,2.0821250107636837,0.0,0.02148022184465452
K2-18 b,2.37,8.92,0.7459165154264974,1.005,3457.0,0.2,284.0,0.5665503314832829,0.6002318028518394,0.023801891328736977,41.59334710368583,0.9940860770597135,0.02145843758997124
HD 94834 b,13.7,,0.15535390199637023,1.3107,4798.0,0.14,286.45,0.36092461107339324,0.37069810961864735,0.059624939894213386,1673.2948584550945,0.9999996371773359,0.021441964918558123
GJ 887 c,2.43,,0.45190562613430135,2.5,3688.0,0.17,320.0,0.492287431357305,0.3114306100607212,0.02997275204359467,27.1615893133516,0.3607791516983532,0.021435715933056355
Kepler-1150 b,1.02,,0.9782214156079855,153.741,4754.0,0.0,1432.0,0.0,0.0,0.0,4.348367998494511,0.0,0.02142602290455639
Kepler-19 b,2.209,6.1,0.5626134301270418,87.6,5541.0,0.41,851.0,0.23878981553542677,0.007693501401763224,0.07947320617619731,25.403049349316774,0.0,0.021408607650198766
Kepler-61 b,2.15,,0.5281306715063522,1.69,4017.0,0.25,273.0,0.5070511566953038,0.4046012336281269,0.03876155366778576,21.985957250063045,0.9763946767221526,0.021406072856022907
Kepler-1398 c,1.03,,0.985480943738657,738.183,6126.0,0.0,1324.0,0.0,0.0,0.0,4.510747469472506,0.0,0.021342993629212503
Kepler-1505 b,0.93,,0.9292196007259529,36.121,5686.0,0.0,525.0,0.0,0.0,0.0,3.130803546367877,0.0,0.021340581180997423
Kepler-65 d,1.52,4.14,1.0344827586206897,394.549,6211.0,0.014,1117.0,0.3221186528089056,0.0025954360936757868,0.09737137361755666,15.217476156714296,0.0,0.021330182622621468
Kepler-1966 b,1.10479327,,1.0272232304900182,68.28,5009.0,0.0,733.0,0.0,0.0,0.0,5.802250861475718,0.0,0.02132951848505766
Kepler-595 c,1.009,3.3,1.252268602540835,50.23,5138.5,0.0,679.0,0.0,0.0,0.0,5.388397176542244,0.0,0.021322940933924353
TOI-4504 c,11.17,821.0,0.5880217785843921,0.2639,5315.0,0.04987,412.5,0.4759957123724153,0.24942928665622513,0.0734359138750854,3432.744974396105,0.9707824918688346,0.02132239021037573
DMPP-3 A b,1.44,,0.8911070780399275,142.7812,5138.0,0.42,854.0,0.23862016115521356,0.004848821621734759,0.06870759202863055,11.145664828760077,0.0,0.02129087911511519
K2-122 b,1.16,,1.0544464609800364,79.9,4009.0,0.21,769.0,0.30615464946468174,0.010517430165555411,0.038547844205798244,6.894251313357239,0.0,0.021241874784212845
Kepler-398 b,0.93,,0.9292196007259529,81.287,4493.0,0.0,755.0,0.0,0.0,0.0,3.130803546367877,0.0,0.021241261429527262
HD 148427 b,13.7,381.3940884,0.14791288566243194,4.8905,5025.0,0.12,451.86,0.3065232641892539,0.13331736704991579,0.0656889458780782,1593.1487262160072,3.06122408865806e-15,0.021234811796540083
WASP-148 b,8.47398941,91.216752809,0.15081669691470054,72.699,5555.0,0.208,940.0,0.1853575440159324,0.007649422451926429,0.07984719773467762,384.4162917589861,0.0,0.021221513104056334
HD 18438 b,12.1,,3.7568058076225044,210.6576,3860.0,0.1,1208.15,0.16929147082548127,0.002784895253011541,0.03456750547630467,27878.11895361502,0.0,0.02120629777909312
Kepler-1907 c,1.15547044,,1.0544464609800364,20.6,5159.0,0.0,620.0,0.0,0.0,0.0,6.813804386354256,0.0,0.02119407406616444
Kepler-1223 b,1.22,,1.087114337568058,20.51,4870.0,0.0,557.0,0.0,0.0,0.0,8.268815940386196,0.0,0.021181074492157476
Kepler-1163 b,1.03,,0.985480943738657,511.757,6302.0,0.0,1211.0,0.0,0.0,0.0,4.510747469472506,0.0,0.02117919931175562
Kepler-1499 b,1.19,,1.0707803992740472,7.371,5097.0,0.0,409.0,0.0,0.0,0.0,7.55840060344374,7.243851144989311e-51,0.02117687308158741
Kepler-34 b,8.564,69.92,0.11125226860254084,1.2545,5913.0,0.182,294.42,0.36147658731300675,0.3625768468028049,0.08941069615857,292.7031935426952,0.9994291472864236,0.021164124023766797
Kepler-1398 b,0.9,,0.911070780399274,1249.488,6126.0,0.0,1510.0,0.0,0.0,0.0,2.7820712990258043,0.0,0.021161203432050205
GJ 876 d,2.51,6.83,0.4301270417422868,28.6429,3293.74,0.207,603.09,0.301883030844694,0.027136789495368824,0.019440615483249282,28.490923125275817,0.0,0.02114085639086439
BD+45 564 b,13.6,,0.17132486388384754,0.579,5004.0,0.12,238.82,0.3670798147979818,0.3236777328255793,0.06512795854036382,1805.2016834813735,0.9999998132090895,0.02112714482987694
WASP-132 d,12.8,,0.7803992740471869,0.0363,4686.0,0.12,107.0,0.28701777629818925,0.029823223603223658,0.05663300742640325,6855.44064407572,0.6746031007079214,0.02112692739345799
CoRoT-30 b,11.309881,921.707,0.6261343012704175,89.2872,5650.0,0.007,894.6,0.276593383444962,0.009835807307117193,0.08238499759576642,3794.2872960321656,0.0,0.02111909828859475
HIP 41378 b,2.64,6.9,0.3756805807622504,140.0,6290.0,0.05,959.0,0.28971614581785804,0.006149643062813781,0.09948175455467516,28.954704463919914,0.0,0.02111870706691453
Kepler-1434 b,1.11,,1.029038112522686,925.289,6291.0,0.0,1320.0,0.0,0.0,0.0,5.895070533268197,0.0,0.021113025908300265
Kepler-1601 b,0.82,,0.8620689655172414,999.752,5869.0,0.0,1507.0,0.0,0.0,0.0,1.9910042048557433,0.0,0.021111116457822873
Kepler-1618 b,1.26,,1.0617059891107077,903.908,6620.0,0.0,1267.0,0.0,0.0,0.0,8.896199466231437,0.0,0.02111023812355823
Kepler-167 d,1.238,,1.0834845735027223,14.489,4884.0,0.0,538.0,0.0,0.0,0.0,8.611390342153577,1.049221392101956e-271,0.02110771088370061
GJ 328 b,13.3,,0.3375680580762251,0.0049,3897.0,0.227,73.57,0.15002878805558575,0.0025653106813973772,0.035555911737992094,3326.632894209357,0.6210299059799815,0.02110156075358379
Kepler-76 b,15.24424,638.8383,0.19963702359346644,3583.673,6409.0,0.0,2140.0,0.0,0.0,0.0,2962.4227089627534,0.0,0.021096224072122846
Kepler-398 c,1.01,,0.9782214156079855,20.556,4493.0,0.0,536.0,0.0,0.0,0.0,4.221724579174764,0.0,0.021043728117940665
TOI-5349 b,10.2,127.4,0.11978221415607987,44.5,3751.0,0.03,719.0,0.24839092893339146,0.01634335436626915,0.03165571405673929,532.4532243054502,0.0,0.021038579311263017
TOI-6383 A b,11.29,331.0,0.22867513611615245,51.3,3444.0,0.05,745.0,0.24408516744020106,0.014406068826340242,0.023454613453010385,1378.444806131239,0.0,0.021024681908415156
HAT-P-20 b,9.718,2302.899,2.500907441016334,85.1168,4595.0,0.015,970.0,0.29069406805298814,0.010692803119722297,0.05420206229630675,9614.283234718467,0.0,0.021024117966806834
TOI-6029 b,14.39233122,519.649445445,0.17386569872958257,806.794,6223.0,0.091,1484.0,0.12326513750461988,0.0005933395797330372,0.09769193781054557,2171.1806258572806,0.0,0.021023691328693705
Kepler-332 b,1.17,,1.0653357531760437,53.712,4955.0,0.0,703.0,0.0,0.0,0.0,7.147146709171989,0.0,0.021021843107956437
HD 150010 b,13.3,,0.32304900181488205,48.9796,4153.0,0.2,681.22,0.20388629292683794,0.01267085205833433,0.04239461452155775,3183.55190951218,0.0,0.021017839197397806
Kepler-1351 b,0.65,,0.7549909255898367,421.965,4439.0,0.0,1212.0,0.0,0.0,0.0,0.8685011763259827,0.0,0.02098096403657905
Kepler-1611 b,0.81,,0.8584392014519058,146.22,5605.0,0.0,1243.0,0.0,0.0,0.0,1.9109670898728701,0.0,0.02096247887968303
Kepler-1104 b,1.23,,1.0925589836660616,813.524,6417.0,0.0,1321.0,0.0,0.0,0.0,8.51625851203296,0.0,0.02096177485457138
Kepler-1482 b,1.01,,0.9782214156079855,86.499,5381.0,0.0,678.0,0.0,0.0,0.0,4.221724579174764,0.0,0.020956738800919278
HD 10442 b,13.6,,0.1869328493647913,0.5054,4912.0,0.132,234.49,0.3592073513005314,0.29262578939708833,0.06267029972751993,1969.658616510397,0.9999999096228023,0.020953549516441978
Kepler-367 c,1.2,,1.0798548094373865,3.761,4710.0,0.0,357.0,0.0,0.0,0.0,7.816236909170915,3.867176423090513e-06,0.020869545136617533
Kepler-1157 b,1.09,,1.0163339382940109,95.443,4679.0,0.0,732.0,0.0,0.0,0.0,5.513209950025439,0.0,0.020869528920515922
Kepler-114 b,1.26,1.09,0.4591651542649728,92.535,4605.0,0.0,586.0,0.0,0.0,0.0,3.847416179412913,0.0,0.020861510230937626
LHS 3154 b,3.69,,0.2613430127041742,3.7134,2861.0,0.076,343.83,0.44724174087953034,0.22218898164540718,0.007880536410749239,55.002015107614874,7.870567756161965e-06,0.02084891385408886
Kepler-828 b,1.51,,0.8366606170598911,1835.159,5039.0,0.0,1848.0,0.0,0.0,0.0,12.066151605498609,0.0,0.02084551470555853
Kepler-1349 b,0.7,,0.7876588021778584,1862.33,6086.0,0.0,1668.0,0.0,0.0,0.0,1.131672754019803,0.0,0.020836038502272405
Kepler-1705 b,2.03,4.47,0.5403544464609801,91.74,6312.0,0.033,789.0,0.36428553615600207,0.011212606820622266,0.10006945557513655,18.934570250345022,0.0,0.020819817590030675
Kepler-1459 b,1.36,,0.9600725952813067,3.511,4828.0,0.0,349.0,0.0,0.0,0.0,10.116013671203888,0.00010324146677626213,0.020802015427810263
TOI-757 b,2.5,10.5,0.6533575317604357,24.3644,5278.0,0.39,641.0,0.3084544384174214,0.031574854719294804,0.07244750761339441,42.76215045721135,0.0,0.02079352439138637
K2-181 b,2.69,,0.3938294010889292,192.0,5528.0,0.4,949.0,0.19017935414205586,0.003029175901962759,0.07912592830047005,32.11098179201991,0.0,0.02079009811008747
HD 72490 b,13.5,,0.22867513611615245,3.4894,4934.0,0.124,386.45,0.34659740039889997,0.19421519820608293,0.06325800074798259,2356.724740858014,0.00014008664175753512,0.020755204019562573
Kepler-85 d,1.2,8.69679,0.7985480943738658,38.39,5436.0,0.0,626.0,0.0,0.0,0.0,5.780074353000342,0.0,0.02074896758297103
HD 81817 c,12.0,,4.1560798548094375,337.2228,4140.0,0.095,1198.52,0.15452001056152156,0.0016475343812483055,0.04204733664582955,30082.659700842687,0.0,0.020696826422043627
TOI-4495 b,2.483,7.7,0.49183303085299457,1001.28,6210.0,0.078,1735.0,0.19139934254786764,0.0006728550101770915,0.09734465993481095,31.53816783378206,0.0,0.020668558358492083
Kepler-1523 b,1.58,,0.7894736842105263,2218.145,5708.0,0.0,1676.0,0.0,0.0,0.0,13.04360168701691,0.0,0.020663799440303665
Kepler-1169 b,0.94,,0.9346642468239565,348.046,6191.0,0.0,1125.0,0.0,0.0,0.0,3.251829752410044,0.0,0.020643048306242008
GJ 720 A b,3.77,,0.2540834845735027,4.2846,3837.0,0.12,401.0,0.4165354673996601,0.1844860494059334,0.03395309077309219,57.02812550996182,8.492735184809164e-10,0.0206253692095001
GJ 676 A d,1.78,,0.6751361161524502,59.6154,3734.0,0.192,757.36,0.2993587715498094,0.013689323308261293,0.03120158145001614,15.949238678455716,0.0,0.020602860222156044
Wolf 503 b,2.043,6.26,0.52994555353902,69.6,4716.0,0.41,790.0,0.24635707173849017,0.00977298475564904,0.05743441790884843,18.928881907995645,0.0,0.02058425234737084
Kepler-168 b,1.46,,0.8747731397459166,725.064,6282.0,0.0,1240.0,0.0,0.0,0.0,11.403616824159371,0.0,0.020582044798781812
Kepler-865 c,0.89,,0.9056261343012705,164.98,5440.0,0.0,914.0,0.0,0.0,0.0,2.67428430798031,0.0,0.02058126194780412
Kepler-1053 b,0.98,,0.958257713248639,139.818,4529.0,0.0,953.0,0.0,0.0,0.0,3.777888708645207,0.0,0.020580353347926836
Kepler-383 c,1.24,,1.0834845735027223,6.44,4710.0,0.0,406.0,0.0,0.0,0.0,8.653193135100102,5.388974044502042e-35,0.020568715611911453
Kepler-1358 b,1.12,,1.0362976406533575,98.834,5181.0,0.0,827.0,0.0,0.0,0.0,6.098558396003643,0.0,0.02052818214820282
Kepler-1869 c,0.74,,0.8112522686025408,1056.84,5808.0,0.0,1455.0,0.0,0.0,0.0,1.3770182393995083,0.0,0.020517009943488575
Kepler-1607 b,0.92,,0.9237749546279492,449.632,6116.0,0.0,913.0,0.0,0.0,0.0,3.0131328121510252,0.0,0.020495257648030597
24 Sex b,13.4,,0.2613430127041742,8.2099,5098.0,0.09,471.32,0.3257456227943151,0.09449769762528216,0.06763904471870423,2633.9886403506694,1.0220078626535222e-67,0.020494164581693966
HATS-61 b,13.394755,1080.622,0.4482758620689656,374.2,5542.0,0.092,1226.1,0.1690194915553199,0.0016481837750692016,0.07949991985895086,4512.7189536276655,0.0,0.020492834892173347
HIP 41378 c,2.74,5.97,0.29038112522686027,54.0,6290.0,0.044,757.0,0.3410100802569127,0.01713927467741608,0.09948175455467527,25.021231528300493,0.0,0.0204915997851126
HD 107148 c,4.7,,0.19056261343012706,66.7145,5752.92,0.34,799.68,0.19872995251544298,0.008498655040454224,0.0851343698242199,82.874301942489,0.0,0.020487484897875302
TOI-1694 c,13.8,,0.12014519056261344,0.4016,5005.0,0.111,222.0,0.3319984072177993,0.23279817550360726,0.06515467222311214,1322.6113920527368,0.9999978390406649,0.02048721532675257
TOI-1238 b,1.21,3.76,2.1234119782214154,442.0,4089.0,0.25,1133.0,0.19353968459025697,0.0013941796493981908,0.0406849388256624,15.757197669434573,0.0,0.020477249405207495
Kepler-324 b,1.14,2414.4,0.544464609800363,194.34,5194.0,0.0,935.0,0.0,0.0,0.0,3.3788803966388636,0.0,0.020471945051468078
Kepler-372 b,1.36,,0.9600725952813067,384.627,6509.0,0.0,1081.0,0.0,0.0,0.0,10.116013671203888,0.0,0.020471222592922615
Kepler-1959 b,1.14315727,,1.0490018148820328,102.25,5071.0,0.0,811.0,0.0,0.0,0.0,6.564214992817751,0.0,0.020467537329486883
24 Boo b,13.9,,0.10417422867513611,2001.2754,4816.0,0.032,1840.86,0.10954569649731942,0.00022829141093755285,0.060105786183682626,1171.907418876087,0.0,0.02046682656922628
HD 73534 b,13.7,,0.13702359346642468,0.3721,4917.0,0.126,220.25,0.3285404658398316,0.21940563162605092,0.06280386814126146,1475.8617034270985,0.9999990609163835,0.02046426849785673
GJ 4276 b,4.22,,0.21960072595281308,2.9298,3387.0,0.37,363.86,0.33908613343900906,0.19911718372328402,0.02193193353635641,69.12891390237307,0.03126184612142333,0.020460272289488476
Kepler-1264 b,1.18,,1.0689655172413792,2367.804,5791.0,0.0,1677.0,0.0,0.0,0.0,7.356958854492012,0.0,0.02044827784432013
HD 73344 b,2.884,10.48,0.4448275862068966,111.9729,6252.6,0.03,911.0,0.32902765451300303,0.008616707245208497,0.0984826628198889,44.69573565941215,0.0,0.020437618115814963
HD 33844 c,13.5,,0.2250453720508167,2.8101,4861.0,0.13,360.22,0.353683611637038,0.23039367098819882,0.06130790190735645,2319.316411638046,0.07243627567614155,0.020427977425148673
Kepler-26 d,1.07,,1.0090744101633393,31.79,4486.0,0.0,652.0,0.0,0.0,0.0,5.178012983804405,0.0,0.02042649667126045
Kepler-380 b,1.19,,1.0707803992740472,808.093,6045.0,0.0,1317.0,0.0,0.0,0.0,7.55840060344374,0.0,0.020425551499398512
Kepler-889 b,1.09,,1.0163339382940109,954.588,5961.0,0.0,1328.0,0.0,0.0,0.0,5.513209950025439,0.0,0.020424661062726845
HATS-42 b,15.6926,597.5204,0.15063520871143377,1637.2058,6060.0,0.229,1856.0,0.08733963581847917,0.00022096441516033721,0.0933376075225727,2438.3711842150187,0.0,0.020422823777366157
HD 37605 c,13.1,,0.4500907441016334,0.0431,5329.0,0.03,126.75,0.34648714473369213,0.04158587383616177,0.07380990543356195,4238.406219503763,0.6860872724590052,0.020414968276096488
Kepler-1850 b,0.72909663,,0.8058076225045373,245.15,4239.0,0.0,1008.0,0.0,0.0,0.0,1.3082033386399856,0.0,0.020396295295768186
Kepler-320 b,1.14,,1.043557168784029,280.559,6435.0,0.0,1292.0,0.0,0.0,0.0,6.476187426891155,0.0,0.02038625119319248
Kepler-1477 b,1.18,,1.0689655172413792,78.163,5100.0,0.0,674.0,0.0,0.0,0.0,7.356958854492012,0.0,0.020379954012773708
Kepler-1481 b,1.23,,1.0925589836660616,71.94,4908.0,0.0,797.0,0.0,0.0,0.0,8.51625851203296,0.0,0.020378424236433153
TOI-1820 b,12.778238,731.0053361,0.3629764065335753,292.245,5734.0,0.043,1375.0,0.1966223839011637,0.0023864092998066655,0.08462894694662472,3172.3414405627013,0.0,0.020365691446368808
Kepler-381 d,1.0667865,,1.0108892921960073,436.7,6197.0,0.0,1387.0,0.0,0.0,0.0,5.14072934239266,0.0,0.020360712512549155
Kepler-271 c,0.95,,0.9401088929219601,119.631,5555.0,0.0,850.0,0.0,0.0,0.0,3.3762732358389886,0.0,0.020357353827473203
Kepler-1571 b,1.52,,0.8294010889292197,757.132,6297.0,0.0,1476.0,0.0,0.0,0.0,12.200678251962165,0.0,0.020355840694611407
Kepler-14 b,12.733,2669.66,1.2885662431941924,1029.51,6395.0,0.035,1605.0,0.17221657217496575,0.0006673563156769012,0.10228669124325294,11142.626581043422,0.0,0.02035200440373185
Kepler-367 b,1.3,,1.0163339382940109,5.985,4710.0,0.0,401.0,0.0,0.0,0.0,9.35308959120289,2.465952188066438e-28,0.020347283310513106
Kepler-1008 b,1.28,,1.0362976406533575,35.408,5066.0,0.0,627.0,0.0,0.0,0.0,9.103387459923805,0.0,0.020345649643143626
Kepler-352 c,1.24,,1.0834845735027223,26.373,5212.0,0.0,591.0,0.0,0.0,0.0,8.653193135100102,0.0,0.02034218553106639
Kepler-374 c,1.1,,1.0272232304900182,966.591,5977.0,0.0,1467.0,0.0,0.0,0.0,5.727056888593483,0.0,0.020328397214405696
Kepler-169 d,1.25,,1.0725952813067152,55.53,4997.0,0.0,702.0,0.0,0.0,0.0,8.775149625073578,0.0,0.020327012815447968
Kepler-1953 b,1.28574667,,1.032667876588022,67.62,4858.0,0.0,731.0,0.0,0.0,0.0,9.194232915609467,0.0,0.02030663919584154
GJ 3341 b,2.46,,0.4428312159709619,3.6578,3526.0,0.31,377.62,0.4115467123956577,0.20083301721283203,0.025645135438369864,27.61418042439924,1.649424186011414e-05,0.02029507146905873
Kepler-189 b,1.21,,1.0816696914700545,45.389,5235.0,0.0,678.0,0.0,0.0,0.0,8.026743428190604,0.0,0.02029296690804257
Kepler-1181 c,1.83,,0.6533575317604357,377.25,6688.0,0.0,1124.0,0.0,0.0,0.0,16.772306122820083,0.0,0.020284000444202706
18 Del b,12.5,,1.4936479128856626,7.0173,4980.0,0.024,452.72,0.4682896520898545,0.15493710979245404,0.06448683015440401,12219.87841190449,1.859945026676426e-44,0.020283066733967937
Kepler-783 b,0.78,,0.838475499092559,229.104,5521.0,0.0,991.0,0.0,0.0,0.0,1.6667205651523551,0.0,0.020278768015900766
Kepler-1579 b,0.84,,0.8747731397459166,396.64,4584.0,0.0,1139.0,0.0,0.0,0.0,2.1718103920093967,0.0,0.020262461709505263
HD 180053 b,13.3,,0.2958257713248639,17.673,5131.0,0.081,542.98,0.2940801040194289,0.04467594763460854,0.06852059624939819,2915.2750632049733,0.0,0.0202598234734526
Kepler-1141 b,0.82,,0.8620689655172414,1146.953,5791.0,0.0,1471.0,0.0,0.0,0.0,1.9910042048557433,0.0,0.0202579720499582
Kepler-169 c,1.21,,1.0816696914700545,82.853,4997.0,0.0,776.0,0.0,0.0,0.0,8.026743428190604,0.0,0.02025143362367579
TOI-3714 b,11.32107051,222.4798849,0.1542649727767695,54.0,3660.0,0.03,750.0,0.24457962331299654,0.01369300382587503,0.02922476892664383,937.6017774950727,0.0,0.020251009253886773
Kepler-1541 b,1.16,,1.0544464609800364,75.56,5282.0,0.0,1048.0,0.0,0.0,0.0,6.894251313357239,0.0,0.020244660887647273
HD 94890 c,12.5,,1.4464609800362977,3.094,4867.0,0.05,369.1,0.4859228023308208,0.29785822904246717,0.06146818400384592,11833.831220276888,0.00833456461413791,0.020236644285741633
Kepler-1275 b,1.48,,0.8584392014519058,822.484,6296.0,0.0,1368.0,0.0,0.0,0.0,11.656906080285772,0.0,0.02021819244171154
Kepler-1860 b,1.13863767,,1.0471869328493648,56.3,5420.0,0.0,697.0,0.0,0.0,0.0,6.475442727089548,0.0,0.02020906436506161
TOI-7510 c,10.81,131.0,0.10399274047186932,92.4087,5720.0,0.0091,702.0,0.21684479087563452,0.007300041029833132,0.08425495538814755,550.2609761749837,0.0,0.02020549440980021
Kepler-1190 b,1.33,,0.987295825771325,24.211,4730.0,0.0,609.0,0.0,0.0,0.0,9.729506959408015,0.0,0.02019404674854075
DMPP-1 e,1.86,,0.6406533575317604,492.4756,6196.0,0.07,1314.0,0.2415861533053298,0.0016016435115640858,0.0969706683763335,17.268338310435322,0.0,0.020190123935615333
Kepler-354 d,1.24,,1.0834845735027223,8.949,4648.0,0.0,451.0,0.0,0.0,0.0,8.653193135100102,1.2349377689092295e-84,0.020189363449088105
Kepler-30 c,12.3,640.0,0.3411978221415608,6.217,5498.0,0.0111,411.0,0.4401052799379514,0.15861885192229525,0.07832451781802476,2659.5624589073045,1.2811804515891984e-31,0.020172641651917924
eps Tau b,12.7,,1.1125226860254083,22.147,4877.0,0.076,603.08,0.330425740023619,0.041569904175467465,0.061735320831329064,9545.719045425116,0.0,0.02015185787200914
Kepler-383 b,1.32,,0.9981851179673321,20.91,4710.0,0.0,545.0,0.0,0.0,0.0,9.61659870480432,0.0,0.02014026013045713
Kepler-126 b,1.52,,1.0458321234119783,298.088,6239.0,0.07,1009.0,0.2862541957733977,0.0029797297848187976,0.09811935673450956,15.384427888549407,0.0,0.02012832782566625
HAT-P-38 b,9.247,84.857,0.10707803992740472,243.0337,5330.0,0.067,1082.0,0.16396139060314582,0.0022682359950848656,0.07383661911630947,354.6431656739345,0.0,0.020125545219888397
Kepler-403 b,1.25,,1.0725952813067152,689.457,6090.0,0.0,1194.0,0.0,0.0,0.0,8.775149625073578,0.0,0.02012147612372257
Kepler-1498 b,1.33,,0.987295825771325,9.86,5256.0,0.0,564.0,0.0,0.0,0.0,9.729506959408015,4.54203710702048e-108,0.020119381510861525
TYC 1422-614-1 c,12.5,,1.6225045372050817,11.9278,4806.0,0.048,518.21,0.3825641698791175,0.0817473895907194,0.05983864935619942,13274.084204426019,6.048344722228402e-172,0.02011297952263324
Kepler-826 b,1.25,,1.0725952813067152,827.221,6079.0,0.0,1305.0,0.0,0.0,0.0,8.775149625073578,0.0,0.020111092686959455
Kepler-174 c,1.49,,0.852994555353902,5.296,4880.0,0.0,377.0,0.0,0.0,0.0,11.819352184196878,1.2892120461402426e-19,0.020110447918287096
Kepler-326 c,1.4,17.4,6.315789473684211,303.62,5105.0,0.0,889.0,0.0,0.0,0.0,72.59393887537169,0.0,0.020088688572649168
Kepler-1697 b,1.25954761,,1.0580762250453721,37.3,4681.53,0.0,630.0,0.0,0.0,0.0,8.856239031310107,0.0,0.02008806335079748
Kepler-65 c,2.58,5.4,0.29764065335753176,609.992,6211.0,0.02,1246.0,0.23624511857937427,0.0013033576799462768,0.097371373617559,21.4111491306181,0.0,0.02007349293961526
HD 192310 c,5.25,,0.16533575317604357,0.2765,5166.0,0.32,185.0,0.32603357894192,0.16477120743730111,0.06945557514558665,100.2151307986215,0.9741286637695022,0.020060026988337008
TOI-4773 b,15.22179579,1687.66884117,0.47731397459165154,3879.8071,6740.0,0.024,2255.0,0.125477251622362,0.0001460375378039326,0.11150291179141811,7051.6448752990345,0.0,0.02005684223014354
Kepler-1597 b,1.06,,1.0054446460980038,1431.311,6377.0,0.0,1497.0,0.0,0.0,0.0,5.016079037417973,0.0,0.020053474687217965
HIP 41378 d,3.65,6.53,0.13430127041742287,3.01,6290.0,0.063,367.0,0.4590510109839739,0.25645286965362324,0.09948175455467655,27.355667952145797,0.016152114580349847,0.020051084392351478
HD 1605 c,13.0,,0.5226860254083484,0.5026,4915.0,0.099,233.88,0.4448030201403504,0.3637700170872614,0.0627504407757647,4810.160361190056,0.999999999996587,0.020039749893294233
Kepler-1278 b,1.01,,0.9782214156079855,1314.67,6074.0,0.0,1213.0,0.0,0.0,0.0,4.221724579174764,0.0,0.020036470522384758
Kepler-1298 b,1.31,,1.0072595281306715,1003.027,6339.0,0.0,1373.0,0.0,0.0,0.0,9.4851429509056,0.0,0.020022648350606773
Kepler-1853 b,1.51862272,,0.8312159709618875,5.23,4821.0,0.0,386.0,0.0,0.0,0.0,12.194167818364711,7.227212871410618e-19,0.020022489163101648
HD 95089 b,13.7,,0.15535390199637023,7.2989,4918.0,0.119,458.34,0.2884194864532381,0.09175823936058197,0.06283058182400975,1673.2948584550945,1.670803007851442e-49,0.020020062776414094
Kepler-1570 b,1.07,,1.0090744101633393,76.457,5550.0,0.0,836.0,0.0,0.0,0.0,5.178012983804405,0.0,0.020018551316793153
Kepler-65 b,1.42,2.4,0.7985480943738658,2316.095,6211.0,0.028,1740.0,0.21470129498565987,0.00034091442373796214,0.09737137361755656,9.57755644331808,0.0,0.020001777743533636
Kepler-1586 b,1.52,,0.8294010889292197,105.771,6681.0,0.0,1013.0,0.0,0.0,0.0,12.200678251962165,0.0,0.01998023060107873
Kepler-887 c,1.13,,1.043557168784029,407.977,6194.0,0.0,1089.0,0.0,0.0,0.0,6.307252035510905,0.0,0.019976069076590778
Kepler-384 c,1.13,,1.043557168784029,40.099,5577.0,0.0,531.0,0.0,0.0,0.0,6.307252035510905,0.0,0.01997220050217768
Kepler-1692 b,1.11177184,,1.030852994555354,153.48,5146.0,0.0,897.0,0.0,0.0,0.0,5.933792496162826,0.0,0.019960791819579982
HD 180902 b,13.5,,0.2177858439201452,4.7959,4961.0,0.107,412.37,0.33543964894326045,0.14864110638515843,0.06397927018218673,2244.4997531981085,2.632579160719727e-14,0.01995864540326761
Kepler-1436 b,1.31,,1.0072595281306715,772.079,5972.0,0.0,1001.0,0.0,0.0,0.0,9.4851429509056,0.0,0.01995345537576772
Kepler-402 b,1.22,,1.087114337568058,619.844,6090.0,0.0,1311.0,0.0,0.0,0.0,8.268815940386196,0.0,0.019931320344759536
HATS-63 b,13.529263,305.1168,0.12159709618874774,634.1,5627.0,0.136,1398.3,0.11519720274262596,0.0006837531407617259,0.08177058289255675,1261.3459902444436,0.0,0.01992643007141012
Kepler-1254 d,1.31,,1.0072595281306715,71.31,4985.0,0.0,794.0,0.0,0.0,0.0,9.4851429509056,0.0,0.019917932249570752
Kepler-1680 b,1.35954736,,0.9600725952813067,49.0,5021.0,0.0,771.0,0.0,0.0,0.0,10.10591649040813,0.0,0.019916714721102444
Kepler-55 c,2.21,69.8,6.442831215970962,3.84,4362.0,0.0,349.0,0.0,0.0,0.0,291.30114022072905,1.3140452551767086e-06,0.01990228218208349
Kepler-1464 c,1.0,,0.9691470054446462,968.555,5828.0,0.0,1023.0,0.0,0.0,0.0,4.0595534834045965,0.0,0.01989636946727672
tau Gem b,12.1,,3.68421052631579,241.3109,4388.0,0.031,1012.69,0.20064890148133344,0.002903675706630221,0.04867232996740859,27339.41134098478,0.0,0.019894434146440286
NGTS-11 b,9.157753,109.33352,0.1415607985480944,9.242,5050.0,0.13,435.0,0.2892598794345504,0.07337557068596687,0.06635678794678479,455.405624661323,7.7793185291329e-92,0.019889838296581374
Kepler-758 e,1.53,,0.823956442831216,588.402,6228.0,0.0,1144.0,0.0,0.0,0.0,12.36138565063676,0.0,0.019888857833261227
GJ 1132 c,1.52,,0.8257713248638838,2.1053,3090.0,0.19,300.0,0.5537498427900116,0.38523215945549416,0.013997969760109967,12.147283598780708,0.9190748500837134,0.01988113505162976
Kepler-354 c,1.31,,1.0072595281306715,14.404,4648.0,0.0,508.0,0.0,0.0,0.0,9.4851429509056,4.990865874340648e-268,0.01987734741639321
Kepler-114 c,1.6,2.8,0.21415607985480944,51.623,4660.0,0.0,507.0,0.0,0.0,0.0,3.674336827765875,0.0,0.019868105850756757
TOI-2407 b,4.26,,0.2159709618874773,41.0,3530.0,0.08,705.0,0.2788168947570092,0.018672073017784376,0.025751990169363543,69.93792920995679,0.0,0.019864707521572784
K2-88 b,1.23,,1.0925589836660616,7.8,3537.0,0.26,464.6,0.44706312491286543,0.11801245271631781,0.02593898594860037,8.51625851203296,3.4558001162065406e-59,0.019856146888764914
Kepler-1370 c,1.27,,1.0471869328493648,503.722,6202.0,0.0,1075.0,0.0,0.0,0.0,8.985122168369157,0.0,0.019853519243212304
Kepler-1213 b,1.19,,1.0707803992740472,595.424,6050.0,0.0,1156.0,0.0,0.0,0.0,7.55840060344374,0.0,0.019848547721970995
Kepler-1364 b,2.15,,0.5281306715063522,672.06,6805.0,0.0,1299.0,0.0,0.0,0.0,21.985957250063045,0.0,0.01982917747109299
TOI-858 B b,14.06727078,349.6112477,0.12522686025408347,908.9,5842.0,0.15,1529.0,0.10528979507353216,0.000450944084195534,0.08751402468344209,1460.2110914513125,0.0,0.01982876563169822
Kepler-250 b,1.13,,1.043557168784029,148.103,5160.0,0.0,938.0,0.0,0.0,0.0,6.307252035510905,0.0,0.019824821087610477
GJ 180 d,2.66,,0.4010889292196007,0.1362,3371.0,0.14,187.94,0.41137676411802426,0.11836629047591214,0.021504514612383112,31.62089761807604,0.8189969039909923,0.019807500901376195
Kepler-910 b,0.82,,0.8620689655172414,2108.073,6230.0,0.0,1752.0,0.0,0.0,0.0,1.9910042048557433,0.0,0.01980098762094437
Kepler-915 b,1.5,,0.8457350272232306,844.751,6173.0,0.0,1319.0,0.0,0.0,0.0,11.956297267836291,0.0,0.01979949946173865
Kepler-431 b,0.764,,0.8275862068965517,577.545,6004.0,0.0,1032.0,0.0,0.0,0.0,1.5459018924852164,0.0,0.019796014455632
Kepler-220 e,1.33,,0.987295825771325,4.274,4632.0,0.0,341.0,0.0,0.0,0.0,9.729506959408015,9.915830297184207e-10,0.019783557998518088
Kepler-1029 b,1.26,,1.0617059891107077,92.16,5030.0,0.0,790.0,0.0,0.0,0.0,8.896199466231437,0.0,0.01977904023861383
HIP 41378 g,2.5,6.81,0.43375680580762255,22.3,6290.0,0.055,605.0,0.4210825796082026,0.046407575163787844,0.09948175455467496,28.389316553537533,0.0,0.019761807769236837
Kepler-935 b,1.35,,0.9691470054446462,94.607,4830.0,0.0,879.0,0.0,0.0,0.0,9.988023901731585,0.0,0.019760994876004946
Kepler-853 b,1.69,,0.7223230490018149,499.301,6350.0,0.0,1187.0,0.0,0.0,0.0,14.60428153050956,0.0,0.019732120543332135
Kepler-387 c,0.89,,0.9056261343012705,144.963,5774.0,0.0,826.0,0.0,0.0,0.0,2.67428430798031,0.0,0.019723868156933073
GJ 667 C b,2.25,,0.4972776769509982,5.3902,3350.0,0.2,,0.4286621158050227,0.15621090696540044,0.02094352727466865,23.726579181183713,1.0571609203280962e-20,0.019719955292361455
GJ 422 b,3.33,,0.29945553539019965,0.8928,3323.0,0.11,292.68,0.5217382873787809,0.5328323733019518,0.020222257840464795,46.31841133282155,0.9887309170598549,0.01971443502773079
K2-139 b,9.11,123.00021,0.16515426497277677,15.5562,5370.0,0.12,524.0,0.27576170845042963,0.045033588832198976,0.07490516642624168,523.0383505984801,5.725e-320,0.01970338903645291
Kepler-197 e,0.91,,0.9165154264972777,57.941,6004.0,0.38,691.0,0.3029954805413231,0.013725046373686536,0.091841641288657,2.8930275241789443,0.0,0.01970221713524924
Kepler-1783 b,1.31946731,,0.9981851179673321,65.5,5129.0,0.0,1088.0,0.0,0.0,0.0,9.604960979861653,0.0,0.019698219124745522
Kepler-1890 b,0.86867375,,0.8929219600725953,493.0,6046.0,0.0,1328.0,0.0,0.0,0.0,2.4517275497525994,0.0,0.01969608943758237
Kepler-750 c,1.62,,0.764065335753176,778.592,6160.0,0.0,1537.0,0.0,0.0,0.0,13.607055303788215,0.0,0.019695781843213675
Kepler-125 c,0.74,,0.8112522686025408,16.81,3810.0,0.0,529.0,0.0,0.0,0.0,1.3770182393995083,0.0,0.019678239031332704
Kepler-1387 b,0.93,,0.9292196007259529,300.312,5046.0,0.0,1123.0,0.0,0.0,0.0,3.130803546367877,0.0,0.019677319215194024
Kepler-1181 b,1.57,,0.7967332123411978,831.143,6176.0,0.0,1374.0,0.0,0.0,0.0,12.915180730626957,0.0,0.019674053338161135
Kepler-187 b,1.41,,0.9147005444646098,902.239,6105.0,0.0,1244.0,0.0,0.0,0.0,10.74050953174657,0.0,0.019659382964455716
HD 95127 b,12.4,,1.767695099818512,116.3001,4218.0,0.11,1151.28,0.2100727629147933,0.005972064413763614,0.04413100390019727,14117.604880381074,0.0,0.019655488131298127
Kepler-1943 b,1.54869189,,0.8112522686025408,724.2,6032.0,0.0,1098.0,0.0,0.0,0.0,12.622332198098484,0.0,0.019648414072031155
Kepler-1594 b,1.06,,1.0054446460980038,672.414,5946.0,0.0,1360.0,0.0,0.0,0.0,5.016079037417973,0.0,0.019647658613697265
Kepler-1385 b,0.85,,0.8820326678765881,1591.477,5732.0,0.0,1423.0,0.0,0.0,0.0,2.2689768081198163,0.0,0.01964710244498915
Kepler-1900 b,1.62314676,,0.7622504537205083,798.35,6173.0,0.0,1356.0,0.0,0.0,0.0,13.65399276581959,0.0,0.019646102709043982
HD 217786 c,2.61,,0.4101633393829401,1308.8643,5966.0,0.399,1663.13,0.13122010064523473,0.0003610340312361557,0.09082652134422604,30.54688793246715,0.0,0.019644449063530914
Kepler-1308 b,0.52,,0.662431941923775,58.108,3468.0,0.0,662.0,0.0,0.0,0.0,0.39015745151874914,0.0,0.019640411132950383
Kepler-1945 b,1.289,,1.029038112522686,100.72,4991.0,0.0,808.0,0.0,0.0,0.0,9.23163917416001,0.0,0.019640403429510126
Kepler-74 b,10.76,200.22,0.15970961887477314,337.682,6000.0,0.0,1078.0,0.0,0.0,0.0,833.4057578463417,0.0,0.01963974293148913
Kepler-1557 b,1.53,,0.823956442831216,645.543,6099.0,0.0,1287.0,0.0,0.0,0.0,12.36138565063676,0.0,0.01963550718006106
Kepler-1569 b,1.68,,0.7277676950998185,495.652,6319.0,0.0,1222.0,0.0,0.0,0.0,14.45470484972229,0.0,0.019629203429876063
Kepler-1263 b,1.14,,1.043557168784029,144.813,5213.0,0.0,907.0,0.0,0.0,0.0,6.476187426891155,0.0,0.019619684968729442
Kepler-395 b,1.03,,0.985480943738657,17.8,4262.0,0.0,576.0,0.0,0.0,0.0,4.510747469472506,0.0,0.019613729362882023
Kepler-169 b,1.13,,1.043557168784029,195.221,4997.0,0.0,962.0,0.0,0.0,0.0,6.307252035510905,0.0,0.019609101679804123
HD 20003 b,3.43,,0.2885662431941924,75.8952,5494.0,0.36,814.93,0.21454523063286393,0.00804011181366776,0.07821766308702854,48.777158263111666,0.0,0.019605241002394913
Kepler-1956 b,1.08940238,,1.0181488203266789,48.82,4391.0,0.0,674.0,0.0,0.0,0.0,5.513975484981255,0.0,0.019601392500744975
Kepler-394 d,1.50066814,,0.8439201451905627,302.0,6398.0,0.0,1165.0,0.0,0.0,0.0,11.946589755498394,0.0,0.019591544386368637
Kepler-115 b,1.09,,1.0163339382940109,1215.757,5979.0,0.0,1489.0,0.0,0.0,0.0,5.513209950025439,0.0,0.019588156588468398
Kepler-1235 b,0.79,,0.8457350272232306,265.325,5541.0,0.0,985.0,0.0,0.0,0.0,1.7466432144108852,0.0,0.019582418172861646
Kepler-386 b,1.39,,0.9328493647912885,43.262,5178.0,0.0,651.0,0.0,0.0,0.0,10.494083855440916,0.0,0.01957616462533653
Kepler-330 b,1.35,,0.9691470054446462,66.578,5117.0,0.0,714.0,0.0,0.0,0.0,9.988023901731585,0.0,0.0195751238678191
Kepler-173 b,1.29,,1.0272232304900182,599.495,6031.0,0.0,1179.0,0.0,0.0,0.0,9.2368219572636,0.0,0.01956820237377723
Kepler-1622 b,1.47,,0.8656987295825771,236.005,6436.0,0.0,922.0,0.0,0.0,0.0,11.51880413793599,0.0,0.019561891181048226
Kepler-81 d,1.21,,1.0816696914700545,7.507,4500.0,0.0,418.0,0.0,0.0,0.0,8.026743428190604,1.9584741854228132e-53,0.019561313113137035
Kepler-1274 b,1.42,,0.9056261343012705,975.81,6179.0,0.0,1384.0,0.0,0.0,0.0,10.861819693672095,0.0,0.019553449247767415
Kepler-1428 b,1.64,,0.7531760435571688,817.579,6184.0,0.0,1049.0,0.0,0.0,0.0,13.916071494991721,0.0,0.01954808920614679
Kepler-141 c,1.41,,0.9147005444646098,77.412,4910.0,0.0,738.0,0.0,0.0,0.0,10.74050953174657,0.0,0.01954646936996366
Kepler-191 b,1.34,,0.9782214156079855,50.2,5282.0,0.0,722.0,0.0,0.0,0.0,9.8591658135348,0.0,0.019544033617037677
Kepler-1987 c,1.33,,0.987295825771325,129.44,4769.0,0.0,860.0,0.0,0.0,0.0,9.729506959408015,0.0,0.01954379902596256
Kepler-393 b,1.29,,1.0272232304900182,429.813,6189.0,0.0,1052.0,0.0,0.0,0.0,9.2368219572636,0.0,0.019540679913925815
Kepler-356 b,1.57,,0.7967332123411978,844.979,6133.0,0.0,1294.0,0.0,0.0,0.0,12.915180730626957,0.0,0.019529791002786435
Kepler-825 b,1.53,,0.823956442831216,734.464,5976.0,0.0,1270.0,0.0,0.0,0.0,12.36138565063676,0.0,0.019526284281547998
TOI-3629 b,8.29464572,82.63538582,0.14519056261343014,39.0,3870.0,0.05,690.0,0.2558329132548113,0.018663428776632983,0.034834642303787126,347.0727533537593,0.0,0.019518554682499918
GJ 86 b,12.9,,0.6533575317604357,33.7048,5182.0,0.04,661.12,0.32543930556746214,0.02816136725678148,0.06988299406956143,5875.010432181797,0.0,0.019512017146148187
Kepler-520 c,1.07,,1.0090744101633393,351.69,6112.0,0.0,1107.0,0.0,0.0,0.0,5.178012983804405,0.0,0.019502800868622428
HD 192699 b,13.4,,0.27586206896551724,9.0351,5041.0,0.082,495.11,0.3276246635295484,0.08794234834890477,0.06611636480205094,2780.3213425923736,1.0531545087269983e-86,0.01948555483375979
Kepler-1352 b,0.89,,0.9056261343012705,1892.586,6118.0,0.0,1701.0,0.0,0.0,0.0,2.67428430798031,0.0,0.01947674109080241
Kepler-1833 b,1.30027362,,1.0163339382940109,439.2,6164.0,0.0,1177.0,0.0,0.0,0.0,9.35899666288598,0.0,0.019473021791581686
Kepler-1047 c,0.99,,0.9637023593466424,1323.065,5754.0,0.0,1309.0,0.0,0.0,0.0,3.916851580419873,0.0,0.019470386922423786
Kepler-1848 b,1.4088539,,0.9165154264972777,94.3,4847.0,0.0,774.0,0.0,0.0,0.0,10.735598579158522,0.0,0.019465622405802904
Kepler-1492 b,1.49,,0.852994555353902,11.523,4712.0,0.0,801.0,0.0,0.0,0.0,11.819352184196878,2.7668435033787464e-158,0.01946104056236936
Kepler-1957 b,0.94374867,,0.9364791288566244,345.07,4904.0,0.0,1099.0,0.0,0.0,0.0,3.297279556126593,0.0,0.019452208065195188
Kepler-1114 b,1.35,,0.9691470054446462,39.321,5374.0,0.0,631.0,0.0,0.0,0.0,9.988023901731585,0.0,0.01944259715472886
Kepler-138 b,0.64,0.07,0.308529945553539,9.9,3841.0,0.02,452.0,0.5472523188472769,0.11862982134596634,0.0340599455040823,0.33878631089909084,2.130929577674474e-109,0.019441329039182387
TOI-1272 b,4.26,24.1,0.3121597096188748,120.595,4985.0,0.345,1051.0,0.1910502851798449,0.0047940519601965695,0.06462039856814342,101.08675482447538,0.0,0.019424060739668708
Kepler-1688 b,1.26174569,,1.0580762250453721,84.01,4632.11,0.0,772.0,0.0,0.0,0.0,8.902685978321552,0.0,0.019417028913721636
Kepler-208 b,1.63,,0.7568058076225046,639.576,6092.0,0.0,1379.0,0.0,0.0,0.0,13.728904329626776,0.0,0.01941338290428602
Kepler-100 d,1.61,3.0,0.4892780399274047,53.981,5825.0,0.38,670.0,0.2736955007300803,0.013380463864319146,0.0870598920767137,8.553068718564395,0.0,0.019412353303968413
Kepler-84 d,1.38,,0.9419237749546281,584.24,6031.0,0.0,1254.0,0.0,0.0,0.0,10.36911348150106,0.0,0.019408861251045857
Kepler-46 b,9.057,1907.0,2.540834845735027,10.9,5155.0,0.01,543.0,0.421697854353877,0.0941723350884752,0.06916172463535604,7907.116714974497,2.5011305087932876e-138,0.01940421889849559
Kepler-111 c,7.0840758,222.4798849,0.6206896551724138,2.48,5914.0,0.176,352.2,0.4509908164121175,0.30526426041385485,0.08943740984131768,924.2994935191851,0.39788183502288704,0.019403341350156787
Kepler-1408 b,0.89,,0.9056261343012705,1982.268,6170.0,0.0,1616.0,0.0,0.0,0.0,2.67428430798031,0.0,0.019402848814826557
TOI-1478 b,11.99360935,279.68899816,0.15970961887477314,261.013,5597.0,0.055,918.0,0.17149682051170287,0.002276596913776706,0.08096917241010705,1154.168932403062,0.0,0.019400652310772412
Kepler-931 b,1.33,,0.987295825771325,72.44,5241.0,0.0,744.0,0.0,0.0,0.0,9.729506959408015,0.0,0.019389194668265473
Kepler-1383 b,1.41,,0.9147005444646098,231.396,6370.0,0.0,928.0,0.0,0.0,0.0,10.74050953174657,0.0,0.019386975846591898
WASP-95 b,13.78707,457.6752,0.15245009074410162,2841.0562,5830.0,0.0,1570.0,0.0,0.0,0.0,1673.525130485609,0.0,0.019379979022080007
Kepler-1841 b,1.48912557,,0.8511796733212342,20.35,5190.0,0.0,542.0,0.0,0.0,0.0,11.773451965148194,0.0,0.019374053701827293
Kepler-228 b,1.53,,0.823956442831216,863.776,6043.0,0.0,1360.0,0.0,0.0,0.0,12.36138565063676,0.0,0.019371856481017805
HD 18599 b,2.6,24.1,1.3611615245009074,145.0,5145.0,0.34,863.0,0.22437018511898887,0.0046415292916804655,0.06889458780787039,100.21167419145954,0.0,0.019370303964739558
Kepler-1430 b,1.18,,1.0689655172413792,208.54,4796.0,0.0,969.0,0.0,0.0,0.0,7.356958854492012,0.0,0.019369851635648135
GJ 3138 b,1.18,,1.0798548094373865,118.1,3717.0,0.19,902.98,0.2848160494176799,0.006888580563546199,0.030747448843294438,7.431902408188026,0.0,0.019364859924507986
Kepler-1246 b,1.36,,0.9600725952813067,26.451,4611.0,0.0,554.0,0.0,0.0,0.0,10.116013671203888,0.0,0.019355503628682248
HAT-P-61 b,10.07687365,335.944626199,0.3266787658802178,849.5,5587.0,0.113,1505.0,0.1395596471018613,0.0006265965527132059,0.0807020355826237,1400.189946309748,0.0,0.01934314168737284
Kepler-1271 b,1.48,,0.8584392014519058,975.181,6143.0,0.0,1484.0,0.0,0.0,0.0,11.656906080285772,0.0,0.019341426625737144
Kepler-1164 b,1.12,,1.0362976406533575,181.205,5183.0,0.0,936.0,0.0,0.0,0.0,6.098558396003643,0.0,0.019335091377452325
Kepler-1335 b,1.45,,0.883847549909256,80.741,4903.0,0.0,809.0,0.0,0.0,0.0,11.286777880287813,0.0,0.019330741024852372
Kepler-1689 b,0.94678642,,0.9382940108892922,149.3,5731.43,0.0,879.0,0.0,0.0,0.0,3.335674107647171,0.0,0.019330026467501118
K2-295 b,10.054473,106.47305,0.11107078039927405,97.8595,4444.0,0.0,852.0,0.0,0.0,0.0,472.89679344790295,0.0,0.01932460136629892
Kepler-1346 b,1.58,,0.7894736842105263,545.575,6133.0,0.0,1236.0,0.0,0.0,0.0,13.04360168701691,0.0,0.01932382729566218
Kepler-1288 b,1.12,,1.0362976406533575,1342.5,6132.0,0.0,2017.0,0.0,0.0,0.0,6.098558396003643,0.0,0.01931609662003047
K2-419 A b,10.55,196.0,0.1662431941923775,3.3,3711.0,0.042,377.0,0.39983483964097954,0.22994937405572471,0.03058716674680724,817.6922150642274,0.0011592190707693556,0.01930341116193159
Kepler-140 b,1.61,,0.7695099818511797,848.695,6077.0,0.0,1301.0,0.0,0.0,0.0,13.451802895897226,0.0,0.019290563183436995
HR 858 c,1.979,3.8,0.5263157894736842,512.0,6354.0,0.0,1309.0,0.0,0.0,0.0,17.08725855430565,0.0,0.01928717187468457
HD 190007 b,4.06,,0.23049001814882034,24.6845,4610.0,0.136,651.41,0.2951139630739411,0.030639478889234777,0.05460276753752984,64.6128402455152,0.0,0.019264871354439737
Kepler-320 c,1.37,,0.9509981851179674,101.619,6435.0,0.0,1002.0,0.0,0.0,0.0,10.243066656898016,0.0,0.01925633458332762
Kepler-1137 b,2.2,,0.5136116152450091,197.846,6807.0,0.0,1020.0,0.0,0.0,0.0,22.908227554373934,0.0,0.019253262384254198
Kepler-1254 b,1.55,,0.809437386569873,33.978,4985.0,0.0,660.0,0.0,0.0,0.0,12.626034267217095,0.0,0.01925305267123069
TOI-1470 b,2.18,7.32,0.7005444646098004,46.3,3709.0,0.3,734.0,0.2827360291949352,0.016424977768713163,0.030533739381308923,30.401414867283133,0.0,0.01925144569523582
Kepler-1265 b,1.35,,0.9691470054446462,58.15,4630.0,0.0,732.0,0.0,0.0,0.0,9.988023901731585,0.0,0.019248031526373017
Kepler-1909 b,1.09217411,,1.0181488203266789,266.01,4935.0,0.0,1031.0,0.0,0.0,0.0,5.556169726138865,0.0,0.019247956596373326
Kepler-1254 c,1.3,,1.0163339382940109,132.391,4985.0,0.0,927.0,0.0,0.0,0.0,9.35308959120289,0.0,0.019231313384897007
Kepler-348 b,1.52,,0.8294010889292197,438.942,6177.0,0.0,1196.0,0.0,0.0,0.0,12.200678251962165,0.0,0.019222466148228333
Kepler-1694 b,1.17986031,,1.0689655172413792,197.66,4954.0,0.0,956.0,0.0,0.0,0.0,7.3543463834900855,0.0,0.019221792657786296
Kepler-1930 b,1.52955541,,0.8221415607985482,31.6,5083.0,0.0,643.0,0.0,0.0,0.0,12.323408811328365,0.0,0.019219583275559105
Kepler-194 b,1.51,,0.8366606170598911,953.173,6089.0,0.0,1648.0,0.0,0.0,0.0,12.066151605498609,0.0,0.019215649511974003
Kepler-1483 b,1.52,,0.8294010889292197,265.018,6337.0,0.0,1131.0,0.0,0.0,0.0,12.200678251962165,0.0,0.019214575902871588
Kepler-1445 b,0.96,,0.9473684210526315,248.548,6150.0,0.0,987.0,0.0,0.0,0.0,3.5109222542733707,0.0,0.019212097520519254
Kepler-1591 b,1.27,,1.0471869328493648,439.434,6082.0,0.0,892.0,0.0,0.0,0.0,8.985122168369157,0.0,0.01921134775091672
Kepler-1004 b,6.28,,0.1308529945553539,1610.087,4972.0,0.0,1661.0,0.0,0.0,0.0,135.75355344739188,0.0,0.01921038392276468
Kepler-361 b,1.45,,0.883847549909256,411.905,6169.0,0.0,1060.0,0.0,0.0,0.0,11.286777880287813,0.0,0.019206970305295674
Kepler-1433 b,1.56,,0.8003629764065336,535.42,6097.0,0.0,1226.0,0.0,0.0,0.0,12.727684315708894,0.0,0.019203729403011894
TOI-1278 b,12.21778896,5879.8255295,3.266787658802178,6.5402,3799.0,0.013,407.87,0.4199782462076083,0.1469749978969851,0.03293797082865797,24956.71233947587,1.5517746132375287e-36,0.019200724381872317
Kepler-992 b,1.62,,0.764065335753176,15.291,4944.0,0.0,510.0,0.0,0.0,0.0,13.607055303788215,1.2899865753440438e-307,0.01920066996431197
TOI-2524 b,11.2089807,203.41018048,0.14337568058076225,210.609,5831.0,0.0,1100.0,0.0,0.0,0.0,845.7898438614632,0.0,0.01918911241073086
Kepler-389 c,1.46,,0.8747731397459166,22.735,5376.0,0.0,636.0,0.0,0.0,0.0,11.403616824159371,0.0,0.019179386604312024
Kepler-285 c,1.12,,1.0362976406533575,137.068,5411.0,0.0,851.0,0.0,0.0,0.0,6.098558396003643,0.0,0.019173012911058024
Kepler-217 c,1.85,,0.6424682395644283,730.808,6171.0,0.0,1208.0,0.0,0.0,0.0,17.039445495925126,0.0,0.019161491937068325
HD 191939 f,13.2,,0.397459165154265,0.0472,5348.0,0.0,125.0,0.0,0.0,0.0,3829.1547570039015,0.6929819265983168,0.019160190352033157
HATS-48 A b,8.9672,77.23269,0.10689655172413792,137.6,4546.0,0.162,954.6,0.15588657605453904,0.0036307764998857258,0.05289309184164014,322.8664166643342,0.0,0.019156976390823706
Kepler-111 b,1.58,,0.7894736842105263,677.503,5952.0,0.0,1356.0,0.0,0.0,0.0,13.04360168701691,0.0,0.019152734095515985
Kepler-1834 b,1.4593834,,0.8765880217785844,105.2,4821.0,0.0,848.0,0.0,0.0,0.0,11.412803692050936,0.0,0.019145264393850243
KOI-1831 d,1.13,2.23,1.8058076225045372,11.8,5233.0,0.0,475.0,0.0,0.0,0.0,10.914288304927567,1.4114592221778239e-167,0.019140619076297744
Kepler-1130 c,0.79239584,,0.8457350272232306,316.9,5450.0,0.0,1072.0,0.0,0.0,0.0,1.762582637514053,0.0,0.019134131199306646
Kepler-776 b,1.28,,1.0362976406533575,135.082,5071.0,0.0,904.0,0.0,0.0,0.0,9.103387459923805,0.0,0.01913403513898433
WASP-114 b,15.008851,562.24127,0.17604355716878403,2978.2048,5940.0,0.012,2043.0,0.1156703143042386,0.00016881296155440075,0.09013196559277532,2493.165354636121,0.0,0.019131778302396082
Kepler-384 b,1.12,,1.0362976406533575,101.549,5577.0,0.0,670.0,0.0,0.0,0.0,6.098558396003643,0.0,0.019128047544700356
Kepler-1302 b,1.43,,0.8965517241379312,58.344,5236.0,0.0,778.0,0.0,0.0,0.0,10.981763124053886,0.0,0.019126147676873102
Kepler-1301 b,1.4,,0.9237749546279492,76.139,5188.0,0.0,734.0,0.0,0.0,0.0,10.617906576886263,0.0,0.01912483077157811
Kepler-1248 b,1.18,,1.0689655172413792,271.25,6149.0,0.0,1035.0,0.0,0.0,0.0,7.356958854492012,0.0,0.01912358564012402
Kepler-1512 b,1.18,,1.0689655172413792,1.6,4372.0,0.0,322.0,0.0,0.0,0.0,7.356958854492012,0.9388431669582133,0.019120641053528065
Kepler-1185 b,1.33,,0.987295825771325,9.31,5622.0,0.0,355.0,0.0,0.0,0.0,9.729506959408015,1.4170811366030318e-93,0.019117052642977448
Kepler-1581 b,0.8,,0.8511796733212342,470.862,6022.0,0.0,1108.0,0.0,0.0,0.0,1.8254914959980884,0.0,0.019112475071717778
Kepler-374 d,1.31,,1.0072595281306715,548.099,5977.0,0.0,1272.0,0.0,0.0,0.0,9.4851429509056,0.0,0.019109215837150206
HD 11964 c,5.38,,0.1600725952813067,54.875,5303.0,0.3,757.54,0.19906317765876005,0.010254697397871042,0.07311534968210413,104.41248273018087,0.0,0.01910547630854726
TOI-1052 c,6.48,,0.12577132486388384,39.7,6146.0,0.237,719.0,0.20639891014899509,0.014356034093739173,0.09563498423892361,143.34919639753323,0.0,0.019101631598880925
Kepler-32 f,0.82,1862.11,0.2722323049001815,349.645,3900.0,0.0,1026.0,0.0,0.0,0.0,0.6287381699544453,0.0,0.019094312332766646
HD 130322 b,13.7,,0.14174228675136116,67.9633,5387.0,0.029,720.0,0.23328504314745888,0.010627113687944622,0.07535929903296366,1526.6860799689591,0.0,0.01908395396528925
Kepler-144 b,1.33,,0.987295825771325,426.719,6075.0,0.0,1253.0,0.0,0.0,0.0,9.729506959408015,0.0,0.019077507811102734
Kepler-1064 b,1.55,,0.809437386569873,24.87,5153.0,0.0,570.0,0.0,0.0,0.0,12.626034267217095,0.0,0.019072716869533754
WASP-32 b,10.76064,835.8929,0.5880217785843921,616.33,6140.0,0.0,1388.0,0.0,0.0,0.0,3068.996034476981,0.0,0.019071672429027648
Kepler-237 b,1.41,,0.9147005444646098,124.961,4861.0,0.0,823.0,0.0,0.0,0.0,10.74050953174657,0.0,0.0190634373526288
Kepler-1324 b,1.51,,0.8366606170598911,98.414,4776.0,0.0,895.0,0.0,0.0,0.0,12.066151605498609,0.0,0.01905772455424218
Kepler-625 c,1.05,,1.0,932.132,5789.0,0.0,1048.0,0.0,0.0,0.0,4.849048260815846,0.0,0.01905520123256031
Kepler-1417 b,1.0,,0.9691470054446462,114.332,5839.0,0.0,695.0,0.0,0.0,0.0,4.0595534834045965,0.0,0.019052206633836406
HD 33142 c,13.9,,0.10508166969147005,2.619,5025.4,0.081,353.91,0.33914698503239027,0.22975215820126074,0.06569963135117748,1182.1156716537532,0.21596286130196762,0.019046878011003018
Kepler-399 c,1.43,,0.8965517241379312,15.69,5502.0,0.0,630.0,0.0,0.0,0.0,10.981763124053886,0.0,0.019029920855246598
Kepler-333 c,1.11,,1.029038112522686,7.049,4259.0,0.0,386.0,0.0,0.0,0.0,5.895070533268197,4.781114723479696e-45,0.019027389778499878
Kepler-376 b,1.07,,1.0090744101633393,689.912,5900.0,0.0,1242.0,0.0,0.0,0.0,5.178012983804405,0.0,0.019024629986204144
Kepler-381 c,1.12,,1.0362976406533575,225.331,6152.0,0.0,1180.0,0.0,0.0,0.0,6.098558396003643,0.0,0.01902334623144003
Kepler-515 b,1.46,,0.8747731397459166,47.97,5293.0,0.0,564.0,0.0,0.0,0.0,11.403616824159371,0.0,0.019015277906284662
Kepler-1960 b,1.30749704,,1.0090744101633393,1352.14,6371.0,0.0,1547.0,0.0,0.0,0.0,9.4478707879563,0.0,0.019009222688671026
Kepler-246 c,1.5,,0.8457350272232306,43.208,5206.0,0.0,667.0,0.0,0.0,0.0,11.956297267836291,0.0,0.019006941305422947
Kepler-192 d,1.02,,0.9782214156079855,186.076,5487.0,0.0,926.0,0.0,0.0,0.0,4.348367998494511,0.0,0.019004519228490665
HD 200964 b,13.5,,0.20689655172413793,4.7312,4982.0,0.087,425.95,0.3454854460080197,0.15456233237310205,0.06454025751990107,2132.274765538203,1.1005305771805425e-13,0.01900338375372007
Kepler-1081 b,1.01,,0.9782214156079855,225.216,5345.0,0.0,972.0,0.0,0.0,0.0,4.221724579174764,0.0,0.019001893331287222
Kepler-1418 b,1.66,,0.7386569872958259,7.29,4770.0,0.0,419.0,0.0,0.0,0.0,14.153233893625375,2.3515672112098676e-49,0.018998459703150356
Kepler-1968 b,1.50004034,,0.8457350272232306,72.16,5008.0,0.0,744.0,0.0,0.0,0.0,11.957261927842318,0.0,0.01899833889501449
TOI-2368 b,10.83908434,206.58846455,0.15970961887477314,162.7267,5360.0,0.061,1000.0,0.18804831209192135,0.0038146362814775775,0.07463802959875898,851.9173622989506,0.0,0.018997825828713732
Kepler-1934 b,0.91307734,,0.9201451905626136,1835.6,5925.0,0.0,1700.0,0.0,0.0,0.0,2.9340510413008283,0.0,0.018997229261866873
TOI-431 c,1.49,,0.852994555353902,100.6717,4850.0,0.0,867.0,0.0,0.0,0.0,11.819352184196878,0.0,0.018996413621383858
Kepler-1420 b,1.28,,1.0362976406533575,131.526,5187.0,0.0,806.0,0.0,0.0,0.0,9.103387459923805,0.0,0.01899257532082705
GJ 143 b,2.61,22.7,1.2704174228675136,7.0423,4640.0,0.188,422.0,0.44596195476228095,0.1318296569531126,0.05540417801997796,94.61425465808409,6.798662741099161e-45,0.01898746440633787
Kepler-394 b,1.6,,0.7767695099818512,164.78,6402.0,0.0,1035.0,0.0,0.0,0.0,13.327255612574529,0.0,0.0189802957610995
Kepler-1859 c,1.66,,0.7386569872958259,732.82,5887.0,0.0,1327.0,0.0,0.0,0.0,14.153233893625375,0.0,0.018978376995389137
Kepler-386 c,1.58,,0.7894736842105263,16.657,5178.0,0.0,513.0,0.0,0.0,0.0,13.04360168701691,0.0,0.01897383586312121
Kepler-1713 b,1.71673535,,0.7078039927404719,144.3,6477.0,0.0,900.0,0.0,0.0,0.0,15.000704895324056,0.0,0.018971271921352117
Kepler-1363 b,1.25,,1.0725952813067152,191.919,4839.0,0.0,988.0,0.0,0.0,0.0,8.775149625073578,0.0,0.01896795787449446
Kepler-403 d,1.42,,0.9056261343012705,285.295,6209.0,0.0,958.0,0.0,0.0,0.0,10.861819693672095,0.0,0.018967205732225396
Kepler-1003 b,1.78,,0.6751361161524502,814.925,6109.0,0.0,1157.0,0.0,0.0,0.0,15.949238678455716,0.0,0.01896225923958531
Kepler-1603 b,1.29,,1.0272232304900182,1269.46,6241.0,0.0,1522.0,0.0,0.0,0.0,9.2368219572636,0.0,0.018959593950005342
Kepler-1174 b,1.59,,0.7822141560798548,641.814,5936.0,0.0,1156.0,0.0,0.0,0.0,13.170602833581443,0.0,0.018956995295593443
Kepler-1285 b,0.97,,0.9509981851179674,181.591,6170.0,0.0,874.0,0.0,0.0,0.0,3.6356619938806842,0.0,0.01894848577624371
Kepler-1038 c,1.4162338,,0.9092558983666061,89.24,5159.0,0.0,784.0,0.0,0.0,0.0,10.818812686176729,0.0,0.018947007184331375
Kepler-195 c,1.55,,0.809437386569873,11.281,5329.0,0.0,469.0,0.0,0.0,0.0,12.626034267217095,2.2285775874378903e-150,0.018946544771967687
HD 177830 b,13.5,,0.2177858439201452,3.7258,4901.0,0.1,399.64,0.35304740123445244,0.1886809044738943,0.062376449217288535,2244.4997531981085,6.699065045222165e-06,0.018937032902483095
Kepler-1553 b,1.15,,1.0490018148820328,166.106,5288.0,0.0,926.0,0.0,0.0,0.0,6.682798553472235,0.0,0.01893590092936592
Kepler-1702 b,1.60190793,,0.7767695099818512,22.4,5093.0,0.0,555.0,0.0,0.0,0.0,13.374988995073764,0.0,0.01893334221761703
Kepler-1070 b,1.73,,0.7005444646098004,380.134,6261.0,0.0,1101.0,0.0,0.0,0.0,15.193667726976054,0.0,0.018928830047699925
K2-90 c,1.3,,1.0163339382940109,80.8,4421.98,0.19,908.07,0.3119607568897556,0.010632836309248536,0.04958006090719171,9.35308959120289,0.0,0.018925049345234486
Kepler-1165 b,1.55,,0.809437386569873,464.773,6080.0,0.0,946.0,0.0,0.0,0.0,12.626034267217095,0.0,0.01891152202521459
Kepler-904 b,1.77,,0.6805807622504537,875.419,6160.0,0.0,1332.0,0.0,0.0,0.0,15.808405857752895,0.0,0.01890012130209666
Kepler-33 b,1.74,,0.6969147005444646,744.011,5904.0,0.0,1336.0,0.0,0.0,0.0,15.378570915853674,0.0,0.018892201404909815
HATS-15 b,12.385945,689.6911,0.3575317604355717,2201.3363,5311.0,0.126,1505.0,0.10988835441555383,0.00021030057575880065,0.07332905914409267,2845.71025000768,0.0,0.018891712814959754
Kepler-1800 b,0.99679734,,0.9673321234119783,242.0,5343.0,0.0,1533.0,0.0,0.0,0.0,4.013144805914048,0.0,0.018878140697761996
Kepler-1319 b,1.34,,0.9782214156079855,38.452,3655.0,0.33,557.0,0.31696076618512736,0.02124175428843259,0.029091200512900015,9.8591658135348,0.0,0.018870353895466898
Kepler-495 c,1.21936414,,1.088929219600726,108.13,5392.0,0.0,1000.0,0.0,0.0,0.0,8.269676432570877,0.0,0.018858268222819476
Kepler-1098 b,1.3,,1.0163339382940109,995.67,5794.0,0.0,1319.0,0.0,0.0,0.0,9.35308959120289,0.0,0.01885792610850226
Kepler-1602 b,1.34,,0.9782214156079855,124.507,6296.0,0.0,1159.0,0.0,0.0,0.0,9.8591658135348,0.0,0.0188554827425865
Kepler-372 d,1.69,,0.7223230490018149,53.471,6509.0,0.0,660.0,0.0,0.0,0.0,14.60428153050956,0.0,0.018852506296558484
HD 114783 c,13.4,603.8739733,0.25045372050816694,0.017,5135.0,0.05,101.53,0.24465407273980458,0.012777086071783472,0.06862745098039134,2524.2391136693914,0.6417502894014111,0.01885206864162534
Kepler-211 b,1.26,,1.0617059891107077,158.188,5123.0,0.0,954.0,0.0,0.0,0.0,8.896199466231437,0.0,0.018851655305955933
HD 212771 b,13.3,,0.32123411978221417,10.8749,5003.0,0.076,507.69,0.3285843026122845,0.07569369094285923,0.06510124485761536,3165.666786425033,1.4899725536815977e-137,0.01884988787876127
Kepler-393 c,1.33,,0.987295825771325,231.213,6189.0,0.0,901.0,0.0,0.0,0.0,9.729506959408015,0.0,0.018833114232084947
Kepler-362 b,0.88,,0.9001814882032668,207.336,5788.0,0.0,838.0,0.0,0.0,0.0,2.569606980516063,0.0,0.0188307202029912
Kepler-1487 b,2.13,,0.5353901996370236,323.294,6541.0,0.0,1682.0,0.0,0.0,0.0,21.67194234972401,0.0,0.018830516982267887
Kepler-953 c,1.19,,1.0707803992740472,121.04,5416.0,0.0,873.0,0.0,0.0,0.0,7.55840060344374,0.0,0.018823182399635326
Kepler-514 b,1.72,,0.7078039927404719,506.412,6106.0,0.0,1248.0,0.0,0.0,0.0,15.086446541898932,0.0,0.01882119438907709
TOI-5713 b,1.77,,0.6805807622504537,2.2554,3225.0,0.24,347.2,0.5069718441891561,0.33943323251824303,0.017604316931130765,15.808405857752895,0.7460946883698533,0.018817225949882034
Kepler-163 b,1.05,,1.0,115.612,5776.0,0.0,906.0,0.0,0.0,0.0,4.849048260815846,0.0,0.018815549351025737
HD 126105 b,13.5,,0.2159709618874773,4.8659,4875.0,0.103,413.6,0.335744493587687,0.14721835754182963,0.06168189346583265,2225.7955885881242,5.393772924281276e-15,0.018814286428045817
Kepler-240 b,1.37,,0.9509981851179674,142.736,4985.0,0.0,864.0,0.0,0.0,0.0,10.243066656898016,0.0,0.01881124519595714
Kepler-1276 b,1.19,,1.0707803992740472,139.77,6188.0,0.0,886.0,0.0,0.0,0.0,7.55840060344374,0.0,0.01880483488598712
Kepler-353 b,0.89,,0.9056261343012705,27.189,3903.0,0.0,534.0,0.0,0.0,0.0,2.67428430798031,0.0,0.018799106944533597
Kepler-206 d,1.19,,1.0707803992740472,44.17,5764.0,0.0,681.0,0.0,0.0,0.0,7.55840060344374,0.0,0.01879174052898239
Kepler-1146 b,1.23,,1.0925589836660616,227.962,4692.0,0.0,1019.0,0.0,0.0,0.0,8.51625851203296,0.0,0.018771408437290433
TOI-2322 b,0.994,2.31,2.313974591651543,22.04,4664.0,0.0,603.1,0.0,0.0,0.0,9.519329253577453,0.0,0.018768441702139083
Kepler-1007 b,1.44,,0.8911070780399275,42.62,4587.0,0.0,652.0,0.0,0.0,0.0,11.145664828760077,0.0,0.01873521543738705
KOI-351 b,1.31,,1.0072595281306715,316.442,6080.0,0.0,1062.0,0.0,0.0,0.0,9.4851429509056,0.0,0.018723610975585378
TOI-1453 b,1.173,2.32,1.4909778584392013,132.6,4975.0,0.0,944.2,0.0,0.0,0.0,10.079844670442336,0.0,0.018717417316867234
Kepler-1898 b,0.93353523,,0.9310344827586207,204.6,5702.0,0.0,1167.0,0.0,0.0,0.0,3.1728278714768203,0.0,0.01871429194585077
HD 12235 b,3.23,,0.3103448275862069,1287.9273,5986.0,0.376,1667.37,0.12376095120050928,0.00034934639453199827,0.09136079499919286,43.80671505347891,0.0,0.01870575181986302
GJ 229 A c,2.87,,0.36116152450090744,0.1899,3564.0,0.366,188.1,0.35737176212764477,0.1338675733191182,0.026660255382805514,35.763151055483824,0.8891156317033079,0.01870158763025491
Kepler-1867 b,1.15985997,,1.0544464609800364,82.32,5693.0,0.0,768.0,0.0,0.0,0.0,6.891754885399237,0.0,0.018699813691828666
Kepler-1987 b,1.23,,1.0925589836660616,233.38,4769.0,0.0,997.0,0.0,0.0,0.0,8.51625851203296,0.0,0.018697840746926108
Kepler-1002 b,1.71,,0.7114337568058077,981.68,6144.0,0.0,1453.0,0.0,0.0,0.0,14.900862549177393,0.0,0.01869508768266309
Kepler-271 b,1.23,,1.0925589836660616,75.957,5555.0,0.0,759.0,0.0,0.0,0.0,8.51625851203296,0.0,0.018690890330916355
Kepler-137 b,1.47,,0.8656987295825771,86.33,5187.0,0.0,742.0,0.0,0.0,0.0,11.51880413793599,0.0,0.018686473534081927
Kepler-404 b,1.27,,1.0471869328493648,44.534,5654.0,0.0,730.0,0.0,0.0,0.0,8.985122168369157,0.0,0.0186856674567668
HR 858 b,2.004,3.55,0.4428312159709619,989.7,6354.0,0.0,1552.0,0.0,0.0,0.0,14.928631169247547,0.0,0.018684359149825778
EPIC 201757695.02,0.90819,,0.9165154264972777,494.202,4520.0,0.0,1025.29,0.0,0.0,0.0,2.8757990466830474,0.0,0.018682106511473253
Kepler-1691 b,1.83470985,,0.6497277676950999,641.53,6000.0,0.0,1283.0,0.0,0.0,0.0,16.80823900046746,0.0,0.01867191316795986
Kepler-1400 b,1.62,,0.764065335753176,44.517,5044.0,0.0,725.0,0.0,0.0,0.0,13.607055303788215,0.0,0.018662266408500806
Kepler-1035 b,1.17,,1.0653357531760437,1180.064,5763.0,0.0,1301.0,0.0,0.0,0.0,7.147146709171989,0.0,0.0186579416362404
Kepler-1414 b,1.23,,1.0925589836660616,209.464,4951.0,0.0,1033.0,0.0,0.0,0.0,8.51625851203296,0.0,0.0186570417301504
HD 90156 b,4.43,,0.20689655172413793,11.52,5599.0,0.31,518.01,0.28939819255616156,0.0579485740145475,0.08102259977560101,75.34475767909903,3.59787025608388e-158,0.01865223531956527
K2-208 b,1.67462172,,0.7332123411978222,264.3425,5500.0,0.37,1122.0,0.2093082454945419,0.002436760405970238,0.078377945183516,14.423429457059225,0.0,0.018649493842192506
Kepler-310 b,1.19,,1.0707803992740472,45.97,5797.0,0.0,665.0,0.0,0.0,0.0,7.55840060344374,0.0,0.01864865280183125
K2-128 b,1.42,,0.9056261343012705,68.8,4469.51,0.23,803.1,0.3054329340364378,0.012079757021261156,0.0508497622482187,10.861819693672095,0.0,0.018648403344622935
Kepler-208 c,1.39,,0.9328493647912885,300.165,6092.0,0.0,1141.0,0.0,0.0,0.0,10.494083855440916,0.0,0.018647807478885413
TOI-2000 c,8.14,81.7,0.15045372050816697,149.0,5611.0,0.063,1038.0,0.19938469833059624,0.0042768036697106,0.08134316396858216,339.9106372114493,0.0,0.018647526621310643
Kepler-394 c,1.66,,0.7386569872958259,94.528,6402.0,0.0,901.0,0.0,0.0,0.0,14.153233893625375,0.0,0.018643098698797163
Kepler-1818 b,1.71360684,,0.7096188747731398,504.23,6047.0,0.0,1209.0,0.0,0.0,0.0,14.95709764494692,0.0,0.018622400672497694
Kepler-1456 b,1.14,,1.043557168784029,8.234,4231.0,0.0,433.0,0.0,0.0,0.0,6.476187426891155,2.86069675688772e-68,0.01862169834686752
HIP 79431 b,13.4,,0.27586206896551724,0.2179,3191.0,0.29,177.42,0.2781642830842603,0.12970863649820055,0.016696051717689862,2780.3213425923736,0.9325787849363261,0.018617906209959824
Kepler-1544 b,1.78,,0.6751361161524502,0.833,4886.0,0.0,269.0,0.0,0.0,0.0,15.949238678455716,0.9687279870663713,0.018611620411746525
Kepler-132 e,1.18,,1.0689655172413792,6.1,6023.0,0.0,414.0,0.0,0.0,0.0,7.356958854492012,5.897013019032152e-30,0.018593088080081716
HD 1605 b,13.8,,0.11270417422867514,2.9004,4915.0,0.095,362.48,0.32906775666161986,0.20835876853049648,0.06275044077576482,1240.6973934512832,0.039051109900206285,0.01859307053159057
HIP 67851 b,13.7,,0.14174228675136116,83.22,4840.0,0.13,840.72,0.1755042147804362,0.0066802217833023415,0.06074691456964212,1526.6860799689591,0.0,0.01858515845257294
Kepler-1424 b,1.16,,1.0544464609800364,58.6,5838.0,0.0,629.0,0.0,0.0,0.0,6.894251313357239,0.0,0.01857630620732166
Kepler-336 b,1.02,,0.9782214156079855,1652.5,5867.0,0.0,1625.0,0.0,0.0,0.0,4.348367998494511,0.0,0.01857268534964151
Kepler-149 c,1.61,,0.7695099818511797,10.084,5381.0,0.0,436.0,0.0,0.0,0.0,13.451802895897226,2.8685931418111635e-114,0.01856645089278932
Kepler-402 c,1.56,,0.8003629764065336,353.973,6090.0,0.0,1140.0,0.0,0.0,0.0,12.727684315708894,0.0,0.018565689853061104
Kepler-1371 b,0.73,,0.8076225045372052,414.765,5361.0,0.0,1015.0,0.0,0.0,0.0,1.3160294312113383,0.0,0.018565674805973056
Kepler-1440 b,1.26,,1.0617059891107077,44.728,5698.0,0.0,597.0,0.0,0.0,0.0,8.896199466231437,0.0,0.01856257207010418
Kepler-716 c,1.39281536,,0.9292196007259529,151.8,5012.0,0.0,992.0,0.0,0.0,0.0,10.516896842589063,0.0,0.018559009261572598
GJ 3293 e,1.63,,0.7549909255898367,3.34,3466.0,0.21,370.79,0.5064318206292375,0.25890314339615145,0.024042314473471302,13.695981297661243,0.0007327972804933027,0.01855321274705184
Kepler-1693 b,1.28938413,,1.029038112522686,100.37,5432.34,0.0,807.0,0.0,0.0,0.0,9.239894891232597,0.0,0.018540706157629483
Kepler-135 b,1.81,,0.6606170598911071,496.678,6090.0,0.0,1209.0,0.0,0.0,0.0,16.408697877405036,0.0,0.018540329623299
Kepler-282 b,1.01,,0.9782214156079855,195.935,5602.0,0.0,817.0,0.0,0.0,0.0,4.221724579174764,0.0,0.018535095630951563
Kepler-1126 c,1.45,,0.883847549909256,2.06,5678.0,0.0,305.0,0.0,0.0,0.0,11.286777880287813,0.9450291796887834,0.018532518603190076
Kepler-634 b,1.89,,0.6243194192377496,808.844,6075.0,0.0,1309.0,0.0,0.0,0.0,17.65553432529008,0.0,0.01853225441034373
Kepler-1480 b,1.67,,0.73502722323049,16.317,5156.0,0.0,721.0,0.0,0.0,0.0,14.339745615952426,0.0,0.018530918687693992
Kepler-1846 b,1.76378826,,0.6842105263157895,24.5,4825.0,0.0,552.0,0.0,0.0,0.0,15.725979432386286,0.0,0.018527857331736355
Kepler-1899 b,1.55098292,,0.8076225045372052,124.3,4791.0,0.0,851.0,0.0,0.0,0.0,12.621706211264094,0.0,0.01852333394719488
Kepler-1365 c,0.8,,0.8511796733212342,864.037,5770.0,0.0,1137.0,0.0,0.0,0.0,1.8254914959980884,0.0,0.018513878962476825
gam Lib c,12.8,,0.7912885662431943,14.6916,4879.0,0.065,543.71,0.36073863143278684,0.06477228368510325,0.06178874819682566,6951.097955388405,1.517377928683802e-280,0.01849100893206788
TOI-3884 b,6.43,32.59,0.12159709618874774,6.29,3180.0,0.06,441.0,0.3458847596520644,0.11832153906557355,0.016402201207457997,135.40812733233574,1.064971923098152e-32,0.018486027028475047
Kepler-1152 b,0.87,,0.8929219600725953,139.601,3964.0,0.0,806.0,0.0,0.0,0.0,2.46297424824219,0.0,0.01847766038790428
Kepler-287 b,2.33,83.0,4.954627949183304,35.75,5806.0,0.0,667.0,0.0,0.0,0.0,262.52303749330827,0.0,0.018476976377425746
Kepler-1222 b,0.79,,0.8457350272232306,416.231,5239.0,0.0,1246.0,0.0,0.0,0.0,1.7466432144108852,0.0,0.01847443608162333
Kepler-360 b,1.65,,0.7459165154264974,415.434,6053.0,0.0,1116.0,0.0,0.0,0.0,14.03558972895801,0.0,0.01846880515521066
K2-147 b,1.47286006,,0.8638838475499092,200.1,3690.0,0.38,1077.0,0.21773059172212456,0.0032937838617987164,0.030026179409090695,11.561878986246432,0.0,0.018467934861911284
Kepler-348 c,1.33,,0.987295825771325,133.259,6177.0,0.0,888.0,0.0,0.0,0.0,9.729506959408015,0.0,0.018465850243629157
Kepler-167 c,1.674,,0.7313974591651543,61.175,4884.0,0.0,771.0,0.0,0.0,0.0,14.371709085574677,0.0,0.018464030757833635
HD 5278 b,2.45,7.8,0.5263157894736842,132.0,6203.0,0.08,943.0,0.2886231366678022,0.006451673154695347,0.0971576641555728,32.42151176334961,0.0,0.018446962124530182
Kepler-309 b,1.56,,0.8003629764065336,99.493,4713.0,0.0,531.0,0.0,0.0,0.0,12.727684315708894,0.0,0.018446709535758336
Kepler-1516 b,1.75,,0.6896551724137931,615.253,5904.0,0.0,967.0,0.0,0.0,0.0,15.482274140535905,0.0,0.018438329677750886
HD 206610 b,13.4,,0.26860254083484575,6.2426,4842.0,0.1,437.88,0.33530859184915607,0.12146047575459888,0.060800341935138634,2707.1549914715215,5.387621092068118e-32,0.01843128679428875
Kepler-1425 b,0.94,,0.9346642468239565,216.405,5718.0,0.0,676.0,0.0,0.0,0.0,3.251829752410044,0.0,0.018430832222846062
Kepler-341 b,1.18,,1.0689655172413792,422.097,6012.0,0.0,1085.0,0.0,0.0,0.0,7.356958854492012,0.0,0.018429477594495928
TOI-1751 b,2.9507845,19.5,0.7495462794918331,192.521,5970.0,0.327,651.64,0.2120276104083159,0.0034072905585015036,0.09093337607521966,80.6676755084564,0.0,0.018421060111109697
Kepler-220 c,1.57,,0.7967332123411978,37.321,4632.0,0.0,586.0,0.0,0.0,0.0,12.915180730626957,0.0,0.01840845971453312
Kepler-1988 b,1.53,,0.823956442831216,351.79,6033.0,0.0,1105.0,0.0,0.0,0.0,12.36138565063676,0.0,0.018406140326299832
DE CVn b,12.4,,1.9963702359346642,0.0008,3579.0,0.0,46.91,0.0,0.0,0.0,15943.906949095668,0.613998643574185,0.018403590905746517
HATS-14 b,11.646151,340.39593,0.21615245009074413,505.884,5346.0,0.142,1276.0,0.1350182699617633,0.0009818902430296648,0.07426403804028314,1430.1975248456356,0.0,0.018399119523094493
WASP-59 b,8.687,274.276,0.4355716878402904,38.0328,4650.0,0.1,670.0,0.2772634706315786,0.020881236460393363,0.055671314847463495,1196.0730823931688,0.0,0.018397837144797518
Kepler-355 b,1.46,,0.8747731397459166,154.803,6184.0,0.0,840.0,0.0,0.0,0.0,11.403616824159371,0.0,0.018389979919647238
Kepler-431 c,0.668,,0.7658802177858439,415.545,6004.0,0.0,951.0,0.0,0.0,0.0,0.9562662952978848,0.0,0.018384821739349008
Kepler-996 b,1.98,,0.5880217785843921,723.081,6014.0,0.0,1272.0,0.0,0.0,0.0,19.11954669764277,0.0,0.018378817065106075
Kepler-1564 b,1.47,,0.8656987295825771,41.514,5528.0,0.0,635.0,0.0,0.0,0.0,11.51880413793599,0.0,0.018375690682788468
Kepler-1100 b,1.75,,0.6896551724137931,238.508,6247.0,0.0,1000.0,0.0,0.0,0.0,15.482274140535905,0.0,0.01836792244458518
Kepler-1626 b,2.02,,0.573502722323049,1328.654,6826.0,0.0,1352.0,0.0,0.0,0.0,19.800593202511692,0.0,0.01836521112488205
Kepler-129 c,2.52,43.0,2.6860254083484576,17.554,5770.0,0.2,525.0,0.3481990702634466,0.04710825704746564,0.08559063952555863,180.05299432509443,0.0,0.018357803635175744
Kepler-1542 d,0.87,,0.8929219600725953,297.806,5564.0,0.0,1010.0,0.0,0.0,0.0,2.46297424824219,0.0,0.018349142880226762
Kepler-1224 b,1.33,,0.987295825771325,132.663,6155.0,0.0,872.0,0.0,0.0,0.0,9.729506959408015,0.0,0.018347461486542507
Kepler-306 b,1.52,,0.8294010889292197,127.255,4954.0,0.0,830.0,0.0,0.0,0.0,12.200678251962165,0.0,0.01834495965114074
Kepler-50 b,1.71,8.9,1.0979709618874773,494.705,6225.0,0.0,1196.0,0.0,0.0,0.0,22.99682047634295,0.0,0.018340607453597214
TOI-1268 b,9.1,96.4,0.12885662431941924,91.0972,5300.0,0.105,918.9,0.1915393938539534,0.006477437296564584,0.07303520863386044,406.74248359743564,0.0,0.018338923057847383
Kepler-1256 b,1.49,,0.852994555353902,211.549,6129.0,0.0,933.0,0.0,0.0,0.0,11.819352184196878,0.0,0.018337615701212482
Kepler-1939 b,1.16480773,,1.05989110707804,104.74,4353.0,0.0,816.0,0.0,0.0,0.0,7.0163717260772565,0.0,0.018335726649613273
HD 5608 b,13.7,,0.14392014519056262,4.4568,4807.0,0.11,403.72,0.31300315896274006,0.14617579124078317,0.05986536303894807,1550.1434845267408,3.2705900463185104e-11,0.01833464063912259
Kepler-1197 b,1.25,,1.0725952813067152,267.142,4708.0,0.0,1011.0,0.0,0.0,0.0,8.775149625073578,0.0,0.018334062131589404
HIP 91258 b,13.7,,0.13430127041742287,166.6086,5519.0,0.02,1024.97,0.2026595826418862,0.004086971693507092,0.07888550515573958,1446.5399477298715,0.0,0.018323803988359474
Kepler-1528 b,1.46,,0.8747731397459166,1106.851,5857.0,0.0,1549.0,0.0,0.0,0.0,11.403616824159371,0.0,0.01831756779872799
Kepler-876 b,1.43,,0.8965517241379312,152.746,5060.0,0.0,923.0,0.0,0.0,0.0,10.981763124053886,0.0,0.0183126368605519
Kepler-881 b,1.78,,0.6751361161524502,538.569,5961.0,0.0,1217.0,0.0,0.0,0.0,15.949238678455716,0.0,0.01830777767232418
Kepler-366 c,1.79,,0.6715063520871144,286.6,6209.0,0.0,848.0,0.0,0.0,0.0,16.13235712341537,0.0,0.01829684321950322
Kepler-1595 b,1.23,,1.0925589836660616,185.568,5203.0,0.0,980.0,0.0,0.0,0.0,8.51625851203296,0.0,0.01829648425010159
Kepler-1389 b,1.77,,0.6805807622504537,1.871,5078.0,0.0,300.0,0.0,0.0,0.0,15.808405857752895,0.9685200262803172,0.018296126681599724
Kepler-1608 b,1.73,,0.7005444646098004,33.22,4992.0,0.0,612.0,0.0,0.0,0.0,15.193667726976054,0.0,0.01829526002298924
DMPP-6 c,3.74,,0.2558983666061706,42.4847,6182.09,0.31,715.27,0.23908466469609727,0.015179062787206233,0.09659908104930785,56.07521271527956,0.0,0.018294535239416522
TYC 3318-01333-1 b,13.1,,0.4827586206896552,8.1115,4776.0,0.098,470.43,0.3512045789679635,0.10357491859609201,0.05903723887375055,4546.032477370972,1.3051292063943607e-65,0.01829426420895639
Kepler-226 d,1.22,,1.087114337568058,103.645,5571.0,0.0,800.0,0.0,0.0,0.0,8.268815940386196,0.0,0.018291965415979123
Kepler-1977 b,1.66,,0.7386569872958259,95.61,4805.0,0.0,798.0,0.0,0.0,0.0,14.153233893625375,0.0,0.018274729557293038
HD 206255 b,6.47,,0.12595281306715064,21.0939,5635.0,0.23,596.48,0.23553595897817267,0.02863444603878616,0.08198429235454101,142.89246326172875,0.0,0.01827290888471244
Kepler-1061 b,1.98,,0.5880217785843921,788.501,6067.0,0.0,1332.0,0.0,0.0,0.0,19.11954669764277,0.0,0.018262831818720085
Kepler-1353 b,1.8,,0.6660617059891107,10.767,4776.0,0.0,491.0,0.0,0.0,0.0,16.271237717011477,2.92722393525834e-134,0.01826249183136117
Kepler-1913 b,1.51852059,,0.8312159709618875,105.7,6214.0,0.0,818.0,0.0,0.0,0.0,12.191707747294824,0.0,0.018255444076195407
Kepler-886 b,1.52,,0.8294010889292197,231.432,6098.0,0.0,1111.0,0.0,0.0,0.0,12.200678251962165,0.0,0.018251730360612194
Kepler-1859 b,1.58313575,,0.7858439201451906,1056.15,5887.0,0.0,1455.0,0.0,0.0,0.0,13.061088591875915,0.0,0.018249994777057056
Kepler-1542 e,0.76,,0.823956442831216,369.999,5564.0,0.0,1065.0,0.0,0.0,0.0,1.515073284023748,0.0,0.01824571167931736
Kepler-1508 b,1.33,,0.987295825771325,116.145,6158.0,0.0,967.0,0.0,0.0,0.0,9.729506959408015,0.0,0.018244421821741415
Kepler-758 c,1.69,,0.7223230490018149,1211.822,6228.0,0.0,1372.0,0.0,0.0,0.0,14.60428153050956,0.0,0.01823590324296926
HIP 19976 b,4.94,,0.17876588021778586,3.4055,4316.0,0.304,378.1,0.3335586518990429,0.17639922120549495,0.0467489448095295,90.27221269067104,0.00036816527329462467,0.018233319970383282
Kepler-124 c,1.75,,0.6896551724137931,30.716,4984.0,0.0,560.0,0.0,0.0,0.0,15.482274140535905,0.0,0.018230853191357223
Kepler-380 c,1.27,,1.0471869328493648,333.565,6045.0,0.0,1056.0,0.0,0.0,0.0,8.985122168369157,0.0,0.018229498983922912
Kepler-188 b,1.68,,0.7277676950998185,1069.235,6021.0,0.0,1463.0,0.0,0.0,0.0,14.45470484972229,0.0,0.01822664954385482
Kepler-1501 b,1.56,,0.8003629764065336,100.001,6229.0,0.0,787.0,0.0,0.0,0.0,12.727684315708894,0.0,0.018225052093714125
Kepler-1629 b,0.77,,0.8330308529945554,315.457,5776.0,0.0,1081.0,0.0,0.0,0.0,1.5930223593100565,0.0,0.018217765562933058
Kepler-1441 b,1.31,,1.0072595281306715,33.046,5802.0,0.0,682.0,0.0,0.0,0.0,9.4851429509056,0.0,0.018216094206267595
Kepler-323 b,1.381,3.9,1.4882032667876588,1900.0,6004.0,0.095,1838.0,0.18354767406494205,0.00034804402132155085,0.09184164128865854,16.41844031633814,0.0,0.018214274169959417
Kepler-1084 b,1.11,,1.029038112522686,1766.593,6113.0,0.0,1737.0,0.0,0.0,0.0,5.895070533268197,0.0,0.01821137250964636
HD 75784 b,13.8,,0.1206896551724138,5.3535,4867.0,0.097,425.98,0.30076432391086216,0.12194389123876699,0.06146818400384627,1328.6050992674773,2.909120394570471e-20,0.018204486843029274
Kepler-1367 b,0.92,,0.9237749546279492,225.233,4106.0,0.0,998.0,0.0,0.0,0.0,3.0131328121510252,0.0,0.01819809973870731
Kepler-822 b,1.77,,0.6805807622504537,535.188,5928.0,0.0,1239.0,0.0,0.0,0.0,15.808405857752895,0.0,0.01819687667724877
Kepler-1189 b,1.77,,0.6805807622504537,449.936,6012.0,0.0,1158.0,0.0,0.0,0.0,15.808405857752895,0.0,0.018195482427045807
TOI-5300 b,9.86390302,190.6970442,0.19963702359346644,198.0,4610.0,0.0,1043.0,0.0,0.0,0.0,802.5573504998442,0.0,0.0181926590840702
Kepler-909 b,1.47,,0.8656987295825771,127.24,6154.0,0.0,852.0,0.0,0.0,0.0,11.51880413793599,0.0,0.018192347876946808
Kepler-1468 c,1.15,,1.0490018148820328,1479.567,5893.0,0.0,1448.0,0.0,0.0,0.0,6.682798553472235,0.0,0.01818455101679516
Kepler-1965 b,1.35415138,,0.9637023593466424,13.8,5852.0,0.0,492.0,0.0,0.0,0.0,10.023818203601618,1.2450994555329172e-242,0.018179071107324203
Kepler-1465 b,1.77,,0.6805807622504537,6.246,4726.0,0.0,668.0,0.0,0.0,0.0,15.808405857752895,4.6490963021391405e-32,0.018168565567846316
Kepler-303 b,0.89,,0.9056261343012705,145.436,3944.0,0.0,802.0,0.0,0.0,0.0,2.67428430798031,0.0,0.018166408874565762
Kepler-1120 b,1.38,,0.9419237749546281,206.874,4904.0,0.0,1027.0,0.0,0.0,0.0,10.36911348150106,0.0,0.01816417047188347
Kepler-1253 b,1.33,,0.987295825771325,21.624,5850.0,0.0,501.0,0.0,0.0,0.0,9.729506959408015,0.0,0.018160311194052054
Kepler-282 c,1.2,,1.0798548094373865,116.117,5602.0,0.0,717.0,0.0,0.0,0.0,7.816236909170915,0.0,0.018150061385792803
K2-121 b,7.16,51.0,0.12704174228675136,62.5,4526.0,0.22,716.0,0.18483486276496902,0.008670049868307828,0.052358818186673685,195.3323240889212,0.0,0.01813136170958089
HD 3167 d,2.61,7.3,0.4101633393829401,88.9,5338.0,0.35,865.0,0.22881327621742417,0.00733493551080816,0.07405032857829262,30.54688793246715,0.0,0.018131065545557986
Kepler-928 b,1.59,,0.7822141560798548,111.11,4700.0,0.0,894.0,0.0,0.0,0.0,13.170602833581443,0.0,0.018127167492734766
HD 5319 b,13.5,,0.19963702359346644,3.2825,4871.0,0.092,377.72,0.3597612735370348,0.21025333988927547,0.06157503873483942,2057.4581070982663,0.0013889252140506997,0.018123417195436052
Kepler-864 c,1.62,,0.764065335753176,1305.04,6213.0,0.0,1532.0,0.0,0.0,0.0,13.607055303788215,0.0,0.01812164115037474
Kepler-1209 b,1.51,,0.8366606170598911,63.246,6210.0,0.0,755.0,0.0,0.0,0.0,12.066151605498609,0.0,0.01812111438754765
Kepler-1193 b,1.32,,0.9981851179673321,1286.386,5908.0,0.0,1453.0,0.0,0.0,0.0,9.61659870480432,0.0,0.018120221925062432
Kepler-779 b,0.92,,0.9237749546279492,15.028,3804.0,0.0,425.0,0.0,0.0,0.0,3.0131328121510252,1.207583784167633e-295,0.018118610829956895
Kepler-1279 b,1.75,,0.6896551724137931,190.851,6221.0,0.0,738.0,0.0,0.0,0.0,15.482274140535905,0.0,0.01811772752040449
Kepler-260 c,1.74,,0.6969147005444646,6.775,5250.0,0.0,372.0,0.0,0.0,0.0,15.378570915853674,2.382654694524114e-40,0.01811397541516898
Kepler-1225 b,1.82,,0.6569872958257714,324.282,6140.0,0.0,1453.0,0.0,0.0,0.0,16.59051031687569,0.0,0.018112298464862387
Kepler-1809 b,1.513,,0.8348457350272231,158.2,4901.0,0.0,877.0,0.0,0.0,0.0,12.111881864427529,0.0,0.01811068007967438
Kepler-629 b,1.38,,0.9419237749546281,103.147,5444.0,0.0,816.0,0.0,0.0,0.0,10.36911348150106,0.0,0.018109229228291616
Kepler-763 c,1.42,,0.9056261343012705,182.9,4999.0,0.0,938.0,0.0,0.0,0.0,10.861819693672095,0.0,0.018106029755381538
Kepler-847 b,1.18,,1.0689655172413792,292.31,4940.0,0.0,1054.0,0.0,0.0,0.0,7.356958854492012,0.0,0.01810415285460457
Kepler-1300 b,1.37,,0.9509981851179674,149.409,6130.0,0.0,954.0,0.0,0.0,0.0,10.243066656898016,0.0,0.018103147697222058
HD 98219 b,13.4,,0.2595281306715064,7.0547,4925.0,0.079,453.77,0.34031726732441164,0.11173547588521747,0.06301757760324775,2615.697052570457,4.122092071768801e-45,0.01809728153655675
Kepler-1289 b,1.52,,0.8294010889292197,223.442,6080.0,0.0,1113.0,0.0,0.0,0.0,12.200678251962165,0.0,0.01808481993300169
HD 82886 b,13.3,,0.3139745916515427,5.568,4953.0,0.07,435.78,0.37318378748709957,0.14789825210568533,0.06376556072020019,3094.1262940764445,7.667273972354038e-23,0.01808032195207526
Kepler-316 c,1.16,,1.0544464609800364,37.377,4204.0,0.0,577.0,0.0,0.0,0.0,6.894251313357239,0.0,0.01808019137301926
Kepler-79 b,3.51,7.6,0.17604355716878403,205.404,6389.0,0.022,929.0,0.2538693775538345,0.0038410710589442346,0.10212640914675795,31.88820652695304,0.0,0.01807422730453369
Kepler-824 b,1.87,,0.6352087114337568,454.604,6035.0,0.0,1231.0,0.0,0.0,0.0,17.39922380349986,0.0,0.018069415660162666
Gl 49 b,2.24,,0.49909255898366606,6.0291,3805.0,0.363,435.99,0.38232912944966485,0.12704962187723434,0.03309825292514593,23.497072629085842,6.158430326494885e-29,0.018065947616948855
Kepler-372 c,2.09,,0.5480943738656987,91.881,6509.0,0.0,755.0,0.0,0.0,0.0,20.959591388792457,0.0,0.018061064463372814
Kepler-1332 b,1.37,,0.9509981851179674,77.559,5581.0,0.0,728.0,0.0,0.0,0.0,10.243066656898016,0.0,0.01806038916872019
Kepler-1437 b,1.37,,0.9509981851179674,83.14,5557.0,0.0,770.0,0.0,0.0,0.0,10.243066656898016,0.0,0.018060297686706098
Kepler-1277 b,1.6,,0.7767695099818512,12.11,5578.0,0.0,496.0,0.0,0.0,0.0,13.327255612574529,2.650809905493523e-178,0.018045383890275192
Kepler-1633 b,1.58,,0.7894736842105263,26.258,6256.0,0.0,925.0,0.0,0.0,0.0,13.04360168701691,0.0,0.01804428921369569
Kepler-401 b,1.71,,0.7114337568058077,254.25,6117.0,0.0,889.0,0.0,0.0,0.0,14.900862549177393,0.0,0.0180372009132978
Kepler-1573 b,1.2,,1.0798548094373865,1343.114,5808.0,0.0,1379.0,0.0,0.0,0.0,7.816236909170915,0.0,0.018034074258879994
Kepler-1695 b,1.11948901,,1.0381125226860255,198.57,5473.19,0.0,957.0,0.0,0.0,0.0,6.100880840923212,0.0,0.018033727963409747
Kepler-402 d,1.38,,0.9419237749546281,214.277,6090.0,0.0,1006.0,0.0,0.0,0.0,10.36911348150106,0.0,0.018030071067079864
eps Eri b,13.8,317.828407,0.1206896551724138,0.0306,5020.38,0.06,112.26,0.2338840821232223,0.020558378425201182,0.06556552866378094,1328.6050992674773,0.6649339714575008,0.01802225573341523
Kepler-197 b,1.02,,0.9782214156079855,431.256,6004.0,0.02,1142.0,0.3321740903453185,0.00241868585962754,0.09184164128865675,4.348367998494511,0.0,0.01801992068157349
Kepler-1610 b,1.61,,0.7695099818511797,56.212,5383.0,0.0,750.0,0.0,0.0,0.0,13.451802895897226,0.0,0.01801747577157771
Kepler-295 c,1.17,,1.0653357531760437,141.4,5603.0,0.0,621.0,0.0,0.0,0.0,7.147146709171989,0.0,0.018017461472541532
Kepler-1910 b,1.184,,1.0689655172413792,40.88,4234.0,0.0,645.0,0.0,0.0,0.0,7.43202928714507,0.0,0.018016338602954807
Kepler-1166 b,1.69,,0.7223230490018149,14.188,5446.0,0.0,486.0,0.0,0.0,0.0,14.60428153050956,8.549962069162093e-259,0.018010109324527238
K2-10 b,3.773,25.2,0.4283121597096189,42.1,5533.0,0.31,649.0,0.25904135896475544,0.016667906362112114,0.07925949671421256,96.3628040564502,0.0,0.01800006591945986
Kepler-224 b,1.39,,0.9328493647912885,201.489,5018.0,0.0,937.0,0.0,0.0,0.0,10.494083855440916,0.0,0.017998312936992982
Kepler-83 d,1.94,4.1,0.1016333938294011,28.81,4648.0,0.0,569.0,0.0,0.0,0.0,3.108352239043028,0.0,0.01798461663317189
Kepler-1991 b,1.47,,0.8656987295825771,78.79,5478.0,0.0,760.0,0.0,0.0,0.0,11.51880413793599,0.0,0.017984427196549527
Kepler-212 b,1.09,,1.0163339382940109,133.866,5852.0,0.0,830.0,0.0,0.0,0.0,5.513209950025439,0.0,0.017966347850918142
Kepler-1998 b,0.6,,0.7205081669691471,468.31,5640.0,0.0,1187.0,0.0,0.0,0.0,0.6519004312900953,0.0,0.017962015971996224
Kepler-1001 c,1.57799279,,0.7894736842105263,72.4,5376.0,0.0,804.0,0.0,0.0,0.0,12.993953582838264,0.0,0.01795848938770829
Kepler-1403 b,2.14,,0.5317604355716878,699.644,6060.0,0.0,1238.0,0.0,0.0,0.0,21.829608694312096,0.0,0.01795454367070157
Kepler-1576 b,1.04,,0.9927404718693285,156.608,5876.0,0.0,1059.0,0.0,0.0,0.0,4.677613720126153,0.0,0.017953771149936383
Kepler-1291 b,1.66,,0.7386569872958259,62.823,5216.0,0.0,739.0,0.0,0.0,0.0,14.153233893625375,0.0,0.01794842938772122
Kepler-316 b,1.06,,1.0054446460980038,164.776,4204.0,0.0,837.0,0.0,0.0,0.0,5.016079037417973,0.0,0.017948102984821662
Kepler-1154 b,2.34,,0.47368421052631576,652.966,6327.0,0.0,1314.0,0.0,0.0,0.0,25.422900048979745,0.0,0.017931614964787648
Kepler-374 b,1.03,,0.985480943738657,2014.661,5977.0,0.0,1761.0,0.0,0.0,0.0,4.510747469472506,0.0,0.017925317827585625
Kepler-1671 b,1.32557381,,0.9927404718693285,205.0,5135.55,0.0,962.0,0.0,0.0,0.0,9.685813034118032,0.0,0.01792230504494704
Kepler-1049 b,0.95,,0.9401088929219601,50.427,3864.0,0.0,625.0,0.0,0.0,0.0,3.3762732358389886,0.0,0.017921734418668782
Kepler-1145 b,1.4,,0.9237749546279492,198.43,5064.0,0.0,958.0,0.0,0.0,0.0,10.617906576886263,0.0,0.01791561657859297
Kepler-916 b,1.76,,0.6860254083484574,14.683,5248.0,0.0,503.0,0.0,0.0,0.0,15.666313526372127,3.517180229559088e-280,0.017908790070802164
HD 167768 b,13.9,,0.10036297640653359,2042.741,4851.0,0.149,1873.59,0.08489099992852522,0.00017349752874358344,0.061040765079873514,1129.0327572098888,0.0,0.01790654484632485
Kepler-1312 c,1.02732734,,0.9836660617059891,1770.2,5721.0,0.0,1659.0,0.0,0.0,0.0,4.467482244191236,0.0,0.017904698168697986
Kepler-880 b,2.66,,0.4010889292196007,586.169,6761.0,0.0,1622.0,0.0,0.0,0.0,31.62089761807604,0.0,0.017902789997664245
Kepler-923 b,1.38,,0.9419237749546281,390.636,5988.0,0.0,1104.0,0.0,0.0,0.0,10.36911348150106,0.0,0.017902686592635116
Kepler-1238 b,1.93,,0.6079854809437387,1195.201,6386.0,0.0,1389.0,0.0,0.0,0.0,18.30854131939945,0.0,0.0178997865194601
Kepler-340 b,2.53,,0.426497277676951,274.318,6620.0,0.0,1092.0,0.0,0.0,0.0,28.931199246336508,0.0,0.017898273233507303
TOI-238 c,2.18,6.7,0.33212341197822143,58.3,5059.0,0.36,696.0,0.24460195866532689,0.011349149429054257,0.06659721109151596,14.413106012209361,0.0,0.0178946318277464
HIP 90988 b,13.4,,0.2776769509981851,4.1955,4883.0,0.081,400.77,0.373592302481986,0.1834747457125488,0.061895602927819024,2798.6129303725866,4.230773487833309e-09,0.017890558255290283
HATS-17 b,8.709393,425.25654,0.6352087114337568,72.7,5846.0,0.029,814.0,0.3160903040407328,0.013261189472610062,0.08762087941443328,1757.7969990417312,0.0,0.01788878789182048
KOI-351 c,1.19,,1.0707803992740472,236.315,6080.0,0.0,987.0,0.0,0.0,0.0,7.55840060344374,0.0,0.017885664089244652
TOI-2981 b,13.4,638.0,0.26497277676951,556.616,5940.0,0.035,1358.0,0.16778165030481537,0.0011314837561607009,0.09013196559277524,2670.5718159110957,0.0,0.01788301805597886
HD 154088 b,2.46,,0.4428312159709619,41.2119,5374.0,0.344,689.99,0.27241773729217766,0.01739989778972432,0.07501202115723127,27.61418042439924,0.0,0.017875479182187765
Kepler-97 b,1.48,3.51,0.987295825771325,767.964,5779.0,0.0,1328.0,0.0,0.0,0.0,13.406674223415349,0.0,0.01787197197229747
Kepler-1194 b,1.51,,0.8366606170598911,49.35,5590.0,0.0,676.0,0.0,0.0,0.0,12.066151605498609,0.0,0.017863217878846333
Kepler-1048 b,1.61,,0.7695099818511797,96.976,4651.0,0.0,619.0,0.0,0.0,0.0,13.451802895897226,0.0,0.017859194238279696
Kepler-1344 b,1.84,,0.6460980036297641,425.169,5981.0,0.0,1219.0,0.0,0.0,0.0,16.859336442055245,0.0,0.017857479960755353
Kepler-1406 b,1.1,,1.0272232304900182,125.89,5892.0,0.0,854.0,0.0,0.0,0.0,5.727056888593483,0.0,0.017854884423131233
Kepler-1950 b,1.52696349,,0.8257713248638838,75.83,5455.0,0.0,752.0,0.0,0.0,0.0,12.314998589914422,0.0,0.01785127451521357
DMPP-6 b,2.28,,0.4882032667876588,340.697,6182.09,0.34,1203.65,0.18416452176776668,0.0017256148975205421,0.09659908104930594,24.237835378556113,0.0,0.017845818417543877
Kepler-291 b,2.16,,0.5263157894736842,627.374,6002.0,0.0,1212.0,0.0,0.0,0.0,22.21755489032368,0.0,0.017844241763017826
WASP-190 b,12.89035,317.83,0.14791288566243194,747.132,6400.0,0.0,1500.0,0.0,0.0,0.0,1327.0544655837525,0.0,0.017840119370972973
Kepler-1121 b,1.91,,0.617059891107078,205.272,6231.0,0.0,1008.0,0.0,0.0,0.0,18.01009606102568,0.0,0.017832505084215
Kepler-1511 b,1.68,,0.7277676950998185,228.219,6064.0,0.0,903.0,0.0,0.0,0.0,14.45470484972229,0.0,0.017828476152344855
Kepler-524 b,1.91,,0.617059891107078,434.237,6014.0,0.0,974.0,0.0,0.0,0.0,18.01009606102568,0.0,0.01782490523213588
Kepler-1429 b,1.29,,1.0272232304900182,551.156,5902.0,0.0,1199.0,0.0,0.0,0.0,9.2368219572636,0.0,0.017823972772813525
Kepler-763 d,1.67,,0.73502722323049,98.81,4999.0,0.0,804.0,0.0,0.0,0.0,14.339745615952426,0.0,0.017823065130798177
TOI-201 d,1.39,5.8,1.9963702359346642,389.669,6423.0,0.3,1237.0,0.1955057946298012,0.0015791271770237852,0.10303467436019693,22.458156110865776,0.0,0.017821083944378372
TOI-6255 b,1.079,1.44,1.1433756805807622,588.9944,3421.0,0.0,1256.46,0.0,0.0,0.0,6.016471917845767,0.0,0.017817393635355675
K2-233 b,1.315,2.4,1.0344827586206897,269.0,4796.0,0.0,1127.0,0.0,0.0,0.0,9.853468319546218,0.0,0.017816083583184424
TRAPPIST-1 g,1.129,1.321,0.9176018148820326,0.252,2566.0,0.00208,197.3,0.5477511434641025,0.2462276650204884,0.0,5.531267969501794,0.8770057653932912,0.01781224174473972
Kepler-135 c,1.16,,1.0544464609800364,209.967,6090.0,0.0,975.0,0.0,0.0,0.0,6.894251313357239,0.0,0.017810754240534323
Kepler-48 f,13.8,,0.11324863883847551,0.0157,5190.0,0.015283,95.68,0.23831892016719972,0.011498925233424431,0.07009670353154783,1246.6911006660239,0.6395252375619412,0.017809753958249464
Kepler-615 b,1.74,,0.6969147005444646,19.18,4655.0,0.0,620.0,0.0,0.0,0.0,15.378570915853674,0.0,0.0178085877434715
Kepler-1617 b,1.2,,1.0798548094373865,64.689,6167.0,0.0,736.0,0.0,0.0,0.0,7.816236909170915,0.0,0.01780481196388231
Kepler-235 c,1.28,,1.0362976406533575,14.2,4255.0,0.0,555.0,0.0,0.0,0.0,9.103387459923805,2.610601087185158e-259,0.017784776703513604
Kepler-1869 b,1.11955354,,1.0381125226860255,138.5,5808.0,0.0,865.0,0.0,0.0,0.0,6.1019359094342915,0.0,0.017782529631503133
Kepler-1149 b,1.44,,0.8911070780399275,653.831,5833.0,0.0,1128.0,0.0,0.0,0.0,11.145664828760077,0.0,0.017771903923802436
75 Cet b,13.3,,0.3339382940108893,14.175,4809.0,0.093,540.31,0.30297129728626765,0.05584657304203397,0.059918790404444595,3290.8626480350626,3.140726026984697e-258,0.017771353017612096
Kepler-1162 c,1.81,,0.6606170598911071,6.14,5225.0,0.0,401.0,0.0,0.0,0.0,16.408697877405036,1.6292958987152795e-30,0.017766195993727075
Kepler-190 c,1.46,,0.8747731397459166,181.699,5106.0,0.0,948.0,0.0,0.0,0.0,11.403616824159371,0.0,0.017764225903461817
Kepler-202 b,1.63,,0.7568058076225046,108.504,4668.0,0.0,802.0,0.0,0.0,0.0,13.728904329626776,0.0,0.017760039992990178
Kepler-280 b,1.45,,0.883847549909256,821.894,5744.0,0.0,1425.0,0.0,0.0,0.0,11.286777880287813,0.0,0.01775863455397816
Kepler-1969 b,1.68161001,,0.7277676950998185,235.89,6046.0,0.0,999.0,0.0,0.0,0.0,14.496302223225303,0.0,0.017753274251892583
Kepler-395 c,1.32,,0.9981851179673321,2.11,4262.0,0.0,341.0,0.0,0.0,0.0,9.61659870480432,0.9082997889601715,0.017751917822605132
HIP 71135 b,4.55,,0.19963702359346644,1.1013,4146.0,0.21,285.11,0.42614120608720896,0.44259989346012407,0.04220761874231791,78.77055140091183,0.9938446036699915,0.017747392076387276
Kepler-526 b,1.99,,0.5843920145190563,584.354,5894.0,0.0,1099.0,0.0,0.0,0.0,19.290883193273892,0.0,0.017747312701383185
Kepler-356 c,1.81,,0.6606170598911071,209.368,6133.0,0.0,913.0,0.0,0.0,0.0,16.408697877405036,0.0,0.017738288512328757
TOI-6054.02,2.82,9.3,0.40834845735027225,285.0,6047.0,0.332,1143.0,0.18182619821242108,0.002026861370004995,0.0929903296468387,38.35896261338061,0.0,0.017719543472078148
Kepler-1955 b,1.16654878,,1.0617059891107077,114.3,5825.0,0.0,853.0,0.0,0.0,0.0,7.059949393377754,0.0,0.017711208769881085
Kepler-1911 b,1.011,,0.9745916515426498,223.93,5721.0,0.0,987.0,0.0,0.0,0.0,4.2185651727367555,0.0,0.017709149137406333
Kepler-1117 b,1.11,,1.029038112522686,194.976,5612.0,0.0,938.0,0.0,0.0,0.0,5.895070533268197,0.0,0.017693846568394844
11 UMi b,12.3,,2.50453720508167,114.8502,4213.0,0.08,896.43,0.21232868709126623,0.006081548785058447,0.0439974354864557,19522.320177085534,0.0,0.01768321679154499
Kepler-55 f,1.59,,0.7822141560798548,25.438,4503.0,0.0,559.0,0.0,0.0,0.0,13.170602833581443,0.0,0.017677985935334102
Kepler-1315 c,1.84398883,,0.6460980036297641,57.6,4818.0,0.0,777.0,0.0,0.0,0.0,16.969219459910903,0.0,0.017674403122865837
Kepler-1380 b,1.43,,0.8965517241379312,90.1,5570.0,0.0,786.0,0.0,0.0,0.0,10.981763124053886,0.0,0.017673310736597485
Kepler-144 c,1.35,,0.9691470054446462,207.247,6075.0,0.0,1046.0,0.0,0.0,0.0,9.988023901731585,0.0,0.017672157872523356
Kepler-918 b,1.74,,0.6969147005444646,258.702,6028.0,0.0,1052.0,0.0,0.0,0.0,15.378570915853674,0.0,0.01766953136007087
Kepler-872 b,1.99,,0.5843920145190563,553.056,5902.0,0.0,1230.0,0.0,0.0,0.0,19.290883193273892,0.0,0.01766899590152597
Kepler-1370 b,1.84,,0.6460980036297641,132.587,6202.0,0.0,770.0,0.0,0.0,0.0,16.859336442055245,0.0,0.017666573766104355
Kepler-768 b,1.79,,0.6715063520871144,40.589,5108.0,0.0,618.0,0.0,0.0,0.0,16.13235712341537,0.0,0.017665406022011877
Kepler-2001 c,1.82,,0.6569872958257714,30.1,5081.0,0.0,597.0,0.0,0.0,0.0,16.59051031687569,0.0,0.017663778992176363
Kepler-914 b,1.38,,0.9419237749546281,568.378,5877.0,0.0,1192.0,0.0,0.0,0.0,10.36911348150106,0.0,0.017659421677608027
Kepler-1394 b,1.39,,0.9328493647912885,2023.005,6481.0,0.0,1947.0,0.0,0.0,0.0,10.494083855440916,0.0,0.01764293455012437
Kepler-1266 c,1.68023962,,0.7277676950998185,110.4,4996.0,0.0,881.0,0.0,0.0,0.0,14.460890796903245,0.0,0.01764018989514079
Kepler-334 d,1.41,,0.9147005444646098,39.475,5828.0,0.0,656.0,0.0,0.0,0.0,10.74050953174657,0.0,0.01763829541157235
Kepler-1382 b,1.88,,0.6297640653357532,198.471,6161.0,0.0,959.0,0.0,0.0,0.0,17.528309500369478,0.0,0.017637548884481803
Kepler-362 c,1.45,,0.883847549909256,36.667,5788.0,0.0,543.0,0.0,0.0,0.0,11.286777880287813,0.0,0.017636866051550747
Kepler-436 b,2.73,,0.38656987295825773,1.69,4651.0,0.19,322.0,0.5024940869319247,0.40357860083706953,0.05569802853020939,32.94614117139229,0.9839027353525017,0.0176328978006293
Kepler-262 b,1.36,,0.9600725952813067,50.169,5841.0,0.0,734.0,0.0,0.0,0.0,10.116013671203888,0.0,0.017630366275341917
Kepler-1669 d,1.22,,1.087114337568058,47.3,4224.0,0.0,669.0,0.0,0.0,0.0,8.268815940386196,0.0,0.017620441502955542
Kepler-542 b,1.57,,0.7967332123411978,61.573,5526.0,0.0,698.0,0.0,0.0,0.0,12.915180730626957,0.0,0.017618650037457245
Kepler-501 c,1.68119739,,0.7277676950998185,683.84,5794.0,0.0,1304.0,0.0,0.0,0.0,14.48563388165259,0.0,0.01760683926177526
Kepler-295 d,1.36,,0.9600725952813067,104.962,5603.0,0.0,533.0,0.0,0.0,0.0,10.116013671203888,0.0,0.01760543082804528
WASP-133 b,13.56289,368.6828,0.15970961887477314,2054.7956,5700.0,0.17,1790.0,0.09185377632800626,0.00018648307971132758,0.08372068173318295,1669.0771094267645,0.0,0.017604729191345255
Kepler-1948 b,1.03283226,,0.987295825771325,5.98,3872.0,0.0,399.0,0.0,0.0,0.0,4.556436198815113,2.725646054351387e-28,0.017595698492368608
TOI-1728 b,5.05,26.78,0.20689655172413793,57.78,3980.0,0.057,767.0,0.26965215406068105,0.013368229885287807,0.03777314740609972,111.6133121581454,0.0,0.017593094081163763
Kepler-883 b,1.78,,0.6751361161524502,163.052,6116.0,0.0,818.0,0.0,0.0,0.0,15.949238678455716,0.0,0.017590230981613178
Kepler-402 e,1.46,,0.8747731397459166,157.481,6090.0,0.0,931.0,0.0,0.0,0.0,11.403616824159371,0.0,0.017587339881026728
eps CrB b,12.7,,1.0362976406533575,101.7001,4406.0,0.11,853.92,0.229517946179667,0.007404434180638218,0.049153176256878324,8891.689355526494,0.0,0.017573446705878307
Kepler-887 b,1.84,,0.6460980036297641,109.842,6194.0,0.0,785.0,0.0,0.0,0.0,16.859336442055245,0.0,0.017571531162913448
Kepler-769 c,1.79,,0.6715063520871144,86.761,6186.0,0.0,803.0,0.0,0.0,0.0,16.13235712341537,0.0,0.01757076335664451
Kepler-46 d,1.64,,0.7531760435571688,92.346,5309.0,0.0,845.0,0.0,0.0,0.0,13.916071494991721,0.0,0.017569557451104886
Kepler-48 e,13.4,657.0,0.2722323049001815,0.1426,5194.0,0.003142,171.49,0.3385669669933194,0.11156447102312438,0.07020355826254061,2743.738167031948,0.8419294611366567,0.017567624181505953
Kepler-535 b,2.36,,0.4682395644283122,601.891,6123.0,0.0,1247.0,0.0,0.0,0.0,25.78058247142872,0.0,0.017561712278638248
Kepler-804 c,1.14,,1.043557168784029,141.839,5817.0,0.0,890.0,0.0,0.0,0.0,6.476187426891155,0.0,0.01754942704369359
Kepler-208 d,1.2,,1.0798548094373865,176.283,6092.0,0.0,999.0,0.0,0.0,0.0,7.816236909170915,0.0,0.017539295675719324
Kepler-1588 b,0.76,,0.823956442831216,359.79,5817.0,0.0,925.0,0.0,0.0,0.0,1.515073284023748,0.0,0.017533483874711344
Kepler-1794 b,1.79426276,,0.6678765880217786,57.59,5052.0,0.0,703.0,0.0,0.0,0.0,16.160059645895707,0.0,0.017529721685829617
Kepler-1620 b,1.61,,0.7695099818511797,7.92,6157.0,0.0,428.0,0.0,0.0,0.0,13.451802895897226,1.265460118912994e-61,0.017525607024154607
TOI-2986 b,9.292245,96.619835728,0.11978221415607987,1156.0,5906.0,0.14,1622.0,0.10866251380357168,0.0003613335109852477,0.0892237003793321,402.57138499484955,0.0,0.01752406747826837
GJ 9827 c,1.13,1.86,1.2961887477313976,73.0,4236.0,0.0,715.94,0.0,0.0,0.0,7.834155484803285,0.0,0.01752305626732568
Kepler-291 c,1.88,,0.6297640653357532,332.737,6002.0,0.0,1035.0,0.0,0.0,0.0,17.528309500369478,0.0,0.01752218711095577
Kepler-252 b,1.23,,1.0925589836660616,39.264,4208.0,0.0,587.0,0.0,0.0,0.0,8.51625851203296,0.0,0.01751425158844621
Kepler-59 c,1.98,3.81,0.29401088929219604,107.741,6074.0,0.0,752.0,0.0,0.0,0.0,9.559773348821386,0.0,0.0175114660667858
Kepler-1543 b,2.71,,0.39019963702359345,375.651,6561.0,0.0,1774.0,0.0,0.0,0.0,32.529946047917385,0.0,0.017510755679067617
TOI-286 c,1.88,3.72,0.5607985480943739,22.4437,5152.0,0.0,475.0,0.0,0.0,0.0,15.60878281156821,0.0,0.017504269732720606
Kepler-1693 c,0.97698289,,0.956442831215971,296.73,5553.0,0.0,1059.0,0.0,0.0,0.0,3.7360140386520304,0.0,0.017502633266089564
Kepler-15 b,10.76,209.76,0.16878402903811254,430.677,5515.0,0.06,1251.0,0.15745904923160528,0.0013132118634626817,0.07877865042474592,880.7583577239749,0.0,0.017501118897301614
Kepler-1156 b,1.32,,0.9981851179673321,83.014,5778.0,0.0,787.0,0.0,0.0,0.0,9.61659870480432,0.0,0.017496597591556515
Kepler-55 e,1.55,,0.809437386569873,73.157,4503.0,0.0,728.0,0.0,0.0,0.0,12.626034267217095,0.0,0.017495859638398628
TOI-5232 b,12.778238,743.71847238,0.35571687840290384,1193.86,6500.0,0.035,1772.0,0.1506225916430855,0.0005064679858198628,0.10509162793182478,3108.8946117514474,0.0,0.017494483981760844
Kepler-167 b,1.718,,0.7078039927404719,122.502,4884.0,0.0,918.0,0.0,0.0,0.0,15.033880573428334,0.0,0.017486742100852964
K2-85 b,1.4,3.2,1.0707803992740472,800.0,4232.0,0.24,1355.0,0.18574403333641024,0.000786865671705186,0.04450499545866972,12.307593085192329,0.0,0.01748534028625716
Kepler-1154 c,2.36,,0.4682395644283122,339.573,6327.0,0.0,1117.0,0.0,0.0,0.0,25.78058247142872,0.0,0.017483362327936035
WASP-180 A b,13.89916,286.047,0.11070780399274048,918.3877,6600.0,0.0,1540.0,0.0,0.0,0.0,1245.181066531575,0.0,0.017483151152869858
Kepler-301 b,1.35,,0.9691470054446462,665.437,5815.0,0.0,1278.0,0.0,0.0,0.0,9.988023901731585,0.0,0.01748100551884514
HD 33142 b,13.7,,0.15535390199637023,8.6781,5025.4,0.049,477.5,0.3241023573664433,0.08950332099955687,0.06569963135117733,1673.2948584550945,3.3654391194773757e-78,0.017480535335728752
Kepler-1158 b,2.34,,0.47368421052631576,449.699,6203.0,0.0,1079.0,0.0,0.0,0.0,25.422900048979745,0.0,0.017470821485496845
Kepler-814 b,2.12,,0.5372050816696915,935.124,6162.0,0.0,1164.0,0.0,0.0,0.0,21.440568881959855,0.0,0.01746786906198184
Kepler-392 b,1.0,,0.9691470054446462,450.654,5938.0,0.0,1125.0,0.0,0.0,0.0,4.0595534834045965,0.0,0.017463786922735276
Kepler-1751 b,1.82417378,,0.6533575317604357,221.46,6052.0,0.0,984.0,0.0,0.0,0.0,16.612620279404613,0.0,0.01746338934779978
Kepler-452 b,1.63,,0.7568058076225046,1.1,5757.0,0.0,265.0,0.0,0.0,0.0,13.728904329626776,0.964576043831692,0.01745834151179417
Kepler-24 b,2.348,11.14,0.8505578947368422,252.246,6028.0,0.023,1050.0,0.324014743523915,0.004017463615829018,0.09248276967461955,46.11973115568131,0.0,0.017455444086962025
Kepler-1468 b,1.73,,0.7005444646098004,481.352,5893.0,0.0,1093.0,0.0,0.0,0.0,15.193667726976054,0.0,0.01744958943424219
Kepler-968 c,1.69,,0.7223230490018149,58.15,4598.0,0.0,644.0,0.0,0.0,0.0,14.60428153050956,0.0,0.017441392636579053
Kepler-373 c,1.24,,1.0834845735027223,103.756,5787.0,0.0,729.0,0.0,0.0,0.0,8.653193135100102,0.0,0.017436558160523537
GJ 676 A e,2.47,,0.44101633393829404,2.7678,3734.0,0.152,351.55,0.49295180218831935,0.29157527877648476,0.03120158145001656,27.837750867808452,0.09281170953529905,0.01743268308551357
Kepler-907 b,1.2,,1.0798548094373865,137.66,6106.0,0.0,879.0,0.0,0.0,0.0,7.816236909170915,0.0,0.017425807526453604
Kepler-1584 b,1.61,,0.7695099818511797,162.544,6069.0,0.0,886.0,0.0,0.0,0.0,13.451802895897226,0.0,0.01742336851368019
Kepler-1198 b,1.47,,0.8656987295825771,108.069,5517.0,0.0,830.0,0.0,0.0,0.0,11.51880413793599,0.0,0.017415498628613628
Kepler-999 b,2.34,,0.47368421052631576,740.173,6237.0,0.0,1355.0,0.0,0.0,0.0,25.422900048979745,0.0,0.017415126412639804
TOI-4794 b,14.35870428,308.29355479,0.10344827586206896,1310.0,6390.0,0.1,1673.0,0.10024750839156886,0.0003078914505313178,0.10215312282951222,1282.796067220235,0.0,0.017413420248351047
Kepler-1952 b,1.23923346,,1.0852994555353903,65.27,5973.0,0.0,725.0,0.0,0.0,0.0,8.651623024562578,0.0,0.01741005806782733
Kepler-350 b,1.85,16.9,0.8892921960072596,257.721,6186.0,0.0,1037.0,0.0,0.0,0.0,23.585673144077152,0.0,0.017409008016310186
DMPP-1 d,2.02,,0.5716878402903811,1045.9594,6196.0,0.36,1632.0,0.15109601076484733,0.0005048056165306146,0.09697066837633432,19.737933097440454,0.0,0.017408767703146658
HD 210702 b,13.6,,0.19056261343012706,9.3194,4912.0,0.071,485.86,0.31238137572990776,0.08155351410352922,0.06267029972751981,2007.90441488924,8.572275569849671e-94,0.017406352571009056
HR 858 d,2.001,7.1,0.8892921960072596,217.0,6354.0,0.0,1061.0,0.0,0.0,0.0,29.84519057397913,0.0,0.017389927933943904
Kepler-1831 b,1.97019818,,0.5916515426497277,288.69,6063.0,0.0,1051.0,0.0,0.0,0.0,18.95327880438786,0.0,0.017383133195320737
HD 145457 b,13.2,,0.38475499092558985,77.8446,4757.0,0.111,826.81,0.21588627735133561,0.008806790871603673,0.058529678901532836,3706.761682579119,0.0,0.01737971037125884
Kepler-1199 b,1.15,,1.0490018148820328,131.7,5889.0,0.0,931.0,0.0,0.0,0.0,6.682798553472235,0.0,0.017378109067127098
Kepler-1280 b,1.87,,0.6352087114337568,35.293,6227.0,0.0,757.0,0.0,0.0,0.0,17.39922380349986,0.0,0.017373880014767636
Kepler-1599 b,1.62,,0.764065335753176,8.196,5767.0,0.0,407.0,0.0,0.0,0.0,13.607055303788215,1.964562340511128e-67,0.017368729642617858
Kepler-128 b,1.421,3.79,1.3108597096188748,227.398,6072.0,0.0,968.0,0.0,0.0,0.0,15.75531383147008,0.0,0.0173683604340088
Kepler-216 b,2.35,,0.47005444646098005,540.034,6091.0,0.0,1069.0,0.0,0.0,0.0,25.55290976560077,0.0,0.017356207864735643
Kepler-1450 b,1.71,,0.7114337568058077,3.078,4524.0,0.0,308.0,0.0,0.0,0.0,14.900862549177393,0.009260544207789254,0.017353858566023388
Kepler-127 c,2.66,,0.4010889292196007,61.688,6106.0,0.03,698.0,0.3700792943916284,0.016509225886513667,0.09456643692898761,31.62089761807604,0.0,0.01735324530744078
Kepler-1096 b,1.24,,1.0834845735027223,124.866,4306.0,0.0,794.0,0.0,0.0,0.0,8.653193135100102,0.0,0.0173513762177798
Kepler-1795 b,1.66301611,,0.7368421052631579,17.3,4500.0,0.0,520.0,0.0,0.0,0.0,14.195556188781374,0.0,0.01735072586550656
Kepler-1563 b,0.75,,0.8203266787658802,390.57,5765.0,0.0,1134.0,0.0,0.0,0.0,1.4496369004994643,0.0,0.017345866560027873
Kepler-866 b,1.63,,0.7568058076225046,196.127,4751.0,0.0,996.0,0.0,0.0,0.0,13.728904329626776,0.0,0.017336893521328247
Kepler-1413 b,1.82,,0.6569872958257714,42.825,5196.0,0.0,661.0,0.0,0.0,0.0,16.59051031687569,0.0,0.017324562340992295
Kepler-1987 e,1.92,,0.6134301270417423,40.33,4769.0,0.0,643.0,0.0,0.0,0.0,18.186846313324125,0.0,0.01731272937632622
Kepler-202 c,1.85,,0.6424682395644283,17.07,4668.0,0.0,505.0,0.0,0.0,0.0,17.039445495925126,0.0,0.017310504807372323
Kepler-53 d,2.12,166.503,0.2540834845735027,144.852,6085.0,0.0,870.0,0.0,0.0,0.0,10.140809606332363,0.0,0.017308219816008774
Kepler-1888 b,1.32578716,,0.9927404718693285,145.67,5557.0,0.0,886.0,0.0,0.0,0.0,9.690490557488099,0.0,0.01729465814339232
K2-140 b,13.56286665,295.58041851,0.11978221415607987,204.0,5585.0,0.0,962.0,0.0,0.0,0.0,1251.801366708512,0.0,0.017291359658995285
Kepler-1422 b,2.02,,0.573502722323049,156.9,6194.0,0.0,833.0,0.0,0.0,0.0,19.800593202511692,0.0,0.01729010543671649
Kepler-174 b,1.96,,0.5952813067150635,24.418,4880.0,0.0,553.0,0.0,0.0,0.0,18.77496206720648,0.0,0.017288603042612125
Kepler-1804 b,1.59615726,,0.7803992740471869,164.61,5109.0,0.0,913.0,0.0,0.0,0.0,13.29329060111182,0.0,0.017276643742210003
Kepler-136 c,1.99,,0.5843920145190563,162.044,6165.0,0.0,847.0,0.0,0.0,0.0,19.290883193273892,0.0,0.017276359218768914
Kepler-1296 b,0.91,,0.9165154264972777,399.015,5359.0,0.0,1285.0,0.0,0.0,0.0,2.8930275241789443,0.0,0.01727557096459575
Kepler-520 b,1.66,,0.7386569872958259,59.77,6112.0,0.0,711.0,0.0,0.0,0.0,14.153233893625375,0.0,0.017267726322028578
HD 25463 b,2.54535814,8.7,0.5208711433756806,461.4,6353.0,0.0,1198.46,0.0,0.0,0.0,35.980367920769886,0.0,0.017254981238167127
pi Men c,2.0189,3.63,0.5081669691470054,309.0,5998.0,0.0,1169.8,0.0,0.0,0.0,17.516182680229623,0.0,0.017254645282795272
Kepler-1062 b,1.76,,0.6860254083484574,33.76,4597.0,0.0,583.0,0.0,0.0,0.0,15.666313526372127,0.0,0.017253300504615925
Kepler-217 d,1.32,,0.9981851179673321,2099.752,6341.0,0.0,1574.0,0.0,0.0,0.0,9.61659870480432,0.0,0.017249874832402024
Kepler-1283 b,1.91,,0.617059891107078,80.34,6175.0,0.0,764.0,0.0,0.0,0.0,18.01009606102568,0.0,0.01724561031139067
Kepler-196 b,1.9,,0.6206896551724138,20.735,5128.0,0.0,536.0,0.0,0.0,0.0,17.83297987114956,0.0,0.01723642146484135
Kepler-1384 b,1.94,,0.604355716878403,32.23,4919.0,0.0,608.0,0.0,0.0,0.0,18.48359456430943,0.0,0.0172319188692184
HD 152581 b,13.4,,0.24682395644283125,5.4072,5027.0,0.04,426.55,0.39328173815726963,0.15904258650428474,0.06574237324357456,2487.655938108966,6.808961303509228e-21,0.017231686809384687
Kepler-936 b,1.45,,0.883847549909256,133.56,5482.0,0.0,867.0,0.0,0.0,0.0,11.286777880287813,0.0,0.017231299415126473
Kepler-795 b,1.68,,0.7277676950998185,28.9,5631.0,0.0,580.0,0.0,0.0,0.0,14.45470484972229,0.0,0.017227775601565406
Kepler-758 d,2.12,,0.5372050816696915,173.171,6228.0,0.0,843.0,0.0,0.0,0.0,21.440568881959855,0.0,0.017224874860470526
Kepler-1119 b,1.92,,0.6134301270417423,182.69,6083.0,0.0,938.0,0.0,0.0,0.0,18.186846313324125,0.0,0.01722147201990273
Kepler-1857 b,1.96065412,,0.5952813067150635,217.4,6074.0,0.0,946.0,0.0,0.0,0.0,18.793765909959376,0.0,0.017214922200553838
Kepler-633 b,1.63,,0.7568058076225046,454.5,5899.0,0.0,1021.0,0.0,0.0,0.0,13.728904329626776,0.0,0.017214016529288986
Kepler-341 c,1.7,,0.7168784029038113,237.43,6012.0,0.0,940.0,0.0,0.0,0.0,14.753017929338723,0.0,0.01720645312745086
TOI-6034 b,11.92,254.0,0.14882032667876588,43.0,3635.0,0.04,714.0,0.24196410277985456,0.01668366810170801,0.02855692685793633,1055.7950683006845,0.0,0.01719880878735082
Kepler-1816 b,1.9679397,,0.5934664246823956,2.0,5051.0,0.0,310.0,0.0,0.0,0.0,18.946113038660123,0.9730912340759189,0.01719209851094949
LTT 1445 A c,1.147,1.54,1.0108892921960073,10.9,3340.0,0.223,508.0,0.4367728407573853,0.0874020127956507,0.02067639044718501,6.389729294200943,2.3179402892696095e-138,0.017188961994732792
Kepler-191 c,1.86,,0.6388384754990926,23.2,5282.0,0.0,596.0,0.0,0.0,0.0,17.21941950502332,0.0,0.01718691458417651
Kepler-208 e,1.48,,0.8584392014519058,106.345,6092.0,0.0,880.0,0.0,0.0,0.0,11.656906080285772,0.0,0.017183720273043525
Kepler-364 b,1.55,,0.809437386569873,68.71,6108.0,0.0,753.0,0.0,0.0,0.0,12.626034267217095,0.0,0.017181813809237223
Kepler-970 b,2.609,,0.4101633393829401,11.111,4290.0,0.34,464.0,0.3354591111534234,0.0679376116814226,0.04605438905807247,30.51179001793989,6.147501116247208e-145,0.017181741109531603
HD 145934 b,13.4,658.540459304,0.2722323049001815,0.9461,4823.75,0.078,276.92,0.4504652233767405,0.5170300697783878,0.060312817224982045,2743.738167031948,0.9999999963786954,0.017180118295381363
Kepler-884 b,1.23,,1.0925589836660616,139.5,5715.0,0.0,964.0,0.0,0.0,0.0,8.51625851203296,0.0,0.017179849252000574
Kepler-1947 b,1.0101666,,0.9764065335753176,229.4,6040.0,0.0,1298.0,0.0,0.0,0.0,4.215977660770051,0.0,0.01717881975847359
Kepler-1093 b,1.95,,0.6007259528130672,98.8,6166.0,0.0,776.0,0.0,0.0,0.0,18.65816108852237,0.0,0.017177242781979442
Kepler-357 b,1.84,,0.6460980036297641,69.57,5036.0,0.0,793.0,0.0,0.0,0.0,16.859336442055245,0.0,0.01715983017815998
WASP-175 b,13.540472,314.6517,0.13430127041742287,649.429,6229.0,0.0,1571.0,0.0,0.0,0.0,1396.593899099246,0.0,0.017157735395908542
Kepler-1612 b,1.03,,0.985480943738657,269.248,5643.0,0.0,1030.0,0.0,0.0,0.0,4.510747469472506,0.0,0.017149382597175505
Kepler-137 c,1.88,,0.6297640653357532,29.775,5187.0,0.0,568.0,0.0,0.0,0.0,17.528309500369478,0.0,0.017148035784649122
Kepler-1568 b,1.3,,1.0163339382940109,72.568,5956.0,0.0,729.0,0.0,0.0,0.0,9.35308959120289,0.0,0.017144845035219767
WASP-192 b,13.78707,731.009,0.29401088929219604,471.142,5910.0,0.0,1620.0,0.0,0.0,0.0,3227.5127516508182,0.0,0.01713880347785736
Kepler-1472 b,1.9,,0.6206896551724138,57.079,6159.0,0.0,613.0,0.0,0.0,0.0,17.83297987114956,0.0,0.017136083770762086
Kepler-878 b,1.93,,0.6079854809437387,27.009,5044.0,0.0,501.0,0.0,0.0,0.0,18.30854131939945,0.0,0.017130356859890495
Kepler-744 b,1.62,,0.764065335753176,62.955,5594.0,0.0,750.0,0.0,0.0,0.0,13.607055303788215,0.0,0.01712720708996641
HIP 74890 b,13.3,,0.32304900181488205,3.7188,4850.0,0.07,387.66,0.3995144410193643,0.21455540629440387,0.06101405139712497,3183.55190951218,7.377366980663745e-06,0.017126669107943693
Kepler-296 e,1.53,,0.7441016333938294,1.41,3740.0,0.33,337.0,0.5314131328659256,0.46274511826606,0.03136186354650579,11.163365895949497,0.9534708910210298,0.01712403856965585
Kepler-366 b,1.46,,0.8747731397459166,1873.311,6209.0,0.0,1326.0,0.0,0.0,0.0,11.403616824159371,0.0,0.017122167415677396
Kepler-347 b,1.97,,0.5916515426497277,180.549,6088.0,0.0,908.0,0.0,0.0,0.0,18.94755991323829,0.0,0.01711873728695727
Kepler-342 c,1.96,,0.5952813067150635,77.29,6175.0,0.0,754.0,0.0,0.0,0.0,18.77496206720648,0.0,0.017118578962175748
Kepler-1832 b,1.22719556,,1.0907441016333939,257.32,5242.0,0.0,1022.0,0.0,0.0,0.0,8.444089123460353,0.0,0.01711345346928776
HD 60779 b,3.246,14.19,0.41379310344827586,42.3921,6081.0,0.031,650.0,0.38691614665532525,0.02449222680429362,0.09389859486028083,59.28125700968917,0.0,0.01711082573278181
Kepler-1962 b,1.21463929,,1.0852994555353903,155.95,5700.0,0.0,901.0,0.0,0.0,0.0,8.146670851060344,0.0,0.017106653371046013
K2-233 c,1.272,4.6,2.250453720508167,66.2,4796.0,0.0,794.0,0.0,0.0,0.0,19.400817464000433,0.0,0.01710345926529564
Kepler-1191 b,1.51,,0.8366606170598911,167.184,5308.0,0.0,952.0,0.0,0.0,0.0,12.066151605498609,0.0,0.01709786522062039
Kepler-1500 b,1.2,,1.0798548094373865,131.818,5845.0,0.0,928.0,0.0,0.0,0.0,7.816236909170915,0.0,0.017096993190808003
GJ 3323 c,1.32,,1.0018148820326678,0.17,3159.0,0.17,147.8,0.5012867576474744,0.1671234033582951,0.015841213869742642,9.651568154639971,0.8377309115567353,0.017095117271457752
Kepler-1466 b,1.55,,0.809437386569873,21.875,5884.0,0.0,585.0,0.0,0.0,0.0,12.626034267217095,0.0,0.017092918485567446
Kepler-80 e,1.6,4.13,0.6805807622504537,94.781,4540.0,0.0035,629.0,0.33090163248166526,0.009827396944873145,0.052732809745146055,11.676917884849178,0.0,0.017092891753000803
Kepler-1006 b,1.54,,0.8166969147005445,153.493,5328.0,0.0,791.0,0.0,0.0,0.0,12.494293014196522,0.0,0.017092177738629526
Kepler-997 b,1.36,,0.9600725952813067,1900.131,6150.0,0.0,1709.0,0.0,0.0,0.0,10.116013671203888,0.0,0.017087596098817437
Kepler-375 b,1.45,,0.883847549909256,64.444,5826.0,0.0,851.0,0.0,0.0,0.0,11.286777880287813,0.0,0.01708632388499648
Kepler-329 b,1.4,,0.9237749546279492,40.689,4257.0,0.0,547.0,0.0,0.0,0.0,10.617906576886263,0.0,0.017084519970317655
Kepler-930 b,2.13,,0.5353901996370236,16.851,6335.0,0.0,561.0,0.0,0.0,0.0,21.67194234972401,0.0,0.017083775756547813
Kepler-180 b,1.5,,0.8457350272232306,72.119,5731.0,0.0,781.0,0.0,0.0,0.0,11.956297267836291,0.0,0.017080136414424112
Kepler-1219 b,2.12,,0.5372050816696915,430.691,5944.0,0.0,1159.0,0.0,0.0,0.0,21.440568881959855,0.0,0.017078906494170827
Kepler-134 b,2.0,,0.5807622504537205,301.367,5983.0,0.0,1105.0,0.0,0.0,0.0,19.46152980808196,0.0,0.01707688035591941
HD 18742 b,13.1,,0.4791288566243195,4.1964,4940.0,0.04,399.93,0.45361169566801274,0.22349638490275106,0.06341828284447211,4511.851782052393,4.164407451446968e-09,0.017067316260909415
Kepler-286 e,1.77,,0.6805807622504537,20.6,5580.0,0.0,539.0,0.0,0.0,0.0,15.808405857752895,0.0,0.017065395168687793
Kepler-1807 b,2.70393215,,0.3920145190562614,356.24,6455.0,0.0,1108.0,0.0,0.0,0.0,32.46221355457871,0.0,0.01706536632838388
HD 22532 b,13.4,,0.279491833030853,5.2078,5038.0,0.03,420.41,0.4197149992164042,0.1749481625975853,0.06603622375380581,2816.9045181527995,1.331902419928829e-18,0.017065273805411903
Kepler-1345 b,2.36,,0.4682395644283122,68.469,6449.0,0.0,693.0,0.0,0.0,0.0,25.78058247142872,0.0,0.017063867214249327
Kepler-755 c,1.26,,1.0617059891107077,302.574,5043.0,0.0,1016.0,0.0,0.0,0.0,8.896199466231437,0.0,0.017060860423971425
Kepler-127 d,2.64,,0.4047186932849365,31.519,6106.0,0.03,590.0,0.42299765523230637,0.034411811702124026,0.09456643692898759,31.19274925340165,0.0,0.01705753753488571
Kepler-939 b,1.75,,0.6896551724137931,54.19,5471.0,0.0,692.0,0.0,0.0,0.0,15.482274140535905,0.0,0.017053068218913708
Kepler-213 b,1.62,,0.764065335753176,833.469,5696.0,0.0,1326.0,0.0,0.0,0.0,13.607055303788215,0.0,0.01705237785386742
Kepler-1221 b,1.88,,0.6297640653357532,37.81,5194.0,0.0,632.0,0.0,0.0,0.0,17.528309500369478,0.0,0.017040652963603416
Kepler-224 e,1.97,,0.5916515426497277,18.732,5018.0,0.0,517.0,0.0,0.0,0.0,18.94755991323829,0.0,0.01703974888878599
Kepler-54 c,1.23,0.7,0.43128275862068965,3.07,3705.0,0.0,395.0,0.0,0.0,0.0,3.361754851781187,0.008444946892620835,0.017029968220624483
7 CMa c,13.9,,0.1027223230490018,2.4917,4826.0,0.08,350.0,0.3393959141476141,0.237830774099202,0.06037292301116582,1155.5742144318208,0.38019114110202945,0.01702810185091421
Kepler-1088 b,1.42,,0.9056261343012705,44.887,5975.0,0.0,667.0,0.0,0.0,0.0,10.861819693672095,0.0,0.0170251026470923
Kepler-157 b,1.32,,0.9981851179673321,1572.309,5774.0,0.0,1546.0,0.0,0.0,0.0,9.61659870480432,0.0,0.0170208689848469
Kepler-1180 b,1.99,,0.5843920145190563,175.855,6077.0,0.0,765.0,0.0,0.0,0.0,19.290883193273892,0.0,0.01702056251169782
WASP-14 b,15.46842,2809.6172,0.40834845735027225,1356.33,6475.0,0.09,1872.0,0.12509619774849956,0.0003805434114086876,0.10442378586311825,6330.782530294025,0.0,0.017015371378235798
Kepler-132 b,1.21,,1.0816696914700545,284.8,6003.0,0.0,1082.0,0.0,0.0,0.0,8.026743428190604,0.0,0.017013406354590917
Kepler-1245 b,1.44,,0.8911070780399275,194.344,5306.0,0.0,1043.0,0.0,0.0,0.0,11.145664828760077,0.0,0.017009260257614806
KELT-20 b,19.514869,1074.90106,0.14627949183303088,4362.5,8720.0,0.0,2262.0,0.0,0.0,0.0,4553.747786026973,0.0,0.017006479517277386
WASP-158 b,11.99363,886.7457,0.5626134301270418,903.013,6350.0,0.0,1590.0,0.0,0.0,0.0,4065.843376539124,0.0,0.0170061234900538
Kepler-1331 b,1.05,,1.0,547.294,4508.0,0.0,1244.0,0.0,0.0,0.0,4.849048260815846,0.0,0.01700456645522364
Kepler-1743 b,1.59887007,,0.7767695099818512,515.0,5855.0,0.0,1144.0,0.0,0.0,0.0,13.299040174251097,0.0,0.01700140374483664
Kepler-544 b,2.12,,0.5372050816696915,126.031,6206.0,0.0,748.0,0.0,0.0,0.0,21.440568881959855,0.0,0.01699657580106196
Kepler-1454 b,1.88,,0.6297640653357532,9.08,5448.0,0.0,492.0,0.0,0.0,0.0,17.528309500369478,8.106510608474505e-88,0.01699613994742554
Kepler-1343 b,1.93,,0.6079854809437387,1021.904,5759.0,0.0,1294.0,0.0,0.0,0.0,18.30854131939945,0.0,0.016992943119592593
K2-114 b,10.59248676,638.83509807,0.5372050816696915,40.0,4899.0,0.079,701.4,0.28510977592409514,0.02085148669912726,0.06232302185179132,2674.376275761812,0.0,0.016990071742084823
Kepler-300 b,1.67,,0.73502722323049,265.186,5986.0,0.0,812.0,0.0,0.0,0.0,14.339745615952426,0.0,0.01698978428134333
HIP 97166 b,2.4801338,19.1,1.2450090744101634,9.0686,5216.0,0.29,701.66,0.4020779700967372,0.09609203647154903,0.07079125928299962,79.55847675021019,1.5900098401782778e-87,0.01698563507694942
Kepler-347 c,1.75,,0.6896551724137931,65.707,6088.0,0.0,705.0,0.0,0.0,0.0,15.482274140535905,0.0,0.01698208453961015
HD 47366 b,13.4,,0.27404718693284935,17.9154,4866.0,0.071,577.05,0.29408927156351533,0.044217661506199886,0.06144147032109784,2762.0297548121603,0.0,0.016981905373885026
Kepler-1461 b,2.03,,0.5698729582577133,8.88,4919.0,0.0,451.0,0.0,0.0,0.0,19.968928973515528,5.759980872080535e-83,0.01698168771694736
Kepler-1390 b,1.18,,1.0689655172413792,171.133,5753.0,0.0,934.0,0.0,0.0,0.0,7.356958854492012,0.0,0.016981340313483466
K2-113 b,12.14,410.0007,0.3575317604355717,277.39,5660.0,0.0,1098.0,0.0,0.0,0.0,2679.5341527104197,0.0,0.016978962391556676
HD 115404 A b,6.09,,0.13611615245009076,39.0242,5019.17,0.232,695.65,0.21135188865780508,0.014910807667999487,0.06553320510765373,128.7805132846145,0.0,0.016972872454315984
Kepler-1580 b,2.11,,0.5408348457350273,83.088,6228.0,0.0,733.0,0.0,0.0,0.0,21.281421841846257,0.0,0.016964355379120874
Kepler-132 c,1.28,,1.0362976406533575,271.0,6003.0,0.0,1069.0,0.0,0.0,0.0,9.103387459923805,0.0,0.016947788470410452
Kepler-529 c,2.0,,0.5807622504537205,149.42,6087.0,0.0,891.0,0.0,0.0,0.0,19.46152980808196,0.0,0.016943346740384915
Kepler-1489 b,1.77,,0.6805807622504537,11.893,5655.0,0.0,400.0,0.0,0.0,0.0,15.808405857752895,9.246718975576355e-171,0.016941026476910655
Kepler-1514 c,1.1758241,,1.0671506352087115,193.0,6145.0,0.32,1066.0,0.2449308771118108,0.0037404304658567008,0.09560827055616855,7.266769899826107,0.0,0.01694089680782302
Kepler-147 b,1.53,,0.823956442831216,224.61,6012.0,0.0,953.0,0.0,0.0,0.0,12.36138565063676,0.0,0.016940726825300262
Kepler-431 d,1.11,,1.029038112522686,272.838,6004.0,0.0,856.0,0.0,0.0,0.0,5.895070533268197,0.0,0.01694023995809566
Kepler-303 c,1.14,,1.043557168784029,25.851,3944.0,0.0,521.0,0.0,0.0,0.0,6.476187426891155,0.0,0.01694007396706702
Kepler-1449 b,1.68,,0.7277676950998185,271.885,5979.0,0.0,867.0,0.0,0.0,0.0,14.45470484972229,0.0,0.016937827314768346
Kepler-270 b,2.01,,0.5771324863883848,178.362,6067.0,0.0,984.0,0.0,0.0,0.0,19.63144658511358,0.0,0.01693454469441716
Kepler-1251 b,1.84,,0.6460980036297641,13.78,5545.0,0.0,487.0,0.0,0.0,0.0,16.859336442055245,8.345099026140076e-242,0.016932581954514303
Kepler-450 c,2.62,12.5,1.5970961887477315,213.731,6197.21,0.02,944.0,0.322344813264882,0.0046724972649830705,0.09700299193246,120.31604752139715,0.0,0.01693200863600647
Kepler-830 b,1.7,,0.7168784029038113,160.18,6037.0,0.0,907.0,0.0,0.0,0.0,14.753017929338723,0.0,0.01693162255882643
Kepler-1903 b,2.28642395,,0.4882032667876588,82.56,6347.0,0.0,769.0,0.0,0.0,0.0,24.443285049873992,0.0,0.016931196999663653
Kepler-848 b,1.7,,0.7168784029038113,794.778,5695.0,0.0,1086.0,0.0,0.0,0.0,14.753017929338723,0.0,0.01692912592689992
Kepler-102 c,0.567,1.7,9.437386569872958,61.0,4909.0,0.094,777.0,0.26222695450022776,0.011398122826222976,0.06259015867926597,7.2059215676474615,0.0,0.016925342546189433
Kepler-122 b,2.34,,0.47368421052631576,448.102,6050.0,0.0,1159.0,0.0,0.0,0.0,25.422900048979745,0.0,0.016924239731490525
Kepler-825 c,1.84,,0.6460980036297641,261.628,5976.0,0.0,981.0,0.0,0.0,0.0,16.859336442055245,0.0,0.01692409154221997
Kepler-1561 b,1.09,,1.0163339382940109,2364.807,5957.0,0.0,1682.0,0.0,0.0,0.0,5.513209950025439,0.0,0.01692222714037133
Kepler-25 b,2.748,8.7,0.42105263157894735,542.96,6354.0,0.0029,1185.0,0.20095524376890597,0.0012433910668429816,0.10119143025056575,36.59950237102789,0.0,0.016911285846167013
Kepler-59 b,1.1,4.1,1.5789473684210527,187.51,6074.0,0.0,864.0,0.0,0.0,0.0,8.803073309322139,0.0,0.01691047417768923
Kepler-399 d,1.89,,0.6243194192377496,5.57,5502.0,0.0,486.0,0.0,0.0,0.0,17.65553432529008,7.034004013115564e-23,0.01690861062166394
Kepler-1555 b,1.61,,0.7695099818511797,483.262,5866.0,0.0,959.0,0.0,0.0,0.0,13.451802895897226,0.0,0.016908193005260995
Kepler-1396 b,2.07,,0.5553539019963702,71.816,6195.0,0.0,786.0,0.0,0.0,0.0,20.633337086744156,0.0,0.016906619661132275
HD 180617 b,3.53,,0.2776769509981851,0.2751,3534.0,0.101,201.8,0.44694707122548905,0.22312547477060587,0.025858844900356576,51.162594218787525,0.9679233971959152,0.016906127057340483
Kepler-304 e,1.2,,1.0798548094373865,397.254,4817.0,0.0,1137.0,0.0,0.0,0.0,7.816236909170915,0.0,0.016897942525649187
Kepler-973 b,1.96,,0.5952813067150635,7.892,5213.0,0.0,402.0,0.0,0.0,0.0,18.77496206720648,4.794449704059832e-61,0.016896829682650768
TOI-2196 b,3.51,26.0,0.6007259528130672,2000.0,5634.0,0.0,1860.0,0.0,0.0,0.0,108.81439546826245,0.0,0.016895706257705787
Kepler-1093 c,1.96,,0.5952813067150635,18.1,6166.0,0.0,508.0,0.0,0.0,0.0,18.77496206720648,0.0,0.01689299641658454
Kepler-1485 b,1.47,,0.8656987295825771,85.176,6087.0,0.0,728.0,0.0,0.0,0.0,11.51880413793599,0.0,0.016891755415403286
Kepler-105 b,2.53,10.8,0.6678765880217786,341.809,5933.0,0.02,1418.0,0.29868806245765134,0.0028123580853782965,0.08994496981353117,45.30502690490143,0.0,0.016891186233534392
Kepler-466 c,1.25,,1.0725952813067152,410.4,5927.0,0.0,1206.0,0.0,0.0,0.0,8.775149625073578,0.0,0.016890131995927767
Kepler-1488 c,1.65156749,,0.7459165154264974,760.6,5710.0,0.0,1212.0,0.0,0.0,0.0,14.07562891740086,0.0,0.016887543516585092
Kepler-1592 b,1.54,,0.8166969147005445,1918.34,6213.0,0.0,1202.0,0.0,0.0,0.0,12.494293014196522,0.0,0.016883716095988478
Kepler-1143 b,1.67,,0.73502722323049,173.056,5053.0,0.0,976.0,0.0,0.0,0.0,14.339745615952426,0.0,0.01688353524818199
Kepler-998 b,2.32,,0.4791288566243195,409.917,6058.0,0.0,1020.0,0.0,0.0,0.0,25.061374825835614,0.0,0.016882885119669046
Kepler-404 c,1.72,,0.7078039927404719,33.153,5654.0,0.0,678.0,0.0,0.0,0.0,15.086446541898932,0.0,0.016877229968828067
Kepler-354 b,1.84,,0.6460980036297641,64.845,4648.0,0.0,741.0,0.0,0.0,0.0,16.859336442055245,0.0,0.016876467175843686
Kepler-330 c,1.95,,0.6007259528130672,27.676,5117.0,0.0,573.0,0.0,0.0,0.0,18.65816108852237,0.0,0.016875041881935993
Kepler-123 c,1.48,,0.8584392014519058,77.399,6089.0,0.0,706.0,0.0,0.0,0.0,11.656906080285772,0.0,0.016871082334987096
HD 222076 b,13.5,,0.20145190562613433,2.5381,4806.0,0.08,346.88,0.3826310053390027,0.2665056266183684,0.05983864935619969,2076.1622717082505,0.3140489247823624,0.016869768448875524
Kepler-1287 b,1.54,,0.8166969147005445,78.156,5715.0,0.0,796.0,0.0,0.0,0.0,12.494293014196522,0.0,0.016865784404881616
HD 5891 b,12.6,,1.208711433756806,96.1914,4673.0,0.07,918.78,0.24831097312199688,0.008394144737069469,0.05628572955067519,10127.98093078656,0.0,0.01686465467412627
Kepler-389 b,1.51,,0.8366606170598911,167.058,5376.0,0.0,1047.0,0.0,0.0,0.0,12.066151605498609,0.0,0.016859684727004037
Kepler-158 c,1.9,,0.6206896551724138,6.677,4623.0,0.0,418.0,0.0,0.0,0.0,17.83297987114956,9.724935565657311e-39,0.016857271674861844
Kepler-296 b,1.61,,0.544464609800363,6.5,3740.0,0.33,495.0,0.4050845567750219,0.12468933228249823,0.03136186354650586,9.517785067851811,6.19680494449587e-36,0.016851726639018356
Kepler-1578 b,1.04,,0.9927404718693285,1486.438,5545.0,0.0,1700.0,0.0,0.0,0.0,4.677613720126153,0.0,0.016851336537229394
Kepler-1473 b,1.19,,1.0707803992740472,111.011,6046.0,0.0,783.0,0.0,0.0,0.0,7.55840060344374,0.0,0.016847976709767582
Kepler-758 b,2.48,,0.43920145190562615,349.193,6228.0,0.0,1005.0,0.0,0.0,0.0,28.06127623040837,0.0,0.016846955747677805
Kepler-1590 b,1.14,,1.043557168784029,171.478,6053.0,0.0,1020.0,0.0,0.0,0.0,6.476187426891155,0.0,0.01684496678275214
Kepler-242 c,2.0,,0.5807622504537205,20.498,5020.0,0.0,613.0,0.0,0.0,0.0,19.46152980808196,0.0,0.016832973021329255
Kepler-215 e,1.75,,0.6896551724137931,7.444,5739.0,0.0,405.0,0.0,0.0,0.0,15.482274140535905,3.1685031440790827e-52,0.01683069934441098
Kepler-403 c,1.75,,0.6896551724137931,45.154,6090.0,0.0,604.0,0.0,0.0,0.0,15.482274140535905,0.0,0.016830558221505143
Kepler-1637 b,0.89,,0.9056261343012705,337.78,5789.0,0.0,1093.0,0.0,0.0,0.0,2.67428430798031,0.0,0.016829591846902973
HD 30856 b,13.5,,0.19963702359346644,2.8926,4895.0,0.061,364.02,0.3923729073667023,0.2502264683004382,0.06221616712079862,2057.4581070982663,0.04129808706049838,0.01682828636288138
Kepler-1940 b,1.54732469,,0.809437386569873,145.23,5431.0,0.0,885.0,0.0,0.0,0.0,12.560769195074805,0.0,0.016823028363998033
Kepler-392 c,1.1,,1.0272232304900182,185.098,5938.0,0.0,901.0,0.0,0.0,0.0,5.727056888593483,0.0,0.016818366658771625
Kepler-1812 b,2.3249424,,0.47731397459165154,270.34,6174.0,0.0,1034.0,0.0,0.0,0.0,25.126346951260384,0.0,0.01681365577333574
Kepler-24 c,2.514,9.99,0.6204068965517242,144.827,6028.0,0.014,915.0,0.3511118171607619,0.007229339325348193,0.09248276967461966,41.29153673770689,0.0,0.016811851449734468
Kepler-311 c,1.43,,0.8965517241379312,72.456,5905.0,0.0,744.0,0.0,0.0,0.0,10.981763124053886,0.0,0.016809043224694203
Kepler-1111 b,2.0,,0.5807622504537205,118.52,6077.0,0.0,938.0,0.0,0.0,0.0,19.46152980808196,0.0,0.016808437913427836
Kepler-119 c,0.92,,0.9237749546279492,367.322,5595.0,0.0,1016.0,0.0,0.0,0.0,3.0131328121510252,0.0,0.016803438425088937
TOI-4602.01,2.45,5.53,0.39564428312159716,664.0,5966.0,0.0,1344.0,0.0,0.0,0.0,24.37203298072489,0.0,0.016798477719873382
Kepler-161 c,2.05,3.61,0.23774954627949185,76.201,5078.0,0.0,769.0,0.0,0.0,0.0,8.579656277503368,0.0,0.01679786751998249
Kepler-1239 b,2.9,,0.3575317604355717,462.91,6564.0,0.0,1183.0,0.0,0.0,0.0,36.525589197810255,0.0,0.01678645482515865
HD 185283 b,13.6,413.1769291,0.16388384754990926,0.013,4848.0,0.07,93.97,0.20338997485548763,0.008322129446857465,0.06096062403162842,1726.7977968047462,0.6349073049940968,0.01678494226059349
Kepler-1059 b,1.73,,0.7005444646098004,174.074,4906.0,0.0,908.0,0.0,0.0,0.0,15.193667726976054,0.0,0.01678402572312518
GJ 3323 b,1.23,,1.0816696914700545,2.58,3159.0,0.23,290.06,0.5403698280111578,0.32654026188132956,0.015841213869742604,8.431378859089113,0.24683747633298436,0.016783796004320187
Gliese 12 b,0.93,0.95,1.161524500907441,1.62,3328.0,0.24,314.6,0.5784050653431287,0.46119653290888085,0.020355826254205178,3.9135044329598463,0.8910059857913014,0.01678045210912238
Kepler-1200 b,1.06,,1.0054446460980038,544.534,4612.0,0.0,1174.0,0.0,0.0,0.0,5.016079037417973,0.0,0.016778723662704362
Kepler-1560 b,0.89,,0.9056261343012705,593.919,5815.0,0.0,1269.0,0.0,0.0,0.0,2.67428430798031,0.0,0.016778448057626842
Kepler-371 c,1.78,,0.6751361161524502,17.063,5666.0,0.0,443.0,0.0,0.0,0.0,15.949238678455716,0.0,0.016777707567744587
Kepler-440 b,1.86,,0.6388384754990926,1.2,4134.0,0.34,229.0,0.5218765030711032,0.4968473542585724,0.0418870545493368,17.21941950502332,0.970772005113879,0.016777530298061172
Kepler-286 d,1.33,,0.987295825771325,173.9,5580.0,0.0,919.0,0.0,0.0,0.0,9.729506959408015,0.0,0.01677724591360429
HD 100655 b,13.5,,0.20689655172413793,92.9931,4891.0,0.09,907.14,0.1959381673262009,0.006764707500264859,0.06210931238980547,2132.274765538203,0.0,0.016775115723830353
Kepler-1961 b,1.6187808,,0.764065335753176,132.98,5401.0,0.0,866.0,0.0,0.0,0.0,13.576356711831297,0.0,0.016773235911788243
Kepler-1376 b,1.05,,1.0,278.902,5659.0,0.0,1042.0,0.0,0.0,0.0,4.849048260815846,0.0,0.016772931665594785
K2-266 c,0.705,,0.8257713248638838,32.4,4285.0,0.042,664.5,0.4648541119224514,0.03613922620516704,0.04592082064432773,1.2120366659089012,0.0,0.016772675385130945
Kepler-1126 b,1.73,,0.7005444646098004,4.55,5798.0,0.0,374.0,0.0,0.0,0.0,15.193667726976054,4.893473980976821e-12,0.01676906434640812
Kepler-261 c,2.0,,0.5807622504537205,14.512,5098.0,0.0,505.0,0.0,0.0,0.0,19.46152980808196,1.0788729699805573e-272,0.016768750551999223
HD 5583 b,12.8,,0.8729582577132486,145.0268,4830.0,0.076,964.55,0.2273268907206586,0.005295749031944043,0.060479777742158826,7668.527790233538,0.0,0.016763899677968284
Kepler-262 c,1.64,,0.7531760435571688,25.26,5841.0,0.0,618.0,0.0,0.0,0.0,13.916071494991721,0.0,0.01676239887543801
Kepler-1525 b,0.91,,0.9165154264972777,715.106,5748.0,0.0,1343.0,0.0,0.0,0.0,2.8930275241789443,0.0,0.0167578916906576
Kepler-850 b,1.78,,0.6751361161524502,329.283,5932.0,0.0,995.0,0.0,0.0,0.0,15.949238678455716,0.0,0.016745739045347725
Kepler-1012 b,1.29,,1.0272232304900182,191.811,5556.0,0.0,934.0,0.0,0.0,0.0,9.2368219572636,0.0,0.01673954642927369
HD 63433 b,2.14,21.755,2.358983666061706,145.5707,5553.0,0.24,967.11,0.2311548779286916,0.004674819554211028,0.0797937703691767,96.84001836473333,0.0,0.01672945692993817
Kepler-1050 c,1.48,,0.8584392014519058,40.644,6010.0,0.0,935.0,0.0,0.0,0.0,11.656906080285772,0.0,0.016726359594899393
Kepler-275 b,2.34,,0.47368421052631576,266.3,6165.0,0.0,1015.0,0.0,0.0,0.0,25.422900048979745,0.0,0.016725368256904093
Kepler-1735 b,1.19429134,,1.0780399274047188,15.01,3975.0,0.0,502.0,0.0,0.0,0.0,7.692266197449698,8.693209875876423e-295,0.016721530690532227
Kepler-851 b,1.68,,0.7277676950998185,103.828,5455.0,0.0,900.0,0.0,0.0,0.0,14.45470484972229,0.0,0.016716387916659886
HD 106315 b,2.44,12.6,0.852994555353902,277.0,6327.0,0.093,1153.0,0.25691430625454015,0.002935952623240784,0.10047016081636219,51.90442059407695,0.0,0.016714918362095293
Kepler-214 c,2.13,,0.5353901996370236,87.244,6169.0,0.0,619.0,0.0,0.0,0.0,21.67194234972401,0.0,0.016711942922795455
Kepler-193 b,2.39,,0.46098003629764067,117.303,6335.0,0.0,979.0,0.0,0.0,0.0,26.36115470829266,0.0,0.016709911136592995
Kepler-905 b,1.41,,0.9147005444646098,185.771,5461.0,0.0,928.0,0.0,0.0,0.0,10.74050953174657,0.0,0.016708666467615454
Kepler-331 d,1.64,,0.7531760435571688,6.065,4347.0,0.0,346.0,0.0,0.0,0.0,13.916071494991721,1.901300023487047e-29,0.016696842578631275
Kepler-317 c,1.72,,0.7078039927404719,81.761,5497.0,0.0,837.0,0.0,0.0,0.0,15.086446541898932,0.0,0.016692510111459596
Kepler-334 c,1.43,,0.8965517241379312,97.21,5828.0,0.0,822.0,0.0,0.0,0.0,10.981763124053886,0.0,0.016690199557567398
HIP 107773 b,13.4,,0.2613430127041742,142.9997,4945.0,0.09,957.11,0.1873445767326096,0.004383357482713899,0.06355185125821383,2633.9886403506694,0.0,0.016683751171284122
Kepler-1837 b,2.06673842,,0.5553539019963702,247.83,5966.0,0.0,1012.0,0.0,0.0,0.0,20.535958392812876,0.0,0.01667879693748455
Kepler-198 d,1.53,,0.823956442831216,1444.516,5636.0,0.0,1562.0,0.0,0.0,0.0,12.36138565063676,0.0,0.016678091382256555
Kepler-1063 b,1.49,,0.852994555353902,54.93,5945.0,0.0,931.0,0.0,0.0,0.0,11.819352184196878,0.0,0.016671910005756303
Kepler-1399 b,1.25,,1.0725952813067152,1707.252,5735.0,0.0,1610.0,0.0,0.0,0.0,8.775149625073578,0.0,0.01666974042492923
Kepler-181 b,1.27,,1.0471869328493648,255.584,5333.0,0.0,1041.0,0.0,0.0,0.0,8.985122168369157,0.0,0.016660530343915236
Kepler-342 b,2.25,,0.4972776769509982,160.261,6175.0,0.0,905.0,0.0,0.0,0.0,23.726579181183713,0.0,0.016658556809875102
GJ 3138 d,3.23,,0.3103448275862069,0.1,3717.0,0.32,151.7,0.3162345793657445,0.07106356896892757,0.03074744884329584,43.80671505347891,0.7694309613051753,0.0166474393922812
Kepler-1243 b,1.75,,0.6896551724137931,36.162,5667.0,0.0,690.0,0.0,0.0,0.0,15.482274140535905,0.0,0.016638737227531553
Kepler-666 b,2.4,,0.4573502722323049,575.644,5887.0,0.0,1133.0,0.0,0.0,0.0,26.483249762837925,0.0,0.016636134539088115
Kepler-207 c,1.5,,0.8457350272232306,1742.715,5920.0,0.0,1556.0,0.0,0.0,0.0,11.956297267836291,0.0,0.016632504589588294
HAT-P-23 b,15.334,664.237,0.18330308529945555,2796.2342,5905.0,0.106,2056.0,0.09390732918788292,0.0001454912919742766,0.08919698669658539,2768.3739949682836,0.0,0.01663139082442669
Kepler-186 b,1.07,,1.0090744101633393,37.372,3788.0,0.0,571.0,0.0,0.0,0.0,5.178012983804405,0.0,0.01661949026738152
Kepler-1683 b,1.87477762,,0.6315789473684211,47.32,5429.0,0.0,669.0,0.0,0.0,0.0,17.432735305042087,0.0,0.01661522348044351
Kepler-1232 b,1.93,,0.6079854809437387,14.6,5471.0,0.0,523.0,0.0,0.0,0.0,18.30854131939945,1.5609990413997524e-276,0.016611889210509743
Kepler-982 b,2.25,,0.4972776769509982,185.203,6139.0,0.0,955.0,0.0,0.0,0.0,23.726579181183713,0.0,0.016611358693405312
Kepler-314 b,0.83,,0.869328493647913,488.674,5378.0,0.0,1195.0,0.0,0.0,0.0,2.0821250107636837,0.0,0.016610589738460056
Kepler-1644 b,1.88,,0.6297640653357532,31.86,5499.0,0.0,606.0,0.0,0.0,0.0,17.528309500369478,0.0,0.0166027108759369
Kepler-270 c,1.77,,0.6805807622504537,62.241,6067.0,0.0,756.0,0.0,0.0,0.0,15.808405857752895,0.0,0.01659795518869442
Kepler-901 b,1.37,,0.9509981851179674,68.723,4184.0,0.0,704.0,0.0,0.0,0.0,10.243066656898016,0.0,0.016594502472018807
Kepler-1025 b,1.98,,0.5880217785843921,17.952,6089.0,0.0,1654.0,0.0,0.0,0.0,19.11954669764277,0.0,0.016583812486249645
Kepler-1231 b,1.42,,0.9056261343012705,117.515,5778.0,0.0,870.0,0.0,0.0,0.0,10.861819693672095,0.0,0.016582900111802752
Kepler-1938 b,1.82828927,,0.6533575317604357,18.25,4522.0,0.0,527.0,0.0,0.0,0.0,16.72531256088653,0.0,0.01658165343313909
Gl 378 b,3.66,,0.26497277676951,38.5823,3879.0,0.109,830.0,0.286766470425509,0.020043297133083615,0.03507506544852083,54.41681542070515,0.0,0.01657143914113469
Kepler-360 c,2.1,,0.544464609800363,146.5,6053.0,0.0,860.0,0.0,0.0,0.0,21.12108135382583,0.0,0.016570651314042024
Kepler-1091 b,1.46,,0.8747731397459166,1740.858,5851.0,0.0,1664.0,0.0,0.0,0.0,11.403616824159371,0.0,0.016567710811338527
Kepler-602 b,2.09,,0.5480943738656987,128.783,6062.0,0.0,852.0,0.0,0.0,0.0,20.959591388792457,0.0,0.016566929956589156
Kepler-116 c,2.3,,0.4827586206896552,208.982,6142.0,0.0,964.0,0.0,0.0,0.0,24.6037981345829,0.0,0.016566111839376778
Kepler-379 b,1.66,,0.7386569872958259,90.346,6054.0,0.0,775.0,0.0,0.0,0.0,14.153233893625375,0.0,0.016563203287058424
Kepler-1069 b,1.6,,0.7767695099818512,78.175,5722.0,0.0,823.0,0.0,0.0,0.0,13.327255612574529,0.0,0.01656063507841601
Kepler-1139 b,1.19,,1.0707803992740472,1717.276,5550.0,0.0,1693.0,0.0,0.0,0.0,7.55840060344374,0.0,0.016556872788817203
Kepler-454 b,2.37,5.4,0.4047186932849365,117.7,5687.0,0.32,916.0,0.22424520066078998,0.005528576596337246,0.0833734038574495,22.567679815381844,0.0,0.01655670553314293
HATS-22 b,10.682177,870.8542,0.705989110707804,111.299,4803.0,0.079,858.0,0.2401997174075623,0.0070058218871654,0.05975850830795425,3604.6733952372597,0.0,0.01655670396088139
XO-1 b,12.77826,263.7989,0.11615245009074411,321.85,5750.0,0.0,1210.0,0.0,0.0,0.0,1015.15450426686,0.0,0.016552233969518187
K2-329 b,8.675766,82.6358,0.12595281306715064,45.7,5282.0,0.0697,650.0,0.2359479911712581,0.014805991993633114,0.07255436234439079,344.52438841335834,0.0,0.01655032964210744
6 Lyn b,13.4,,0.2486388384754991,3.1949,4941.0,0.042,371.86,0.42480282003521436,0.25337823112792546,0.06344499652722048,2505.947525889179,0.0033088848526561785,0.016545758648719672
Kepler-205 c,1.64,,0.7531760435571688,7.14,4321.0,0.0,389.0,0.0,0.0,0.0,13.916071494991721,1.227505984443902e-46,0.016539557311130444
Kepler-773 b,1.43,,0.8965517241379312,490.707,5850.0,0.0,1160.0,0.0,0.0,0.0,10.981763124053886,0.0,0.01653697286501517
GJ 682 c,2.89,,0.35934664246823955,0.0646,3028.0,0.1,190.08,0.3651661579052856,0.056784764329060176,0.012341721429715607,36.332537375176074,0.7114241325993282,0.016536094297215777
HD 219134 b,1.602,4.74,1.1506352087114338,176.2,4699.0,0.0,1015.0,0.0,0.0,0.0,19.81590007484068,0.0,0.016534354121773637
Kepler-251 b,1.33,,0.987295825771325,203.169,5526.0,0.0,990.0,0.0,0.0,0.0,9.729506959408015,0.0,0.01653035174769008
Kepler-1882 b,1.48674404,,0.852994555353902,122.1,5691.0,0.0,894.0,0.0,0.0,0.0,11.742038147098828,0.0,0.016529772607778857
Kepler-942 b,2.13,,0.5353901996370236,4.957,4861.0,0.0,379.0,0.0,0.0,0.0,21.67194234972401,6.307926006195286e-16,0.016529669828253164
WASP-188 b,14.81827249,458.626391301,0.1415607985480944,1278.0,6850.0,0.0,1666.0,0.0,0.0,0.0,1929.409191570786,0.0,0.01652763672744037
Kepler-243 c,1.99,,0.5843920145190563,21.72,5228.0,0.0,559.0,0.0,0.0,0.0,19.290883193273892,0.0,0.01652730605899713
Kepler-400 c,1.49,,0.852994555353902,76.86,5886.0,0.0,755.0,0.0,0.0,0.0,11.819352184196878,0.0,0.01652560022548992
HD 127506 b,5.67,,0.14954627949183302,2.6404,4595.32,0.24,354.8,0.34575029199959584,0.21900191991115112,0.05421061067478555,114.18614176425979,0.19313953511210075,0.016524481794718326
Kepler-253 b,1.63,,0.7568058076225046,194.346,5208.0,0.0,949.0,0.0,0.0,0.0,13.728904329626776,0.0,0.016521799110966864
HD 28109 b,2.69,6.2,0.3266787658802178,33.4501,6189.0,0.0071,867.0,0.3891816708901461,0.0300129796257716,0.09678367259709623,26.635837431168593,0.0,0.01651612062462824
Kepler-1136 b,1.64,,0.7531760435571688,150.055,4512.0,0.0,922.0,0.0,0.0,0.0,13.916071494991721,0.0,0.016511734820168416
Kepler-934 b,2.09,,0.5480943738656987,4.716,5001.0,0.0,384.0,0.0,0.0,0.0,20.959591388792457,1.494864139636898e-13,0.016511342588383028
Kepler-898 b,1.49,,0.852994555353902,37.11,4223.0,0.0,616.0,0.0,0.0,0.0,11.819352184196878,0.0,0.01650707427262728
Kepler-619 c,1.69,,0.7223230490018149,1652.907,5980.0,0.0,1767.0,0.0,0.0,0.0,14.60428153050956,0.0,0.016506217095751004
Kepler-247 b,1.64,,0.7531760435571688,216.111,5100.0,0.0,970.0,0.0,0.0,0.0,13.916071494991721,0.0,0.016500056023451653
Kepler-365 b,2.04,,0.5662431941923776,132.15,6012.0,0.0,865.0,0.0,0.0,0.0,20.13641284646067,0.0,0.016497440927434482
Kepler-1864 b,0.75408365,,0.8203266787658802,427.6,5854.0,0.0,1156.0,0.0,0.0,0.0,1.4734453037157844,0.0,0.016494240838548918
TOI-1742 b,2.36507598,9.7,0.7259528130671506,58.618,5815.0,0.3,694.09,0.2813594180043152,0.013098580770380397,0.08679275524923206,40.22835684434704,0.0,0.016488191201994844
HIP 105854 b,12.6,,1.2994555353901998,71.2902,4780.0,0.02,822.14,0.31114344411027733,0.013775971587229001,0.059144093604743396,10888.339859524289,0.0,0.016481763416407093
TOI-2384 b,11.48920522,624.850648162,0.4101633393829401,104.3,3943.0,0.0,889.7,0.0,0.0,0.0,2605.6459853447914,0.0,0.01647392636989352
TOI-5795 b,5.62,23.66,0.132486388384755,240.6761,5715.0,0.25,1136.78,0.14876287664288015,0.0020008418597167454,0.08412138697440481,98.50739111007645,0.0,0.0164719866976543
Kepler-683 b,1.97,,0.5916515426497277,702.281,5703.0,0.0,1332.0,0.0,0.0,0.0,18.94755991323829,0.0,0.016465566208982464
Kepler-205 b,1.51,,0.8366606170598911,102.562,4321.0,0.0,757.0,0.0,0.0,0.0,12.066151605498609,0.0,0.01646453844048268
Kepler-206 b,1.2,,1.0798548094373865,192.273,5764.0,0.0,983.0,0.0,0.0,0.0,7.816236909170915,0.0,0.016463848221448227
Kepler-28 b,1.959,1.63,0.2151410163339383,62.577,4499.3,0.0,585.0,0.0,0.0,0.0,6.775091005742194,0.0,0.016462006851393006
Kepler-1476 b,1.67,,0.73502722323049,75.641,5663.0,0.0,860.0,0.0,0.0,0.0,14.339745615952426,0.0,0.016461015863374135
Kepler-1986 b,1.89,,0.6243194192377496,26.62,5549.0,0.0,579.0,0.0,0.0,0.0,17.65553432529008,0.0,0.016459409652112646
Kepler-339 b,1.42,,0.9056261343012705,159.945,5631.0,0.0,1023.0,0.0,0.0,0.0,10.861819693672095,0.0,0.01645681940475561
Kepler-1852 b,1.88610592,,0.6279491833030854,79.1,5237.0,0.0,760.0,0.0,0.0,0.0,17.648644043053256,0.0,0.016456812407909444
Kepler-1391 b,1.68,,0.7277676950998185,33.335,5840.0,0.0,513.0,0.0,0.0,0.0,14.45470484972229,0.0,0.016455084453371075
Kepler-274 b,1.54,,0.8166969147005445,147.812,6023.0,0.0,961.0,0.0,0.0,0.0,12.494293014196522,0.0,0.016447112369379922
Kepler-185 c,2.02,,0.573502722323049,16.029,5208.0,0.0,530.0,0.0,0.0,0.0,19.800593202511692,0.0,0.016447039068351845
Kepler-1212 b,2.14,,0.5317604355716878,142.096,6051.0,0.0,795.0,0.0,0.0,0.0,21.829608694312096,0.0,0.016444646393664317
Kepler-1207 b,1.62,,0.764065335753176,352.508,5909.0,0.0,802.0,0.0,0.0,0.0,13.607055303788215,0.0,0.016444169768384947
Kepler-1179 b,1.32,,0.9981851179673321,288.57,5212.0,0.0,1137.0,0.0,0.0,0.0,9.61659870480432,0.0,0.016438295361177725
HD 235088 b,1.982,4.15,0.5303477313974592,70.0,5075.0,0.0,805.0,0.0,0.0,0.0,17.29658140669237,0.0,0.016433797857724097
Kepler-771 b,1.82,,0.6569872958257714,339.296,5906.0,0.0,890.0,0.0,0.0,0.0,16.59051031687569,0.0,0.016432938951161415
Kepler-294 b,1.77,,0.6805807622504537,329.801,5913.0,0.0,1087.0,0.0,0.0,0.0,15.808405857752895,0.0,0.016427721962995457
Kepler-788 b,2.55,,0.4228675136116153,357.191,6159.0,0.0,984.0,0.0,0.0,0.0,29.370644238439844,0.0,0.01642721840354939
Kepler-680 b,2.42,,0.4537205081669692,706.62,5890.0,0.0,1147.0,0.0,0.0,0.0,26.935380631512096,0.0,0.01642367479412669
Kepler-919 b,2.25,,0.4972776769509982,153.915,6113.0,0.0,869.0,0.0,0.0,0.0,23.726579181183713,0.0,0.016419444337444942
Kepler-1653 b,2.17,,0.5226860254083484,0.98,4807.0,0.0,284.0,0.0,0.0,0.0,22.37220034175378,0.9768168694147288,0.016419107474380513
HD 1502 b,13.2,,0.3793103448275862,7.2835,4947.0,0.031,458.89,0.41345155585746596,0.13266581060826285,0.06360527862371022,3654.3075078256406,3.206501785915474e-49,0.01641609412306284
KELT-2 A b,15.13215,540.311,0.16515426497277677,3108.45,6327.0,0.0,2080.0,0.0,0.0,0.0,2397.0677873960944,0.0,0.016412441864958393
Kepler-269 b,2.47,,0.44101633393829404,604.9,5847.0,0.0,1007.0,0.0,0.0,0.0,27.837750867808452,0.0,0.01641078612608515
Kepler-299 e,1.87,,0.6352087114337568,20.174,5617.0,0.0,534.0,0.0,0.0,0.0,17.39922380349986,0.0,0.01640727558140038
Kepler-1074 b,1.25,,1.0725952813067152,27.569,4002.0,0.0,568.0,0.0,0.0,0.0,8.775149625073578,0.0,0.016404253363613727
K2-136 b,1.014,4.3,4.355716878402904,33.5,4500.0,0.14,610.0,0.33165079012362575,0.024294820537135747,0.051664262435213465,19.0222601643622,0.0,0.01640260074506588
Kepler-975 b,1.48,,0.8584392014519058,328.698,4897.0,0.0,1599.0,0.0,0.0,0.0,11.656906080285772,0.0,0.0164023546866935
Kepler-1066 b,2.36,,0.4682395644283122,710.019,5762.0,0.0,1290.0,0.0,0.0,0.0,25.78058247142872,0.0,0.016395227898372368
Kepler-1762 b,2.76022913,,0.38112522686025413,61.49,6572.0,0.0,714.0,0.0,0.0,0.0,33.573120546063734,0.0,0.016393239633793744
Kepler-798 b,2.39,,0.46098003629764067,141.888,6224.0,0.0,864.0,0.0,0.0,0.0,26.36115470829266,0.0,0.016392179547120595
Kepler-55 d,1.59,,0.7822141560798548,195.005,4503.0,0.0,931.0,0.0,0.0,0.0,13.170602833581443,0.0,0.016390445035231068
Kepler-1108 b,1.46,,0.8747731397459166,206.414,5406.0,0.0,1063.0,0.0,0.0,0.0,11.403616824159371,0.0,0.01639041436444599
Kepler-337 b,1.54,,0.8166969147005445,1589.012,5684.0,0.0,1458.0,0.0,0.0,0.0,12.494293014196522,0.0,0.016386489889788688
Kepler-1839 b,1.9493759,,0.6007259528130672,286.32,5926.0,0.0,1049.0,0.0,0.0,0.0,18.64025211640373,0.0,0.016375493903062973
TOI-2184 b,11.39953337,206.58846455,0.13793103448275862,1429.0,5966.0,0.08,1676.05,0.11319864504822287,0.0003156790414671099,0.0908265213442308,855.8779256536662,0.0,0.0163707096800444
Kepler-401 c,2.15,,0.5281306715063522,51.996,6117.0,0.0,598.0,0.0,0.0,0.0,21.985957250063045,0.0,0.01636430527081468
Kepler-1621 b,2.16,,0.5263157894736842,14.055,6158.0,0.0,469.0,0.0,0.0,0.0,22.21755489032368,3.449917153866822e-253,0.016363885564969163
Kepler-1638 b,1.87,,0.6352087114337568,2.76,5710.0,0.0,304.0,0.0,0.0,0.0,17.39922380349986,0.0963518331582309,0.016361542724362337
Kepler-1518 c,2.9,,0.3575317604355717,338.33,6432.0,0.0,1094.0,0.0,0.0,0.0,36.525589197810255,0.0,0.016360308696605236
Kepler-1131 b,1.59,,0.7822141560798548,453.142,5851.0,0.0,1159.0,0.0,0.0,0.0,13.170602833581443,0.0,0.016358502946270937
Kepler-1997 b,2.28,,0.49001814882032674,44.86,6215.0,0.0,660.0,0.0,0.0,0.0,24.327938855799818,0.0,0.016356372744697055
Kepler-134 c,1.26,,1.0617059891107077,128.086,5983.0,0.0,892.0,0.0,0.0,0.0,8.896199466231437,0.0,0.016352947471346926
K2-43 b,4.51,,0.20145190562613433,49.0,3840.6,0.07,939.3,0.2723300653323448,0.015547153893297182,0.03404926003098625,77.40867163936643,0.0,0.016352489781681138
WASP-132 b,10.09929161,136.030558196,0.132486388384755,58.5,4686.0,0.0163,682.0,0.26281542309339045,0.013427151184029715,0.056633007426402406,571.6531587178288,0.0,0.01634487452314137
Kepler-140 c,1.8,,0.6660617059891107,9.957,6077.0,0.0,428.0,0.0,0.0,0.0,16.271237717011477,9.977747592038105e-111,0.016339795777588546
Kepler-382 c,1.59,,0.7822141560798548,124.743,5600.0,0.0,882.0,0.0,0.0,0.0,13.170602833581443,0.0,0.016335184414888224
Kepler-1201 b,2.29,,0.48638838475499097,89.431,6177.0,0.0,789.0,0.0,0.0,0.0,24.466860820351094,0.0,0.01632956175978471
Kepler-645 b,2.1,,0.544464609800363,1364.762,6170.0,0.0,1730.0,0.0,0.0,0.0,21.12108135382583,0.0,0.016328404379413113
Kepler-1530 c,1.65,,0.7459165154264974,135.179,5477.0,0.0,1167.0,0.0,0.0,0.0,14.03558972895801,0.0,0.016321521625935923
Kepler-784 c,1.55,,0.809437386569873,119.87,5676.0,0.0,844.0,0.0,0.0,0.0,12.626034267217095,0.0,0.01632117468611446
Kepler-880 c,2.87,,0.3629764065335753,926.72,6900.0,0.0,1407.0,0.0,0.0,0.0,35.9428653823958,0.0,0.016318289151957203
Kepler-128 c,1.521,3.38,0.9506234119782215,130.979,6072.0,0.037,843.0,0.3718277075692283,0.008181788387632349,0.09365817171554316,14.011504072596354,0.0,0.016317847598085574
Kepler-1768 b,2.23346338,,0.5027223230490019,179.16,6050.0,0.0,933.0,0.0,0.0,0.0,23.461365640788067,0.0,0.01631532303242102
Kepler-888 b,1.76,,0.6860254083484574,7.854,5875.0,0.0,417.0,0.0,0.0,0.0,15.666313526372127,2.8451936690550766e-60,0.016313555355842304
Kepler-1103 b,2.27,,0.49183303085299457,160.282,6092.0,0.0,736.0,0.0,0.0,0.0,24.098159408961518,0.0,0.01631305897795024
Kepler-171 d,1.89,,0.6243194192377496,15.103,5642.0,0.0,497.0,0.0,0.0,0.0,17.65553432529008,5.416261248844686e-299,0.016311151324741806
Kepler-1135 b,1.85,,0.6424682395644283,25.76,5656.0,0.0,451.0,0.0,0.0,0.0,17.039445495925126,0.0,0.01630929493345429
Kepler-430 c,1.75,,0.6896551724137931,9.096,5884.0,0.0,458.0,0.0,0.0,0.0,15.482274140535905,3.2608980400764955e-88,0.016307889346219896
Kepler-36 b,1.498,3.83,1.1361161524500907,247.0,5979.0,0.0,978.0,0.0,0.0,0.0,15.997303479949842,0.0,0.016306972713729082
Kepler-1496 b,2.22,,0.5063520871143375,18.383,6182.0,0.0,535.0,0.0,0.0,0.0,23.205991940484335,0.0,0.01630523493869168
Kepler-1218 b,1.44,,0.8911070780399275,84.83,5986.0,0.0,684.0,0.0,0.0,0.0,11.145664828760077,0.0,0.016297281016474804
Kepler-647 b,1.17,,1.0653357531760437,162.794,6020.0,0.0,788.0,0.0,0.0,0.0,7.147146709171989,0.0,0.016295693072522755
HD 27442 b,13.5,,0.20145190562613433,4.3915,4846.0,0.06,369.62,0.3687319432530743,0.17456079598684765,0.060907196666131765,2076.1622717082505,1.1603966381786149e-10,0.01629508213049615
Kepler-778 b,1.68,,0.7277676950998185,216.568,5102.0,0.0,977.0,0.0,0.0,0.0,14.45470484972229,0.0,0.016288411252867292
EPIC 201170410.02,1.047,,1.0,10.3359,3648.0,0.0,500.03,0.0,0.0,0.0,4.807603629113822,1.7538143226835386e-121,0.016283926670787673
Kepler-900 b,2.08,,0.5517241379310345,54.109,4836.0,0.0,716.0,0.0,0.0,0.0,20.79699555273639,0.0,0.016282688903414996
Kepler-182 b,2.58,,0.4174228675136116,239.787,6250.0,0.0,935.0,0.0,0.0,0.0,30.027831097818066,0.0,0.01628217170377863
HD 233604 b,12.7,,1.0181488203266789,100.7764,4791.0,0.05,882.5,0.2643397102209729,0.008575713903564243,0.05943794411497492,8735.968000788727,0.0,0.016279353655068614
Kepler-1614 b,1.49,,0.852994555353902,276.373,5121.0,0.0,981.0,0.0,0.0,0.0,11.819352184196878,0.0,0.016278258733263547
Kepler-589 c,1.11727238,,1.0362976406533575,344.61,5372.0,0.0,1098.0,0.0,0.0,0.0,6.054109990542789,0.0,0.01626953642609935
Kepler-1217 b,1.99,,0.5843920145190563,1302.948,5905.0,0.0,1542.0,0.0,0.0,0.0,19.290883193273892,0.0,0.016268936979246085
Kepler-296 f,1.8,,0.5807622504537205,0.62,3740.0,0.33,274.0,0.49729923974216794,0.4048071999104156,0.03136186354650602,14.187455230091752,0.9597039016541411,0.016267700215443295
TYC 0434-04538-1 b,12.7,,0.9437386569872959,107.3772,4679.0,0.08,877.8,0.24074000118915317,0.007376882075271611,0.05644601164716505,8097.510446363883,0.0,0.01626287553024748
Kepler-1600 c,1.94206512,,0.6025408348457351,84.7,5119.0,0.0,786.0,0.0,0.0,0.0,18.487000756813337,0.0,0.016257348414179616
Kepler-1598 b,0.95,,0.9401088929219601,308.46,5940.0,0.0,1236.0,0.0,0.0,0.0,3.3762732358389886,0.0,0.0162552794584224
TOI-3261 b,3.82,30.3,0.544464609800363,1466.0,5068.0,0.0,1722.0,0.0,0.0,0.0,127.13008984253422,0.0,0.016253937246547244
Kepler-895 b,1.54,,0.8166969147005445,106.585,4315.0,0.0,771.0,0.0,0.0,0.0,12.494293014196522,0.0,0.016251325512124742
Kepler-1756 b,1.47199944,,0.8656987295825771,338.4,4915.0,0.0,1093.0,0.0,0.0,0.0,11.56587046055469,0.0,0.01624345918972909
Kepler-1142 b,1.47,,0.8656987295825771,147.817,5685.0,0.0,902.0,0.0,0.0,0.0,11.51880413793599,0.0,0.016242372597483838
Kepler-364 c,2.15,,0.5281306715063522,22.234,6108.0,0.0,568.0,0.0,0.0,0.0,21.985957250063045,0.0,0.016241795216020313
Kepler-1159 b,2.37,,0.46460980036297644,80.984,6217.0,0.0,677.0,0.0,0.0,0.0,25.907291626626694,0.0,0.016238195985190464
Kepler-1836 b,2.55303229,,0.4228675136116153,338.15,6123.0,0.0,1093.0,0.0,0.0,0.0,29.475545717710762,0.0,0.01623552685121685
Kepler-1575 b,1.31,,1.0072595281306715,803.679,5667.0,0.0,1312.0,0.0,0.0,0.0,9.4851429509056,0.0,0.016232549575875225
Kepler-882 b,1.23,,1.0925589836660616,259.029,5476.0,0.0,903.0,0.0,0.0,0.0,8.51625851203296,0.0,0.016228849095430476
Kepler-560 b,1.72,,0.7078039927404719,2.46,3556.0,0.17,298.0,0.5448653791265311,0.34329459196017703,0.02644654592081846,15.086446541898932,0.41494618754352613,0.01622822383412124
Kepler-1386 b,1.24,,1.0834845735027223,196.533,5733.0,0.0,1011.0,0.0,0.0,0.0,8.653193135100102,0.0,0.01622676204735127
GJ 317 c,13.6,,0.18021778584392015,0.0008,3496.0,0.217,47.67,0.09365856074964174,0.0003052088223763454,0.024843724955922436,1898.9038895095382,0.6139985680305018,0.016224689933844058
Kepler-969 b,2.07,,0.5553539019963702,10.166,5214.0,0.0,465.0,0.0,0.0,0.0,20.633337086744156,1.4054578780572315e-116,0.016207697048491523
Kepler-1921 c,1.41,,0.9147005444646098,2436.47,6120.0,0.0,1791.0,0.0,0.0,0.0,10.74050953174657,0.0,0.01620667541760279
Kepler-1249 b,2.38,,0.4627949183303085,98.336,6202.0,0.0,647.0,0.0,0.0,0.0,26.13413090004276,0.0,0.016205262016406614
Kepler-292 c,1.47,,0.8656987295825771,242.416,5299.0,0.0,1001.0,0.0,0.0,0.0,11.51880413793599,0.0,0.016204530791283783
Kepler-1448 b,1.61,,0.7695099818511797,86.645,5774.0,0.0,811.0,0.0,0.0,0.0,13.451802895897226,0.0,0.016202097806909815
TOI-1776 b,1.21612741,1.4,0.7495462794918331,560.3349,5785.0,0.0,1269.21,0.0,0.0,0.0,5.6470845896759245,0.0,0.01620209686649496
TOI-3693 b,12.59889431,324.18497514,0.16152450090744103,68.6,5321.0,0.0,801.0,0.0,0.0,0.0,1353.082618740682,0.0,0.01620089595034553
Kepler-1532 b,1.35,,0.9691470054446462,1705.762,5559.0,0.0,1681.0,0.0,0.0,0.0,9.988023901731585,0.0,0.016198338077802375
Kepler-387 b,1.03,,0.985480943738657,304.081,5774.0,0.0,994.0,0.0,0.0,0.0,4.510747469472506,0.0,0.016197017351603563
7 CMa b,13.4,,0.24319419237749548,3.7372,4826.0,0.06,387.33,0.39061034373778425,0.20853803536969037,0.06037292301116569,2451.07276254854,5.720494124021783e-06,0.01619508802336731
Kepler-1917 b,1.88971288,,0.6243194192377496,48.99,5530.0,0.0,675.0,0.0,0.0,0.0,17.647489107898732,0.0,0.016194823278634217
Kepler-624 b,2.31,,0.4809437386569873,130.757,6117.0,0.0,852.0,0.0,0.0,0.0,24.83240736571559,0.0,0.01619343722636083
Kepler-174 d,2.19,,0.515426497277677,0.53,4880.0,0.0,212.0,0.0,0.0,0.0,22.677109389951777,0.9770403567577406,0.01618200161508429
HAT-P-59 b,12.58768533,489.45574678,0.24446460980036297,441.4,5678.0,0.03,1277.8,0.17930688252875676,0.001485538339301274,0.08313298071271961,2042.4067612867734,0.0,0.01617943272735247
Kepler-1372 b,1.27,,1.0471869328493648,2176.358,5677.0,0.0,1655.0,0.0,0.0,0.0,8.985122168369157,0.0,0.016175847668436966
Kepler-1745 b,1.92872921,,0.6079854809437387,1044.49,5611.0,0.0,1449.0,0.0,0.0,0.0,18.27239987622951,0.0,0.01617471989658038
WASP-85 A b,13.89916,402.05495,0.15970961887477314,640.3258,6112.0,0.0,1452.0,0.0,0.0,0.0,1796.3267845045673,0.0,0.016171649618862048
Kepler-142 b,1.99,,0.5843920145190563,1247.908,5790.0,0.0,1597.0,0.0,0.0,0.0,19.290883193273892,0.0,0.016163087132956118
Kepler-401 d,2.27,,0.49183303085299457,8.485,6184.0,0.0,380.0,0.0,0.0,0.0,24.098159408961518,8.571500273152871e-74,0.016159982115923597
HAT-P-62 b,12.02723629,241.867417727,0.1397459165154265,867.2,5629.0,0.101,1512.0,0.11942129067913808,0.0005282441559393552,0.08182401025805293,1018.416121451003,0.0,0.01615980795770585
Kepler-1404 b,2.01,,0.5771324863883848,39.001,5261.0,0.0,596.0,0.0,0.0,0.0,19.63144658511358,0.0,0.01615547444270427
Kepler-237 c,2.08,,0.5517241379310345,60.642,4861.0,0.0,687.0,0.0,0.0,0.0,20.79699555273639,0.0,0.016154367186808457
HD 25463 c,1.36354953,4.3,1.6497277676950999,1413.5,6353.0,0.0,1585.57,0.0,0.0,0.0,17.519174873796214,0.0,0.016153603231124553
Kepler-792 b,1.96,,0.5952813067150635,176.032,5971.0,0.0,852.0,0.0,0.0,0.0,18.77496206720648,0.0,0.0161432868508988
HIP 4845 b,3.89,,0.24319419237749548,2.9859,4010.0,0.25,358.21,0.38297864913513807,0.21964091013962536,0.038574557888548584,59.964002388976276,0.02031108177275347,0.016139849326608866
Kepler-601 b,1.9,,0.6206896551724138,110.619,5160.0,0.0,833.0,0.0,0.0,0.0,17.83297987114956,0.0,0.01613900493520769
Kepler-1542 b,0.76,,0.823956442831216,518.437,5564.0,0.0,1160.0,0.0,0.0,0.0,1.515073284023748,0.0,0.01613362896071099
Kepler-1426 b,1.56,,0.8003629764065336,95.22,5831.0,0.0,797.0,0.0,0.0,0.0,12.727684315708894,0.0,0.01613147396124215
Kepler-1522 b,1.73,,0.7005444646098004,1513.457,5706.0,0.0,1374.0,0.0,0.0,0.0,15.193667726976054,0.0,0.016126750621372178
Kepler-707 b,1.33,,0.987295825771325,336.673,5099.0,0.0,1160.0,0.0,0.0,0.0,9.729506959408015,0.0,0.016122062967674006
Kepler-1609 b,2.22,,0.5063520871143375,12.975,6132.0,0.0,429.0,0.0,0.0,0.0,23.205991940484335,5.571319005040079e-210,0.016121812736073972
HAT-P-37 b,13.204,371.528,0.16152450090744103,412.3914,5500.0,0.058,1271.0,0.1525537457707982,0.0013448310790063456,0.07837794518352197,1557.5556196165642,0.0,0.016121789374780336
Kepler-1892 b,1.83707938,,0.647912885662432,108.04,5383.0,0.0,822.0,0.0,0.0,0.0,16.82631419436624,0.0,0.01611801852728507
HD 109833 c,2.59,,0.41379310344827586,77.4842,5881.0,0.3,756.7,0.24421428578755003,0.00884542624810801,0.08855585831062031,30.114187470357702,0.0,0.01611766381262247
Kepler-1933 b,1.17984089,,1.0689655172413792,250.5,5661.0,0.0,1058.0,0.0,0.0,0.0,7.353983241205891,0.0,0.016116671483923647
Kepler-1813 b,1.413,,0.912885662431942,298.2,5167.0,0.0,1059.0,0.0,0.0,0.0,10.78776509469569,0.0,0.016116080091171495
Kepler-506 b,2.73,,0.38656987295825773,330.547,6236.0,0.0,1080.0,0.0,0.0,0.0,32.94614117139229,0.0,0.016112528058233305
Kepler-1964 b,1.7810587,,0.676950998185118,223.8,4803.0,0.0,986.0,0.0,0.0,0.0,16.02066509180183,0.0,0.016101724069121123
TOI-2458 c,3.18,,0.3176043557168784,131.8551,6005.0,0.29,922.76,0.20598910459012199,0.0046577544320667375,0.09186835497141047,42.781540526714664,0.0,0.016100869058942032
Kepler-1013 b,2.15,,0.5281306715063522,16.101,4954.0,0.0,766.0,0.0,0.0,0.0,21.985957250063045,0.0,0.01609540335321654
Kepler-1432 b,2.22,,0.5063520871143375,119.237,6031.0,0.0,709.0,0.0,0.0,0.0,23.205991940484335,0.0,0.016095014046643003
Kepler-823 b,1.57,,0.7967332123411978,803.353,5643.0,0.0,1277.0,0.0,0.0,0.0,12.915180730626957,0.0,0.016090623079669714
Kepler-327 b,1.11,,1.029038112522686,73.056,3799.0,0.0,682.0,0.0,0.0,0.0,5.895070533268197,0.0,0.01608814917071085
Kepler-122 d,2.2,,0.5136116152450091,77.14,6050.0,0.0,747.0,0.0,0.0,0.0,22.908227554373934,0.0,0.016078691293314747
Kepler-1054 b,2.63,,0.4065335753176044,760.524,6209.0,0.0,1177.0,0.0,0.0,0.0,30.977921453731273,0.0,0.016070969611390967
LTT 1445 A b,1.34,2.73,1.1252268602540836,5.7,3562.0,0.18,431.0,0.4995082142162142,0.1698844775812413,0.026606828017307977,11.340784423732053,1.5941237681193958e-24,0.016066681420587484
Kepler-1177 b,1.9,,0.6206896551724138,11.862,5712.0,0.0,377.0,0.0,0.0,0.0,17.83297987114956,1.0745428905643633e-169,0.016066481858626476
Kepler-164 b,1.41,,0.9147005444646098,370.922,5888.0,0.0,1141.0,0.0,0.0,0.0,10.74050953174657,0.0,0.016064991841679473
Kepler-730 c,1.56926,,0.7967332123411978,903.77,5620.0,0.0,1607.0,0.0,0.0,0.0,12.896927106872207,0.0,0.016059260723554902
Kepler-1491 b,1.51,,0.8366606170598911,138.108,5728.0,0.0,821.0,0.0,0.0,0.0,12.066151605498609,0.0,0.0160557106787069
Kepler-1125 b,1.84,,0.6460980036297641,41.04,5683.0,0.0,778.0,0.0,0.0,0.0,16.859336442055245,0.0,0.016048381616004696
Kepler-1493 b,1.41,,0.9147005444646098,137.91,5863.0,0.0,874.0,0.0,0.0,0.0,10.74050953174657,0.0,0.0160429028310641
Kepler-200 c,1.59,,0.7822141560798548,126.361,5678.0,0.0,806.0,0.0,0.0,0.0,13.170602833581443,0.0,0.016042276869737613
Kepler-1686 b,1.42553017,,0.9019963702359347,167.2,5714.96,0.0,913.0,0.0,0.0,0.0,10.945173208414282,0.0,0.016039044253122813
Kepler-90 i,1.32,,0.9981851179673321,128.579,6015.0,0.0,709.0,0.0,0.0,0.0,9.61659870480432,0.0,0.01603304499364041
Kepler-60 b,1.71,4.19,0.838475499092559,318.0,5905.0,0.0,1102.0,0.0,0.0,0.0,17.5617308615305,0.0,0.016026346459700854
Kepler-1941 b,2.64976949,,0.40290381125226865,46.53,6404.0,0.0,666.0,0.0,0.0,0.0,31.39888820953611,0.0,0.016019951344710272
Kepler-215 b,1.62,,0.764065335753176,105.073,5739.0,0.0,784.0,0.0,0.0,0.0,13.607055303788215,0.0,0.016007567835422128
Kepler-132 d,1.55,,0.809437386569873,68.6,6003.0,0.0,758.0,0.0,0.0,0.0,12.626034267217095,0.0,0.01599743670489391
Kepler-748 b,2.52,,0.4301270417422868,439.778,5934.0,0.0,938.0,0.0,0.0,0.0,28.832810577734715,0.0,0.015997003556500883
HD 104067 c,3.69,,0.2613430127041742,27.4455,4952.0,0.29,648.36,0.26260619801781354,0.024645370647811773,0.06373884703744906,55.002015107614874,0.0,0.015994991705744012
Kepler-1606 b,2.07,,0.5553539019963702,1.29,5422.0,0.0,324.0,0.0,0.0,0.0,20.633337086744156,0.9750333087385211,0.015994896476202947
Kepler-1042 b,2.19,,0.515426497277677,25.66,4815.0,0.0,574.0,0.0,0.0,0.0,22.677109389951777,0.0,0.01599369218710557
Kepler-173 c,2.43,,0.4500907441016334,258.418,6031.0,0.0,956.0,0.0,0.0,0.0,27.05250662534617,0.0,0.015991984817342368
TOI-1347 c,1.6,6.4,0.7441016333938294,183.6642,5464.0,0.0,1000.0,0.0,0.0,0.0,12.766763554101768,0.0,0.015991611926663037
Kepler-656 c,1.41,,0.9147005444646098,213.25,5550.0,0.0,975.0,0.0,0.0,0.0,10.74050953174657,0.0,0.01598903749827595
Kepler-238 c,2.39,152.522,0.5807622504537205,592.298,5751.0,0.0,1146.0,0.0,0.0,0.0,33.21090356950256,0.0,0.01598755556497881
EPIC 212737443 b,2.586,,0.41560798548094374,18.4919,4684.0,0.2,536.0,0.3413950546250483,0.0445597807166438,0.056579580060903224,30.10634641105788,0.0,0.015978993438862492
Kepler-1610 c,2.09,,0.5480943738656987,8.34,5295.0,0.0,433.0,0.0,0.0,0.0,20.959591388792457,1.4529698393582837e-70,0.01597755923027454
HD 59686 A b,12.7,,1.0707803992740472,56.2338,4658.0,0.05,783.08,0.2941573923968363,0.016178180860618438,0.0558850243094506,9187.559929528252,0.0,0.015975510401832194
Kepler-118 b,1.96,,0.5952813067150635,79.753,5274.0,0.0,784.0,0.0,0.0,0.0,18.77496206720648,0.0,0.015973189562395802
Kepler-1112 b,3.02,,0.33938294010889297,254.963,6496.0,0.0,918.0,0.0,0.0,0.0,39.156101522398956,0.0,0.01597219800724392
Kepler-215 c,1.77,,0.6805807622504537,57.694,5739.0,0.0,675.0,0.0,0.0,0.0,15.808405857752895,0.0,0.015966460600011077
LTT 9779 b,4.72,29.32,0.27876588021778587,1781.1556,5443.0,0.0,1978.0,0.0,0.0,0.0,122.78751837554887,0.0,0.015962514299877918
HD 181342 b,13.2,,0.3502722323049002,5.836,4945.0,0.022,410.15,0.4427717356473069,0.16926622336741887,0.06355185125821354,3374.5519091404244,2.739097310804818e-26,0.015961265243978257
Kepler-529 b,1.86,,0.6388384754990926,1808.41,6087.0,0.0,1662.0,0.0,0.0,0.0,17.21941950502332,0.0,0.01595825332945107
Kepler-457 d,2.98467257,,0.3448275862068966,244.47,6474.0,0.0,1008.0,0.0,0.0,0.0,38.40437434790344,0.0,0.015952448236656473
HD 1461 c,2.23,,0.5027223230490019,99.8365,5765.0,0.305,892.87,0.24327922872723334,0.006950620036222979,0.0854570711118168,23.352391807810356,0.0,0.015950692662985246
GJ 9689 b,3.07,,0.33212341197822143,4.8635,3836.0,0.29,453.04,0.37344458721014123,0.14877267058925706,0.033926377090343705,40.25346096141755,5.624022529042143e-15,0.015945272255615685
Kepler-154 f,1.5,,0.8457350272232306,139.884,5769.0,0.0,838.0,0.0,0.0,0.0,11.956297267836291,0.0,0.015942981778380726
Kepler-906 b,2.11,,0.5408348457350273,21.987,6035.0,0.0,537.0,0.0,0.0,0.0,21.281421841846257,0.0,0.01594202023345271
Kepler-754 b,2.01,,0.5771324863883848,216.473,5935.0,0.0,758.0,0.0,0.0,0.0,19.63144658511358,0.0,0.015938935631634843
Kepler-228 c,2.7,,0.3920145190562614,457.318,6043.0,0.0,1160.0,0.0,0.0,0.0,32.320796446052775,0.0,0.01593479877034314
Kepler-204 c,1.79,,0.6715063520871144,36.886,5812.0,0.0,683.0,0.0,0.0,0.0,16.13235712341537,0.0,0.01592842089737222
Kepler-363 b,1.16,,1.0544464609800364,1000.243,5593.0,0.0,1347.0,0.0,0.0,0.0,6.894251313357239,0.0,0.01592813324621963
Kepler-642 b,2.9,,0.3575317604355717,719.373,6570.0,0.0,1810.0,0.0,0.0,0.0,36.525589197810255,0.0,0.015922226544911808
Proxima Cen d,0.692,,0.7822141560798548,1.814,2900.0,0.0,282.0,0.0,0.0,0.0,1.085756814976444,0.7254078780034994,0.01592037531613623
Kepler-1311 c,1.22,,1.087114337568058,2144.553,5748.0,0.0,1671.0,0.0,0.0,0.0,8.268815940386196,0.0,0.01591666652906045
Kepler-662 b,2.18,,0.5190562613430127,23.824,4897.0,0.0,530.0,0.0,0.0,0.0,22.525400652961082,0.0,0.01591498888949292
Kepler-885 b,2.5,,0.43375680580762255,124.646,6187.0,0.0,830.0,0.0,0.0,0.0,28.389316553537533,0.0,0.015913493171973467
Kepler-770 d,1.4,,0.9237749546279492,209.752,5598.0,0.0,1941.0,0.0,0.0,0.0,10.617906576886263,0.0,0.015909574754970346
TOI-1333 b,15.647764,753.2571,0.1960072595281307,1112.85,6274.0,0.073,1679.0,0.12034543703300275,0.0004352521445234006,0.09905433563070927,3145.7023609271423,0.0,0.01590917695015815
HD 29399 b,13.5,,0.20145190562613433,2.7435,4845.0,0.05,358.32,0.40786953993213715,0.2697016805132488,0.06088048298338342,2076.1622717082505,0.10957247748924633,0.015905506181765724
Kepler-913 b,2.06,,0.558983666061706,58.9,4687.0,0.0,1129.0,0.0,0.0,0.0,20.468658866998627,0.0,0.015903038685430006
Kepler-1215 b,1.22,,1.087114337568058,253.964,5616.0,0.0,1046.0,0.0,0.0,0.0,8.268815940386196,0.0,0.015894379803625736
HD 4917 b,13.5,,0.2087114337568058,20.9781,4802.0,0.066,479.78,0.2755704074487769,0.036037919557401675,0.059731794625206426,2150.9789301481874,0.0,0.015893371477388056
Kepler-1630 b,2.19,,0.515426497277677,0.26,4736.0,0.0,182.0,0.0,0.0,0.0,22.677109389951777,0.9458915841617972,0.015889119490873155
Kepler-296 d,2.09,,0.3448275862068966,2.9,3740.0,0.33,403.0,0.4188226527513558,0.23704154568834118,0.03136186354650622,13.186497893611149,0.03681569489936274,0.01588389095652917
Kepler-534 c,1.227,,1.0907441016333939,178.68,5936.0,0.0,933.0,0.0,0.0,0.0,8.440052938056725,0.0,0.015883096954971497
K2-157 c,6.08,,0.1366606170598911,22.65,5334.0,0.2,587.0,0.24315505111831623,0.027720998717978954,0.07394347384730175,128.65975630603074,0.0,0.015880775589104362
Kepler-255 b,1.55,,0.809437386569873,174.395,5573.0,0.0,971.0,0.0,0.0,0.0,12.626034267217095,0.0,0.01587741456788861
Kepler-793 b,1.37,,0.9509981851179674,617.407,5745.0,0.0,1177.0,0.0,0.0,0.0,10.243066656898016,0.0,0.01587712446145985
Kepler-962 b,1.97,,0.5916515426497277,53.823,5478.0,0.0,689.0,0.0,0.0,0.0,18.94755991323829,0.0,0.015875948978418465
Kepler-1884 b,1.81406781,,0.6606170598911071,131.92,5984.0,0.0,864.0,0.0,0.0,0.0,16.519577855084588,0.0,0.01587144939192451
Kepler-168 c,2.69,,0.3938294010889292,169.002,6282.0,0.0,862.0,0.0,0.0,0.0,32.11098179201991,0.0,0.01586614097304423
Kepler-256 b,1.59,,0.7822141560798548,1225.934,5551.0,0.0,1681.0,0.0,0.0,0.0,13.170602833581443,0.0,0.015858698633809697
TOI-2202 b,10.95117414,287.316879928,0.2177858439201452,42.7254,5169.0,0.022,652.07,0.2949281670672344,0.02016307021268421,0.06953571619383293,1198.1199821005114,0.0,0.01585847264668286
Kepler-230 c,2.04,,0.5662431941923776,2.976,5588.0,0.0,359.0,0.0,0.0,0.0,20.13641284646067,0.021576787134503984,0.01585817600862499
Kepler-1026 b,2.21,,0.5099818511796733,5.988,4948.0,0.0,425.0,0.0,0.0,0.0,23.057921240007,2.300144140587507e-28,0.015855336404189235
Kepler-1032 b,1.87,,0.6352087114337568,176.144,4647.0,0.0,802.0,0.0,0.0,0.0,17.39922380349986,0.0,0.015854852013904262
Kepler-84 f,2.2,,0.5136116152450091,25.3,6031.0,0.0,572.0,0.0,0.0,0.0,22.908227554373934,0.0,0.015854763152565468
Kepler-217 b,2.23,,0.5027223230490019,1366.477,6171.0,0.0,1413.0,0.0,0.0,0.0,23.352391807810356,0.0,0.015854130937631036
Kepler-1050 b,1.6,,0.7767695099818512,62.025,6010.0,0.0,1039.0,0.0,0.0,0.0,13.327255612574529,0.0,0.015848198463642667
Kepler-99 b,1.48,6.15,1.9782214156079856,108.042,4782.0,0.0,810.0,0.0,0.0,0.0,26.86263769029913,0.0,0.01584782179494043
Kepler-1397 b,1.72,,0.7078039927404719,58.103,6026.0,0.0,551.0,0.0,0.0,0.0,15.086446541898932,0.0,0.015847691370213794
TOI-216.01,10.1,177.98390792,0.13793103448275862,10.1,5026.0,0.0046,497.0,0.31623740809213635,0.07507823533139284,0.06571565956082512,595.2709981767755,1.0561790435236363e-114,0.015844118162962828
TIC 139270665 b,7.22979255,147.154552441,0.38656987295825773,40.3,5844.0,0.105,703.0,0.2822305152134843,0.019750081388757255,0.08756745204893641,611.9192585265675,0.0,0.015837774097698543
Kepler-592 b,2.39,,0.46098003629764067,935.827,5913.0,0.0,1367.0,0.0,0.0,0.0,26.36115470829266,0.0,0.015837500869543344
Kepler-1823 b,2.0861268,,0.5499092558983666,78.0,6000.0,0.0,718.0,0.0,0.0,0.0,20.91229738226256,0.0,0.01583733761838544
Kepler-519 b,2.1,,0.544464609800363,19.87,5260.0,0.0,532.0,0.0,0.0,0.0,21.12108135382583,0.0,0.01583625583067084
Kepler-371 b,1.89,,0.6243194192377496,41.737,5666.0,0.0,554.0,0.0,0.0,0.0,17.65553432529008,0.0,0.015830795920876144
Kepler-477 b,2.07,,0.5553539019963702,38.71,5240.0,0.0,649.0,0.0,0.0,0.0,20.633337086744156,0.0,0.01582740481620877
HD 96700 d,3.61,,0.26860254083484575,7.6762,5845.0,0.27,466.19,0.3452474051731956,0.09560481663856257,0.0875941657316826,52.932247141987716,1.0596395398863692e-56,0.01582625354715485
Kepler-1407 b,2.25,,0.4972776769509982,78.667,6010.0,0.0,826.0,0.0,0.0,0.0,23.726579181183713,0.0,0.015823411444904272
Kepler-377 b,1.39,,0.9328493647912885,139.112,5949.0,0.0,875.0,0.0,0.0,0.0,10.494083855440916,0.0,0.015822647865862096
Kepler-1802 b,1.671,,0.7332123411978222,26.91,4245.0,0.0,581.0,0.0,0.0,0.0,14.330050643872983,0.0,0.01581659799814029
Kepler-305 e,1.7938153,,0.6678765880217786,220.4,4974.0,0.0,1000.0,0.0,0.0,0.0,16.147972491252908,0.0,0.01580890073448894
Kepler-1260 b,1.77,,0.6805807622504537,171.926,5961.0,0.0,823.0,0.0,0.0,0.0,15.808405857752895,0.0,0.015808780945233386
Kepler-1392 b,1.96,,0.5952813067150635,61.42,5479.0,0.0,714.0,0.0,0.0,0.0,18.77496206720648,0.0,0.01580751262973233
Kepler-413 b,4.347,67.0,0.5807622504537205,2.9436,4700.0,0.1181,334.96,0.4991429718905605,0.29229054882232197,0.05700699898487715,199.82780105656232,0.028391192264770344,0.015806617276614983
Kepler-283 c,1.82,,0.6569872958257714,0.949,4351.0,0.0,240.0,0.0,0.0,0.0,16.59051031687569,0.969816637480068,0.015803803668329317
Kepler-23 b,1.638,2.56,0.5783793103448276,446.107,5828.0,0.017,1157.0,0.3005587153452758,0.0021600305294512973,0.08714003312495784,10.647387270240836,0.0,0.015803164189659297
TOI-2458 b,2.83,13.31,0.5862068965517242,865.0,6005.0,0.087,1509.4,0.19494708933555294,0.0007903680083937501,0.0918683549714097,55.65431469032006,0.0,0.015796505345098737
Kepler-1106 b,1.65,,0.7459165154264974,2399.974,6104.0,0.0,2199.0,0.0,0.0,0.0,14.03558972895801,0.0,0.015796075647094086
Kepler-187 c,2.67,,0.3992740471869329,324.134,6105.0,0.0,963.0,0.0,0.0,0.0,31.83416591062733,0.0,0.015795998018663028
Kepler-120 c,1.53,,0.823956442831216,16.625,4096.0,0.0,455.0,0.0,0.0,0.0,12.36138565063676,0.0,0.015791099796677432
Kepler-508 b,1.64,,0.7531760435571688,60.372,6025.0,0.0,710.0,0.0,0.0,0.0,13.916071494991721,0.0,0.015787562030661097
Kepler-639 b,2.38,,0.4627949183303085,295.826,5896.0,0.0,957.0,0.0,0.0,0.0,26.13413090004276,0.0,0.01578639713978497
Kepler-603 d,1.32,,0.9981851179673321,497.4,5808.0,0.0,1098.0,0.0,0.0,0.0,9.61659870480432,0.0,0.01578520307088993
Kepler-789 b,2.12,,0.5372050816696915,312.34,5870.0,0.0,1419.0,0.0,0.0,0.0,21.440568881959855,0.0,0.01578463386451981
Kepler-203 b,2.57,,0.4192377495462795,668.215,5821.0,0.0,1308.0,0.0,0.0,0.0,29.809065432440704,0.0,0.01578423558093505
EPIC 212737443 c,2.69,,0.3938294010889292,2.2653,4684.0,0.2,316.0,0.4815393183342261,0.3235230571146745,0.056579580060903314,32.11098179201991,0.7421523341431797,0.015777700775612982
Kepler-298 c,1.93,,0.6079854809437387,8.696,4465.0,0.0,416.0,0.0,0.0,0.0,18.30854131939945,1.2558512313061014e-78,0.015774114977016182
Kepler-350 d,2.8,14.9,0.4882032667876588,83.237,6492.3,0.0,782.0,0.0,0.0,0.0,44.89142427005744,0.0,0.015773980829308896
Kepler-1252 b,1.67,,0.73502722323049,57.579,5949.0,0.0,665.0,0.0,0.0,0.0,14.339745615952426,0.0,0.015772580430786463
Kepler-214 b,2.61,,0.4101633393829401,196.402,6169.0,0.0,758.0,0.0,0.0,0.0,30.54688793246715,0.0,0.01577225929278163
Kepler-566 b,2.15,,0.5281306715063522,16.879,5132.0,0.0,526.0,0.0,0.0,0.0,21.985957250063045,0.0,0.015770867008203557
Kepler-183 b,2.06,,0.558983666061706,281.845,5888.0,0.0,1088.0,0.0,0.0,0.0,20.468658866998627,0.0,0.015768354814736273
Kepler-1596 b,1.9,,0.6206896551724138,33.378,5706.0,0.0,471.0,0.0,0.0,0.0,17.83297987114956,0.0,0.015763115057647964
Kepler-1639 b,2.58,,0.4174228675136116,187.848,6150.0,0.0,1003.0,0.0,0.0,0.0,30.027831097818066,0.0,0.015762311061540923
Kepler-611 b,1.65,,0.7459165154264974,1825.301,5761.0,0.0,1513.0,0.0,0.0,0.0,14.03558972895801,0.0,0.015761719831599796
Kepler-897 b,2.39,,0.46098003629764067,354.221,5839.0,0.0,855.0,0.0,0.0,0.0,26.36115470829266,0.0,0.015754311552702176
Kepler-1464 b,1.66,,0.7386569872958259,89.473,5828.0,0.0,564.0,0.0,0.0,0.0,14.153233893625375,0.0,0.01575286417724847
Kepler-1195 b,2.08,,0.5517241379310345,79.03,4965.0,0.0,702.0,0.0,0.0,0.0,20.79699555273639,0.0,0.01574285049008825
Kepler-1328 b,0.98,,0.958257713248639,545.672,5780.0,0.0,1214.0,0.0,0.0,0.0,3.777888708645207,0.0,0.015741653969811892
Kepler-527 b,2.84,,0.3684210526315789,147.046,6388.0,0.0,1157.0,0.0,0.0,0.0,35.34989014533763,0.0,0.015740899848891515
Kepler-834 b,2.02,,0.573502722323049,11.845,4554.0,0.0,378.0,0.0,0.0,0.0,19.800593202511692,4.1146368228580777e-169,0.015737511473222887
Kepler-1912 b,1.35670508,,0.9618874773139746,201.8,5734.0,0.0,976.0,0.0,0.0,0.0,10.061650636026982,0.0,0.015731605694160933
TRAPPIST-1 b,1.116,1.374,0.9876477313974591,4.153,2566.0,0.00622,397.6,0.6562343973444104,0.2852912813772347,0.0,5.750204148107209,8.130589964480631e-09,0.015731298798673504
Kepler-299 d,1.86,,0.6388384754990926,69.96,5617.0,0.0,729.0,0.0,0.0,0.0,17.21941950502332,0.0,0.01572983305865437
K2-39 b,6.27704,28.6047,0.16878402903811254,1356.0,4881.0,0.0,1670.0,0.0,0.0,0.0,174.85765407768426,0.0,0.015727767143994015
Kepler-605 c,0.86,,0.8874773139745916,513.03,5462.0,0.0,1278.0,0.0,0.0,0.0,2.3645103714706974,0.0,0.015724560917746603
Kepler-764 b,1.64,,0.7531760435571688,160.457,5557.0,0.0,875.0,0.0,0.0,0.0,13.916071494991721,0.0,0.01571732448037095
TOI-5789 b,1.26,,1.0562613430127044,360.2797,5185.0,0.0,1201.0,0.0,0.0,0.0,8.850577930507177,0.0,0.015716900192279667
Kepler-598 b,1.5,,0.8457350272232306,265.407,5307.0,0.0,1050.0,0.0,0.0,0.0,11.956297267836291,0.0,0.01571344663358776
Kepler-1122 b,2.04,,0.5662431941923776,23.263,5544.0,0.0,526.0,0.0,0.0,0.0,20.13641284646067,0.0,0.01571100284803255
Kepler-238 f,2.0,13.5,0.308529945553539,35.869,5800.0,0.0,568.0,0.0,0.0,0.0,10.338937710543542,0.0,0.015708426414918923
CoRoT-29 b,10.0881,270.1555,0.2631578947368421,540.3673,5260.0,0.082,1224.75,0.15502825263770884,0.0010523841378184441,0.07196666132392857,1131.7047754902198,0.0,0.015708198161922645
Kepler-618 b,2.6,,0.411978221415608,677.569,5860.0,0.0,1296.0,0.0,0.0,0.0,30.330733388615087,0.0,0.01570571343380276
Kepler-1463 b,1.86,,0.6388384754990926,57.634,5679.0,0.0,619.0,0.0,0.0,0.0,17.21941950502332,0.0,0.015704622174393893
Kepler-1019 b,1.46,,0.8747731397459166,330.249,4433.0,0.0,1164.0,0.0,0.0,0.0,11.403616824159371,0.0,0.0156999342528862
Kepler-480 b,2.78,,0.37749546279491836,764.078,6322.0,0.0,1312.0,0.0,0.0,0.0,33.97306524407332,0.0,0.015697347274026628
Kepler-288 b,1.67,,0.73502722323049,247.301,5918.0,0.0,1197.0,0.0,0.0,0.0,14.339745615952426,0.0,0.015695921367614135
Kepler-274 c,1.84,,0.6460980036297641,36.518,6023.0,0.0,678.0,0.0,0.0,0.0,16.859336442055245,0.0,0.01569447243984727
Kepler-635 b,2.64,,0.4047186932849365,193.927,6174.0,0.0,802.0,0.0,0.0,0.0,31.19274925340165,0.0,0.015694388340929663
Kepler-1587 b,1.33,,0.987295825771325,254.701,5933.0,0.0,981.0,0.0,0.0,0.0,9.729506959408015,0.0,0.015689468221405274
Kepler-912 b,2.8,,0.3756805807622504,519.95,5998.0,0.0,1218.0,0.0,0.0,0.0,34.54470194759067,0.0,0.01568758549207795
GJ 1137 c,2.11,,0.5426497277676952,58.4,5033.8,0.0,768.51,0.0,0.0,0.0,21.352836009100773,0.0,0.015686667511580134
Kepler-379 c,2.29,,0.48638838475499097,19.793,6054.0,0.0,530.0,0.0,0.0,0.0,24.466860820351094,0.0,0.015685383153821904
Kepler-1905 b,1.4460734,,0.8874773139745916,508.75,5788.0,0.0,1212.0,0.0,0.0,0.0,11.24130890294526,0.0,0.01568533700616968
Kepler-110 b,1.83,,0.6533575317604357,153.881,5960.0,0.0,1008.0,0.0,0.0,0.0,16.772306122820083,0.0,0.01567537377266737
HD 108863 b,13.3,,0.32486388384754994,9.6419,4878.0,0.032,490.51,0.3816207725951783,0.09728892990778559,0.06176203451407731,3201.4370325993273,3.557781031374081e-102,0.015673369194553047
WASP-84 b,10.72,220.0,0.17785843920145192,34.6952,5280.0,0.0,732.0,0.0,0.0,0.0,917.7987084599669,0.0,0.01566914622184469
K2-27 b,4.74,30.2,0.3103448275862069,116.0,5246.0,0.251,836.0,0.20184298663229952,0.005277429417607533,0.07159266976545049,138.44208962978638,0.0,0.01566625911686388
Kepler-777 b,1.47,,0.8656987295825771,33.953,4043.0,0.0,569.0,0.0,0.0,0.0,11.51880413793599,0.0,0.015666222503635044
WASP-80 b,11.197791,170.99254,0.13012704174228676,72.442,4143.0,0.002,825.0,0.1789874132532238,0.007632324517394912,0.04212747769407386,765.3379315452892,0.0,0.01566451037829262
Kepler-1431 b,1.47,,0.8656987295825771,469.819,5806.0,0.0,1064.0,0.0,0.0,0.0,11.51880413793599,0.0,0.01565991792199011
Kepler-48 b,1.88,3.94,0.5862068965517242,173.12,5194.0,0.0,932.0,0.0,0.0,0.0,16.315976854810785,0.0,0.01565850854360684
Kepler-301 d,1.75,,0.6896551724137931,68.931,5815.0,0.0,725.0,0.0,0.0,0.0,15.482274140535905,0.0,0.01565644002874437
Kepler-1963 b,0.74437023,,0.8148820326678766,612.3,5726.0,0.0,1448.0,0.0,0.0,0.0,1.4078304001332982,0.0,0.015653225421275598
Kepler-98 b,1.99,3.55,0.39564428312159716,1107.389,5539.0,0.0,1592.0,0.0,0.0,0.0,13.060287379297232,0.0,0.0156489253247114
HAT-P-6 b,16.58932,419.5356,0.10127041742286752,1099.44,6570.0,0.0,1675.0,0.0,0.0,0.0,1936.6759661800888,0.0,0.015647924740547613
Kepler-1303 b,1.42,,0.9056261343012705,182.375,5771.0,0.0,891.0,0.0,0.0,0.0,10.861819693672095,0.0,0.01564772544057904
Kepler-342 d,2.49,,0.4373865698729583,44.828,6175.0,0.0,658.0,0.0,0.0,0.0,28.284733705718782,0.0,0.015645631300520574
tau Boo b,12.8,1891.0,0.8983666061705989,1333.7826,6466.27,0.011,1682.02,0.17279783032651624,0.0005293217045995876,0.10419057541272417,7891.728183296469,0.0,0.015644277015144432
Kepler-1269 b,1.63,,0.7568058076225046,69.004,5998.0,0.0,657.0,0.0,0.0,0.0,13.728904329626776,0.0,0.015642625447543648
Kepler-1226 b,1.45,,0.883847549909256,140.376,5923.0,0.0,809.0,0.0,0.0,0.0,11.286777880287813,0.0,0.015635108346980495
Kepler-56 c,9.8,181.0,0.19237749546279492,317.206,4840.0,0.0,1087.0,0.0,0.0,0.0,758.4397786295303,0.0,0.015632319358571782
Kepler-365 c,1.64,,0.7531760435571688,66.87,6012.0,0.0,729.0,0.0,0.0,0.0,13.916071494991721,0.0,0.01563219150454744
Kepler-296 c,2.0,,0.2177858439201452,14.8,3740.0,0.33,606.0,0.2963355662756442,0.046209226582568395,0.03136186354650616,7.298073678030735,2.0908257702175272e-285,0.015631757707940935
kap CrB b,13.3,689.6911,0.29219600725952816,1.7376,4840.0,0.04,319.32,0.47746899650308156,0.42180659302676815,0.060746914569641826,2879.5048170306795,0.9999999979570073,0.015631261719870268
TOI-1453 c,2.224,2.95,0.26717513611615246,75.3,4975.0,0.0,819.8,0.0,0.0,0.0,12.310877145374496,0.0,0.015630597864510806
Kepler-1055 b,1.23,,1.0925589836660616,647.256,5723.0,0.0,1304.0,0.0,0.0,0.0,8.51625851203296,0.0,0.015629393208304566
Kepler-1787 b,2.31898181,,0.4791288566243195,20.04,6060.0,0.0,540.0,0.0,0.0,0.0,25.028392872396427,0.0,0.01562119346016658
Kepler-911 b,2.6,,0.411978221415608,198.725,6112.0,0.0,931.0,0.0,0.0,0.0,30.330733388615087,0.0,0.015609763806904087
Kepler-1894 c,1.21,,1.0816696914700545,243.06,5772.0,0.0,1007.0,0.0,0.0,0.0,8.026743428190604,0.0,0.015606990434902893
KOI-3503 c,1.21,10.36,1.8148820326678767,52.5,6001.0,0.0,686.0,0.0,0.0,0.0,13.467690315756048,0.0,0.01560566197999283
Kepler-341 d,1.85,,0.6424682395644283,45.423,6012.0,0.0,622.0,0.0,0.0,0.0,17.039445495925126,0.0,0.015597929068382841
Kepler-151 c,2.09,,0.5480943738656987,21.407,5460.0,0.0,544.0,0.0,0.0,0.0,20.959591388792457,0.0,0.015594462918931982
Kepler-331 c,1.84,,0.6460980036297641,13.888,4347.0,0.0,425.0,0.0,0.0,0.0,16.859336442055245,3.0265967260449915e-246,0.015575849563674294
Kepler-1502 b,3.18,,0.31578947368421056,77.324,6666.0,0.0,608.0,0.0,0.0,0.0,42.53707458084773,0.0,0.015575360727141538
Kepler-1506 b,1.32,,0.9981851179673321,235.807,5676.0,0.0,783.0,0.0,0.0,0.0,9.61659870480432,0.0,0.015565551484567643
TYC 1422-614-1 b,13.3,,0.3375680580762251,47.0221,4806.0,0.06,730.19,0.25887771008986166,0.016613517111794266,0.0598386493561996,3326.632894209357,0.0,0.015563091033730518
Kepler-1236 b,2.14,,0.5317604355716878,13.571,5337.0,0.0,480.0,0.0,0.0,0.0,21.829608694312096,2.5247496425767217e-233,0.015552756055671057
Kepler-370 b,1.59,,0.7822141560798548,361.514,5852.0,0.0,1040.0,0.0,0.0,0.0,13.170602833581443,0.0,0.015552596701716461
Kepler-169 e,2.2,,0.5136116152450091,28.548,4997.0,0.0,595.0,0.0,0.0,0.0,22.908227554373934,0.0,0.015547068122911305
Kepler-158 b,2.12,,0.5372050816696915,13.634,4623.0,0.0,500.0,0.0,0.0,0.0,21.440568881959855,7.284677856303838e-236,0.015546866848758374
Kepler-322 c,1.67,,0.73502722323049,203.406,5388.0,0.0,996.0,0.0,0.0,0.0,14.339745615952426,0.0,0.01554421976668515
K2-118 b,2.54,,0.4246823956442831,4.3,4726.29,0.2,394.64,0.4459084003626855,0.1916383317662927,0.05770930170432885,29.151037606909984,6.344182200444727e-10,0.015541657931227656
Kepler-1255 b,2.32,,0.4791288566243195,39.671,6018.0,0.0,694.0,0.0,0.0,0.0,25.061374825835614,0.0,0.015538790217500546
Kepler-195 b,2.03,,0.5698729582577133,74.148,5329.0,0.0,751.0,0.0,0.0,0.0,19.968928973515528,0.0,0.01553824839403074
Kepler-1874 b,2.21110724,,0.5099818511796733,3.79,4701.0,0.0,356.0,0.0,0.0,0.0,23.092595601165677,2.654688589669422e-06,0.015531265081918285
Kepler-983 b,2.36,,0.4682395644283122,30.997,6052.0,0.0,485.0,0.0,0.0,0.0,25.78058247142872,0.0,0.015526910510291113
Kepler-1133 b,1.97,,0.5916515426497277,55.758,5569.0,0.0,703.0,0.0,0.0,0.0,18.94755991323829,0.0,0.015526492266769429
Kepler-479 b,2.12,,0.5372050816696915,37.753,5247.0,0.0,649.0,0.0,0.0,0.0,21.440568881959855,0.0,0.015523841407988799
Kepler-1916 b,2.61757235,,0.40834845735027225,38.54,6246.0,0.0,635.0,0.0,0.0,0.0,30.677192528992254,0.0,0.015520530857043026
Kepler-1937 b,3.0229133,,0.33938294010889297,163.1,6457.0,0.0,1014.0,0.0,0.0,0.0,39.26952888903143,0.0,0.015519791170127036
Kepler-1210 b,1.7,,0.7168784029038113,152.047,5568.0,0.0,856.0,0.0,0.0,0.0,14.753017929338723,0.0,0.015517288843080257
WASP-130 b,9.97601,390.9309,0.4246823956442831,56.355,5625.0,0.0,833.0,0.0,0.0,0.0,1766.1333657459925,0.0,0.015513234989975679
Kepler-331 b,1.82,,0.6569872958257714,35.984,4347.0,0.0,540.0,0.0,0.0,0.0,16.59051031687569,0.0,0.015512173860902735
Kepler-341 e,1.99,,0.5843920145190563,25.667,6012.0,0.0,539.0,0.0,0.0,0.0,19.290883193273892,0.0,0.015511626035144525
Kepler-1894 b,1.20117759,,1.0762250453720508,544.05,5772.0,0.0,1231.0,0.0,0.0,0.0,7.812919815275533,0.0,0.015508196061293614
Kepler-922 b,1.42,,0.9056261343012705,2142.634,5671.0,0.0,1876.0,0.0,0.0,0.0,10.861819693672095,0.0,0.015506159705305335
Kepler-1842 b,2.35388681,,0.47005444646098005,108.07,5970.0,0.0,822.0,0.0,0.0,0.0,25.679910190407675,0.0,0.01550453511557544
Kepler-877 b,2.12,,0.5372050816696915,37.81,5261.0,0.0,632.0,0.0,0.0,0.0,21.440568881959855,0.0,0.015501951010974147
Kepler-361 c,2.52,,0.4301270417422868,33.948,6169.0,0.0,568.0,0.0,0.0,0.0,28.832810577734715,0.0,0.0155006849278781
Kepler-194 d,2.4,,0.4573502722323049,12.863,6089.0,0.0,562.0,0.0,0.0,0.0,26.483249762837925,9.908270371707745e-206,0.015492588591073792
omi CrB b,13.7,,0.13811252268602542,135.8368,4769.0,0.105,947.65,0.16431619586951832,0.004010274323704556,0.058850243094512554,1487.5904057059897,0.0,0.015488658700306565
Kepler-1701 b,2.22186207,,0.5063520871143375,1.3,5146.0,0.0,273.0,0.0,0.0,0.0,23.26443442129576,0.9776029816166067,0.01548707105267367
Kepler-250 d,2.18,,0.5190562613430127,21.463,5160.0,0.0,579.0,0.0,0.0,0.0,22.525400652961082,0.0,0.015483549612988506
Kepler-298 b,1.96,,0.5952813067150635,24.707,4465.0,0.0,540.0,0.0,0.0,0.0,18.77496206720648,0.0,0.01548297521822782
Kepler-1182 b,2.41,,0.455535390199637,197.882,5924.0,0.0,796.0,0.0,0.0,0.0,26.709260241159793,0.0,0.015479313181717953
Kepler-1902 b,1.17563613,,1.0671506352087115,30.84,3729.0,0.0,601.0,0.0,0.0,0.0,7.263285408255878,0.0,0.015474573664372031
Kepler-306 e,2.27,,0.49183303085299457,6.185,4954.0,0.0,390.0,0.0,0.0,0.0,24.098159408961518,3.67401026074704e-31,0.015470043198262715
TOI-519 b,11.54525012,147.154552441,0.1016333938294011,54.0,3322.0,0.33,687.0,0.1497220045824299,0.008382212076006049,0.020195544157717522,655.1414470188711,0.0,0.015467763331195438
HD 147379 b,4.94,,0.17876588021778586,0.7847,4090.0,0.063,276.66,0.49982994448322615,0.4852578522374356,0.040711652508412965,90.27221269067104,0.9947561886302733,0.015459500356980904
Kepler-646 b,1.99,,0.5843920145190563,38.229,5634.0,0.0,632.0,0.0,0.0,0.0,19.290883193273892,0.0,0.015454352417741938
Kepler-295 b,1.22,,1.087114337568058,287.5,5603.0,0.0,741.0,0.0,0.0,0.0,8.268815940386196,0.0,0.015451394575797682
Kepler-353 c,1.38,,0.9419237749546281,16.561,3903.0,0.0,472.0,0.0,0.0,0.0,10.36911348150106,0.0,0.015450376963181496
Kepler-1261 b,2.26,,0.49546279491833034,4.744,5006.0,0.0,396.0,0.0,0.0,0.0,23.95658860096664,8.133726699030787e-14,0.015447235973447554
Kepler-249 b,1.09,,1.0163339382940109,24.26,3568.0,0.0,554.0,0.0,0.0,0.0,5.513209950025439,0.0,0.015446188211613688
Kepler-1632 b,2.47,,0.44101633393829404,6.062,6137.0,0.0,369.0,0.0,0.0,0.0,27.837750867808452,2.1307554538624583e-29,0.015440418088748433
Kepler-741 b,2.97,,0.3466424682395644,461.993,6129.0,0.0,1051.0,0.0,0.0,0.0,38.039931450518424,0.0,0.015436140434870668
Kepler-1711 b,1.923,,0.6116152450090745,47.39,5706.0,0.0,669.0,0.0,0.0,0.0,18.21817057589499,0.0,0.015429612174805683
CoRoT-21 b,14.5717,718.2958,0.24682395644283125,2915.5997,6200.0,0.0,2044.44,0.0,0.0,0.0,3198.9436003810015,0.0,0.015425477622901132
TOI-2128 b,2.08874836,4.5,0.48638838475499097,86.2315,5968.0,0.0,780.53,0.0,0.0,0.0,18.56650548455751,0.0,0.015424652460643552
Kepler-307 c,2.2,3.64,0.31578947368421056,44.0,5367.0,0.0,739.0,0.0,0.0,0.0,14.084917294915423,0.0,0.015423413838097874
Kepler-465 b,2.95,,0.3502722323049002,227.82,6310.0,0.0,996.0,0.0,0.0,0.0,37.66694235242357,0.0,0.015405670222741242
Kepler-201 b,2.46,,0.4428312159709619,64.549,6065.0,0.0,683.0,0.0,0.0,0.0,27.61418042439924,0.0,0.015405085430287464
Kepler-1871 b,2.42172881,,0.45190562613430135,917.15,5741.0,0.0,1403.0,0.0,0.0,0.0,26.885175925172334,0.0,0.015403199383332088
Kepler-186 e,1.27,,1.0471869328493648,3.608,3788.0,0.0,319.0,0.0,0.0,0.0,8.985122168369157,3.064328124198581e-05,0.015400016840104397
Kepler-193 c,2.75,,0.38294010889292196,16.026,6335.0,0.0,595.0,0.0,0.0,0.0,33.35934749042692,0.0,0.015399876474005562
TOI-1411 b,1.19880592,2.0,1.1542649727767695,266.85,4115.0,0.0,976.4,0.0,0.0,0.0,8.329918703503361,0.0,0.015395599050832726
Kepler-852 b,2.54,,0.4246823956442831,92.131,6100.0,0.0,565.0,0.0,0.0,0.0,29.151037606909984,0.0,0.01539497113411689
Kepler-304 c,2.17,,0.5226860254083484,73.598,4731.0,0.0,746.0,0.0,0.0,0.0,22.37220034175378,0.0,0.015394851595403151
Kepler-968 b,2.0,,0.5807622504537205,103.909,4598.0,0.0,745.0,0.0,0.0,0.0,19.46152980808196,0.0,0.01539482856633339
Kepler-1460 b,1.96,,0.5952813067150635,5.469,4422.0,0.0,391.0,0.0,0.0,0.0,18.77496206720648,1.2102987348635238e-21,0.015392865890823391
Kepler-1504 b,2.13,,0.5353901996370236,25.17,5393.0,0.0,485.0,0.0,0.0,0.0,21.67194234972401,0.0,0.015391114170802163
Kepler-186 c,1.25,,1.0725952813067152,13.98,3788.0,0.0,464.0,0.0,0.0,0.0,8.775149625073578,4.542644734036544e-250,0.015390451383562724
Kepler-269 c,1.69,,0.7223230490018149,342.6,5847.0,0.0,875.0,0.0,0.0,0.0,14.60428153050956,0.0,0.015388594550016075
Kepler-300 c,2.25,,0.4972776769509982,43.248,5986.0,0.0,516.0,0.0,0.0,0.0,23.726579181183713,0.0,0.015386969255186669
Kepler-864 b,2.4,,0.4573502722323049,464.765,5754.0,0.0,1143.0,0.0,0.0,0.0,26.483249762837925,0.0,0.01538463268315043
Kepler-588 b,2.63,,0.4065335753176044,718.075,5835.0,0.0,1176.0,0.0,0.0,0.0,30.977921453731273,0.0,0.015383371936659835
Kepler-722 b,2.63,,0.4065335753176044,414.601,5863.0,0.0,1182.0,0.0,0.0,0.0,30.977921453731273,0.0,0.015377526746737926
Kepler-1233 b,2.6,,0.411978221415608,30.061,6198.0,0.0,604.0,0.0,0.0,0.0,30.330733388615087,0.0,0.015374204629916503
Kepler-289 b,2.49,3.7,0.2631578947368421,27.371,5990.0,0.0,607.0,0.0,0.0,0.0,17.01778583954034,0.0,0.015366433020944014
Kepler-1065 c,1.6,,0.7767695099818512,734.619,5635.0,0.0,1256.0,0.0,0.0,0.0,13.327255612574529,0.0,0.015360835989209579
Kepler-1242 b,2.26,,0.49546279491833034,28.998,4895.0,0.0,639.0,0.0,0.0,0.0,23.95658860096664,0.0,0.015359955510923185
Kepler-1306 b,1.91,,0.617059891107078,52.146,5727.0,0.0,678.0,0.0,0.0,0.0,18.01009606102568,0.0,0.015359174365072956
Kepler-775 b,1.19,,1.0707803992740472,1496.75,5468.0,0.0,1612.0,0.0,0.0,0.0,7.55840060344374,0.0,0.015356121564175559
Kepler-1360 b,3.4,,0.29219600725952816,82.564,6778.0,0.0,933.0,0.0,0.0,0.0,48.10604327338804,0.0,0.01535397102530391
HD 142245 b,13.1,,0.43375680580762255,1.7468,4922.0,0.0,306.3,0.0,0.0,0.0,4084.593090570159,0.999999999968215,0.01535368224867616
TOI-540 b,0.903,,0.912885662431942,23.4,3216.0,0.0,611.0,0.0,0.0,0.0,2.815582430149703,0.0,0.015352713807163118
HD 96700 c,1.69,,0.7223230490018149,69.413,5845.0,0.293,808.42,0.2855743882013176,0.011198620742292695,0.08759416573167984,14.60428153050956,0.0,0.015348360123799268
Kepler-1123 b,1.67,,0.73502722323049,190.016,5500.0,0.0,1061.0,0.0,0.0,0.0,14.339745615952426,0.0,0.015345609434479598
HD 6061 b,2.42763557,10.0,0.6932849364791288,339.1,5934.0,0.0,1075.31,0.0,0.0,0.0,41.54806955143079,0.0,0.01534504843303792
Kepler-255 d,1.32,,0.9981851179673321,1686.09,5431.0,0.0,1710.0,0.0,0.0,0.0,9.61659870480432,0.0,0.015344990006042126
Kepler-48 d,2.04,7.93,0.9219600725952813,9.292,5194.0,0.0,448.0,0.0,0.0,0.0,32.78621066026288,4.219471324121759e-93,0.015338964123077042
Kepler-196 c,2.24,,0.5009074410163339,6.88,5128.0,0.0,407.0,0.0,0.0,0.0,23.582516529555242,4.172854013106833e-42,0.015337025987024458
TOI-375 b,10.77183045,236.782163215,0.1882032667876588,593.3,5259.9,0.087,1373.0,0.14093312517564083,0.0008794978494955575,0.07196398995565394,985.3358713746402,0.0,0.015333039605078426
HATS-9 b,13.85,266.02371,0.11361161524500908,2292.0839,5599.0,0.075,1746.0,0.09701178181473075,0.0001778494336020187,0.08102259977560418,1264.3306430037426,0.0,0.015324029583923156
Kepler-175 b,2.56,,0.42105263157894735,129.639,6064.0,0.0,827.0,0.0,0.0,0.0,29.58999496605706,0.0,0.015320940329503992
Kepler-206 c,1.77,,0.6805807622504537,95.51,5764.0,0.0,825.0,0.0,0.0,0.0,15.808405857752895,0.0,0.015318861486769605
Kepler-334 b,1.12,,1.0362976406533575,300.982,5828.0,0.0,1090.0,0.0,0.0,0.0,6.098558396003643,0.0,0.015310057226994757
Kepler-664 b,2.66,,0.4010889292196007,652.435,5754.0,0.0,1406.0,0.0,0.0,0.0,31.62089761807604,0.0,0.01530894029903028
Kepler-80 d,1.53,6.75,1.2776769509981851,164.625,4540.0,0.0041,722.0,0.31096997447135205,0.005585505881613726,0.05273280974514597,19.16831607499621,0.0,0.015306744579811626
Kepler-338 e,1.56,8.5,2.2323049001814885,428.524,5999.0,0.05,1143.0,0.2563000856619174,0.001903139704562994,0.09170807287491738,35.49898346558263,0.0,0.01530219755031174
Kepler-261 b,2.18,,0.5190562613430127,45.779,5098.0,0.0,672.0,0.0,0.0,0.0,22.525400652961082,0.0,0.015299951918810135
HD 156668 c,6.17,,0.1337568058076225,0.1169,4903.69,0.089,166.08,0.331398325143694,0.08696843127936232,0.062448309023879586,131.60124273154432,0.8020535385996563,0.015295412406308394
Kepler-179 c,2.0,,0.5807622504537205,115.983,5302.0,0.0,810.0,0.0,0.0,0.0,19.46152980808196,0.0,0.015293506865157316
Kepler-147 c,2.43,,0.4500907441016334,61.287,6012.0,0.0,689.0,0.0,0.0,0.0,27.05250662534617,0.0,0.01528920283777625
Kepler-1040 b,2.08,,0.5517241379310345,2.121,5694.0,0.0,300.0,0.0,0.0,0.0,20.79699555273639,0.9197288755484766,0.015284547557592044
Kepler-1574 b,1.29,,1.0272232304900182,289.778,5892.0,0.0,1003.0,0.0,0.0,0.0,9.2368219572636,0.0,0.01527166546705268
Kepler-770 c,1.2,,1.0798548094373865,833.588,5598.0,0.0,2740.0,0.0,0.0,0.0,7.816236909170915,0.0,0.015270623092911753
Kepler-254 c,2.15,3.2,0.32123411978221417,67.225,5957.0,0.0,787.0,0.0,0.0,0.0,13.372901832512571,0.0,0.015266617211644008
Kepler-1503 b,2.27,,0.49183303085299457,5.636,5069.0,0.0,321.0,0.0,0.0,0.0,24.098159408961518,1.0570891392456189e-23,0.015266444265571513
HD 93385 b,1.88,,0.6297640653357532,281.697,5977.0,0.295,1141.0,0.20912444450980489,0.0023079973276899455,0.09112037185445601,17.528309500369478,0.0,0.015262946042163224
Kepler-1687 b,1.65623882,,0.7422867513611615,30.22,4132.0,0.0,598.0,0.0,0.0,0.0,14.12632512531565,0.0,0.015259083175166938
Kepler-266 b,2.48,,0.43920145190562615,230.403,5885.0,0.0,1066.0,0.0,0.0,0.0,28.06127623040837,0.0,0.015257700231105007
Kepler-1366 b,1.43,,0.8965517241379312,134.981,4070.0,0.0,783.0,0.0,0.0,0.0,10.981763124053886,0.0,0.015257670291224018
Kepler-385 b,2.73,12.8,0.6279491833030854,143.919,6326.0,0.0,951.0,0.0,0.0,0.0,53.51814481362316,0.0,0.015250849232737134
Kepler-958 b,2.06,,0.558983666061706,73.59,5421.0,0.0,749.0,0.0,0.0,0.0,20.468658866998627,0.0,0.015248888781041558
LHS 1815 b,1.088,1.58,1.2159709618874774,26.3712,3643.0,0.0,617.0,0.0,0.0,0.0,6.559919337939097,0.0,0.015246023380819611
HD 62509 b,13.3,,0.3103448275862069,15.2164,4892.63,0.02,549.6,0.36876035552329967,0.06387834449536722,0.0621528556926849,3058.3560479021503,3.6435279493249825e-304,0.015245702120713439
HD 134606 d,7.59,,0.10217785843920145,0.3082,5576.0,0.092,207.68,0.3610906508017379,0.20086921772975416,0.08040818507239145,187.14177010364313,0.9910684600744907,0.015233652242443408
Kepler-1838 b,1.66049425,,0.7404718693284937,271.6,5877.0,0.0,1097.0,0.0,0.0,0.0,14.200685251648437,0.0,0.0152286295041784
Kepler-1923 b,1.95958179,,0.5970961887477314,8.63,5881.0,0.0,553.0,0.0,0.0,0.0,18.82015055750303,4.237747555227715e-77,0.015223442626402354
Kepler-1824 b,2.38127597,,0.4627949183303085,7.45,6002.0,0.0,421.0,0.0,0.0,0.0,26.17618667472595,2.469861268675838e-52,0.015220457210229727
Kepler-268 b,2.55,,0.4228675136116153,64.933,6081.0,0.0,695.0,0.0,0.0,0.0,29.370644238439844,0.0,0.015214875024573386
HD 167042 b,13.6,,0.17604355716878403,7.6592,4919.0,0.01,462.08,0.3655307597801627,0.1119520416358444,0.06285729550675757,1854.921221373869,2.313095100813947e-56,0.015214865177406089
Kepler-774 b,3.17,,0.3194192377495463,451.177,6403.0,0.0,1422.0,0.0,0.0,0.0,42.62137584624826,0.0,0.015213879376024544
Kepler-745 b,2.16,,0.5263157894736842,286.026,5849.0,0.0,931.0,0.0,0.0,0.0,22.21755489032368,0.0,0.015213568440773864
Kepler-1471 c,1.88,,0.6297640653357532,118.5,5533.0,0.0,841.0,0.0,0.0,0.0,17.528309500369478,0.0,0.01521281267963173
Kepler-625 b,1.99,,0.5843920145190563,407.833,5789.0,0.0,852.0,0.0,0.0,0.0,19.290883193273892,0.0,0.015211765955375066
Kepler-1478 b,1.73,,0.7005444646098004,85.282,5904.0,0.0,598.0,0.0,0.0,0.0,15.193667726976054,0.0,0.01521121399038791
Kepler-790 b,2.18,,0.5190562613430127,38.274,5208.0,0.0,634.0,0.0,0.0,0.0,22.525400652961082,0.0,0.015211144182407012
Kepler-964 b,2.12,,0.5372050816696915,43.916,5427.0,0.0,652.0,0.0,0.0,0.0,21.440568881959855,0.0,0.015204215051475815
Kepler-50 c,2.17,8.2,1.6786230490018148,388.444,6225.0,0.0,1125.0,0.0,0.0,0.0,71.8490438331783,0.0,0.015199360982825566
K2-55 b,4.43,44.0,0.5081669691470054,141.3,4300.0,0.07,900.0,0.25816582190106224,0.005679936909519936,0.04632152588555625,185.05729956269937,0.0,0.015191326435987714
Kepler-509 b,2.49,,0.4373865698729583,28.481,6060.0,0.0,584.0,0.0,0.0,0.0,28.284733705718782,0.0,0.01518913986702119
Kepler-1931 b,2.65323514,,0.40290381125226865,51.7,6167.0,0.0,619.0,0.0,0.0,0.0,31.522249818018672,0.0,0.015182807343569651
Kepler-115 c,2.6,,0.411978221415608,209.101,5979.0,0.0,960.0,0.0,0.0,0.0,30.330733388615087,0.0,0.015177898669433686
Kepler-984 b,2.12,,0.5372050816696915,13.991,5610.0,0.0,484.0,0.0,0.0,0.0,21.440568881959855,1.6249296466081108e-250,0.01517638210210885
Kepler-1401 b,1.68,,0.7277676950998185,100.91,5964.0,0.0,808.0,0.0,0.0,0.0,14.45470484972229,0.0,0.015175343860028247
Kepler-1895 b,2.11934728,,0.5390199637023594,91.45,5076.0,0.0,789.0,0.0,0.0,0.0,21.493138644904338,0.0,0.015175025417824574
Kepler-1623 b,1.31,,1.0072595281306715,243.08,5772.0,0.0,1000.0,0.0,0.0,0.0,9.4851429509056,0.0,0.015172321741046614
Kepler-349 c,1.96,,0.5952813067150635,94.491,5956.0,0.0,763.0,0.0,0.0,0.0,18.77496206720648,0.0,0.015171499593119855
Kepler-154 e,1.5,,0.8457350272232306,480.405,5769.0,0.0,1140.0,0.0,0.0,0.0,11.956297267836291,0.0,0.015170788737634172
Kepler-801 b,2.0,,0.5807622504537205,14.442,4435.0,0.0,419.0,0.0,0.0,0.0,19.46152980808196,1.167986902775637e-269,0.015161765640163503
Kepler-1188 b,2.08,,0.5517241379310345,165.573,5913.0,0.0,775.0,0.0,0.0,0.0,20.79699555273639,0.0,0.015159951591882267
NGTS-13 b,12.800678,1538.2972,0.7295825771324863,1096.0,5819.0,0.086,1605.0,0.14850832426278116,0.0005418342215676584,0.08689960998023066,6410.058348386044,0.0,0.015157846717420926
KOI-3503 b,1.19,9.2,1.8148820326678767,90.2,6001.0,0.0,785.0,0.0,0.0,0.0,12.810848480413119,0.0,0.015156108148649745
Kepler-1015 b,3.55,,0.27404718693284935,172.112,6769.0,0.0,1040.0,0.0,0.0,0.0,51.35692553057634,0.0,0.015151433229728957
Kepler-794 b,2.11,,0.5408348457350273,299.97,5839.0,0.0,952.0,0.0,0.0,0.0,21.281421841846257,0.0,0.015147026109958458
Kepler-927 b,1.72,,0.7078039927404719,129.534,5743.0,0.0,906.0,0.0,0.0,0.0,15.086446541898932,0.0,0.015142843242680984
Kepler-286 b,1.24,,1.0834845735027223,850.1,5580.0,0.0,1367.0,0.0,0.0,0.0,8.653193135100102,0.0,0.015139797165471836
Kepler-260 b,2.01,,0.5771324863883848,132.134,5250.0,0.0,782.0,0.0,0.0,0.0,19.63144658511358,0.0,0.015128640370091019
Kepler-1761 b,1.39109603,,0.9292196007259529,33.34,3871.0,0.0,613.0,0.0,0.0,0.0,10.477997850645066,0.0,0.015126781694445986
Kepler-632 b,2.21,,0.5099818511796733,14.72,5322.0,0.0,500.0,0.0,0.0,0.0,23.057921240007,8.269395503652205e-282,0.015124695953864235
Kepler-194 c,2.59,,0.41379310344827586,56.955,6089.0,0.0,815.0,0.0,0.0,0.0,30.114187470357702,0.0,0.015110445532611481
Kepler-831 b,1.27,,1.0471869328493648,266.249,5732.0,0.0,992.0,0.0,0.0,0.0,8.985122168369157,0.0,0.015109972894135957
Kepler-1559 b,0.72,,0.7985480943738658,1620.063,5316.0,0.0,1609.0,0.0,0.0,0.0,1.248496060248074,0.0,0.015107548624347064
TOI-6303 b,11.59,2493.0,1.6007259528130673,14.28,3977.0,0.02,541.0,0.411961855263169,0.07557509798169952,0.0376930063578559,10438.92803171245,1.0872965265370351e-262,0.015106915350709522
Kepler-311 b,1.7,,0.7168784029038113,201.362,5905.0,0.0,960.0,0.0,0.0,0.0,14.753017929338723,0.0,0.015103747287657851
Kepler-784 b,1.58,,0.7894736842105263,194.385,5674.0,0.0,688.0,0.0,0.0,0.0,13.04360168701691,0.0,0.015103661833791089
Kepler-369 b,1.13,,1.043557168784029,40.295,3591.0,0.0,687.0,0.0,0.0,0.0,6.307252035510905,0.0,0.015095444727499867
Kepler-1753 b,2.22678077,,0.5045372050816697,27.41,5180.0,0.0,583.0,0.0,0.0,0.0,23.33534321780163,0.0,0.015094610304245526
Kepler-769 b,2.92,,0.35390199637023595,241.128,6186.0,0.0,1037.0,0.0,0.0,0.0,36.90797146408427,0.0,0.015094190020537714
Kepler-791 b,3.05,,0.3357531760435572,140.057,6383.0,0.0,939.0,0.0,0.0,0.0,39.90324887759406,0.0,0.015092993821407394
HD 136352 b,1.664,4.72,1.0206693284936479,111.6,5664.0,0.0,905.0,0.0,0.0,0.0,19.69852189054106,0.0,0.015092969306153715
Kepler-373 b,1.36,,0.9600725952813067,453.872,5787.0,0.0,1054.0,0.0,0.0,0.0,10.116013671203888,0.0,0.015092218700304036
Lupus-TR-3 b,9.976,257.431,0.2540834845735027,15.9599,5000.0,0.0,1013.56,0.0,0.0,0.0,1056.6578104503021,0.0,0.01508311908063682
Kepler-1551 b,2.66,,0.4010889292196007,60.421,6136.0,0.0,722.0,0.0,0.0,0.0,31.62089761807604,0.0,0.015082141041413241
HD 28109 d,3.11,5.8,0.19963702359346644,17.3745,6189.0,0.0054,561.0,0.3837209552375271,0.05282763238830743,0.09678367259709673,25.1542204478336,0.0,0.01508062208430951
Kepler-482 b,2.36,,0.4682395644283122,4.436,4871.0,0.0,352.0,0.0,0.0,0.0,25.78058247142872,4.813831933105804e-11,0.015078515245377415
HIP 54597 b,13.3,762.7881768,0.32304900181488205,0.0143,4799.0,0.03,94.0,0.26264719837414835,0.011786882464620542,0.05965165357696135,3183.55190951218,0.6371322948821123,0.015077914978021821
Kepler-355 c,2.71,,0.39019963702359345,49.973,6184.0,0.0,633.0,0.0,0.0,0.0,32.529946047917385,0.0,0.015077248996010163
Kepler-1778 b,3.01665969,,0.33938294010889297,186.14,6310.0,0.0,942.0,0.0,0.0,0.0,39.02631784198134,0.0,0.015075015190101071
Kepler-340 c,3.37,,0.29401088929219604,154.653,6620.0,0.0,946.0,0.0,0.0,0.0,47.13480639929338,0.0,0.015074147605969002
TOI-2374 b,7.48759911,61.658710958,0.1457350272232305,122.9,5002.0,0.13,926.0,0.18285926535164074,0.0046581974083064704,0.06507453117486577,256.2596966562691,0.0,0.015072848898849689
Kepler-746 b,1.11,,1.029038112522686,421.61,5418.0,0.0,1156.0,0.0,0.0,0.0,5.895070533268197,0.0,0.015070025783222293
Kepler-1529 b,2.1,,0.544464609800363,115.765,5048.0,0.0,817.0,0.0,0.0,0.0,21.12108135382583,0.0,0.015066329356775422
HATS-74 A b,11.56766808,464.02947422,0.29764065335753176,106.9,3776.9,0.044,895.1,0.225927840697007,0.006878575335448754,0.03234759843992053,1929.8267154914115,0.0,0.015061260860823168
Kepler-579 b,2.0,,0.5807622504537205,60.609,5636.0,0.0,730.0,0.0,0.0,0.0,19.46152980808196,0.0,0.015059420366188524
Kepler-1245 c,1.44,,0.8911070780399275,328.984,5306.0,0.0,1190.0,0.0,0.0,0.0,11.145664828760077,0.0,0.015058466129943203
Kepler-1162 b,2.21,,0.5099818511796733,12.245,5390.0,0.0,490.0,0.0,0.0,0.0,23.057921240007,4.52735192643115e-183,0.015057490708449419
Kepler-290 b,2.25,,0.4972776769509982,22.637,5147.0,0.0,594.0,0.0,0.0,0.0,23.726579181183713,0.0,0.015053682192939073
Kepler-1891 b,1.52139156,,0.8294010889292197,253.28,5516.0,0.0,1017.0,0.0,0.0,0.0,12.234218101781533,0.0,0.015053274206231097
Kepler-1046 b,1.71,,0.7114337568058077,101.4,5913.0,0.0,786.0,0.0,0.0,0.0,14.900862549177393,0.0,0.015050633261218352
Kepler-1016 b,2.18,,0.5190562613430127,1445.204,5821.0,0.0,1540.0,0.0,0.0,0.0,22.525400652961082,0.0,0.015045883673443236
Kepler-1220 b,1.52,,0.8294010889292197,177.842,5842.0,0.0,899.0,0.0,0.0,0.0,12.200678251962165,0.0,0.01504542155155878
Kepler-1849 b,2.38685349,,0.46098003629764067,3.76,4806.0,0.0,355.0,0.0,0.0,0.0,26.257175857720327,4.075049679349549e-06,0.015043165551474669
Kepler-165 c,2.23,,0.5027223230490019,25.931,5211.0,0.0,581.0,0.0,0.0,0.0,23.352391807810356,0.0,0.01504053612488295
Kepler-1509 b,1.85,,0.6424682395644283,83.081,5780.0,0.0,667.0,0.0,0.0,0.0,17.039445495925126,0.0,0.015040359334644371
Kepler-1497 b,1.66,,0.7386569872958259,172.38,5675.0,0.0,924.0,0.0,0.0,0.0,14.153233893625375,0.0,0.015040149451348442
Kepler-1879 b,2.06512018,,0.5571687840290381,242.6,5865.0,0.0,987.0,0.0,0.0,0.0,20.554711125879994,0.0,0.015039900391897253
Kepler-1090 b,2.25,,0.4972776769509982,1.825,5321.0,0.0,297.0,0.0,0.0,0.0,23.726579181183713,0.9779558412378612,0.01503421396099585
Kepler-1044 b,2.67,,0.3992740471869329,218.497,5985.0,0.0,1058.0,0.0,0.0,0.0,31.83416591062733,0.0,0.015030309179517273
Kepler-839 b,2.57,,0.4192377495462795,46.303,6058.0,0.0,626.0,0.0,0.0,0.0,29.809065432440704,0.0,0.015019597855011732
Kepler-567 b,2.25,,0.4972776769509982,26.137,5148.0,0.0,611.0,0.0,0.0,0.0,23.726579181183713,0.0,0.015014933234744551
Kepler-1147 b,2.61,,0.4101633393829401,206.563,5941.0,0.0,872.0,0.0,0.0,0.0,30.54688793246715,0.0,0.015012952759517686
Kepler-1518 b,3.05,,0.3357531760435572,1079.458,6846.0,0.0,1351.0,0.0,0.0,0.0,39.90324887759406,0.0,0.015011465735926892
LHS 475 b,0.991,,0.9637023593466424,20.8,3300.0,0.0,586.0,0.0,0.0,0.0,3.9287328208086123,0.0,0.015005932854124158
TOI-5800 b,2.46,9.5,0.6279491833030854,274.163,4850.0,0.3,1108.0,0.1989872362150817,0.00229709717644487,0.061014051397121245,39.157813224762855,0.0,0.01500111021418005
TOI-5344 b,10.60369574,130.945303684,0.10961887477313975,38.0,3747.0,0.054,689.0,0.2303898074505822,0.017492332400756243,0.031548859325746186,547.451590879318,0.0,0.014999241776905196
Kepler-273 c,1.98,,0.5880217785843921,74.887,5626.0,0.0,865.0,0.0,0.0,0.0,19.11954669764277,0.0,0.014994939181282797
Kepler-1327 b,1.8,,0.6660617059891107,79.9,5885.0,0.0,831.0,0.0,0.0,0.0,16.271237717011477,0.0,0.014994054402644355
Kepler-1488 b,1.86,,0.6388384754990926,73.335,5820.0,0.0,650.0,0.0,0.0,0.0,17.21941950502332,0.0,0.014992972604555704
Kepler-155 b,2.09,,0.5480943738656987,23.5,4508.0,0.0,614.0,0.0,0.0,0.0,20.959591388792457,0.0,0.014989522956825024
HD 208897 b,13.7,,0.1471869328493648,10.8876,4860.0,0.02,507.24,0.3449530925960916,0.07894039446765241,0.06128118822460783,1585.3295913634133,6.043644614603562e-138,0.014983578510862766
Kepler-225 b,1.2,,1.0798548094373865,38.883,3682.0,0.0,579.0,0.0,0.0,0.0,7.816236909170915,0.0,0.014981450103486477
Kepler-1724 b,2.83677238,,0.3684210526315789,234.98,6092.0,0.0,999.0,0.0,0.0,0.0,35.22950311043424,0.0,0.014981430669002921
Kepler-1051 b,3.4,,0.29219600725952816,87.457,6675.0,0.0,850.0,0.0,0.0,0.0,48.10604327338804,0.0,0.014978925352378741
Kepler-1847 b,2.74516914,,0.38475499092558985,119.44,6122.0,0.0,843.0,0.0,0.0,0.0,33.34112084783765,0.0,0.014978712695572837
Kepler-843 b,2.59,,0.41379310344827586,890.333,5830.0,0.0,1523.0,0.0,0.0,0.0,30.114187470357702,0.0,0.014978272024480146
Kepler-1020 b,2.28,,0.49001814882032674,2.339,5227.0,0.0,325.0,0.0,0.0,0.0,24.327938855799818,0.6179273565968643,0.014977605483129949
TOI-3364 b,12.22899794,530.77343969,0.29038112522686027,425.0,5706.0,0.0,1264.0,0.0,0.0,0.0,2224.4856506899887,0.0,0.014974160023889507
Kepler-1151 b,2.22,,0.5063520871143375,4.86,5470.0,0.0,485.0,0.0,0.0,0.0,23.205991940484335,6.035379267795323e-15,0.014971577050541562
HD 20794 e,2.03,,0.5680580762250453,2.6513,5401.0,0.29,352.04,0.48761029772809006,0.2904455191735652,0.07573329059143477,19.905333658313246,0.17853376034446,0.01497003825554943
Kepler-753 b,1.91,,0.617059891107078,41.674,4346.0,0.0,641.0,0.0,0.0,0.0,18.01009606102568,0.0,0.01496945508861392
HIP 35173 b,3.61,,0.26860254083484575,6.4967,4881.0,0.16,444.34,0.3852362490403997,0.12255903813815934,0.06184217556231944,52.932247141987716,7.403620473198056e-36,0.01496941206132297
Kepler-1336 b,1.98,,0.5880217785843921,103.72,5512.0,0.0,793.0,0.0,0.0,0.0,19.11954669764277,0.0,0.014968170638773965
Kepler-1666 b,2.88273782,,0.36116152450090744,48.23,6293.0,0.0,672.0,0.0,0.0,0.0,36.24144659492038,0.0,0.014967757106447753
TOI-181 b,6.9559,46.1687,0.13724137931034483,102.43,4994.0,0.1543,895.1,0.18427389793392804,0.005504122943155294,0.06486082171287919,193.47892823748685,0.0,0.014963999669417668
75 Cet c,13.9,,0.10762250453720508,3.3569,4809.0,0.023,376.92,0.39111192151738366,0.2239258141763358,0.059918790404444436,1210.6987794312188,0.0006332061201160451,0.014962461821155452
HD 238090 b,2.52,,0.4301270417422868,8.1,3933.0,0.3,469.6,0.36430345514671686,0.09599289085387727,0.036517604316928694,28.832810577734715,2.2469740207386276e-65,0.014961829832749877
Kepler-710 b,1.88,,0.6297640653357532,710.872,5611.0,0.0,1174.0,0.0,0.0,0.0,17.528309500369478,0.0,0.014960553458675004
Kepler-655 b,2.71,,0.39019963702359345,28.767,6170.0,0.0,588.0,0.0,0.0,0.0,32.529946047917385,0.0,0.014959639297297026
Kepler-346 b,2.66,,0.4010889292196007,134.357,6033.0,0.0,1008.0,0.0,0.0,0.0,31.62089761807604,0.0,0.014957385154718766
Kepler-60 d,1.99,4.16,0.5281306715063522,161.0,5905.0,0.002,929.0,0.26085024236477033,0.004800400507271185,0.0891969866965772,17.433686364107775,0.0,0.01495594396868817
K2-130 b,1.25,,1.0725952813067152,136.4,4356.47,0.17,1013.11,0.28620315198395807,0.006055396062612263,0.04783004755035044,8.775149625073578,0.0,0.014954102478318361
Kepler-110 c,2.21,,0.5099818511796733,45.336,5960.0,0.0,743.0,0.0,0.0,0.0,23.057921240007,0.0,0.014949363600883598
Kepler-1365 b,0.92,,0.9237749546279492,456.25,5770.0,0.0,969.0,0.0,0.0,0.0,3.0131328121510252,0.0,0.014948987258098574
Kepler-301 c,1.35,,0.9691470054446462,238.481,5815.0,0.0,989.0,0.0,0.0,0.0,9.988023901731585,0.0,0.014946972439594593
CoRoT-7 b,1.68135,4.0766051771,1.6978221415607986,1773.7952,5275.0,0.0,1756.0,0.0,0.0,0.0,33.80299544926884,0.0,0.014944620488722289
HD 40307 g,2.56,,0.4228675136116153,0.6378,4956.0,0.29,255.0,0.48251095463269966,0.40227943498135943,0.06384570176844132,29.71753804780731,0.9823356441531578,0.01493893108300089
Kepler-1565 b,1.19,,1.0707803992740472,510.566,4940.0,0.0,1234.0,0.0,0.0,0.0,7.55840060344374,0.0,0.01492981034143293
WASP-23 b,10.783,280.95,0.21234119782214156,317.4314,5150.0,0.062,1076.55,0.1717351441774051,0.001902146175217623,0.06902815622161537,1115.17156682132,0.0,0.014921882483795139
Kepler-654 b,2.07,,0.5553539019963702,229.311,5865.0,0.0,831.0,0.0,0.0,0.0,20.633337086744156,0.0,0.014917661534654366
Kepler-1556 b,1.96,,0.5952813067150635,92.138,5608.0,0.0,797.0,0.0,0.0,0.0,18.77496206720648,0.0,0.01491658036525441
K2-204 b,3.17214154,,0.3194192377495463,290.0978,5783.0,0.28,1148.0,0.17814854019187826,0.00196123563290074,0.08593791740128745,42.70781470196257,0.0,0.01491494467057671
Kepler-370 c,1.91,,0.617059891107078,54.197,5852.0,0.0,647.0,0.0,0.0,0.0,18.01009606102568,0.0,0.014907784970395329
Kepler-810 b,1.93,,0.6079854809437387,350.597,5803.0,0.0,1105.0,0.0,0.0,0.0,18.30854131939945,0.0,0.014899145527130984
Kepler-197 d,1.22,,1.087114337568058,109.091,6004.0,0.03,810.0,0.4057807225099107,0.010421577462739197,0.09184164128865768,8.268815940386196,0.0,0.014899002689576972
Kepler-954 b,2.32,,0.4791288566243195,21.531,4990.0,0.0,545.0,0.0,0.0,0.0,25.061374825835614,0.0,0.014896919047796827
Kepler-1457 b,1.99,,0.5843920145190563,23.468,5866.0,0.0,478.0,0.0,0.0,0.0,19.290883193273892,0.0,0.014890725565448827
Kepler-1452 b,2.7,,0.3920145190562614,73.501,6101.0,0.0,810.0,0.0,0.0,0.0,32.320796446052775,0.0,0.014890605817486727
Kepler-1486 b,2.32,,0.4791288566243195,22.372,5965.0,0.0,538.0,0.0,0.0,0.0,25.061374825835614,0.0,0.014887324218532783
Kepler-60 c,1.9,3.85,0.5553539019963702,236.0,5905.0,0.039,1023.0,0.30086088948713957,0.0038990156056840633,0.08919698669657783,15.95582409523908,0.0,0.01488437985074205
Kepler-1229 b,1.4,,0.9237749546279492,0.524,3784.0,0.0,212.0,0.0,0.0,0.0,10.617906576886263,0.9566722641015678,0.01487208457025178
Kepler-521 b,3.18,,0.31578947368421056,160.612,6406.0,0.0,803.0,0.0,0.0,0.0,42.53707458084773,0.0,0.01486274810002311
Kepler-1027 b,0.89,,0.9056261343012705,1162.51,5436.0,0.0,1268.0,0.0,0.0,0.0,2.67428430798031,0.0,0.014860434792565772
Kepler-1393 b,0.8,,0.8511796733212342,574.37,5697.0,0.0,1249.0,0.0,0.0,0.0,1.8254914959980884,0.0,0.01485900741140789
Kepler-1479 b,1.83,,0.6533575317604357,98.574,5796.0,0.0,746.0,0.0,0.0,0.0,16.772306122820083,0.0,0.014854170613509337
Kepler-938 b,2.22,,0.5063520871143375,8.57,5533.0,0.0,544.0,0.0,0.0,0.0,23.205991940484335,1.0116111692475474e-75,0.014851288283040583
81 Cet b,13.1,,0.4664246823956443,13.0071,4734.0,0.037,526.92,0.3729734322919754,0.07417986013069316,0.05791526419832165,4392.2193484373665,3.388722415349545e-211,0.014850916898636513
Kepler-1305 b,1.88,,0.6297640653357532,103.51,5701.0,0.0,733.0,0.0,0.0,0.0,17.528309500369478,0.0,0.014850745922371731
Kepler-1921 b,2.89459458,,0.35934664246823955,216.2,6120.0,0.0,967.0,0.0,0.0,0.0,36.50609960692463,0.0,0.014850476278861106
K2-211 b,1.33162691,,0.9836660617059891,2056.0589,5117.0,0.19,1873.0,0.16586604863605134,0.0002936822570569932,0.06814660469091581,9.729353562686118,0.0,0.014850039991236842
Kepler-84 e,2.6,,0.411978221415608,48.29,6031.0,0.0,672.0,0.0,0.0,0.0,30.330733388615087,0.0,0.014848877387381257
Kepler-121 c,2.27,,0.49183303085299457,7.296,5311.0,0.0,425.0,0.0,0.0,0.0,24.098159408961518,1.8482725636231127e-49,0.014847461671466241
Kepler-1904 b,1.3904994,,0.9310344827586207,24.38,3805.0,0.0,567.0,0.0,0.0,0.0,10.48496036197425,0.0,0.014847063384379083
Kepler-186 d,1.4,,0.9237749546279492,7.204,3788.0,0.0,379.0,0.0,0.0,0.0,10.617906576886263,8.613459653370633e-48,0.014842368663866451
HD 88986 b,2.49,17.2,1.1070780399274047,7.3543,5861.0,0.24,460.0,0.4417507211319145,0.1250589876133418,0.08802158465565407,71.59206456634213,1.5746115270115204e-50,0.01484201465591097
Kepler-254 d,2.5,,0.43375680580762255,38.844,5957.0,0.0,686.0,0.0,0.0,0.0,28.389316553537533,0.0,0.014840514112291163
Kepler-1250 b,1.92,,0.6134301270417423,1866.193,5717.0,0.0,1431.0,0.0,0.0,0.0,18.186846313324125,0.0,0.01483576412182618
TOI-4487 A b,14.60530185,397.28550875,0.12704174228675136,1203.0,6206.0,0.083,1639.0,0.10916689589399765,0.0003635830001603647,0.09723780520382444,1657.9317997709636,0.0,0.014826755534529357
Kepler-1535 b,2.55,,0.4228675136116153,5.384,6021.0,0.0,384.0,0.0,0.0,0.0,29.370644238439844,1.2557337459021519e-20,0.014821627978464648
DMPP-9 b,3.89,,0.24500907441016337,176.6011,6092.0,0.25,995.58,0.18573129162159857,0.003255048521924266,0.09419244537051343,60.41149494411789,0.0,0.014820974115013333
Kepler-989 b,2.21,,0.5099818511796733,74.35,5074.0,0.0,805.0,0.0,0.0,0.0,23.057921240007,0.0,0.0148174294419406
Kepler-28 c,1.857,2.06,0.32020998185117966,35.898,4499.3,0.017,509.0,0.43719607127490884,0.031147886946259452,0.05164556285729081,8.589327981733637,0.0,0.01481515731804137
Kepler-1017 b,1.99,,0.5843920145190563,119.603,5473.0,0.0,831.0,0.0,0.0,0.0,19.290883193273892,0.0,0.014814349516876338
Kepler-239 b,2.33,,0.4754990925589837,34.746,4914.0,0.0,616.0,0.0,0.0,0.0,25.19451861657391,0.0,0.014812621869204427
Kepler-969 c,0.99,,0.9637023593466424,564.581,5214.0,0.0,1270.0,0.0,0.0,0.0,3.916851580419873,0.0,0.014810074852448589
Kepler-1877 b,0.624086,,0.73502722323049,691.1,5615.0,0.0,1278.0,0.0,0.0,0.0,0.7483854827136901,0.0,0.014806447784705256
Kepler-224 d,2.3,,0.4827586206896552,36.293,5018.0,0.0,610.0,0.0,0.0,0.0,24.6037981345829,0.0,0.014801963449509282
TOI-2443 b,2.363,4.8,0.3629764065335753,13.2931,4375.0,0.301,519.0,0.3317064626586106,0.05726069155480886,0.0483250520916779,20.061258358669736,2.723634123164167e-222,0.014801080633286456
Kepler-1542 c,0.65,,0.7549909255898367,786.082,5564.0,0.0,1287.0,0.0,0.0,0.0,0.8685011763259827,0.0,0.014796536650997488
Kepler-1782 b,2.22927435,,0.5045372050816697,86.0,4931.0,0.0,773.0,0.0,0.0,0.0,23.41382476019927,0.0,0.014796367179471779
Kepler-1738 b,2.82472883,,0.37023593466424687,198.67,6063.0,0.0,957.0,0.0,0.0,0.0,34.95404696003522,0.0,0.014795355200069445
Kepler-376 c,1.79,,0.6715063520871144,168.29,5900.0,0.0,873.0,0.0,0.0,0.0,16.13235712341537,0.0,0.014790055991527218
Kepler-1760 b,2.28995546,,0.48638838475499097,12.56,5229.0,0.0,480.0,0.0,0.0,0.0,24.46543322281537,1.8691261188361045e-194,0.014789401191044329
Kepler-229 b,2.2,,0.5136116152450091,76.217,5120.0,0.0,823.0,0.0,0.0,0.0,22.908227554373934,0.0,0.014786834978470652
Kepler-653 b,1.95,,0.6007259528130672,90.384,5665.0,0.0,819.0,0.0,0.0,0.0,18.65816108852237,0.0,0.014782988053304545
Kepler-1817 b,2.27349126,,0.49183303085299457,10.85,5316.0,0.0,463.0,0.0,0.0,0.0,24.2095194126846,8.519494377202855e-137,0.014778168433017115
TOI-2040 b,10.32347122,248.223985867,0.2250453720508167,216.0,5132.0,0.109,1070.0,0.17176486538180638,0.002696105700292817,0.06854730993214592,1037.136574216709,0.0,0.01477637950831959
Kepler-336 c,2.1,,0.544464609800363,206.91,5867.0,0.0,967.0,0.0,0.0,0.0,21.12108135382583,0.0,0.014776018677142795
TRAPPIST-1 c,1.097,1.308,0.991650272232305,2.214,2566.0,0.00654,339.7,0.7280731618319239,0.4873860334592026,0.0,5.483615905703655,0.7609049679833285,0.014771490787115607
Kepler-1936 b,3.16615594,,0.32123411978221417,9.4,6501.0,0.0,524.0,0.0,0.0,0.0,42.70779798665523,7.358774626430132e-96,0.014770695659250032
K2-233 d,2.363,10.3,0.7803992740471869,12.7,4796.0,0.18,525.0,0.41097063774070874,0.07404019982279078,0.05957151252871276,43.13170547113993,1.2829445088384097e-199,0.014764432430850797
Kepler-244 c,2.05,,0.5626134301270418,81.574,5554.0,0.0,791.0,0.0,0.0,0.0,20.303003404778963,0.0,0.014763930929651364
HD 104985 b,12.8,,0.8402903811252269,115.1548,4738.0,0.047,901.01,0.2549292432981504,0.0073264175895723,0.05802211892931485,7381.555856295485,0.0,0.014763770330466334
Kepler-990 b,2.6,,0.411978221415608,108.3,5948.0,0.0,903.0,0.0,0.0,0.0,30.330733388615087,0.0,0.01475670158155103
Kepler-1699 b,1.56671124,,0.7985480943738658,245.65,5575.53,0.0,1010.0,0.0,0.0,0.0,12.863423393706626,0.0,0.014756420121016486
Kepler-948 b,1.85,,0.6424682395644283,126.203,5679.0,0.0,841.0,0.0,0.0,0.0,17.039445495925126,0.0,0.014754813172531168
Kepler-311 d,2.05,,0.5626134301270418,2.71,5903.0,0.0,327.0,0.0,0.0,0.0,20.303003404778963,0.12976320407639128,0.014746816206569861
Kepler-937 c,2.67,,0.3992740471869329,6.93,6095.0,0.0,377.0,0.0,0.0,0.0,31.83416591062733,5.899374279340511e-43,0.01474263199401377
Kepler-1034 b,2.26,,0.49546279491833034,36.787,5198.0,0.0,675.0,0.0,0.0,0.0,23.95658860096664,0.0,0.014741752661412696
Kepler-1922 b,2.29064904,,0.48638838475499097,71.11,5931.0,0.0,740.0,0.0,0.0,0.0,24.487670173010994,0.0,0.014739789059151614
Kepler-23 c,3.005,7.81,0.2861876588021779,257.39,5828.0,0.021,1008.0,0.27303459772270167,0.0033376564063558162,0.08714003312496015,32.529166855596245,0.0,0.014738455683280634
WASP-28 b,13.66374747,282.549453823,0.11817840290381126,695.65,6084.0,0.0,1456.0,0.0,0.0,0.0,1262.8047490915485,0.0,0.014737370394132643
KOI-351 e,2.66,,0.4010889292196007,10.228,6080.0,0.0,450.0,0.0,0.0,0.0,31.62089761807604,2.4309247923352455e-118,0.014733387856348127
Kepler-377 c,2.06,,0.558983666061706,49.855,5949.0,0.0,677.0,0.0,0.0,0.0,20.468658866998627,0.0,0.014729466406914027
HD 102956 b,13.8,,0.11578947368421054,1781.1928,4985.0,0.037,1804.96,0.1126416182744085,0.0002610692491720078,0.06462039856814589,1274.6617343348128,0.0,0.014722024739183052
K2-116 b,0.69,,0.7803992740471869,78.6,4348.35,0.06,783.03,0.36775474273021297,0.012906234814700162,0.04761313244643252,1.0738725426410054,0.0,0.014721319518492374
Kepler-1585 b,1.79,,0.6715063520871144,182.941,5538.0,0.0,1064.0,0.0,0.0,0.0,16.13235712341537,0.0,0.014718896302942345
Kepler-1749 b,1.61301783,,0.7676950998185119,7.34,3957.0,0.0,420.0,0.0,0.0,0.0,13.495683414641084,2.8019104169229763e-50,0.014718675795863008
Kepler-1990 c,0.98,,0.958257713248639,442.08,5751.0,0.0,1170.0,0.0,0.0,0.0,3.777888708645207,0.0,0.014714046022736967
Kepler-971 b,2.13,,0.5353901996370236,82.766,5431.0,0.0,1087.0,0.0,0.0,0.0,21.67194234972401,0.0,0.014710911104467143
Kepler-786 b,2.43,,0.4500907441016334,3.658,4838.0,0.0,348.0,0.0,0.0,0.0,27.05250662534617,1.6444334256997945e-05,0.01470679753909957
Kepler-980 b,2.67,,0.3992740471869329,170.137,5935.0,0.0,845.0,0.0,0.0,0.0,31.83416591062733,0.0,0.014706024246442725
Kepler-1187 b,2.61,,0.4101633393829401,72.957,5975.0,0.0,701.0,0.0,0.0,0.0,30.54688793246715,0.0,0.0146995702378511
Kepler-1311 b,1.24,,1.0834845735027223,296.92,5748.0,0.0,1019.0,0.0,0.0,0.0,8.653193135100102,0.0,0.014696090641870425
Kepler-1144 b,1.99,,0.5843920145190563,62.061,5753.0,0.0,811.0,0.0,0.0,0.0,19.290883193273892,0.0,0.014692510993120297
Kepler-1208 b,2.32,,0.4791288566243195,37.664,5001.0,0.0,665.0,0.0,0.0,0.0,25.061374825835614,0.0,0.014685537351470442
Kepler-1920 b,2.95415848,,0.3484573502722323,44.87,6277.0,0.0,660.0,0.0,0.0,0.0,37.63046708333022,0.0,0.01468511242879086
TOI-178 c,1.754,4.64,0.8705709618874774,97.6159,4316.0,0.00032,873.0,0.21323354611298803,0.006219179285395497,0.04674894480952655,19.678027060208557,0.0,0.014680220193130917
Kepler-844 b,1.68,,0.7277676950998185,89.652,4128.0,0.0,713.0,0.0,0.0,0.0,14.45470484972229,0.0,0.014679969469858634
Kepler-631 b,2.9,,0.3575317604355717,94.137,6185.0,0.0,828.0,0.0,0.0,0.0,36.525589197810255,0.0,0.014678874811477147
Kepler-605 b,1.44,,0.8911070780399275,316.718,5462.0,0.0,1133.0,0.0,0.0,0.0,11.145664828760077,0.0,0.014678090951196817
Kepler-537 b,1.41,,0.9147005444646098,442.522,5763.0,0.0,1181.0,0.0,0.0,0.0,10.74050953174657,0.0,0.014663808237341777
Kepler-1075 b,1.42,,0.9056261343012705,143.968,3959.0,0.0,818.0,0.0,0.0,0.0,10.861819693672095,0.0,0.014663333231007375
Kepler-241 b,2.33,,0.4754990925589837,23.6,4699.0,0.0,562.0,0.0,0.0,0.0,25.19451861657391,0.0,0.01466108177115249
Kepler-436 c,2.33,,0.4754990925589837,14.52,4685.0,0.0,503.0,0.0,0.0,0.0,25.19451861657391,4.869942754255497e-273,0.014652585743915564
WASP-157 b,11.19,182.43442,0.11615245009074411,482.1005,5772.0,0.0,1193.0,0.0,0.0,0.0,681.7218973128456,0.0,0.014649390184112309
Kepler-1295 b,1.55,,0.809437386569873,279.941,5486.0,0.0,1029.0,0.0,0.0,0.0,12.626034267217095,0.0,0.01464664674125067
Kepler-157 d,1.46,,0.8747731397459166,244.058,5866.0,0.0,969.0,0.0,0.0,0.0,11.403616824159371,0.0,0.014639308432448678
Kepler-1649 b,1.017,,0.9764065335753176,2.208,3240.0,0.0,307.0,0.0,0.0,0.0,4.302116283185127,0.750037202482113,0.014638864201558927
Kepler-1230 b,2.71,,0.39019963702359345,153.933,5961.0,0.0,946.0,0.0,0.0,0.0,32.529946047917385,0.0,0.014635242230508714
Kepler-1741 b,1.273,,1.043557168784029,33.79,3683.0,0.0,615.0,0.0,0.0,0.0,9.017581292009558,0.0,0.014635118507347774
Kepler-1047 b,2.09,,0.5480943738656987,28.851,5754.0,0.0,503.0,0.0,0.0,0.0,20.959591388792457,0.0,0.01462601359547676
Kepler-1348 b,1.94,,0.604355716878403,49.665,5911.0,0.0,636.0,0.0,0.0,0.0,18.48359456430943,0.0,0.014624266856072415
Kepler-1926 b,2.31495961,,0.4791288566243195,9.8,5256.0,0.0,451.0,0.0,0.0,0.0,24.898385778583016,1.99912871564523e-106,0.014623031399827836
Kepler-1067 c,1.74682428,,0.691470054446461,190.8,5594.0,0.0,973.0,0.0,0.0,0.0,15.438661508578052,0.0,0.014622261351902996
Kepler-181 c,1.99,,0.5843920145190563,168.188,5333.0,0.0,937.0,0.0,0.0,0.0,19.290883193273892,0.0,0.014616788731021263
Kepler-415 c,2.01,,0.5771324863883848,26.237,4362.0,0.0,543.0,0.0,0.0,0.0,19.63144658511358,0.0,0.014611278861179688
Kepler-1410 b,1.78,,0.6751361161524502,1.06,4092.0,0.0,290.0,0.0,0.0,0.0,15.949238678455716,0.9687279870663713,0.014611245600948501
Kepler-292 b,1.32,,0.9981851179673321,394.301,5299.0,0.0,1130.0,0.0,0.0,0.0,9.61659870480432,0.0,0.014611218560562179
Kepler-1155 b,2.03,,0.5698729582577133,32.52,5842.0,0.0,609.0,0.0,0.0,0.0,19.968928973515528,0.0,0.014608238662092996
Kepler-750 b,3.07,,0.33212341197822143,255.74,6160.0,0.0,1163.0,0.0,0.0,0.0,40.25346096141755,0.0,0.014607516100902896
GJ 463 b,13.1,1080.6165838,0.4791288566243195,0.0024,3563.0,0.146,63.55,0.14711594547145787,0.0013185023167114822,0.026633541700058702,4511.851782052393,0.6167428972788584,0.014601163574789053
Kepler-1942 b,2.1170287,,0.5390199637023594,247.34,5834.0,0.0,1012.0,0.0,0.0,0.0,21.422674879711593,0.0,0.014598837632418012
Kepler-400 b,1.65,,0.7459165154264974,183.39,5886.0,0.0,939.0,0.0,0.0,0.0,14.03558972895801,0.0,0.014598549099944144
Kepler-329 c,1.93,,0.6079854809437387,11.869,4257.0,0.0,402.0,0.0,0.0,0.0,18.30854131939945,6.188310876590763e-170,0.014598495913311551
Kepler-1716 b,2.4247685,,0.45190562613430135,6.3,4894.0,0.0,408.0,0.0,0.0,0.0,26.986539734821786,7.430709506967025e-33,0.014597504651101675
Kepler-594 b,2.18,,0.5190562613430127,59.396,5485.0,0.0,678.0,0.0,0.0,0.0,22.525400652961082,0.0,0.014593288442558234
Kepler-1010 b,2.32,,0.4791288566243195,10.17,5253.0,0.0,477.0,0.0,0.0,0.0,25.061374825835614,1.0867311305255182e-116,0.014592799942720523
Kepler-589 b,2.27,,0.49183303085299457,32.142,5296.0,0.0,656.0,0.0,0.0,0.0,24.098159408961518,0.0,0.014591164691422912
Kepler-925 b,2.34,,0.47368421052631576,5.833,4673.0,0.0,394.0,0.0,0.0,0.0,25.422900048979745,2.94125647897737e-26,0.014586267342181398
Kepler-1073 c,1.64,,0.7531760435571688,357.082,5792.0,0.0,1169.0,0.0,0.0,0.0,13.916071494991721,0.0,0.01458403609699356
Kepler-416 d,1.61,,0.7695099818511797,583.25,5670.0,0.0,1253.0,0.0,0.0,0.0,13.451802895897226,0.0,0.014581361509518541
Kepler-1858 b,2.42168247,,0.45190562613430135,2.79,4939.0,0.0,330.0,0.0,0.0,0.0,26.883632603879192,0.08076560196262583,0.014576775158314514
K2-100 b,3.88,21.8,0.37023593466424687,1915.0,5945.0,0.0,1841.0,0.0,0.0,0.0,90.58626525211109,0.0,0.014576722834079266
Kepler-1079 b,1.63,,0.7568058076225046,195.353,5758.0,0.0,887.0,0.0,0.0,0.0,13.728904329626776,0.0,0.014575201944282669
K2-222 b,2.275,7.5,0.6753428312159709,95.0,5942.0,0.021,803.0,0.3894597834616213,0.011692913858220178,0.09018539295826548,33.30865578061791,0.0,0.01457127167975331
Kepler-833 b,2.02,,0.573502722323049,8.313,4339.0,0.0,382.0,0.0,0.0,0.0,19.800593202511692,5.690797331750575e-70,0.01456599525922485
Kepler-40 b,13.11,699.2,0.30490018148820325,1187.965,6510.0,0.0,1620.0,0.0,0.0,0.0,2877.7586450133545,0.0,0.01456409786346884
GJ 179 b,13.8,301.93698665,0.11451905626134302,0.0028,3370.0,0.21,64.53,0.1109783300226665,0.0011338601267746687,0.021477800929636203,1260.6764175004182,0.6174270469968537,0.014563562721688243
Kepler-185 b,1.17,,1.0653357531760437,475.507,5208.0,0.0,1237.0,0.0,0.0,0.0,7.147146709171989,0.0,0.014562318966758718
Kepler-674 b,1.69,,0.7223230490018149,146.511,4192.0,0.0,822.0,0.0,0.0,0.0,14.60428153050956,0.0,0.014561481725443989
Kepler-956 b,3.0,,0.3430127041742287,307.058,6040.0,0.0,1056.0,0.0,0.0,0.0,38.793822894782124,0.0,0.014561360415414804
TOI-1231 b,3.65,15.4,0.31578947368421056,1.93,3553.0,0.087,329.6,0.510186633126705,0.38901804100467013,0.02636640487257434,64.32278680639688,0.9941577534518262,0.014558963886509537
Kepler-1092 b,2.07,,0.5553539019963702,17.016,5862.0,0.0,508.0,0.0,0.0,0.0,20.633337086744156,0.0,0.014557294994245278
HD 106315 c,4.35,15.2,0.18330308529945555,97.0,6327.0,0.22,886.0,0.19979976409752034,0.006070299176146297,0.1004701608163648,63.20132090255618,0.0,0.014551410542912879
DMPP-4 b,3.53,,0.27586206896551724,1222.8464,6400.0,0.063,1645.69,0.16547583011432704,0.0004930886638145091,0.10242025965698962,50.828198178141854,0.0,0.014549918497160976
Kepler-1805 b,1.54502915,,0.8112522686025408,12.48,3867.0,0.0,479.0,0.0,0.0,0.0,12.53298634642398,1.542301768352089e-191,0.01454958396242851
Kepler-1677 b,2.70216183,,0.3920145190562614,59.4,6013.72,0.0,712.0,0.0,0.0,0.0,32.39849425419046,0.0,0.014537989909283388
Kepler-54 d,1.53,12.0946,1.6696914700544463,3.425,4252.0,0.0,328.0,0.0,0.0,0.0,25.04950396164277,0.00029464004212247465,0.014537908967229285
Kepler-264 c,2.83,,0.37023593466424687,15.347,6158.0,0.0,511.0,0.0,0.0,0.0,35.15009348862319,3.3757634962638e-310,0.014536906484001114
TOI-1347 b,1.8,11.1,1.7967332123411979,1876.1315,5464.0,0.0,1400.0,0.0,0.0,0.0,43.892439618096354,0.0,0.014536778938998176
Kepler-1996 b,2.26,,0.49546279491833034,5.61,4580.0,0.0,392.0,0.0,0.0,0.0,23.95658860096664,2.2457264262965885e-23,0.014534588609508452
K2-229 c,2.03,7.0,0.925589836660617,66.0,5315.0,0.0,750.0,0.0,0.0,0.0,32.43361075316216,0.0,0.01452844876601357
Kepler-319 b,1.63,,0.7568058076225046,253.665,5526.0,0.0,1023.0,0.0,0.0,0.0,13.728904329626776,0.0,0.014527299018008486
Kepler-1679 b,2.0692036,,0.5553539019963702,103.3,5501.0,0.0,813.0,0.0,0.0,0.0,20.609531190566276,0.0,0.014527287195764037
Kepler-1313 b,1.76,,0.6860254083484574,227.198,5453.0,0.0,1012.0,0.0,0.0,0.0,15.666313526372127,0.0,0.014526987915642622
HD 25723 b,13.3,,0.3375680580762251,39.6333,4766.0,0.04,698.4,0.2840873339565257,0.021252107605843493,0.058770102046267404,3326.632894209357,0.0,0.01451415122569478
Kepler-152 c,2.39,,0.46098003629764067,2.57,5088.0,0.0,326.0,0.0,0.0,0.0,26.36115470829266,0.26721433897511887,0.0145117504525994
WASP-98 b,12.823096,293.03926,0.1386569872958258,269.8828,5473.0,0.0,1171.0,0.0,0.0,0.0,1224.6417182606433,0.0,0.014510874093658647
CoRoT-13 b,9.92,415.704,0.4246823956442831,546.5339,5945.0,0.0,1700.0,0.0,0.0,0.0,1736.5523670520486,0.0,0.014506157446300055
Kepler-338 c,2.34,,0.47368421052631576,119.648,5923.0,0.03,831.0,0.3394567135483518,0.008253679257639852,0.08967783298604798,25.422900048979745,0.0,0.014505430824513795
Kepler-105 c,1.44,5.6,1.8874773139745917,236.167,5933.0,0.02,997.0,0.336267004299517,0.00428962493165447,0.08994496981352895,23.607925502872668,0.0,0.01450363378803559
Kepler-616 d,2.653,,0.4010889292196007,14.69,6004.0,0.0,499.0,0.0,0.0,0.0,31.371915320259962,1.7548392870403792e-280,0.014502818966804222
Kepler-812 b,3.55,,0.27404718693284935,421.917,6761.0,0.0,1163.0,0.0,0.0,0.0,51.35692553057634,0.0,0.014499280078543855
Kepler-1484 b,2.11,,0.5408348457350273,35.92,5730.0,0.0,624.0,0.0,0.0,0.0,21.281421841846257,0.0,0.014492877754404493
Kepler-787 b,1.28,,1.0362976406533575,493.553,4248.0,0.0,1115.0,0.0,0.0,0.0,9.103387459923805,0.0,0.014488681552133138
Kepler-1645 b,1.78,,0.6751361161524502,138.538,5812.0,0.0,754.0,0.0,0.0,0.0,15.949238678455716,0.0,0.01448331408274307
Kepler-1475 b,2.92,,0.35390199637023595,13.76,6214.0,0.0,441.0,0.0,0.0,0.0,36.90797146408427,5.5740909378314726e-241,0.014471373294949548
Kepler-294 c,2.71,,0.39019963702359345,151.491,5913.0,0.0,895.0,0.0,0.0,0.0,32.529946047917385,0.0,0.014457681111336683
Kepler-1329 b,2.17,,0.5226860254083484,26.645,4500.0,0.0,577.0,0.0,0.0,0.0,22.37220034175378,0.0,0.014446657529753602
Kepler-1717 b,2.98929758,,0.3430127041742287,87.69,6200.0,0.0,780.0,0.0,0.0,0.0,38.38011451876509,0.0,0.014445494707767379
HD 109271 b,4.31,,0.21415607985480944,320.4393,5783.0,0.25,1128.86,0.15957968114719173,0.0016306623080562077,0.08593791740128848,71.82089755185245,0.0,0.014443092468728935
Kepler-444 c,0.497,,0.6442831215970962,165.73,5046.0,0.31,868.0,0.2264120590085784,0.004082392293581582,0.06624993321578246,0.3313099887274506,0.0,0.014441275084793646
HAT-P-11 b,4.36,25.0,0.21270417422867513,100.77,4653.0,0.251,838.0,0.1956015771958823,0.00577510915092431,0.05575145589570709,73.84550927348359,0.0,0.014436155093175819
Kepler-804 b,1.94,,0.604355716878403,83.427,5817.0,0.0,779.0,0.0,0.0,0.0,18.48359456430943,0.0,0.01443415243283501
Kepler-835 b,2.79,,0.3756805807622504,170.33,5954.0,0.0,921.0,0.0,0.0,0.0,34.17590043095715,0.0,0.014431299161269937
Kepler-512 b,2.69,,0.3938294010889292,32.329,5997.0,0.0,652.0,0.0,0.0,0.0,32.11098179201991,0.0,0.014429743449552102
Kepler-142 c,2.86,,0.36479128856624315,399.444,5790.0,0.0,1201.0,0.0,0.0,0.0,35.74630587748713,0.0,0.01442714830153026
Kepler-529 d,2.79502603,,0.3756805807622504,37.92,6078.0,0.0,633.0,0.0,0.0,0.0,34.360931311757064,0.0,0.014426982846555003
Kepler-385 c,3.04,13.2,0.4682395644283122,83.155,6326.0,0.0,829.0,0.0,0.0,0.0,55.10328208326019,0.0,0.014425239691499397
Kepler-805 b,2.89,,0.35934664246823955,86.473,6112.0,0.0,743.0,0.0,0.0,0.0,36.332537375176074,0.0,0.014424767619567277
Kepler-29 c,2.34,4.5,0.3466424682395644,34.4,5378.0,0.0,715.0,0.0,0.0,0.0,18.60449773699284,0.0,0.014420344165905543
TOI-1117 b,2.46,8.9,0.5989110707803993,928.0,5635.0,0.0,1538.0,0.0,0.0,0.0,37.347047295294054,0.0,0.014416562989349844
Kepler-946 b,1.93,,0.6079854809437387,124.072,5665.0,0.0,857.0,0.0,0.0,0.0,18.30854131939945,0.0,0.014414251065435786
Kepler-343 c,2.02,,0.573502722323049,57.932,5807.0,0.0,746.0,0.0,0.0,0.0,19.800593202511692,0.0,0.014412819137891351
GJ 9827 d,1.98,3.02,0.455535390199637,34.9,4236.0,0.0,675.0,0.0,0.0,0.0,14.811747596013381,0.0,0.014406220279896598
Kepler-1132 b,2.35,,0.47005444646098005,4.547,5298.0,0.0,384.0,0.0,0.0,0.0,25.55290976560077,5.266709060574817e-12,0.014403525281334833
Kepler-523 b,1.96,,0.5952813067150635,149.135,5515.0,0.0,884.0,0.0,0.0,0.0,18.77496206720648,0.0,0.014400674085565501
Kepler-1949 b,2.21964541,,0.5063520871143375,2016.25,6028.0,0.0,1709.0,0.0,0.0,0.0,23.194873969626034,0.0,0.014396637366347144
Kepler-1615 b,2.06,,0.558983666061706,31.171,5865.0,0.0,658.0,0.0,0.0,0.0,20.468658866998627,0.0,0.014393998329797477
Kepler-308 b,2.12,,0.5372050816696915,108.64,5895.0,0.0,833.0,0.0,0.0,0.0,21.440568881959855,0.0,0.014387360967278537
Kepler-1214 b,2.36,,0.4682395644283122,23.18,5130.0,0.0,591.0,0.0,0.0,0.0,25.78058247142872,0.0,0.014384867847401906
Kepler-1796 b,2.75047868,,0.38294010889292196,30.3,6036.0,0.0,598.0,0.0,0.0,0.0,33.37677065279848,0.0,0.014383363247977324
TOI-2107 b,13.57407563,263.79757781,0.10471869328493648,508.468,5627.0,0.033,1397.0,0.14660650938584155,0.0010631476047094064,0.08177058289255641,1097.0934379139742,0.0,0.014378316916977277
Kepler-446 c,1.11,,1.029038112522686,6.705,3359.0,0.0,520.0,0.0,0.0,0.0,5.895070533268197,3.224142963245787e-39,0.014376066479744522
Kepler-1272 b,2.37,,0.46460980036297644,34.433,5926.0,0.0,542.0,0.0,0.0,0.0,25.907291626626694,0.0,0.014375939667590664
Kepler-176 d,2.51,1.72,0.1088929219600726,15.536,5232.0,0.0,501.0,0.0,0.0,0.0,7.212891930449573,4.25084e-319,0.014372906453857255
Kepler-1184 b,2.68,,0.39564428312159716,18.039,5983.0,0.0,529.0,0.0,0.0,0.0,31.900529088691453,0.0,0.014364355883375415
Kepler-806 b,1.14,,1.043557168784029,413.603,5770.0,0.0,1089.0,0.0,0.0,0.0,6.476187426891155,0.0,0.014364142897973806
K2-290 b,3.06,10.9,0.7441016333938294,308.9946,6302.0,0.0,1230.0,0.0,0.0,0.0,89.30692716759597,0.0,0.014363112268893814
Kepler-1124 b,1.28,,1.0362976406533575,50.777,3658.0,0.0,621.0,0.0,0.0,0.0,9.103387459923805,0.0,0.014360601681178375
Kepler-1262 b,1.82,,0.6569872958257714,142.545,5771.0,0.0,949.0,0.0,0.0,0.0,16.59051031687569,0.0,0.0143569409354756
Kepler-1878 b,2.92019781,,0.35571687840290384,302.6,5918.0,0.0,1063.0,0.0,0.0,0.0,37.1047828757528,0.0,0.014356255889271077
Kepler-1099 b,2.83,,0.37023593466424687,766.344,5837.0,0.0,1558.0,0.0,0.0,0.0,35.15009348862319,0.0,0.01435604164208124
Kepler-1534 b,1.89,,0.6243194192377496,196.51,5442.0,0.0,955.0,0.0,0.0,0.0,17.65553432529008,0.0,0.014353959593003528
HD 116029 b,13.6,,0.1764065335753176,4.1506,4819.0,0.0,400.04,0.0,0.0,0.0,1858.7458012117534,9.234479496281984e-09,0.01435306490590135
Kepler-743 b,1.21,,1.0816696914700545,397.252,5486.0,0.0,1101.0,0.0,0.0,0.0,8.026743428190604,0.0,0.014348230197137879
GJ 876 b,13.3,723.2235,0.30671506352087113,0.2857,3293.74,0.0324,190.6,0.42830632589267104,0.2434168324608737,0.01944061548325043,3022.585801727856,0.9835980400945379,0.014343734606406238
TOI-6002 b,1.65,,0.7459165154264974,1.6823,3229.0,0.15,321.4,0.5859579509539895,0.46700383043608046,0.017711171662123895,14.03558972895801,0.965265237343999,0.014341798538620882
Kepler-219 b,2.95,,0.3502722323049002,456.732,5786.0,0.0,1307.0,0.0,0.0,0.0,37.66694235242357,0.0,0.014339326308548913
Kepler-1095 b,1.21,,1.0816696914700545,356.54,5658.0,0.0,1108.0,0.0,0.0,0.0,8.026743428190604,0.0,0.014338735921123483
Kepler-1742 b,2.1782413,,0.5190562613430127,10.73,5776.0,0.0,462.0,0.0,0.0,0.0,22.47092798609845,3.9306055985230844e-133,0.01433207665007592
HATS-33 b,13.78707,378.85336,0.14337568058076225,757.1284,5659.0,0.08,1429.0,0.12505637598169156,0.0006332704196287854,0.08262542074050237,1573.9105393852753,0.0,0.014329065565267482
Kepler-414 b,1.71,3.5,0.6987295825771326,241.171,5536.0,0.0,1024.0,0.0,0.0,0.0,14.634775717942084,0.0,0.01432639713353511
Kepler-1725 b,2.8125177,,0.3720508166969147,84.1,6020.0,0.0,767.0,0.0,0.0,0.0,34.67182199527151,0.0,0.01432456584400756
Kepler-139 d,1.695,2.0,0.9565275862068966,172.3,5622.0,0.0,972.0,0.0,0.0,0.0,19.511704788560063,0.0,0.014323614292961152
Kepler-1203 b,1.06,,1.0054446460980038,723.806,4105.0,0.0,1188.0,0.0,0.0,0.0,5.016079037417973,0.0,0.01432007425680957
Kepler-319 d,2.29,,0.48638838475499097,17.962,5526.0,0.0,528.0,0.0,0.0,0.0,24.466860820351094,0.0,0.014317183208717575
HD 143105 b,13.7,,0.14918330308529945,2502.0025,6380.0,0.07,2028.25,0.10066140984096837,0.0001710964463497,0.10188598600202889,1606.8322122080465,0.0,0.014303709775549994
Kepler-273 b,1.5,,0.8457350272232306,285.636,5626.0,0.0,1209.0,0.0,0.0,0.0,11.956297267836291,0.0,0.014300397083418959
HAT-P-50 b,14.437192,429.0705,0.1415607985480944,2108.4362,6280.0,0.115,1862.0,0.0941669356261172,0.0001877865534530063,0.09921461772719893,1784.3490324594445,0.0,0.014297377851393707
HD 86226 c,2.16,7.25,0.7205081669691471,647.901,5863.0,0.075,1311.0,0.2260893998831193,0.0011756170284889067,0.08807501202114984,30.415066522270696,0.0,0.014292944829994004
Kepler-1268 b,2.03,,0.5698729582577133,40.652,5904.0,0.0,627.0,0.0,0.0,0.0,19.968928973515528,0.0,0.014291489733612758
Kepler-836 b,2.73,,0.38656987295825773,135.797,5895.0,0.0,869.0,0.0,0.0,0.0,32.94614117139229,0.0,0.014290996599723292
Kepler-1797 b,3.05774442,,0.3339382940108893,51.68,6244.0,0.0,684.0,0.0,0.0,0.0,39.99064238195905,0.0,0.014289571754565283
Kepler-150 b,1.25,,1.0725952813067152,367.262,5560.0,0.0,1131.0,0.0,0.0,0.0,8.775149625073578,0.0,0.014287242544044839
GJ 3998 b,1.39,,0.9292196007259529,48.0,3726.0,0.0,733.5,0.0,0.0,0.0,10.453250844330253,0.0,0.014286061620902912
Kepler-338 d,3.0,,0.3430127041742287,53.556,5923.0,0.03,680.0,0.36651043149409035,0.018664278856224105,0.0896778329860489,38.793822894782124,0.0,0.014282363085872673
Kepler-155 c,2.24,,0.5009074410163339,1.28,4508.0,0.0,286.0,0.0,0.0,0.0,23.582516529555242,0.9778747462857434,0.014281706694762116
Kepler-250 c,2.28,,0.49001814882032674,71.499,5160.0,0.0,782.0,0.0,0.0,0.0,24.327938855799818,0.0,0.0142794239168605
WASP-37 b,13.002,572.07,0.2776769509981851,545.3338,5800.0,0.0,1232.5,0.0,0.0,0.0,2556.577287659211,0.0,0.014276816371339223
Kepler-162 b,1.26,,1.0617059891107077,305.946,5816.0,0.0,961.0,0.0,0.0,0.0,8.896199466231437,0.0,0.01427464837179621
Kepler-1650 b,0.96,,0.9473684210526315,54.562,3410.0,0.01,602.0,0.45299774111953955,0.021978229672056225,0.022546348239565646,3.5109222542733707,0.0,0.01426954927540329
Kepler-1520 b,5.77,,0.14591651542649728,1134.386,4677.0,0.0,1437.0,0.0,0.0,0.0,117.41416627983882,0.0,0.014267965285637731
Kepler-1649 c,1.06,,1.0054446460980038,0.75,3240.0,0.0,234.0,0.0,0.0,0.0,5.016079037417973,0.9069044115854307,0.014267633736936323
Kepler-1309 b,2.37,,0.46460980036297644,13.77,5235.0,0.0,491.0,0.0,0.0,0.0,25.907291626626694,2.1616695748878545e-241,0.014267118993974473
K2-57 b,2.30905002,,0.4809437386569873,24.1,4413.0,0.25,635.8,0.32070656060136543,0.03308868218771834,0.04934017203611329,24.801783222535242,0.0,0.014257265668133736
Kepler-164 c,2.73,,0.38656987295825773,131.487,5888.0,0.0,881.0,0.0,0.0,0.0,32.94614117139229,0.0,0.01425635580131286
HD 31527 d,3.46,,0.28493647912885667,1.8299,5898.0,0.24,327.48,0.4482671312018487,0.3457307553360572,0.08900999091734242,49.43846286290655,0.9894993260514467,0.01425314814740087
Kepler-545 b,2.69,,0.3938294010889292,101.143,5882.0,0.0,806.0,0.0,0.0,0.0,32.11098179201991,0.0,0.014248128284658306
Kepler-1641 c,2.95,,0.3502722323049002,42.145,6152.0,0.0,767.0,0.0,0.0,0.0,37.66694235242357,0.0,0.014246898826882272
HAT-P-52 b,11.309881,259.98494,0.17785843920145192,227.759,5131.0,0.047,1218.0,0.18411903286673809,0.002765911796209975,0.06852059624939767,1077.797550756963,0.0,0.014244590912930146
mu Leo b,13.3,,0.32304900181488205,51.7863,4538.2,0.09,704.49,0.23473628370134061,0.013833850033017967,0.052684725116204055,3183.55190951218,0.0,0.014241185951198625
Kepler-483 b,3.21,,0.3139745916515427,61.495,6346.0,0.0,755.0,0.0,0.0,0.0,43.50089684775247,0.0,0.01423793352598317
Kepler-633 c,2.296,,0.4845735027223231,115.4,5877.0,0.0,725.0,0.0,0.0,0.0,24.567667346175167,0.0,0.014237271210122844
Kepler-558 b,2.37,,0.46460980036297644,15.227,5242.0,0.0,498.0,0.0,0.0,0.0,25.907291626626694,1.1632592145377902e-304,0.01423699594778244
Kepler-323 c,1.57,6.8,1.7422867513611615,700.0,6004.0,0.095,1431.0,0.2164320423863397,0.0010288179366135066,0.0918416412886591,28.242764240095397,0.0,0.014234957691554017
Kepler-265 b,1.86,,0.6388384754990926,220.328,5835.0,0.0,1022.0,0.0,0.0,0.0,17.21941950502332,0.0,0.01423331014183671
Kepler-960 b,2.29,,0.48638838475499097,129.223,4755.0,0.0,1391.0,0.0,0.0,0.0,24.466860820351094,0.0,0.014230273723695367
K2-7 b,4.03523305,,0.23230490018148822,125.0,5700.0,0.24,786.0,0.1983717652636968,0.00476448411653656,0.08372068173317916,63.93708702221856,0.0,0.014224746746402877
KOI-7368 b,2.22,,0.5063520871143375,99.24,5241.0,0.0,805.0,0.0,0.0,0.0,23.205991940484335,0.0,0.014223594680499814
Kepler-133 b,1.76,,0.6860254083484574,408.58,5736.0,0.0,1041.0,0.0,0.0,0.0,15.666313526372127,0.0,0.01422106717944169
Kepler-1160 b,2.14,,0.5317604355716878,93.308,5519.0,0.0,839.0,0.0,0.0,0.0,21.829608694312096,0.0,0.014219235781094122
Kepler-216 c,3.04,,0.3357531760435572,182.057,6091.0,0.0,814.0,0.0,0.0,0.0,39.51204335427572,0.0,0.014217978374216728
Kepler-142 d,2.16,,0.5263157894736842,22.072,5790.0,0.0,582.0,0.0,0.0,0.0,22.21755489032368,0.0,0.014215639310729538
TOI-260 b,1.71,4.23,0.8457350272232306,10.1838,4026.0,0.0,493.0,0.0,0.0,0.0,17.71378047937925,4.396986546835904e-117,0.014193256396006337
Kepler-1862 b,2.203,,0.5117967332123412,41.04,5644.0,0.0,645.0,0.0,0.0,0.0,22.920791480240027,0.0,0.014193000011059864
TOI-4791 b,12.44196858,734.18362017,0.3793103448275862,783.2,6058.0,0.0,1472.0,0.0,0.0,0.0,3060.2055424613486,0.0,0.014192076230571046
Kepler-306 c,2.35,,0.47005444646098005,70.449,4954.0,0.0,716.0,0.0,0.0,0.0,25.55290976560077,0.0,0.014187342246720362
Kepler-967 b,2.35,,0.47005444646098005,39.1,5178.0,0.0,638.0,0.0,0.0,0.0,25.55290976560077,0.0,0.014186917112143165
Kepler-209 b,2.26,,0.49546279491833034,48.662,5513.0,0.0,668.0,0.0,0.0,0.0,23.95658860096664,0.0,0.0141833097767987
TOI-283 b,2.34,6.54,0.5099818511796733,30.4,5213.0,0.0,661.0,0.0,0.0,0.0,27.37101499526172,0.0,0.014178249105852789
Kepler-292 f,2.35,,0.47005444646098005,24.325,5299.0,0.0,563.0,0.0,0.0,0.0,25.55290976560077,0.0,0.01417769932527625
Kepler-1304 b,2.29,,0.48638838475499097,61.87,5259.0,0.0,715.0,0.0,0.0,0.0,24.466860820351094,0.0,0.014177117478888784
TOI-2000 b,2.7,11.0,0.5571687840290381,628.0,5611.0,0.0,1488.0,0.0,0.0,0.0,45.9374282821213,0.0,0.014177097129839769
Kepler-1354 b,2.97,,0.3466424682395644,18.86,6168.0,0.0,466.0,0.0,0.0,0.0,38.039931450518424,0.0,0.014175711581675281
Kepler-259 b,2.8,,0.3756805807622504,113.451,5938.0,0.0,879.0,0.0,0.0,0.0,34.54470194759067,0.0,0.014160714520496769
KOI-351 d,2.87,,0.3629764065335753,18.168,6080.0,0.0,520.0,0.0,0.0,0.0,35.9428653823958,0.0,0.014154990799660844
Kepler-288 d,2.67,,0.3992740471869329,12.659,5918.0,0.0,570.0,0.0,0.0,0.0,31.83416591062733,4.212312166019778e-198,0.014153139270703736
Kepler-1471 b,1.41,,0.9147005444646098,314.233,5660.0,0.0,1238.0,0.0,0.0,0.0,10.74050953174657,0.0,0.01415212198137729
Kepler-761 b,2.03,,0.5698729582577133,95.447,5706.0,0.0,767.0,0.0,0.0,0.0,19.968928973515528,0.0,0.014147989071831695
Kepler-1438 b,0.94,,0.9346642468239565,561.12,5530.0,0.0,1490.0,0.0,0.0,0.0,3.251829752410044,0.0,0.014146692554665271
Kepler-259 c,2.7,,0.3920145190562614,15.054,5938.0,0.0,530.0,0.0,0.0,0.0,32.320796446052775,9.240140232881082e-297,0.014144539062255788
Kepler-1196 b,2.23,,0.5027223230490019,8.302,5756.0,0.0,436.0,0.0,0.0,0.0,23.352391807810356,9.949227383864917e-70,0.014143262316837012
Kepler-201 c,2.85,,0.3666061705989111,6.033,6065.0,0.0,378.0,0.0,0.0,0.0,35.54863750630473,5.472021007714342e-29,0.014125409850643924
Kepler-284 b,2.24,,0.5009074410163339,38.366,5615.0,0.0,686.0,0.0,0.0,0.0,23.582516529555242,0.0,0.014124786517905672
Kepler-617 b,1.32,,0.9981851179673321,100.295,3712.0,0.0,750.0,0.0,0.0,0.0,9.61659870480432,0.0,0.014122088781008936
Kepler-1906 b,2.77615754,,0.3793103448275862,155.72,5868.0,0.0,901.0,0.0,0.0,0.0,33.99504492098624,0.0,0.014120651387542872
Kepler-765 b,2.43,,0.4500907441016334,48.947,5901.0,0.0,641.0,0.0,0.0,0.0,27.05250662534617,0.0,0.014119391602908088
HAT-P-53 b,14.773462,471.65972,0.14519056261343014,1400.0226,5956.0,0.134,1778.0,0.10003560953979981,0.000290364204115025,0.09055938451674882,1960.9830315082997,0.0,0.014115667243945276
Kepler-1723 b,2.88046569,,0.36116152450090744,24.54,6072.0,0.0,568.0,0.0,0.0,0.0,36.15581925353672,0.0,0.014114266619074297
Kepler-1374 b,2.29,,0.48638838475499097,59.789,5323.0,0.0,737.0,0.0,0.0,0.0,24.466860820351094,0.0,0.014113982965129139
Kepler-540 b,2.71,,0.39019963702359345,4.525,5946.0,0.0,355.0,0.0,0.0,0.0,32.529946047917385,8.2654141873175e-12,0.014111773637949918
Kepler-1138 b,1.7,,0.7168784029038113,245.904,5582.0,0.0,1080.0,0.0,0.0,0.0,14.753017929338723,0.0,0.014107578607730062
Kepler-1105 b,2.01,,0.5771324863883848,47.18,4299.0,0.0,729.0,0.0,0.0,0.0,19.63144658511358,0.0,0.014106614926848175
Kepler-1734 b,3.08851092,,0.33030852994555354,222.91,6061.0,0.0,985.0,0.0,0.0,0.0,40.76203166778157,0.0,0.014099851493866122
Kepler-1247 b,2.33,,0.4754990925589837,41.472,5303.0,0.0,676.0,0.0,0.0,0.0,25.19451861657391,0.0,0.01409839250557397
Kepler-1216 b,1.39,,0.9328493647912885,415.553,5743.0,0.0,1191.0,0.0,0.0,0.0,10.494083855440916,0.0,0.014093693031284014
Kepler-1073 d,1.48770949,,0.8548094373865699,828.59,5509.0,0.0,1369.0,0.0,0.0,0.0,11.789959619558694,0.0,0.014091489211972496
Kepler-66 b,2.8,,0.3756805807622504,62.845,5962.0,0.0,699.0,0.0,0.0,0.0,34.54470194759067,0.0,0.014084843455814504
KOI-351 f,2.88,,0.36116152450090744,6.796,6080.0,0.0,407.0,0.0,0.0,0.0,36.1382859620897,1.0856691653552116e-40,0.014084597988136827
Kepler-165 b,2.32,,0.4791288566243195,59.799,5211.0,0.0,716.0,0.0,0.0,0.0,25.061374825835614,0.0,0.01408094302836451
Kepler-405 b,2.08,,0.5517241379310345,55.623,5818.0,0.0,785.0,0.0,0.0,0.0,20.79699555273639,0.0,0.014071646228047649
Kepler-586 b,2.79,,0.3756805807622504,705.051,5575.0,0.0,1365.0,0.0,0.0,0.0,34.17590043095715,0.0,0.01406182960119988
Kepler-190 b,1.56,,0.8003629764065336,417.238,5106.0,0.0,1166.0,0.0,0.0,0.0,12.727684315708894,0.0,0.01405576759162335
Kepler-1880 b,2.11686218,,0.5390199637023594,31.73,4380.0,0.0,606.0,0.0,0.0,0.0,21.417620120793906,0.0,0.014055396158634697
Kepler-1240 b,1.15,,1.0490018148820328,539.129,5682.0,0.0,1121.0,0.0,0.0,0.0,6.682798553472235,0.0,0.014054626872215457
Kepler-292 d,2.23,,0.5027223230490019,103.005,5299.0,0.0,808.0,0.0,0.0,0.0,23.352391807810356,0.0,0.014053123351238823
Kepler-1954 b,1.80235934,,0.6642468239564429,192.09,5840.0,0.0,949.0,0.0,0.0,0.0,16.290793556518622,0.0,0.014046992469900403
TOI-1136 b,1.9,3.5,0.5081669691470054,360.5506,5770.0,0.027,1216.0,0.2874807668786441,0.0025267676710242,0.0855906395255571,14.600100479303734,0.0,0.014042529802390083
Kepler-107 b,1.536,3.8,1.0526315789473684,1073.0,5854.0,0.1,1592.0,0.20984123817269087,0.0006762628457934001,0.0878345888764139,15.97859728167081,0.0,0.014034776971334213
Kepler-1056 b,3.01,,0.3411978221415608,56.91,6127.0,0.0,590.0,0.0,0.0,0.0,38.97573793300523,0.0,0.0140322713422139
Kepler-239 c,2.51,,0.4319419237749546,4.315,4914.0,0.0,366.0,0.0,0.0,0.0,28.611137990783305,4.808283566137338e-10,0.014031789334216924
Kepler-947 b,2.28,,0.49001814882032674,51.95,5508.0,0.0,573.0,0.0,0.0,0.0,24.327938855799818,0.0,0.01402797007807803
Kepler-1826 b,1.47519116,,0.8638838475499092,99.32,3821.0,0.0,806.0,0.0,0.0,0.0,11.616862978660585,0.0,0.014021078105656146
Kepler-286 c,1.37,,0.9509981851179674,353.0,5580.0,0.0,1098.0,0.0,0.0,0.0,10.243066656898016,0.0,0.014020888919579
Kepler-1267 b,3.01,,0.3411978221415608,86.469,6096.0,0.0,774.0,0.0,0.0,0.0,38.97573793300523,0.0,0.01401419920551867
Kepler-232 b,3.08,,0.33030852994555354,410.583,5847.0,0.0,1104.0,0.0,0.0,0.0,40.42597917482252,0.0,0.014013938719422147
TOI-1238 c,2.11,8.32,0.8892921960072596,63.0,4089.0,0.15,695.0,0.31581558932848863,0.013858943803480248,0.04068493882566337,34.99294195471364,0.0,0.014011540585033525
Kepler-358 b,2.72,,0.3883847549909256,21.805,5908.0,0.0,554.0,0.0,0.0,0.0,32.73840341228933,0.0,0.014009995070583117
HD 102272 b,12.9,,0.7295825771324863,176.4116,4790.0,0.05,1038.01,0.2283725665888406,0.004448919015178529,0.05941123043222665,6560.428315936339,0.0,0.014009484668328586
Kepler-500 b,2.58,,0.4174228675136116,193.68,5813.0,0.0,909.0,0.0,0.0,0.0,30.027831097818066,0.0,0.0140083362571557
Kepler-1714 b,3.26437302,,0.30671506352087113,504.3,6150.0,0.0,1211.0,0.0,0.0,0.0,44.691306848861345,0.0,0.014002835813301123
Kepler-1672 b,2.97022762,,0.3466424682395644,4.4,6131.95,0.0,423.0,0.0,0.0,0.0,38.04867823113485,9.722425404532395e-11,0.014002352979722247
Kepler-770 b,2.3,,0.4827586206896552,27.736,5598.0,0.0,1171.0,0.0,0.0,0.0,24.6037981345829,0.0,0.014001506091934153
Kepler-306 d,2.47,,0.44101633393829404,21.983,4954.0,0.0,535.0,0.0,0.0,0.0,27.837750867808452,0.0,0.013997629422251606
Kepler-1845 b,2.43836702,,0.4482758620689656,27.47,4703.0,0.0,584.0,0.0,0.0,0.0,27.222699596290422,0.0,0.013996831351180036
Kepler-604 b,2.59,,0.41379310344827586,46.982,5890.0,0.0,637.0,0.0,0.0,0.0,30.114187470357702,0.0,0.013995169959268678
Kepler-100 c,2.2,7.05,0.31235970961887477,208.657,5825.0,0.02,939.0,0.30343807973554915,0.004410196200384552,0.08705989207671412,13.931942141444553,0.0,0.013995075323037487
Kepler-813 b,2.14,,0.5317604355716878,56.04,5743.0,0.0,817.0,0.0,0.0,0.0,21.829608694312096,0.0,0.013990932657757927
HD 95338 b,4.27174254,42.9,0.7223230490018149,7.42,5097.0,0.197,443.0,0.40631193011761135,0.11853122956846927,0.06761233103595314,235.849680108833,9.288379076396691e-52,0.013990863346405091
Kepler-102 f,0.861,4.3,6.715063520871143,10.0,4909.0,0.1,495.0,0.40915840846979107,0.08523544409198948,0.06259015867926772,17.9534612585067,6.593250381947603e-112,0.013981413713928005
Kepler-166 c,2.38,,0.4627949183303085,10.507,5413.0,0.0,468.0,0.0,0.0,0.0,26.13413090004276,1.8761323653340376e-126,0.013980552753733349
Kepler-1444 b,2.18,,0.5190562613430127,25.942,5810.0,0.0,581.0,0.0,0.0,0.0,22.525400652961082,0.0,0.013979394905231481
HATS-75 b,9.90873894,156.053747837,0.15934664246823957,59.26,3790.4,0.064,772.3,0.22275779670447693,0.011340845450141928,0.03270823315702247,649.3617235898759,0.0,0.01397764199344458
Kepler-659 b,2.5,,0.43375680580762255,21.309,4870.0,0.0,513.0,0.0,0.0,0.0,28.389316553537533,0.0,0.013976001407493978
Kepler-308 c,2.16,,0.5263157894736842,58.679,5895.0,0.0,714.0,0.0,0.0,0.0,22.21755489032368,0.0,0.013974631202013763
YZ Cet c,1.05,,0.9818511796733213,4.72,3151.0,0.0,410.3,0.0,0.0,0.0,4.761043755174906,1.2662455638919278e-13,0.013970589856895997
Kepler-555 b,2.83,,0.37023593466424687,129.374,5894.0,0.0,664.0,0.0,0.0,0.0,35.15009348862319,0.0,0.013969356981735249
Kepler-796 b,1.3,,1.0163339382940109,962.264,5475.0,0.0,1109.0,0.0,0.0,0.0,9.35308959120289,0.0,0.013968986820440003
Kepler-235 d,2.05,,0.5626134301270418,4.03,4255.0,0.0,401.0,0.0,0.0,0.0,20.303003404778963,6.762798254380271e-08,0.013964546343110104
Kepler-1474 b,2.16,,0.5263157894736842,21.392,5870.0,0.0,561.0,0.0,0.0,0.0,22.21755489032368,0.0,0.013962320832428302
TOI-4495 c,4.03,23.2,0.3448275862068966,346.626,6210.0,0.023,1365.0,0.24869805027537198,0.0023719152593291693,0.09734465993481249,94.53785621819611,0.0,0.013957495283470242
Kepler-343 b,2.41,,0.455535390199637,206.072,5807.0,0.0,1024.0,0.0,0.0,0.0,26.709260241159793,0.0,0.01394520950103793
Kepler-1030 b,2.48,,0.43920145190562615,16.881,4983.0,0.0,529.0,0.0,0.0,0.0,28.06127623040837,0.0,0.013944480797282322
Kepler-587 b,2.23,,0.5027223230490019,70.965,5549.0,0.0,764.0,0.0,0.0,0.0,23.352391807810356,0.0,0.013936186413824778
Kepler-1754 b,2.43996509,,0.4482758620689656,48.2,4723.0,0.0,672.0,0.0,0.0,0.0,27.276258757591673,0.0,0.013935137065659652
HATS-57 b,12.767051,1000.21101,0.4809437386569873,570.233,5587.0,0.028,1413.4,0.1892404327864303,0.0012513708157300724,0.08070203558262407,4192.322308632416,0.0,0.013934196010136252
Kepler-283 b,2.13,,0.5353901996370236,16.26,4351.0,0.0,488.0,0.0,0.0,0.0,21.67194234972401,0.0,0.0139339387855323
Kepler-496 b,2.32,,0.4791288566243195,62.926,5293.0,0.0,747.0,0.0,0.0,0.0,25.061374825835614,0.0,0.013933170669650127
Kepler-166 b,2.27,,0.49183303085299457,77.543,5413.0,0.0,772.0,0.0,0.0,0.0,24.098159408961518,0.0,0.013931122344183967
Kepler-528 b,2.08,,0.5517241379310345,68.971,5807.0,0.0,708.0,0.0,0.0,0.0,20.79699555273639,0.0,0.013921370185543203
LP 791-18 c,2.488,7.16,0.46460980036297644,2.637,2960.0,0.0001,324.4,0.27640977924945803,0.17053282388876684,0.010525191002830784,29.97285438671314,0.19410152578169504,0.013920962244038576
Kepler-2000 c,1.57,,0.7967332123411978,3.92,3757.0,0.0,359.0,0.0,0.0,0.0,12.915180730626957,3.798794005743106e-07,0.013918414440122547
Kepler-499 b,2.17,,0.5226860254083484,148.456,5312.0,0.0,844.0,0.0,0.0,0.0,22.37220034175378,0.0,0.013916592328108214
Kepler-312 c,3.15,,0.32304900181488205,165.824,6115.0,0.0,754.0,0.0,0.0,0.0,42.29496541103621,0.0,0.013915320068811604
TOI-2076 e,1.301,4.7,2.087114337568058,253.1032,5187.0,0.0,1110.0,0.0,0.0,0.0,19.251596052147438,0.0,0.013912829858844244
Kepler-507 b,1.3,,2.6911952813067153,877.327,6113.0,0.0,1407.0,0.0,0.0,0.0,24.766456796410317,0.0,0.013910736499634122
Kepler-1641 b,3.11,,0.3266787658802178,82.828,6152.0,0.0,908.0,0.0,0.0,0.0,41.16145164190952,0.0,0.013909990342835495
TOI-4336 A c,1.251,1.55,0.7894736842105263,4.24,3307.0,0.0,399.5,0.0,0.0,0.0,6.474380159179272,1.7637698980891704e-09,0.013907248779888188
Kepler-154 b,2.26,,0.49546279491833034,28.11,5690.0,0.0,561.0,0.0,0.0,0.0,23.95658860096664,0.0,0.013902663277493055
Kepler-593 b,2.87,,0.3629764065335753,61.02,5967.0,0.0,706.0,0.0,0.0,0.0,35.9428653823958,0.0,0.013899400811820136
WASP-16 b,13.67498,394.1092,0.10381125226860254,481.917,5700.0,0.0,1389.0,0.0,0.0,0.0,1112.0213840499657,0.0,0.013890459369113602
xi Aql b,13.4,,0.2558983666061706,149.8624,4841.0,0.059,973.07,0.19767798663604455,0.004434057158173042,0.06077362825239022,2579.1138770100306,0.0,0.013889365385006064
Kepler-658 b,1.63,,0.7568058076225046,223.745,4103.0,0.0,871.0,0.0,0.0,0.0,13.728904329626776,0.0,0.013888519512750195
Kepler-1227 b,2.29,,0.48638838475499097,4.179,5747.0,0.0,369.0,0.0,0.0,0.0,24.466860820351094,5.526013812175139e-09,0.013888382555518114
Kepler-191 d,2.28,,0.49001814882032674,99.6,5215.0,0.0,857.0,0.0,0.0,0.0,24.327938855799818,0.0,0.013885706747659241
Kepler-924 b,3.07,,0.33212341197822143,19.997,6167.0,0.0,610.0,0.0,0.0,0.0,40.25346096141755,0.0,0.01388243601560673
Kepler-534 b,2.24,,0.5009074410163339,63.95,5884.0,0.0,721.0,0.0,0.0,0.0,23.582516529555242,0.0,0.013880633663967204
Kepler-917 b,1.91,,0.617059891107078,228.11,5418.0,0.0,991.0,0.0,0.0,0.0,18.01009606102568,0.0,0.013879514166239185
Kepler-708 b,2.93,,0.35390199637023595,684.765,5692.0,0.0,1221.0,0.0,0.0,0.0,37.28846303513528,0.0,0.013877916873175867
TOI-480 b,2.85372018,20.8,0.8911070780399275,531.521,6174.0,0.0,1198.94,0.0,0.0,0.0,86.74663991760751,0.0,0.013875949380125393
TOI-1648 b,2.54,7.4,0.45190562613430135,27.4026,4850.0,0.178,799.0,0.32938797346108023,0.03040882487361839,0.061014051397121224,31.019693863763194,0.0,0.013871559929807846
Kepler-1666 c,3.23564749,,0.308529945553539,26.34,6293.0,0.0,578.0,0.0,0.0,0.0,43.77937273710687,0.0,0.013867691396142873
Kepler-1109 b,2.19,,0.515426497277677,11.382,5893.0,0.0,787.0,0.0,0.0,0.0,22.677109389951777,1.2027323263363182e-153,0.013867031206362563
Kepler-138 d,1.51,2.1,0.6533575317604357,3.4,3841.0,0.01,345.0,0.7026226812011719,0.3515402723198117,0.034059945504083824,9.4225912754436,0.00036962812428980554,0.013866931398090364
Kepler-1071 b,2.38,,0.4627949183303085,45.12,5215.0,0.0,814.0,0.0,0.0,0.0,26.13413090004276,0.0,0.013863810464747337
HAT-P-22 b,12.89035,785.0401,0.3883847549909256,325.569,5302.0,0.02,1463.0,0.21214505265348074,0.002341926355034353,0.07308863599935765,3484.535651962246,0.0,0.013860222222500425
HATS-24 b,15.636555,718.2958,0.1869328493647913,2706.9606,6125.0,0.0,2166.0,0.0,0.0,0.0,2993.625472036897,0.0,0.013856644787610844
Kepler-1521 b,2.5,,0.43375680580762255,5.122,5042.0,0.0,391.0,0.0,0.0,0.0,28.389316553537533,1.1475535808901327e-17,0.013856638783774609
Kepler-159 b,2.38,,0.4627949183303085,33.463,4625.0,0.0,447.0,0.0,0.0,0.0,26.13413090004276,0.0,0.013855369678753225
TOI-1775 b,8.04728896,96.0,0.18330308529945555,55.4426,5284.0,0.0,707.89,0.0,0.0,0.0,400.135581989967,0.0,0.013854669542370577
GJ 367 b,0.736,0.503,1.252268602540835,579.0,3535.0,0.0,1329.0,0.0,0.0,0.0,2.0913154418010103,0.0,0.013846688871765881
Kepler-1700 b,2.90129941,,0.3575317604355717,2.2,6031.0,0.0,329.0,0.0,0.0,0.0,36.57470952745308,0.8398146900551512,0.01384533174369545
Kepler-143 b,2.41,,0.455535390199637,118.334,5848.0,0.0,838.0,0.0,0.0,0.0,26.709260241159793,0.0,0.013843793569165527
Kepler-172 d,2.25,,0.4972776769509982,75.29,5526.0,0.0,736.0,0.0,0.0,0.0,23.726579181183713,0.0,0.013843481047382259
Kepler-1041 b,2.94,,0.35208711433756806,117.956,5957.0,0.0,644.0,0.0,0.0,0.0,37.478373211900745,0.0,0.01384335461860962
Kepler-1378 b,2.2,,0.5136116152450091,14.867,4407.0,0.0,525.0,0.0,0.0,0.0,22.908227554373934,2.4176930402960683e-288,0.013841148405063402
WASP-41 b,12.3299,270.1555,0.13466424682395645,344.149,5545.0,0.0,1244.0,0.0,0.0,0.0,1057.3519698062457,0.0,0.013839912175446539
Kepler-1005 b,1.5,,0.8457350272232306,301.329,5782.0,0.0,1026.0,0.0,0.0,0.0,11.956297267836291,0.0,0.01383448858700598
Kepler-369 c,1.41,,0.9147005444646098,4.21,3591.0,0.0,391.0,0.0,0.0,0.0,10.74050953174657,3.1359698019218737e-09,0.01383166512288778
Kepler-1021 b,2.33,,0.4754990925589837,50.37,5431.0,0.0,634.0,0.0,0.0,0.0,25.19451861657391,0.0,0.013830189913430543
Kepler-1113 b,2.81,,0.3738656987295826,22.849,5931.0,0.0,558.0,0.0,0.0,0.0,34.74747015184204,0.0,0.013829201609792948
Kepler-1958 b,2.05124311,,0.5607985480943739,99.6,5749.0,0.0,806.0,0.0,0.0,0.0,20.274347956583842,0.0,0.013827037673989554
Kepler-53 b,2.89,111.0,0.21415607985480944,60.997,5858.0,0.0,701.0,0.0,0.0,0.0,21.652724294296856,0.0,0.013824899886725615
Kepler-309 c,2.51,,0.4319419237749546,2.142,4713.0,0.0,204.0,0.0,0.0,0.0,28.611137990783305,0.9055011275238417,0.013824226839872675
Kepler-1552 b,2.47,,0.44101633393829404,1.854,5202.0,0.0,268.0,0.0,0.0,0.0,27.837750867808452,0.9810664283135114,0.013817407721058675
Kepler-299 b,1.32,,0.9981851179673321,622.067,5617.0,0.0,1258.0,0.0,0.0,0.0,9.61659870480432,0.0,0.013814094230076544
Kepler-614 b,2.39,,0.46098003629764067,37.2,5268.0,0.0,641.0,0.0,0.0,0.0,26.36115470829266,0.0,0.013814038834288887
Kepler-713 b,2.48,,0.43920145190562615,228.283,5785.0,0.0,905.0,0.0,0.0,0.0,28.06127623040837,0.0,0.013809325475336358
Kepler-1980 b,2.21,,0.5099818511796733,23.95,5819.0,0.0,564.0,0.0,0.0,0.0,23.057921240007,0.0,0.01380916952081733
GJ 3293 d,2.67,,0.397459165154265,0.59,3466.0,0.12,241.22,0.5308376939327513,0.4296041409932592,0.024042314473471774,31.689465156488115,0.9832441011844728,0.013807194851673593
HD 16417 b,5.0,,0.1764065335753176,141.5514,5841.0,0.2,964.0,0.184709896510083,0.004009107313201755,0.08748731100069045,92.3662449875765,0.0,0.013804867501475183
Kepler-1192 b,2.36,,0.4682395644283122,34.742,5438.0,0.0,600.0,0.0,0.0,0.0,25.78058247142872,0.0,0.013799683544048298
Kepler-164 d,2.45,,0.4446460980036298,35.89,5888.0,0.0,637.0,0.0,0.0,0.0,27.39058752420916,0.0,0.013799083867956061
Kepler-236 b,1.57,,0.7967332123411978,15.632,3750.0,0.0,469.0,0.0,0.0,0.0,12.915180730626957,1.5e-323,0.013798288080683637
Kepler-1307 b,2.47,,0.44101633393829404,41.185,5884.0,0.0,768.0,0.0,0.0,0.0,27.837750867808452,0.0,0.013788089988530592
Kepler-444 f,0.741,,0.8130671506352088,59.915,5046.0,0.29,673.0,0.302791702608512,0.013466626375051792,0.06624993321578446,1.3857013765309094,0.0,0.013783249254360967
Kepler-1673 b,2.9355194,,0.35208711433756806,30.5,6014.95,0.0,611.0,0.0,0.0,0.0,37.30728157095726,0.0,0.013773304677120611
Kepler-188 c,3.19,,0.31578947368421056,257.348,6021.0,0.0,1025.0,0.0,0.0,0.0,42.939630988211526,0.0,0.01377305296563627
Kepler-288 c,2.85,,0.3666061705989111,53.148,5918.0,0.0,815.0,0.0,0.0,0.0,35.54863750630473,0.0,0.01376674861418949
Kepler-179 b,1.64,,0.7531760435571688,360.262,5302.0,0.0,1075.0,0.0,0.0,0.0,13.916071494991721,0.0,0.013764324843570146
Kepler-336 d,2.37,,0.46460980036297644,74.36,5867.0,0.0,749.0,0.0,0.0,0.0,25.907291626626694,0.0,0.013753808600295493
Kepler-986 b,2.36,,0.4682395644283122,10.857,5642.0,0.0,465.0,0.0,0.0,0.0,25.78058247142872,5.195553397448428e-137,0.013745652185079584
Kepler-518 b,2.11,,0.5408348457350273,133.317,5842.0,0.0,839.0,0.0,0.0,0.0,21.281421841846257,0.0,0.01374279179979075
Kepler-1381 b,2.25,,0.4972776769509982,29.701,5747.0,0.0,649.0,0.0,0.0,0.0,23.726579181183713,0.0,0.013740496140037233
Kepler-620 b,3.32,,0.29945553539019965,219.051,6155.0,0.0,849.0,0.0,0.0,0.0,45.90238019554175,0.0,0.013733808850539169
pi Men d,3.72,,0.2595281306715064,5.6398,5998.0,0.22,443.55,0.3736504421322405,0.13252168165529793,0.09168135919217284,55.9631133913258,9.585751318612015e-24,0.013728594609112129
Kepler-1127 b,1.96,,0.5952813067150635,160.765,5664.0,0.0,994.0,0.0,0.0,0.0,18.77496206720648,0.0,0.01372748005525718
Kepler-382 b,1.32,,0.9981851179673321,381.465,5600.0,0.0,1166.0,0.0,0.0,0.0,9.61659870480432,0.0,0.013726943626209362
HD 5278 c,4.49,,0.2032667876588022,32.6706,6203.0,0.07,664.95,0.3067627505332546,0.02486808668302353,0.09715766415557511,77.07154341279622,0.0,0.013724097255569218
Kepler-875 b,2.9,,0.3575317604355717,41.431,5958.0,0.0,569.0,0.0,0.0,0.0,36.525589197810255,0.0,0.013723382921248438
Kepler-1777 b,2.13189678,,0.5335753176043557,71.3,5771.0,0.0,819.0,0.0,0.0,0.0,21.656230327234255,0.0,0.013719920739696665
Kepler-651 b,2.37,,0.46460980036297644,27.223,5522.0,0.0,574.0,0.0,0.0,0.0,25.907291626626694,0.0,0.013717448671280672
Kepler-23 d,2.206,4.44,0.41026914700544465,161.038,5828.0,0.01,896.0,0.31973047284627865,0.005901499709182427,0.08714003312495885,18.449049328512864,0.0,0.013713655644448704
Kepler-106 c,2.5,10.44,0.5952813067150635,96.905,5858.0,0.0,785.0,0.0,0.0,0.0,38.96107041657033,0.0,0.013712547295479261
Kepler-1774 b,3.18179549,,0.31578947368421056,16.4,6214.0,0.0,522.0,0.0,0.0,0.0,42.609167055289475,0.0,0.013711488573238433
Kepler-113 b,1.82,11.7,1.9473684210526316,105.333,4725.0,0.0,775.0,0.0,0.0,0.0,49.17573914366744,0.0,0.013711079662713569
Kepler-481 b,2.5,,0.43375680580762255,183.842,5802.0,0.0,899.0,0.0,0.0,0.0,28.389316553537533,0.0,0.013707778409837017
GJ 3929 b,1.09,1.75,1.32486388384755,17.3,3384.0,0.0,568.0,0.0,0.0,0.0,7.186862970568876,0.0,0.013703391187240118
GJ 1252 b,1.193,1.32,0.7622504537205083,233.0,3458.0,0.0,1090.0,0.0,0.0,0.0,5.42135231949981,0.0,0.013702953058354918
TOI-815 c,2.62,23.5,1.3067150635208713,8.03,4869.0,0.22,469.0,0.4239338428465793,0.11252522648066934,0.06152161136933908,98.44040251750677,6.830948052595587e-64,0.013697604736440416
HAT-P-69 b,18.786284,1137.8314,0.18511796733212343,2320.18,7394.0,0.0,1930.0,0.0,0.0,0.0,5141.144760637934,0.0,0.013690493805082783
HD 31527 c,3.85,,0.24682395644283125,16.9215,5898.0,0.04,571.07,0.4029457537967204,0.05762621860563358,0.08900999091734231,59.00082812259469,0.0,0.013690402429003988
Kepler-109 b,2.49,4.9,0.308529945553539,442.0,5950.0,0.11,1276.0,0.19961151169607536,0.001473778613823305,0.09039910242025267,19.95188684635764,0.0,0.013689754982780088
Kepler-1014 b,2.39,,0.46098003629764067,33.479,5388.0,0.0,614.0,0.0,0.0,0.0,26.36115470829266,0.0,0.01368969512302612
HD 21520 b,2.697,17.7,0.24500907441016337,25.7431,5871.0,0.0,637.0,0.0,0.0,0.0,20.133237575135606,0.0,0.013683496340330066
Kepler-1983 b,2.33,,0.4754990925589837,100.13,5135.0,0.0,807.0,0.0,0.0,0.0,25.19451861657391,0.0,0.013681546526251805
Kepler-1168 b,2.5,,0.43375680580762255,4.107,5157.0,0.0,379.0,0.0,0.0,0.0,28.389316553537533,1.9042848256831846e-08,0.01367344405089377
Kepler-263 c,2.47,,0.44101633393829404,5.994,5265.0,0.0,386.0,0.0,0.0,0.0,27.837750867808452,1.9062224275263595e-28,0.013671016198696895
Kepler-85 b,1.778,1.84,0.33021651542649727,107.028,5505.2,0.02,809.0,0.35795613941337884,0.009451632844573829,0.07851685633380667,7.774682624743054,0.0,0.013667206451604267
Kepler-1951 b,2.32107188,,0.4791288566243195,66.27,5468.0,0.0,728.0,0.0,0.0,0.0,25.096127238891885,0.0,0.013665834270159829
Kepler-136 b,2.05,19.8,2.2867513611615244,257.984,6165.0,0.0,951.0,0.0,0.0,0.0,82.52188480652093,0.0,0.013663526585488335
Kepler-466 b,2.85,,0.3666061705989111,12.5,5927.0,0.0,503.0,0.0,0.0,0.0,35.54863750630473,2.948728844952162e-192,0.013662430160779065
Kepler-1643 b,2.32,,0.4791288566243195,137.753,4916.0,0.0,799.0,0.0,0.0,0.0,25.061374825835614,0.0,0.013661085031913147
Kepler-285 b,1.34,,0.9782214156079855,428.407,5411.0,0.0,1131.0,0.0,0.0,0.0,9.8591658135348,0.0,0.013656119660072137
TOI-1899 b,11.09689089,212.94503269,0.1542649727767695,3.4,3926.0,0.044,378.0,0.38931624614554905,0.21946275697719675,0.03633060853769247,882.9983331478975,0.00039366613094242404,0.013654158053351356
Kepler-328 b,2.3,28.5,1.4156079854809438,57.079,6064.0,0.0,602.0,0.0,0.0,0.0,72.14647573298744,0.0,0.013651103383477988
Kepler-704 b,2.61,,0.4101633393829401,514.124,5616.0,0.0,1121.0,0.0,0.0,0.0,30.54688793246715,0.0,0.013647548041456327
HD 93385 d,2.89,,0.35934664246823955,24.471,5977.0,0.09,619.44,0.36600662109652693,0.037386194839839675,0.09112037185445733,36.332537375176074,0.0,0.013638106313521485
Kepler-1896 b,3.09935997,,0.3284936479128857,19.5,6122.0,0.0,536.0,0.0,0.0,0.0,40.96676249454488,0.0,0.013637775325093006
Kepler-1827 b,1.85644292,,0.6388384754990926,1113.4,5423.0,0.0,1329.0,0.0,0.0,0.0,17.1208166167228,0.0,0.013637405025807263
Kepler-1806 b,2.35560189,,0.47005444646098005,66.89,5311.0,0.0,729.0,0.0,0.0,0.0,25.736083492995455,0.0,0.013635019586124664
Kepler-1914 b,2.9429803,,0.3502722323049002,27.66,5982.0,0.0,585.0,0.0,0.0,0.0,37.398689518358744,0.0,0.013634369199637328
Kepler-1572 b,0.94,,0.9346642468239565,583.523,5618.0,0.0,1293.0,0.0,0.0,0.0,3.251829752410044,0.0,0.013632942863320369
Kepler-577 b,2.55,,0.4228675136116153,5.688,4984.0,0.0,314.0,0.0,0.0,0.0,29.370644238439844,2.3129145328846115e-24,0.0136291636474425
Kepler-1052 c,2.3,,0.4827586206896552,1.96,5818.0,0.0,302.0,0.0,0.0,0.0,24.6037981345829,0.9786564374477399,0.013626225952736683
Kepler-1170 b,2.41,,0.455535390199637,69.537,5069.0,0.0,705.0,0.0,0.0,0.0,26.709260241159793,0.0,0.013624804959382496
Kepler-1533 b,3.46,,0.28493647912885667,4.786,6431.0,0.0,330.0,0.0,0.0,0.0,49.43846286290655,3.249337426787381e-14,0.013618646991395386
Kepler-619 b,3.16,,0.3194192377495463,224.146,5980.0,0.0,1073.0,0.0,0.0,0.0,42.21929005820646,0.0,0.013612146274312084
Kepler-1861 b,2.20677414,,0.5099818511796733,31.5,5855.0,0.0,617.0,0.0,0.0,0.0,22.957098018690182,0.0,0.013605885579343311
Kepler-981 b,2.31,,0.4809437386569873,337.471,5718.0,0.0,1103.0,0.0,0.0,0.0,24.83240736571559,0.0,0.013605323429781734
Kepler-821 b,1.31,,1.0072595281306715,496.82,5191.0,0.0,1215.0,0.0,0.0,0.0,9.4851429509056,0.0,0.013603924537374624
Kepler-1362 b,2.6,,0.411978221415608,1.011,4857.0,0.0,248.0,0.0,0.0,0.0,30.330733388615087,0.9825404012667919,0.013603117895943397
Kepler-870 b,2.78,,0.37749546279491836,54.869,5857.0,0.0,691.0,0.0,0.0,0.0,33.97306524407332,0.0,0.013599046929845348
Kepler-893 b,3.03,,0.3375680580762251,266.271,5820.0,0.0,1034.0,0.0,0.0,0.0,39.33488095847061,0.0,0.01359138713471008
LP 791-18 d,1.032,0.91,0.8275862068965517,5.83,2960.0,0.0011,395.5,0.4654989002980199,0.15469225303527506,0.010525191002830437,3.810140098950967,2.8704422525273e-26,0.013587185074030863
Kepler-358 c,2.85,,0.3666061705989111,6.599,5908.0,0.0,411.0,0.0,0.0,0.0,35.54863750630473,1.7815446401937125e-37,0.013586100618683247
Kepler-513 b,2.2,,0.5136116152450091,36.527,5849.0,0.0,623.0,0.0,0.0,0.0,22.908227554373934,0.0,0.013585696397759445
Kepler-163 c,2.26,,0.49546279491833034,30.238,5776.0,0.0,648.0,0.0,0.0,0.0,23.95658860096664,0.0,0.013583166607078747
HATS-7 b,6.310667,38.1396,0.15063520871143377,211.6178,4985.0,0.17,1084.0,0.16202321038962816,0.002485980595036861,0.06462039856814426,158.57725463766775,0.0,0.01358087731624118
Kepler-234 c,3.51,,0.279491833030853,273.304,6224.0,0.0,1025.0,0.0,0.0,0.0,50.62663716650277,0.0,0.01357841055763236
Kepler-1844 b,3.03648191,,0.3375680580762251,314.25,5776.0,0.0,1074.0,0.0,0.0,0.0,39.58786212670196,0.0,0.013575206461180865
WASP-56 b,10.53646,143.0235,0.10580762250453721,447.82,5600.0,0.0,1216.0,0.0,0.0,0.0,518.4295327565234,0.0,0.013574825299931313
TRAPPIST-1 h,0.755,0.326,0.7554954627949183,0.144,2566.0,0.00567,171.7,0.5660796874854979,0.1665451521649977,0.0,1.3619505038052466,0.6330392079834346,0.013563420314408822
Kepler-1918 b,2.29763023,,0.4845735027223231,14.43,5889.0,0.0,497.0,0.0,0.0,0.0,24.620035890333646,3.874043185630192e-269,0.013560319679353472
HD 285507 b,13.8,,0.11814882032667877,53.0123,4503.0,0.09,736.35,0.19609603037187945,0.011220250712174301,0.05174440348346386,1300.6344655986882,0.0,0.013554134230423153
Kepler-1776 b,2.61157023,,0.4101633393829401,29.9,5872.0,0.0,603.0,0.0,0.0,0.0,30.602054027578106,0.0,0.01355252198237611
Kepler-474 b,3.06,,0.3339382940108893,671.064,5785.0,0.0,1115.0,0.0,0.0,0.0,40.07920633862844,0.0,0.013549675884536115
Kepler-156 b,2.3,,0.4827586206896552,135.077,5094.0,0.0,867.0,0.0,0.0,0.0,24.6037981345829,0.0,0.013548619820693204
Kepler-978 b,2.99,,0.3448275862068966,20.99,6002.0,0.0,546.0,0.0,0.0,0.0,38.610388929770465,0.0,0.013545200582948802
TOI-451 b,1.84,4.7,0.7441016333938294,786.0,5490.0,0.0,1474.0,0.0,0.0,0.0,19.416651520344523,0.0,0.013543092832959704
Kepler-112 c,2.4,,0.4573502722323049,24.255,5544.0,0.0,538.0,0.0,0.0,0.0,26.483249762837925,0.0,0.013541065454356967
Kepler-797 b,2.17,,0.5226860254083484,90.1,5680.0,0.0,605.0,0.0,0.0,0.0,22.37220034175378,0.0,0.013540199423506172
Kepler-101 c,1.25,3.78,1.9056261343012706,596.069,5667.0,0.0,1413.0,0.0,0.0,0.0,15.590367354191637,0.0,0.013534607831377828
WASP-145 A b,10.0881,282.8687,0.29038112522686027,313.4012,4900.0,0.0,1200.0,0.0,0.0,0.0,1248.777683299553,0.0,0.013531649952007679
G 192-15 b,1.02,,0.9673321234119783,7.06,2999.0,0.0,453.6,0.0,0.0,0.0,4.299963159921289,2.964799502584223e-45,0.013528093573402617
Kepler-272 d,2.25,,0.4972776769509982,141.135,5297.0,0.0,777.0,0.0,0.0,0.0,23.726579181183713,0.0,0.013524247347449574
Kepler-338 b,2.44,30.6,2.1052631578947367,256.606,5923.0,0.04,1005.0,0.2790262255077657,0.0033951443473400817,0.0896778329860482,128.10452742367926,0.0,0.013520729005531458
Kepler-1791 b,3.12103321,,0.32486388384754994,257.14,5887.0,0.0,1021.0,0.0,0.0,0.0,41.369970489653454,0.0,0.01351812393241173
Kepler-397 b,2.46,,0.4428312159709619,20.01,5307.0,0.0,539.0,0.0,0.0,0.0,27.61418042439924,0.0,0.013511641949994239
Kepler-1439 b,1.46,,0.8747731397459166,9.081,3578.0,0.0,420.0,0.0,0.0,0.0,11.403616824159371,7.563869683163077e-88,0.013509737308614305
Kepler-808 b,1.46,,0.8747731397459166,1428.3,4653.0,0.0,1322.0,0.0,0.0,0.0,11.403616824159371,0.0,0.01350666565715365
Kepler-212 c,2.74,,0.38475499092558985,54.662,5852.0,0.0,664.0,0.0,0.0,0.0,33.15313177499815,0.0,0.0135016923480613
Kepler-1371 c,0.64,,0.7459165154264974,853.269,5361.0,0.0,1216.0,0.0,0.0,0.0,0.8190657281148609,0.0,0.013501583078642921
K2-370 b,2.67,11.1,0.5807622504537205,428.205,5662.0,0.0,1267.0,0.0,0.0,0.0,46.30424132454884,0.0,0.01349574713704851
Kepler-1766 b,2.27904508,,0.49001814882032674,7.8,5868.0,0.0,406.0,0.0,0.0,0.0,24.29738424143328,3.563625906744553e-59,0.013495348521847644
TOI-4087 b,13.04725353,232.01473711,0.10344827586206896,753.9,6060.0,0.0,1458.0,0.0,0.0,0.0,962.4300415604531,0.0,0.013495268969146637
Kepler-1863 b,2.26309256,,0.4936479128856625,41.5,5871.0,0.0,508.0,0.0,0.0,0.0,23.966955255949976,0.0,0.013494501231310511
Kepler-1733 b,3.63582354,,0.26497277676951,257.11,6320.0,0.0,1021.0,0.0,0.0,0.0,53.34555743503299,0.0,0.013494213899595315
Kepler-184 c,1.97,8.8,1.147005444646098,29.875,5788.0,0.0,630.0,0.0,0.0,0.0,36.73269283793435,0.0,0.013488579278846323
TOI-564 b,11.43318,464.98529,0.308529945553539,1423.0,5640.0,0.072,1714.0,0.1317075491119724,0.00037216107962874883,0.08211786076828402,1931.4659423492953,0.0,0.013478591246686426
Kepler-543 b,2.5,,0.43375680580762255,23.081,4671.0,0.0,521.0,0.0,0.0,0.0,28.389316553537533,0.0,0.013475809117682064
Kepler-621 b,2.3,,0.4827586206896552,69.56,4521.0,0.0,737.0,0.0,0.0,0.0,24.6037981345829,0.0,0.013473123164379068
Kepler-175 c,3.1,,0.3284936479128857,31.95,6064.0,0.0,583.0,0.0,0.0,0.0,40.99214712764654,0.0,0.013470454130633672
14 And b,13.1,,0.5009074410163339,115.1634,4888.0,0.0,909.92,0.0,0.0,0.0,4716.935953963864,0.0,0.013463477881731073
Kepler-130 c,2.9,,0.3575317604355717,46.011,5879.0,0.0,683.0,0.0,0.0,0.0,36.525589197810255,0.0,0.013461789817997177
Kepler-1883 b,3.25107395,,0.308529945553539,7.08,6208.0,0.0,416.0,0.0,0.0,0.0,44.408538074622655,1.460599874880645e-45,0.013454675834690864
Kepler-1748 b,2.71275017,,0.39019963702359345,196.33,5774.0,0.0,955.0,0.0,0.0,0.0,32.62908298675131,0.0,0.013452697736703934
Kepler-169 f,2.58,,0.4174228675136116,2.439,4997.0,0.0,321.0,0.0,0.0,0.0,30.027831097818066,0.454482606560138,0.013449649940204037
WASP-47 b,12.86,374.0,0.18021778584392015,409.0,5565.0,0.0006,1275.0,0.10790862382022176,0.0009573588543419136,0.08011433456216048,1605.4957664598132,0.0,0.013445118807063552
Kepler-1855 b,1.216205,,1.087114337568058,86.97,3460.0,0.0,849.0,0.0,0.0,0.0,8.191891403886384,0.0,0.013431709704448713
Kepler-346 c,3.07,,0.33212341197822143,23.812,6033.0,0.0,654.0,0.0,0.0,0.0,40.25346096141755,0.0,0.013428129406251724
HD 103949 b,3.35,,0.29764065335753176,1.3983,4792.0,0.19,302.65,0.48108583227979734,0.43332083084488954,0.059464657797720415,46.87219368679577,0.9889031351585309,0.013425746211691653
Kepler-1186 b,2.23,,0.5027223230490019,85.385,5635.0,0.0,724.0,0.0,0.0,0.0,23.352391807810356,0.0,0.013423844295362997
Kepler-660 b,2.57,,0.4192377495462795,44.09,4779.0,0.0,649.0,0.0,0.0,0.0,29.809065432440704,0.0,0.013416188423489699
Kepler-221 e,2.63,7.86706,0.10344827586206896,25.156,5243.0,0.0,582.0,0.0,0.0,0.0,7.882774655636974,0.0,0.013408438915040665
Kepler-267 c,2.13,,0.5353901996370236,17.583,4258.0,0.0,484.0,0.0,0.0,0.0,21.67194234972401,0.0,0.013407024073660774
Kepler-759 b,2.27,,0.49183303085299457,19.02,5860.0,0.0,533.0,0.0,0.0,0.0,24.098159408961518,0.0,0.01340666299553342
Kepler-1875 b,3.22686692,,0.3121597096188748,23.05,6161.0,0.0,559.0,0.0,0.0,0.0,43.93479680321072,0.0,0.013403478806134473
TOI-512 b,1.54,3.57,1.0206693284936479,127.0,5277.0,0.02,1009.0,0.4026224241513348,0.009130828991012021,0.07242079393064393,15.614778789116365,0.0,0.013398381942000135
Kepler-974 b,1.57,,0.7967332123411978,28.511,3687.0,0.0,577.0,0.0,0.0,0.0,12.915180730626957,0.0,0.013396584698312243
L 98-59 c,1.329,2.0,0.852994555353902,12.7,3415.0,0.002,526.0,0.44945971813607033,0.07945584139237306,0.022679916653307406,8.387061183752342,1.2124309508693314e-199,0.013384398803929646
Kepler-1165 c,3.36093385,,0.29401088929219604,40.76,6249.0,0.0,644.0,0.0,0.0,0.0,46.75541533651454,0.0,0.013379045828504797
Kepler-464 b,3.3,,0.30308529945553536,495.005,5933.0,0.0,1163.0,0.0,0.0,0.0,45.6242040824523,0.0,0.013377899027380093
Kepler-280 c,2.01,,0.5771324863883848,279.085,5744.0,0.0,1088.0,0.0,0.0,0.0,19.63144658511358,0.0,0.013376358416673624
Kepler-926 b,2.31,,0.4809437386569873,17.883,5806.0,0.0,524.0,0.0,0.0,0.0,24.83240736571559,0.0,0.013371947695296335
Kepler-1281 b,1.64,,0.7531760435571688,375.55,5353.0,0.0,1123.0,0.0,0.0,0.0,13.916071494991721,0.0,0.013367644494942663
Kepler-84 c,2.36,20.2,1.5317604355716878,132.23,6039.0,0.0,865.0,0.0,0.0,0.0,84.33647909258076,0.0,0.013365845801727205
Kepler-1550 b,3.02,,0.33938294010889297,2.305,5991.0,0.0,348.0,0.0,0.0,0.0,39.156101522398956,0.6799872477560469,0.013362385070389409
WASP-156 b,6.15,42.0,0.17967332123411978,150.0,5036.0,0.16,934.5,0.18181663720784325,0.0038162842750596457,0.06598279638830759,175.06428419669092,0.0,0.013355471792871245
Kepler-231 c,1.93,24.1,0.17604355716878403,6.267,3767.0,0.0,393.0,0.0,0.0,0.0,5.301279128303721,1.9348078454900405e-32,0.013353019311637052
Kepler-275 c,3.38,,0.29401088929219604,146.5,6165.0,0.0,875.0,0.0,0.0,0.0,47.55565041090551,0.0,0.01334913390890731
Kepler-649 b,2.26,,0.49546279491833034,25.147,5871.0,0.0,564.0,0.0,0.0,0.0,23.95658860096664,0.0,0.013347245071236906
Qatar-5 b,12.408363,1373.0256,0.7168784029038113,669.0,5747.0,0.0,1415.0,0.0,0.0,0.0,5736.9039160593275,0.0,0.01334195574196844
Kepler-321 b,1.77,,0.6805807622504537,296.155,5740.0,0.0,1042.0,0.0,0.0,0.0,15.808405857752895,0.0,0.013341132639153092
Kepler-241 c,2.57,,0.4192377495462795,5.88,4699.0,0.0,397.0,0.0,0.0,0.0,29.809065432440704,6.919477129277378e-27,0.013339284549232578
Kepler-896 b,2.53,,0.426497277676951,1.99,5262.0,0.0,303.0,0.0,0.0,0.0,28.931199246336508,0.9816987035563466,0.013339065654378006
Kepler-1094 b,3.18,,0.31578947368421056,10.336,6112.0,0.0,480.0,0.0,0.0,0.0,42.53707458084773,1.90535682445132e-121,0.013334936192005712
TOI-1799 b,1.642,4.0,1.3629764065335754,164.26,5690.0,0.0,922.72,0.0,0.0,0.0,25.275305048256772,0.0,0.013334115939312052
Kepler-1173 b,0.89,,0.9056261343012705,1462.098,5252.0,0.0,1650.0,0.0,0.0,0.0,2.67428430798031,0.0,0.013328720429186189
DMPP-1 b,4.26,,0.2159709618874773,103.0711,6196.0,0.2,877.0,0.20765405595584757,0.005969783885022288,0.09697066837633711,69.93792920995679,0.0,0.013325946079972542
Kepler-92 c,2.6,6.1,0.8615471869328494,106.207,5883.0,0.04,781.0,0.3545201314328259,0.009714471978070613,0.08860928567611638,63.42897917948431,0.0,0.013325390257092265
Kepler-1828 b,2.11598626,,0.5408348457350273,96.27,5806.0,0.0,799.0,0.0,0.0,0.0,21.463068145730443,0.0,0.013324675167953902
Kepler-1631 b,1.35,,0.9691470054446462,446.918,5679.0,0.0,1122.0,0.0,0.0,0.0,9.988023901731585,0.0,0.013323430230021643
Kepler-1161 b,2.13,,0.5353901996370236,26.229,4253.0,0.0,485.0,0.0,0.0,0.0,21.67194234972401,0.0,0.013321797232997005
Kepler-182 c,3.43,,0.2867513611615245,88.852,6250.0,0.0,729.0,0.0,0.0,0.0,48.47038368284052,0.0,0.013318008873191031
Kepler-1667 b,2.98385261,,0.3448275862068966,9.3,5941.54,0.0,655.0,0.0,0.0,0.0,38.37273127840353,2.628858118527588e-93,0.013317076790271434
Kepler-1052 b,2.93,,0.35390199637023595,20.976,5888.0,0.0,522.0,0.0,0.0,0.0,37.28846303513528,0.0,0.013317008854418534
TOI-421 c,5.09,14.1,0.10707023593466425,34.32,5291.0,0.19,635.0,0.2233377769003265,0.017357652271963755,0.07279478548912423,59.14400310355627,0.0,0.013315681745823378
Kepler-538 b,2.215,12.9,1.1796733212341197,5.07,5534.0,0.21,417.0,0.48599379252101493,0.1831249404877487,0.07928621039695907,53.6996628195333,4.230175406131942e-17,0.0133135132249795
TOI-500 b,1.166,1.42,0.8874773139745916,1138.0,4440.0,0.063,1617.0,0.22330770523142332,0.0006778489909150746,0.05006144147031568,5.893068928185601,0.0,0.013306235299405932
Kepler-606 b,3.31,,0.30308529945553536,71.843,6161.0,0.0,683.0,0.0,0.0,0.0,46.04022770879793,0.0,0.013305602312616805
Kepler-327 d,1.73,,0.7005444646098004,7.59,3799.0,0.0,387.0,0.0,0.0,0.0,15.193667726976054,5.036248579939788e-55,0.013304834911091091
Kepler-325 b,2.91,,0.35571687840290384,210.554,5752.0,0.0,1017.0,0.0,0.0,0.0,36.71741082369577,0.0,0.01330475935418509
Kepler-1866 b,2.08215108,,0.5517241379310345,114.36,5791.0,0.0,834.0,0.0,0.0,0.0,20.861585382414532,0.0,0.013302424810522993
CoRoT-17 b,11.43,772.29,0.5117967332123412,640.9232,5740.0,0.0,1626.0,0.0,0.0,0.0,3201.2884664280655,0.0,0.01330013579801591
Kepler-612 b,2.84,,0.3684210526315789,997.089,5693.0,0.0,1046.0,0.0,0.0,0.0,35.34989014533763,0.0,0.013299693305011441
Kepler-1854 b,2.58746104,,0.41560798548094374,7.33,5026.0,0.0,420.0,0.0,0.0,0.0,30.157403757468327,4.375422083691028e-50,0.013288483362383124
Kepler-722 c,2.82,,0.3720508166969147,5.48,5863.0,0.0,401.0,0.0,0.0,0.0,34.949277047746776,9.025633266741162e-22,0.013287657092084173
Kepler-337 c,2.05,,0.5626134301270418,376.21,5684.0,0.0,1017.0,0.0,0.0,0.0,20.303003404778963,0.0,0.013285632443985802
Kepler-213 c,2.34,,0.47368421052631576,339.536,5696.0,0.0,1060.0,0.0,0.0,0.0,25.422900048979745,0.0,0.01328527059372756
Kepler-1337 b,2.41,,0.455535390199637,9.183,4523.0,0.0,437.0,0.0,0.0,0.0,26.709260241159793,2.2952021149382646e-90,0.013280584419010932
GJ 3473 b,1.264,1.86,0.912885662431942,59.4,3347.0,0.0,773.0,0.0,0.0,0.0,7.722291963373764,0.0,0.013280211091048068
Kepler-732 c,1.27,,1.0471869328493648,199.846,3631.0,0.0,893.0,0.0,0.0,0.0,8.985122168369157,0.0,0.013272568453817283
Kepler-265 c,2.63,,0.4065335753176044,65.359,5835.0,0.0,755.0,0.0,0.0,0.0,30.977921453731273,0.0,0.013266725106711664
tau Cet h,1.19,,1.0834845735027223,8.3829,5310.0,0.23,473.22,0.4751967069636082,0.11647180829013616,0.0733023454613375,7.648076542806632,1.5809198007379504e-71,0.01326500254805938
Kepler-596 b,3.46,,0.28493647912885667,82.302,6267.0,0.0,725.0,0.0,0.0,0.0,49.43846286290655,0.0,0.013264659465462974
Kepler-1266 b,2.58,,0.4174228675136116,10.313,5044.0,0.0,489.0,0.0,0.0,0.0,30.027831097818066,8.768875849295438e-121,0.013264312459077929
Kepler-1334 b,2.29,,0.48638838475499097,78.355,5614.0,0.0,710.0,0.0,0.0,0.0,24.466860820351094,0.0,0.013261669796050533
Kepler-264 b,3.33,,0.29945553539019965,79.478,6158.0,0.0,772.0,0.0,0.0,0.0,46.31841133282155,0.0,0.01326152858047005
Kepler-665 b,2.6,,0.411978221415608,20.719,4913.0,0.0,593.0,0.0,0.0,0.0,30.330733388615087,0.0,0.01325285975329415
GJ 9827 b,1.44,4.28,1.4261343012704175,318.0,4236.0,0.0,1035.01,0.0,0.0,0.0,17.837603711689752,0.0,0.01324936428172614
Kepler-1698 b,1.07315686,,1.0090744101633393,697.6,4975.03,0.0,1351.0,0.0,0.0,0.0,5.2239789739056075,0.0,0.01324566737695951
Kepler-1669 c,1.90120972,,0.6188747731397459,199.28,4224.0,0.0,958.0,0.0,0.0,0.0,17.81482117908301,0.0,0.013244505630624445
Kepler-1530 b,1.64,,0.7531760435571688,353.561,5477.0,0.0,1484.0,0.0,0.0,0.0,13.916071494991721,0.0,0.01323863429956123
Kepler-1101 b,2.47,,0.44101633393829404,3.577,5614.0,0.0,393.0,0.0,0.0,0.0,27.837750867808452,4.693104755242016e-05,0.013235878069959992
Kepler-1901 b,1.47418907,,0.8620689655172414,389.41,5696.0,0.0,1132.0,0.0,0.0,0.0,11.56884975206593,0.0,0.013226250739241182
Kepler-1491 c,2.44,,0.4482758620689656,18.66,5626.0,0.0,530.0,0.0,0.0,0.0,27.277429546248953,0.0,0.013223833033521539
Kepler-249 c,1.51,,0.8366606170598911,12.529,3568.0,0.0,429.0,0.0,0.0,0.0,12.066151605498609,2.508075413485967e-193,0.013215025553090053
Kepler-172 b,2.35,,0.47005444646098005,639.476,5526.0,0.0,1256.0,0.0,0.0,0.0,25.55290976560077,0.0,0.013205157639347022
Kepler-198 c,2.47,,0.44101633393829404,11.354,5574.0,0.0,465.0,0.0,0.0,0.0,27.837750867808452,9.84673690162637e-153,0.01319838661163296
Kepler-1652 b,1.6,,0.7767695099818512,0.81,3638.0,0.0,268.0,0.0,0.0,0.0,13.327255612574529,0.9637904968388026,0.01319752708631672
NGTS-15 b,12.32987877,238.689133657,0.13430127041742287,425.0,5600.0,0.0,1146.0,0.0,0.0,0.0,1054.496517484696,0.0,0.013195299890858455
TOI-178 e,2.301,3.48,0.2871883847549909,21.8202,4316.0,0.00038,600.0,0.2460394380784488,0.027568516949319596,0.04674894480952712,14.655658487661716,0.0,0.013193711362897634
Kepler-275 d,3.33,,0.29945553539019965,50.7,6165.0,0.0,671.0,0.0,0.0,0.0,46.31841133282155,0.0,0.013193698226206689
Kepler-751 b,2.46,,0.4428312159709619,39.01,5387.0,0.0,679.0,0.0,0.0,0.0,27.61418042439924,0.0,0.013189866938832822
Kepler-1893 b,1.70557445,,0.7132486388384756,478.98,5633.0,0.0,1194.0,0.0,0.0,0.0,14.823187614717884,0.0,0.013184146750522553
Kepler-1915 b,3.21798413,,0.3103448275862069,101.05,6020.0,0.0,809.0,0.0,0.0,0.0,43.3196375988964,0.0,0.013183300681527739
Kepler-1330 b,1.65,,0.7459165154264974,322.399,5608.0,0.0,879.0,0.0,0.0,0.0,14.03558972895801,0.0,0.01317638779225192
L 98-59 b,0.837,0.46,0.7803992740471869,24.5,3415.0,0.031,620.0,0.5042331770323146,0.05016447972076154,0.022679916653307052,1.916822241562379,0.0,0.013175807496531692
Barnard b,0.72,,0.7985480943738658,6.76,3195.0,0.03,438.0,0.6278860333940373,0.18761656012140562,0.01680290644868084,1.248496060248074,3.2417430537690106e-40,0.01317436579620367
TOI-1811 b,11.14172682,308.929211604,0.22323049001814882,55.9743,4766.0,0.052,962.2,0.24743938213026653,0.013331254237239167,0.058770102046267064,1293.3010784498142,0.0,0.013173779708461172
Kepler-783 c,2.33153725,,0.4754990925589837,113.3,5411.49,0.0,840.0,0.0,0.0,0.0,25.244418829708586,0.0,0.013173659526799364
Kepler-442 b,1.34,,0.9782214156079855,0.66,4402.0,0.04,241.0,0.8070744180336905,0.668838146075802,0.049046321525880524,9.8591658135348,0.9541758214701537,0.0131648059185485
Kepler-156 c,2.55,,0.4228675136116153,28.642,5094.0,0.0,588.0,0.0,0.0,0.0,29.370644238439844,0.0,0.013162369913048753
Kepler-289 e,2.94,17.4,0.52994555353902,1.58,5990.0,0.0,286.0,0.0,0.0,0.0,56.410747308634114,0.9954800684210462,0.013160881024912545
EPIC 229004835 b,2.332,10.4,0.8148820326678766,69.7,5868.0,0.23,804.0,0.28992388608512926,0.011549717555867535,0.08820858043489192,43.288146400905276,0.0,0.013157539071861431
HD 190360 c,5.53,26.2,0.1544464609800363,69.1705,5560.0,0.163,794.55,0.2117574139994914,0.008854997556969042,0.07998076614841776,109.4062076789778,0.0,0.013155382011303939
TOI-1798.01,2.448,6.5,0.47368421052631576,69.26,5165.0,0.0,734.31,0.0,0.0,0.0,29.10795924697606,0.0,0.013148393150478917
Kepler-585 b,2.83,,0.37023593466424687,489.149,5593.0,0.0,1178.0,0.0,0.0,0.0,35.15009348862319,0.0,0.013145331185570625
Kepler-622 b,2.13,,0.5353901996370236,12.486,4201.0,0.0,446.0,0.0,0.0,0.0,21.67194234972401,9.463055342671289e-192,0.013144900778108495
Kepler-738 b,2.5,,0.43375680580762255,27.644,5327.0,0.0,530.0,0.0,0.0,0.0,28.389316553537533,0.0,0.013139880442784971
Kepler-1726 b,2.50861954,,0.4319419237749546,24.0,5316.0,0.0,582.0,0.0,0.0,0.0,28.563956939305033,0.0,0.013138547653195437
Kepler-26 e,2.41,,0.455535390199637,1.753,4486.0,0.0,276.0,0.0,0.0,0.0,26.709260241159793,0.9803148706720477,0.013136771726331294
Kepler-498 b,3.03,,0.3375680580762251,202.775,5744.0,0.0,931.0,0.0,0.0,0.0,39.33488095847061,0.0,0.013134548871171933
Kepler-1830 b,3.32992941,,0.29945553539019965,35.8,6160.0,0.0,681.0,0.0,0.0,0.0,46.31546579467156,0.0,0.013133505303482744
Kepler-1510 b,3.36,,0.29401088929219604,14.036,6200.0,0.0,537.0,0.0,0.0,0.0,46.71645258164611,2.179104757929741e-252,0.013125766331156325
Kepler-417 b,2.31,11.0,0.8892921960072596,43.624,5177.0,0.0,671.0,0.0,0.0,0.0,45.91652682717223,0.0,0.013125548524207324
Kepler-433 b,16.25,896.24,0.20508166969147004,1682.66,6360.0,0.119,1776.0,0.1018959154276554,0.0002534276814165363,0.10135171234706362,3686.171609256161,0.0,0.013125068945171976
Kepler-609 b,3.35,,0.29764065335753176,258.059,5971.0,0.0,932.0,0.0,0.0,0.0,46.87219368679577,0.0,0.013122142594423592
Kepler-603 b,2.65,,0.40290381125226865,97.8,5808.0,0.0,731.0,0.0,0.0,0.0,31.40708332318338,0.0,0.01311518278892558
Kepler-1646 b,1.23,,1.0925589836660616,4.2,3299.0,0.0,365.0,0.0,0.0,0.0,8.51625851203296,3.7091374740870733e-09,0.013111353064831697
Kepler-81 c,2.37,4.3,0.32123411978221417,15.62,4385.0,0.0,502.0,0.0,0.0,0.0,17.91246335122236,5.4e-323,0.013104521112119806
Kepler-760 c,1.48,,0.8584392014519058,453.648,5322.0,0.0,1139.0,0.0,0.0,0.0,11.656906080285772,0.0,0.013103682066402299
Kepler-1153 b,1.73,,0.7005444646098004,761.808,5470.0,0.0,1343.0,0.0,0.0,0.0,15.193667726976054,0.0,0.013100523966723255
Kepler-641 b,1.85,,0.6424682395644283,311.788,5713.0,0.0,926.0,0.0,0.0,0.0,17.039445495925126,0.0,0.013098228921000932
Kepler-307 b,2.43,7.44,0.4754990925589837,59.7,5367.0,0.0,797.0,0.0,0.0,0.0,28.579664257422166,0.0,0.013094757000739565
HD 3167 b,1.601,4.844,1.177858439201452,1650.0,5338.0,0.0,1781.0,0.0,0.0,0.0,20.24676783843153,0.0,0.013090944266866756
Kepler-109 c,2.65,8.2,0.4355716878402904,91.0,5950.0,0.098,859.0,0.29064451781672973,0.009122050255384016,0.09039910242025288,33.95360359263068,0.0,0.013086946862551992
Kepler-153 c,2.53,,0.426497277676951,6.422,5404.0,0.0,458.0,0.0,0.0,0.0,28.931199246336508,1.054520672584264e-34,0.013083042008808558
Kepler-1290 b,1.42,,0.9056261343012705,443.221,5660.0,0.0,1098.0,0.0,0.0,0.0,10.861819693672095,0.0,0.013081337818353618
Kepler-549 b,2.57,11.0,0.3448275862068966,9.549,5360.0,0.0,487.0,0.0,0.0,0.0,24.51827892711573,9.78731042280349e-100,0.01308034206616215
Kepler-106 e,2.56,11.17,0.5626134301270418,20.294,5858.0,0.0,531.0,0.0,0.0,0.0,39.53835534257625,0.0,0.013075749579766599
WASP-140 b,14.23540549,775.5052,0.28642014519056264,491.326,5300.0,0.047,1270.0,0.16413873913264876,0.0012500239553237052,0.07303520863386148,3461.0007783501624,0.0,0.013072578481818158
Kepler-246 b,2.34,,0.47368421052631576,141.613,5206.0,0.0,896.0,0.0,0.0,0.0,25.422900048979745,0.0,0.013071645633800793
Kepler-1876 b,0.853,2.4,3.4482758620689657,475.0,6104.0,0.098,1299.0,0.21801842281444356,0.0014471063442033033,0.0945130095634863,8.964740133288279,0.0,0.013070544951175786
Kepler-1022 b,2.36,,0.4682395644283122,19.258,4445.0,0.0,512.0,0.0,0.0,0.0,25.78058247142872,0.0,0.013070193450604626
Kepler-556 b,2.24,,0.5009074410163339,81.641,5740.0,0.0,766.0,0.0,0.0,0.0,23.582516529555242,0.0,0.01306995512030479
Proxima Cen b,1.02,,0.9909255898366607,0.641,2900.0,0.0,218.0,0.0,0.0,0.0,4.404840310163271,0.894623888780097,0.013067343875489423
Kepler-861 b,2.28,,0.49001814882032674,197.29,5047.0,0.0,966.0,0.0,0.0,0.0,24.327938855799818,0.0,0.013065973823752866
Kepler-994 b,1.6,,0.7767695099818512,243.984,3934.0,0.0,957.0,0.0,0.0,0.0,13.327255612574529,0.0,0.013061572867830858
Kepler-613 b,2.29,,0.48638838475499097,66.269,5723.0,0.0,713.0,0.0,0.0,0.0,24.466860820351094,0.0,0.013051289203435831
TOI-5573 b,9.75,112.0,0.11996370235934666,12.92,3790.0,0.072,528.0,0.27958368022183944,0.054224515780740855,0.032697547683923134,465.7494138789006,7.042567020539313e-208,0.013048450020888443
Kepler-1129 b,2.96,,0.3484573502722323,32.265,5831.0,0.0,737.0,0.0,0.0,0.0,37.854138983760976,0.0,0.013046969439252163
TOI-1184 b,2.39,6.8,0.47731397459165154,57.54,4534.0,0.0,715.47,0.0,0.0,0.0,27.29521137118492,0.0,0.01304553039662681
Kepler-1273 b,2.49,,0.4373865698729583,14.877,5566.0,0.0,573.0,0.0,0.0,0.0,28.284733705718782,8.669505146554644e-289,0.01303991593726435
K2-225 b,3.60929179,,0.26860254083484575,121.3934,5520.0,0.23,923.0,0.20883603025114414,0.005125354307324167,0.07891221883848443,52.90110049960643,0.0,0.013036417606699423
K2-30 b,11.646151,184.02357,0.11615245009074411,299.0,5425.0,0.0,1092.0,0.0,0.0,0.0,768.5360335022726,0.0,0.013035195995840024
Kepler-1202 b,2.94,,0.35208711433756806,23.876,5834.0,0.0,547.0,0.0,0.0,0.0,37.478373211900745,0.0,0.013020742879340755
Kepler-1176 b,2.45,,0.4446460980036298,26.087,5844.0,0.0,595.0,0.0,0.0,0.0,27.39058752420916,0.0,0.013009649369282035
Kepler-126 d,2.5,,3.3391793103448277,14.714,6239.0,0.02,475.0,0.49372360825006545,0.07773918903674785,0.09811935673451132,218.54877479996549,1.55771983076331e-281,0.013008685920058728
Kepler-1060 b,2.38,,0.4627949183303085,17.416,5797.0,0.0,484.0,0.0,0.0,0.0,26.13413090004276,0.0,0.013006110332894106
GJ 27.1 b,3.66,,0.26497277676951,2.5488,3542.0,0.08,387.13,0.48415570232184324,0.30924650688235794,0.02607255436234301,54.41681542070515,0.2969436425622106,0.013005374248660917
Kepler-252 c,2.15,,0.5281306715063522,20.507,4208.0,0.0,499.0,0.0,0.0,0.0,21.985957250063045,0.0,0.013001488829042973
Kepler-933 b,2.46,,0.4428312159709619,61.323,5346.0,0.0,602.0,0.0,0.0,0.0,27.61418042439924,0.0,0.013000793474924683
GJ 3378 b,1.32,,0.9981851179673321,0.91,3340.0,0.0,272.0,0.0,0.0,0.0,9.61659870480432,0.9533427456554318,0.013000229897359454
Kepler-235 e,2.22,,0.5063520871143375,1.33,4255.0,0.0,306.0,0.0,0.0,0.0,23.205991940484335,0.9775188556601869,0.012996548381100466
Kepler-1925 b,3.00177922,,0.3430127041742287,18.74,5856.0,0.0,531.0,0.0,0.0,0.0,38.86288658399536,0.0,0.012996358180191089
Kepler-1549 b,2.57,,0.4192377495462795,1.184,5324.0,0.0,286.0,0.0,0.0,0.0,29.809065432440704,0.982301193381203,0.012996340061866276
Kepler-1073 b,2.3,,0.4827586206896552,128.55,5792.0,0.0,905.0,0.0,0.0,0.0,24.6037981345829,0.0,0.012990695691712064
Kepler-249 d,1.57,,0.7967332123411978,4.474,3568.0,0.0,332.0,0.0,0.0,0.0,12.915180730626957,2.243237245435495e-11,0.012979515074737422
Kepler-204 b,2.53,,0.426497277676951,79.703,5812.0,0.0,828.0,0.0,0.0,0.0,28.931199246336508,0.0,0.012979153356343089
Kepler-766 b,3.39,,0.29219600725952816,227.15,5992.0,0.0,990.0,0.0,0.0,0.0,47.68282538846247,0.0,0.012977422592921709
Kepler-116 b,3.42,,0.2885662431941924,594.451,6142.0,0.0,1251.0,0.0,0.0,0.0,48.35177847590215,0.0,0.012973972832604387
Kepler-162 c,3.03,,0.3375680580762251,77.052,5816.0,0.0,681.0,0.0,0.0,0.0,39.33488095847061,0.0,0.01297343857738433
HD 45184 c,2.91,,0.35571687840290384,93.3884,5869.0,0.07,884.78,0.29339329216526366,0.009025904354301003,0.08823529411764072,36.71741082369577,0.0,0.012972611710346508
TOI-5624 c,2.474,4.8,0.3121597096188748,96.429,5327.0,0.0,857.0,0.0,0.0,0.0,19.799970501429925,0.0,0.01297199498345899
HD 93963 A c,3.11976057,18.4,0.6007259528130672,543.8,5908.0,0.0,1212.45,0.0,0.0,0.0,76.406234786931,0.0,0.012967307142445098
Kepler-476 b,3.08,,0.33030852994555354,100.09,5837.0,0.0,807.0,0.0,0.0,0.0,40.42597917482252,0.0,0.012966784737624299
Kepler-446 d,1.35,,0.9691470054446462,3.307,3359.0,0.0,436.0,0.0,0.0,0.0,9.988023901731585,0.0010287433130855442,0.01295860514002241
Kepler-484 b,2.28,,0.49001814882032674,90.629,5668.0,0.0,766.0,0.0,0.0,0.0,24.327938855799818,0.0,0.012955288595692754
Kepler-44 b,12.22,317.82,0.16878402903811254,1109.223,5800.0,0.066,1544.0,0.12597723371410605,0.00044614440121009747,0.08639205000801269,1290.1303045479083,0.0,0.012954391087085713
Kepler-227 b,3.11,,0.3266787658802178,104.641,5854.0,0.0,793.0,0.0,0.0,0.0,41.16145164190952,0.0,0.01295293675715435
Kepler-1540 b,2.49,,0.4373865698729583,0.849,4540.0,0.0,266.0,0.0,0.0,0.0,28.284733705718782,0.9814107882840746,0.01295182917935977
K2-216 b,1.75,8.0,1.4882032667876588,248.0,4503.0,0.0,1103.0,0.0,0.0,0.0,33.40911788220905,0.0,0.012947616594003496
TOI-1203 b,1.52,3.51,0.9945553539019965,572.2,5737.0,0.067,1361.2,0.2559337785327684,0.0014654493575218977,0.08470908799486254,14.630134971718306,0.0,0.01294757191387816
HD 45184 b,3.52,,0.279491833030853,272.4625,5869.0,0.07,1156.34,0.22209625762793758,0.0026044086618320465,0.08823529411764142,51.06057741928693,0.0,0.01293722330447459
Kepler-138 c,1.51,2.3,0.6533575317604357,6.8,3841.0,0.017,410.0,0.6626944693738317,0.1962502693597061,0.03405994550408388,9.4225912754436,8.872669288767053e-41,0.012934853472271246
KOI-94 b,1.71,10.5,1.8330308529945554,1053.181,6182.0,0.25,1486.0,0.16426718030776585,0.00054004390549842,0.0965966768178573,38.3925285068091,0.0,0.012929615404183616
K2-117 c,2.06,,0.558983666061706,21.4,3778.0,0.15,537.0,0.36669159370198945,0.04199503866673779,0.032376983490941584,20.468658866998627,0.0,0.012921230970538315
Kepler-1357 b,1.28,,1.0362976406533575,449.975,5597.0,0.0,1177.0,0.0,0.0,0.0,9.103387459923805,0.0,0.012918832803344191
LHS 1678 b,0.685,0.35,1.088929219600726,94.3,3490.0,0.033,830.44,0.3832522389654392,0.011514153813576063,0.024683442859429264,1.4660877848613572,0.0,0.012917976090253726
Kepler-146 c,3.13,,0.32304900181488205,9.887,5948.0,0.0,473.0,0.0,0.0,0.0,41.494451234167705,8.58369453079016e-109,0.01291739224597533
Kepler-335 c,3.07,,0.33212341197822143,32.035,5877.0,0.0,592.0,0.0,0.0,0.0,40.25346096141755,0.0,0.01291728588826886
Kepler-860 b,3.24,,0.3103448275862069,233.621,5836.0,0.0,1050.0,0.0,0.0,0.0,44.214849538200184,0.0,0.012915211471574962
Kepler-467 b,2.25,,0.4972776769509982,72.749,5809.0,0.0,712.0,0.0,0.0,0.0,23.726579181183713,0.0,0.012914060869104437
HATS-54 b,11.37711541,239.324790471,0.1397459165154265,476.965,5621.0,0.0,1429.0,0.0,0.0,0.0,862.0336646089163,0.0,0.012910141052141996
Kepler-233 b,2.43,,0.4500907441016334,85.131,5360.0,0.0,751.0,0.0,0.0,0.0,27.05250662534617,0.0,0.012908977709755432
Kepler-1526 b,2.43,,0.4500907441016334,99.097,4601.0,0.0,787.0,0.0,0.0,0.0,27.05250662534617,0.0,0.012904409159925731
TRAPPIST-1 d,0.788,0.388,0.7925197822141561,1.115,2566.0,0.00837,286.2,0.787407575820232,0.7773021363546581,0.0,1.6243416239150013,0.7738959149707664,0.012903049318454301
Kepler-53 c,3.17,36.0,0.16696914700544466,23.176,5858.0,0.0,550.0,0.0,0.0,0.0,22.279355555993412,0.0,0.01290077681831568
Kepler-672 b,2.5,,0.43375680580762255,16.36,5627.0,0.0,529.0,0.0,0.0,0.0,28.389316553537533,0.0,0.012894585705631732
Kepler-627 b,3.73,,0.2577132486388385,39.303,6424.0,0.0,685.0,0.0,0.0,0.0,56.021128135662074,0.0,0.012889372830689735
TOI-1244 b,2.467,6.6,0.4827586206896552,56.63,4599.0,0.0,714.86,0.0,0.0,0.0,30.36170075545783,0.0,0.012884394124305192
Kepler-1336 c,1.71,,0.7114337568058077,662.713,5512.0,0.0,1260.0,0.0,0.0,0.0,14.900862549177393,0.0,0.012883469644972433
Kepler-363 d,2.05,,0.5626134301270418,203.761,5593.0,0.0,905.0,0.0,0.0,0.0,20.303003404778963,0.0,0.01287134259176803
Kepler-227 c,3.04,,0.3357531760435572,10.186,5854.0,0.0,443.0,0.0,0.0,0.0,39.51204335427572,3.844234669977317e-117,0.012864964890573757
Kepler-846 b,2.48,,0.43920145190562615,35.276,5579.0,0.0,624.0,0.0,0.0,0.0,28.06127623040837,0.0,0.012864825813158431
Kepler-375 c,2.65,,0.40290381125226865,33.152,5826.0,0.0,720.0,0.0,0.0,0.0,31.40708332318338,0.0,0.012850249673371355
Kepler-1350 c,1.73,,0.7005444646098004,94.054,3827.0,0.0,730.0,0.0,0.0,0.0,15.193667726976054,0.0,0.012847366284499845
TOI-2152 A b,14.35870428,899.45439181,0.30308529945553536,2195.7879,6630.0,0.057,1802.0,0.11840902552249757,0.00022982043138265257,0.10856440668910479,3758.3674250136705,0.0,0.012847353532328675
Kepler-1788 b,2.37850461,,0.4627949183303085,197.81,4786.0,0.0,956.0,0.0,0.0,0.0,26.08490043599681,0.0,0.012840446553036998
Kepler-1495 b,2.94,,0.35208711433756806,9.1,5831.0,0.0,443.0,0.0,0.0,0.0,37.478373211900745,2.646703661263579e-88,0.012839710983348601
Kepler-29 b,2.55,5.0,0.29945553539019965,55.9,5378.0,0.0,777.0,0.0,0.0,0.0,20.79895407443165,0.0,0.012839435385107036
Kepler-1110 b,2.66,,0.4010889292196007,43.136,4781.0,0.0,609.0,0.0,0.0,0.0,31.62089761807604,0.0,0.012839216376950463
Kepler-256 e,2.35,,0.47005444646098005,98.9,5551.0,0.0,897.0,0.0,0.0,0.0,25.55290976560077,0.0,0.012837556695197838
Kepler-1709 b,3.12424875,,0.32486388384754994,11.7,5918.0,0.0,472.0,0.0,0.0,0.0,41.497970310171944,3.49447649865302e-164,0.012837042615606665
alf Tau b,12.7,,1.0018148820326678,220.442,4055.0,0.1,1086.77,0.1988562234750702,0.0031835252087398223,0.03977667361222386,8595.818781524737,0.0,0.012828282262981354
HD 35843 b,2.29,,0.4845735027223231,96.8492,5666.0,0.0,872.3,0.0,0.0,0.0,24.37556656355874,0.0,0.012827054870954669
Kepler-626 b,2.29,,0.48638838475499097,69.795,5813.0,0.0,784.0,0.0,0.0,0.0,24.466860820351094,0.0,0.012824528191178674
Kepler-1538 b,2.82,,0.3720508166969147,1.989,5837.0,0.0,346.0,0.0,0.0,0.0,34.949277047746776,0.9849116117978881,0.012823077303476683
Kepler-265 d,2.49,,0.4373865698729583,18.941,5835.0,0.0,554.0,0.0,0.0,0.0,28.284733705718782,0.0,0.012819334925003138
Kepler-532 b,2.57,,0.4192377495462795,34.089,5192.0,0.0,620.0,0.0,0.0,0.0,29.809065432440704,0.0,0.01281246960568525
Kepler-359 b,3.53,,0.27586206896551724,23.9,6248.0,0.0,671.0,0.0,0.0,0.0,50.828198178141854,0.0,0.012805788127477706
Kepler-644 b,3.15,,0.32304900181488205,2381.77,6747.0,0.0,1655.0,0.0,0.0,0.0,42.29496541103621,0.0,0.012800111890813705
Kepler-772 b,1.82,,0.6569872958257714,264.576,5714.0,0.0,866.0,0.0,0.0,0.0,16.59051031687569,0.0,0.012799900362568211
Kepler-572 b,2.58,,0.4174228675136116,26.889,5212.0,0.0,553.0,0.0,0.0,0.0,30.027831097818066,0.0,0.012797472286704232
HD 81688 b,13.5,,0.21234119782214156,143.6043,4797.0,0.04,958.66,0.20444033527502953,0.0047613722261150735,0.059598226211464836,2188.387259368156,0.0,0.012783044383856444
Kepler-200 b,2.13,,0.5353901996370236,159.069,5678.0,0.0,854.0,0.0,0.0,0.0,21.67194234972401,0.0,0.01278164313923623
Kepler-265 e,2.59,,0.41379310344827586,10.354,5835.0,0.0,476.0,0.0,0.0,0.0,30.114187470357702,5.699414549024134e-122,0.012781204972746901
Kepler-1322 c,2.15492527,,0.5263157894736842,144.06,5704.0,0.0,883.0,0.0,0.0,0.0,22.061327934698813,0.0,0.012773281533916358
Gl 725 A b,1.48,,0.8548094373865699,3.3572,3433.0,0.0,376.1,0.0,0.0,0.0,11.607616836817332,0.0006054761659469153,0.012759862293135967
TOI-6324 b,1.059,1.17,0.9818511796733213,284.211,3247.0,0.0,1216.0,0.0,0.0,0.0,4.8845229657113025,0.0,0.01275593196923042
TOI-544 b,2.018,2.89,0.3502722323049002,240.195,4169.0,0.0,999.0,0.0,0.0,0.0,12.057514841422064,0.0,0.012747570790413
Kepler-1282 b,1.55,,0.809437386569873,672.532,5504.0,0.0,1418.0,0.0,0.0,0.0,12.626034267217095,0.0,0.012744907659647314
TOI-2141 b,3.147,20.1,0.6424682395644283,47.3,5635.0,0.21,728.0,0.2960169024632685,0.01700735986004424,0.08198429235453868,83.87460756967178,0.0,0.012740923229402531
TOI-1694 b,5.27,28.24,0.19274047186932852,195.2882,5005.0,0.122,1037.0,0.18799397842362986,0.003071450301002948,0.06515467222310978,118.16622806966367,0.0,0.012738387439035858
Kepler-1129 c,2.73,,0.38656987295825773,7.006,5831.0,0.0,503.0,0.0,0.0,0.0,32.94614117139229,2.8787951581057626e-44,0.012736135230570602
WASP-61 b,15.80469,851.7844,0.25825771324863883,1062.0298,6250.0,0.0,1624.4,0.0,0.0,0.0,4270.707778310118,0.0,0.012729103122602834
Kepler-385 d,2.6186448,,0.40834845735027225,15.0,5829.0,0.0,535.0,0.0,0.0,0.0,30.714914393356,2.56672766334696e-294,0.012728946620395155
Kepler-1204 b,3.05,,0.3357531760435572,7.021,5825.0,0.0,448.0,0.0,0.0,0.0,39.90324887759406,1.5820251193198165e-44,0.01272587821754828
DMPP-1 c,3.31,,0.30127041742286753,220.4556,6196.0,0.22,1239.0,0.1924891674532062,0.0027339352029509324,0.09697066837633615,45.76453772251771,0.0,0.012721863560112246
Kepler-1790 b,3.1446145,,0.32123411978221417,49.2,5866.0,0.0,682.0,0.0,0.0,0.0,41.84200767084407,0.0,0.012719168937405868
Kepler-242 b,2.61,,0.4101633393829401,43.768,5020.0,0.0,742.0,0.0,0.0,0.0,30.54688793246715,0.0,0.012716589880345627
Barnard e,0.637,,0.7441016333938294,2.4456,3195.0,0.04,340.0,0.6946092936065785,0.43913145406333687,0.016802906448680717,0.8056365558916532,0.31089050294895787,0.012709470841613167
Kepler-865 b,2.49,,0.4373865698729583,46.362,5570.0,0.0,694.0,0.0,0.0,0.0,28.284733705718782,0.0,0.01270032767982276
Kepler-1773 b,3.50469499,,0.279491833030853,39.2,6183.0,0.0,623.0,0.0,0.0,0.0,50.39743280986401,0.0,0.012700050289030006
Kepler-267 d,2.27,,0.49183303085299457,2.647,4258.0,0.0,301.0,0.0,0.0,0.0,24.098159408961518,0.1833441844572851,0.01269990888072779
Kepler-68 b,2.357,8.03,0.6116152450090745,441.0,5847.0,0.09,1275.0,0.22950174187386344,0.0017027248797006277,0.08764759309717739,33.546379745890114,0.0,0.012699008891263911
Kepler-196 d,2.66065673,,0.4010889292196007,1.8,5132.0,0.0,297.0,0.0,0.0,0.0,31.64432414388374,0.983327419434939,0.012693933512607175
Kepler-1077 b,2.77,,0.3793103448275862,26.928,5816.0,0.0,576.0,0.0,0.0,0.0,33.76934241377408,0.0,0.01267650334219946
Kepler-728 b,3.34,,0.29764065335753176,484.51,5660.0,0.0,982.0,0.0,0.0,0.0,46.45369443982614,0.0,0.012666994719018984
Kepler-157 c,2.24,,0.5009074410163339,101.754,5774.0,0.0,779.0,0.0,0.0,0.0,23.582516529555242,0.0,0.012666257994861336
HD 160691 d,3.23,,0.3103448275862069,209.5104,5773.0,0.0,900.0,0.0,0.0,0.0,43.80671505347891,0.0,0.012660434197869906
TOI-1117 c,2.91,,0.35571687840290384,355.0,5635.0,0.0,1210.0,0.0,0.0,0.0,36.71741082369577,0.0,0.012658502831826445
Kepler-1326 b,4.18,,0.22323049001814882,47.84,6725.0,0.0,938.0,0.0,0.0,0.0,68.29217856480722,0.0,0.012658039581298108
Kepler-321 c,2.32,,0.4791288566243195,80.103,5740.0,0.0,752.0,0.0,0.0,0.0,25.061374825835614,0.0,0.012637481274805485
Kepler-504 b,1.59,,0.7822141560798548,5.991,3519.0,0.0,374.0,0.0,0.0,0.0,13.170602833581443,2.0601218976425615e-28,0.012637424095837476
Kepler-1080 b,3.28,,0.30490018148820325,55.45,5956.0,0.0,548.0,0.0,0.0,0.0,45.06795202233463,0.0,0.012637021321619108
Kepler-77 b,10.761,136.661,0.10943738656987297,432.871,5520.0,0.0,1440.0,0.0,0.0,0.0,571.2315902388848,0.0,0.012636889695986206
Kepler-268 c,3.38,,0.29401088929219604,13.662,6081.0,0.0,471.0,0.0,0.0,0.0,47.55565041090551,5.434102628093967e-237,0.012635697733391646
Kepler-243 b,2.45,,0.4446460980036298,115.505,5228.0,0.0,850.0,0.0,0.0,0.0,27.39058752420916,0.0,0.012632503594170667
Kepler-1116 b,2.54,,0.4246823956442831,15.793,5641.0,0.0,488.0,0.0,0.0,0.0,29.151037606909984,0.0,0.01262964621421483
TOI-1696 b,3.09,48.8,1.7132486388384756,13.5,3185.0,0.0,489.0,0.0,0.0,0.0,211.73099724109616,1.8122207929363424e-230,0.012628992465040187
Kepler-1820 b,3.11883067,,0.32486388384754994,23.41,5841.0,0.0,561.0,0.0,0.0,0.0,41.282446852131116,0.0,0.012628900255013557
Kepler-293 b,3.07,,0.33212341197822143,28.944,5804.0,0.0,657.0,0.0,0.0,0.0,40.25346096141755,0.0,0.01262153578521761
Kepler-93 b,1.478,4.66,1.4392014519056262,275.0,5669.0,0.0,1133.0,0.0,0.0,0.0,19.464062924876536,0.0,0.012621246752176834
Kepler-1675 b,3.12483349,,0.32486388384754994,11.8,5853.19,0.0,465.0,0.0,0.0,0.0,41.52127517508196,1.4318267746050111e-167,0.012614865630517906
Kepler-235 b,2.23,,0.5027223230490019,44.0,4255.0,0.0,731.0,0.0,0.0,0.0,23.352391807810356,0.0,0.012611233193469636
Kepler-597 b,2.37,,0.46460980036297644,76.375,5683.0,0.0,743.0,0.0,0.0,0.0,25.907291626626694,0.0,0.012601374568889035
KOI-7913 b,2.34,,0.47368421052631576,8.27,4324.0,0.0,432.0,0.0,0.0,0.0,25.422900048979745,4.982600096906484e-69,0.01259979432804737
Kepler-238 d,3.07,23.1,0.5353901996370236,213.48,5751.0,0.0,888.0,0.0,0.0,0.0,64.88945892687529,0.0,0.012590051614671336
Kepler-1885 b,1.51110555,,0.8348457350272231,499.07,5591.0,0.0,1205.0,0.0,0.0,0.0,12.066442400382922,0.0,0.012584404226346876
Kepler-19 c,3.68,13.1,0.2613430127041742,22.1608,5544.0,0.21,589.64,0.29426503095931345,0.033213018043517784,0.07955334722444372,54.55605500350461,0.0,0.012583605071042643
Kepler-357 c,2.67,,0.3992740471869329,19.404,5036.0,0.0,576.0,0.0,0.0,0.0,31.83416591062733,0.0,0.012583564858330091
Kepler-842 b,1.6,,0.7767695099818512,588.95,4848.0,0.0,1252.0,0.0,0.0,0.0,13.327255612574529,0.0,0.01258042689311848
GJ 876 e,3.92,14.6,0.2413793103448276,0.111,3293.74,0.055,150.46,0.4034196738121791,0.10031331309607966,0.01944061548324955,60.90414524240151,0.7890765046765563,0.012571238338202296
Kepler-650 b,2.96,,0.3484573502722323,1218.88,5849.0,0.0,1507.0,0.0,0.0,0.0,37.854138983760976,0.0,0.01256906684158086
Kepler-1822 b,2.64755943,,0.40290381125226865,15.65,5165.0,0.0,507.0,0.0,0.0,0.0,31.320388288930744,0.0,0.01255406180982657
TOI-4311 c,2.47,13.58,0.9600725952813067,33.8,5063.0,0.22,671.0,0.3359123679871854,0.02582946377918807,0.06670406582250943,60.60152349411799,0.0,0.01255257577832527
KOI-1599.01,1.9,4.6,0.6696914700544465,44.8,5833.0,0.014,660.0,0.4658054041279298,0.027243089310705036,0.08727360153869988,19.240846703082422,0.0,0.012550102258843813
Kepler-868 b,2.05,,0.5626134301270418,417.034,5614.0,0.0,1047.0,0.0,0.0,0.0,20.303003404778963,0.0,0.012550048309350168
Kepler-1057 b,3.36,,0.29401088929219604,69.213,5987.0,0.0,724.0,0.0,0.0,0.0,46.71645258164611,0.0,0.01254873482760195
Kepler-339 c,1.15,7.3,4.791288566243194,101.841,5631.0,0.0,914.0,0.0,0.0,0.0,30.52350896395623,0.0,0.012543887920467262
HD 40307 f,2.13,,0.5372050816696915,3.7636,4956.0,0.02,398.0,0.6910345375205433,0.3242506793265407,0.06384570176844029,21.745406561079005,3.858945015549199e-06,0.012541740883584476
Kepler-1927 b,3.40627075,,0.29038112522686027,34.7,6056.0,0.0,677.0,0.0,0.0,0.0,48.07225434060711,0.0,0.012541689879812334
Kepler-1018 b,2.58,,0.4174228675136116,12.098,5518.0,0.0,498.0,0.0,0.0,0.0,30.027831097818066,7.127916084545939e-178,0.01254016930002582
TOI-2322 c,1.874,18.1,2.6660617059891107,10.15,4664.0,0.0,496.8,0.0,0.0,0.0,73.49665366175431,4.09412825824078e-116,0.012539996734847455
WASP-154 b,10.76062147,198.960582782,0.15970961887477314,162.0,4774.0,0.0,994.0,0.0,0.0,0.0,833.5501723235533,0.0,0.012538589274669347
Kepler-977 b,2.62,,0.40834845735027225,13.955,5315.0,0.0,544.0,0.0,0.0,0.0,30.762625786720864,5.14613407746606e-249,0.012537823085395592
Kepler-1312 b,2.1,,0.544464609800363,219.117,5719.0,0.0,978.0,0.0,0.0,0.0,21.12108135382583,0.0,0.012532242488685163
HD 63433 c,2.692,15.539,0.8402903811252269,35.3582,5553.0,0.21,678.92,0.3302711711982648,0.024432558668485403,0.07979377036917744,68.66622434904379,0.0,0.01252935618042986
Kepler-1286 b,2.15,,0.5281306715063522,151.77,5753.0,0.0,888.0,0.0,0.0,0.0,21.985957250063045,0.0,0.01252428108211647
TOI-1736 b,3.18175535,12.3,0.3793103448275862,329.6,5636.0,0.0,1099.79,0.0,0.0,0.0,51.178039559041615,0.0,0.012518746665423758
Kepler-223 b,2.99,7.4,0.279491833030853,444.053,5803.0,0.078,1042.0,0.20318843454127394,0.0015083904584922523,0.08647219105625294,31.294736290445535,0.0,0.012516417357265053
L 168-9 b,1.63,4.07,0.9401088929219601,149.3748,3842.0,0.0,998.0,0.0,0.0,0.0,17.05413055814549,0.0,0.012516389931384356
Kepler-207 d,3.31,,0.30308529945553536,732.604,5920.0,0.0,1254.0,0.0,0.0,0.0,46.04022770879793,0.0,0.01251552752143858
Kepler-1043 b,2.55,,0.4228675136116153,21.692,5629.0,0.0,532.0,0.0,0.0,0.0,29.370644238439844,0.0,0.012515040052006357
Kepler-1987 d,2.66,,0.4010889292196007,72.38,4769.0,0.0,744.0,0.0,0.0,0.0,31.62089761807604,0.0,0.012504753220196202
Kepler-988 b,2.07,,0.5553539019963702,6.56,4005.0,0.0,368.0,0.0,0.0,0.0,20.633337086744156,7.3592998196868435e-37,0.012486743402538818
Kepler-1524 b,3.54,,0.27586206896551724,8.443,6179.0,0.0,438.0,0.0,0.0,0.0,51.26139072807339,7.6105008679163e-73,0.012486151513145657
Kepler-1814 b,2.36961357,,0.46460980036297644,216.9,4922.0,0.0,1022.0,0.0,0.0,0.0,25.894621091899754,0.0,0.012482636341200134
HD 207897 b,2.34302132,14.8,1.1415607985480944,26.5,5106.0,0.0,581.75,0.0,0.0,0.0,61.50584325877872,0.0,0.01248175374484046
Kepler-902 b,2.54,,0.4246823956442831,24.875,5647.0,0.0,556.0,0.0,0.0,0.0,29.151037606909984,0.0,0.012476471990476622
HD 109271 c,5.27,,0.16460980036297643,52.058,5783.0,0.15,716.68,0.23259156641195836,0.012516174575040189,0.08593791740128902,100.91974468849807,0.0,0.012469500706418444
Kepler-298 d,2.5,,0.43375680580762255,1.715,4465.0,0.0,277.0,0.0,0.0,0.0,28.389316553537533,0.9813969869851081,0.012467309249209772
Kepler-638 b,1.83,,0.6533575317604357,872.567,5382.0,0.0,1111.0,0.0,0.0,0.0,16.772306122820083,0.0,0.012465548571342602
HAT-P-3 b,10.53646,206.5895,0.15517241379310345,176.587,5185.0,0.0,1189.0,0.0,0.0,0.0,760.3040317441295,0.0,0.012463930497017798
Kepler-184 b,2.36,,0.4682395644283122,70.361,5788.0,0.0,780.0,0.0,0.0,0.0,25.78058247142872,0.0,0.012463378720631227
Kepler-112 b,2.36,,0.4682395644283122,123.818,5544.0,0.0,809.0,0.0,0.0,0.0,25.78058247142872,0.0,0.01245922581765977
Kepler-437 b,2.14,,0.5317604355716878,2.15,4551.0,0.02,308.0,0.7421757893281982,0.510178580435147,0.05302666025537832,21.829608694312096,0.892239431678891,0.012453383363791872
Kepler-829 b,2.11,,0.5408348457350273,247.47,5698.0,0.0,857.0,0.0,0.0,0.0,21.281421841846257,0.0,0.01245256696304358
55 Cnc f,7.59,44.812,0.10217785843920145,0.9879,5198.0,0.063,277.07,0.44283928541378503,0.48912595938469294,0.07031041299353295,187.14177010364313,0.9980192590342113,0.012448948580555091
TOI-674 b,5.25,23.6,0.16515426497277677,38.4,3514.0,0.0,635.0,0.0,0.0,0.0,100.10512516657032,0.0,0.012444400079239786
G 261-6 b,1.1,,1.0272232304900182,1.8,2907.0,0.0,322.3,0.0,0.0,0.0,5.727056888593483,0.9188550858032594,0.012441328016332286
Kepler-1772 b,2.68609988,,0.39564428312159716,1485.0,5541.0,0.0,1155.0,0.0,0.0,0.0,32.118849202941355,0.0,0.012440650938776714
Kepler-1292 b,1.82,,0.6569872958257714,521.101,5556.0,0.0,1195.0,0.0,0.0,0.0,16.59051031687569,0.0,0.012440294385280274
Kepler-430 b,3.25,,0.308529945553539,40.844,5884.0,0.0,667.0,0.0,0.0,0.0,44.36454326184406,0.0,0.012437771830409812
91 Aqr b,13.1,,0.45190562613430135,100.506,4665.0,0.027,891.73,0.2599931963119516,0.00842864732388844,0.056072020088688675,4255.4965671630525,0.0,0.012430178988448263
Kepler-616 b,2.43,,0.4500907441016334,129.18,5753.0,0.0,860.0,0.0,0.0,0.0,27.05250662534617,0.0,0.012425745864204916
Kepler-903 c,2.53,,0.426497277676951,24.791,5682.0,0.0,462.0,0.0,0.0,0.0,28.931199246336508,0.0,0.012421554662123928
XO-4 b,14.01125,451.3186,0.15063520871143377,1112.27,6397.0,0.0,1630.0,0.0,0.0,0.0,1735.5844457616465,0.0,0.0124174421652618
WASP-105 b,10.76064,572.094,0.4809437386569873,166.5368,5070.0,0.0,900.0,0.0,0.0,0.0,2510.135645482716,0.0,0.012413009713326926
Kepler-197 c,1.23,5.3,2.8493647912885662,189.965,6004.0,0.08,930.0,0.27776028999231156,0.004272177355263225,0.091841641288658,22.21017585364078,0.0,0.012402451130095476
Kepler-1089 b,1.83,,0.6533575317604357,26.266,3753.0,0.0,584.0,0.0,0.0,0.0,16.772306122820083,0.0,0.01239827980643313
Kepler-903 b,2.01,,0.5771324863883848,274.845,5682.0,0.0,842.0,0.0,0.0,0.0,19.63144658511358,0.0,0.0123974470853967
Kepler-1739 b,2.43056832,,0.4500907441016334,117.5,5757.0,0.0,839.0,0.0,0.0,0.0,27.071491905069625,0.0,0.012396872635027579
Kepler-1929 b,3.07250761,,0.33212341197822143,37.2,5786.0,0.0,566.0,0.0,0.0,0.0,40.352179970457726,0.0,0.012393552554851996
Kepler-52 b,2.1,135.0,0.6079854809437387,22.72,4075.0,0.0,553.0,0.0,0.0,0.0,23.585207511772175,0.0,0.01238673897670253
Kepler-782 b,3.21,,0.3139745916515427,3.987,5867.0,0.0,350.0,0.0,0.0,0.0,43.50089684775247,1.3679191198593316e-07,0.012385599502175368
Kepler-218 b,1.48,,0.8584392014519058,460.656,5502.0,0.0,1156.0,0.0,0.0,0.0,11.656906080285772,0.0,0.012384045748694608
HD 179949 b,13.9,,0.10816696914700544,1020.1193,6168.0,0.022,1590.53,0.13377884547371569,0.0005149374405310299,0.09622268525938835,1216.8237310978184,0.0,0.012381523604434357
Kepler-184 d,2.49,,0.4373865698729583,18.557,5788.0,0.0,559.0,0.0,0.0,0.0,28.284733705718782,0.0,0.012377971779429094
Kepler-1991 c,2.57,,0.4192377495462795,38.27,5478.0,0.0,634.0,0.0,0.0,0.0,29.809065432440704,0.0,0.012377496747416835
Kepler-445 d,1.25,,1.0725952813067152,4.314,3157.0,0.0,305.0,0.0,0.0,0.0,8.775149625073578,4.741260669660448e-10,0.012377144977773856
Kepler-1539 b,2.7,,0.3920145190562614,1.572,5176.0,0.0,301.0,0.0,0.0,0.0,32.320796446052775,0.9835846674338602,0.012374328309763231
Kepler-1455 b,2.16,,0.5263157894736842,1.533,4075.0,0.0,298.0,0.0,0.0,0.0,22.21755489032368,0.976697486385851,0.012370821879037729
Kepler-694 b,2.8,,0.3756805807622504,206.438,5700.0,0.0,914.0,0.0,0.0,0.0,34.54470194759067,0.0,0.012368976332622872
Kepler-961 b,2.55,,0.4228675136116153,40.4,5582.0,0.0,642.0,0.0,0.0,0.0,29.370644238439844,0.0,0.01236502682098949
Kepler-610 c,3.3,,0.30308529945553536,2.297,5943.0,0.0,318.0,0.0,0.0,0.0,45.6242040824523,0.6946479924928516,0.012362686620432682
8 UMi b,13.5,,0.21234119782214156,247.8402,4847.0,0.062,1126.38,0.17196154194062327,0.002435075134646545,0.06093391034888007,2188.387259368156,0.0,0.012362067482637157
Kepler-290 c,2.7,,0.3920145190562614,6.596,5147.0,0.0,437.0,0.0,0.0,0.0,32.320796446052775,1.986219103995373e-37,0.012362004010110395
Kepler-1140 b,2.77,,0.3793103448275862,13.051,4850.0,0.0,500.0,0.0,0.0,0.0,33.76934241377408,6.933670993639666e-213,0.012358207262956137
Kepler-630 b,3.18,,0.31578947368421056,5.568,5829.0,0.0,343.0,0.0,0.0,0.0,42.53707458084773,7.571704347174977e-23,0.012356179974577296
Kepler-1840 b,2.77771129,,0.37749546279491836,1.3,4898.0,0.0,284.0,0.0,0.0,0.0,33.88922657691142,0.9843223814653498,0.012355769448707171
Kepler-1685 b,2.57673985,,0.4174228675136116,36.01,5484.0,0.0,625.0,0.0,0.0,0.0,29.914143210738402,0.0,0.012353684324685154
Kepler-1786 b,3.16305828,,0.3176043557168784,10.7,5808.0,0.0,501.0,0.0,0.0,0.0,42.10141001495499,3.217256081663597e-132,0.012353092511401792
Kepler-1241 b,2.63,,0.4065335753176044,31.456,5261.0,0.0,612.0,0.0,0.0,0.0,30.977921453731273,0.0,0.012348727844611104
Kepler-416 c,2.352,,0.47005444646098005,93.072,5718.0,0.0,791.0,0.0,0.0,0.0,25.618206777751205,0.0,0.012345377776644616
Kepler-438 b,1.12,,1.0362976406533575,1.4,3748.0,0.03,288.0,0.8464670216156628,0.7301159363647832,0.03157557300849151,6.098558396003643,0.9241448242738329,0.01234428699754033
Kepler-837 b,2.56,,0.42105263157894735,55.966,5403.0,0.0,701.0,0.0,0.0,0.0,29.58999496605706,0.0,0.012341053274320442
Kepler-1419 b,2.86,,0.36479128856624315,21.243,5796.0,0.0,510.0,0.0,0.0,0.0,35.74630587748713,0.0,0.012339874659336135
HD 213885 b,1.745,8.83,1.6606170598911072,1882.94,5978.0,0.0,2128.0,0.0,0.0,0.0,36.96105835046673,0.0,0.01233746656233374
Kepler-1545 b,2.7,,0.3920145190562614,1.408,5201.0,0.0,274.0,0.0,0.0,0.0,32.320796446052775,0.9835846674338602,0.01233495043511341
Kepler-290 d,0.86,,0.8874773139745916,1503.79,5142.0,0.0,1589.0,0.0,0.0,0.0,2.3645103714706974,0.0,0.012333345749073528
Kepler-1718 b,2.5685207,,0.4192377495462795,3.7,5731.0,0.0,345.0,0.0,0.0,0.0,29.757620483118746,9.370852937444435e-06,0.012331705126346838
Kepler-160 b,1.715,,0.7096188747731398,396.619,5471.0,0.0,1134.0,0.0,0.0,0.0,14.993607610752093,0.0,0.012323898429695371
TOI-2015 b,3.309,9.2,0.2540834845735027,13.185,3297.0,0.0789,530.9,0.36781124691560096,0.06573398865283608,0.01952770208900892,38.56162683574251,4.613526940039503e-218,0.012320042212814224
HD 12648 b,13.4,,0.2577132486388385,194.0796,4835.0,0.04,1053.23,0.19914274684282499,0.003530249468604724,0.06061334615590034,2597.405464790244,0.0,0.012315084546781098
Kepler-1802 c,2.322,,0.47731397459165154,3.86,4245.0,0.0,357.0,0.0,0.0,0.0,25.031069447353754,9.568709974061932e-07,0.012312262499857458
Kepler-1023 b,2.63,,0.4065335753176044,6.978,5494.0,0.0,524.0,0.0,0.0,0.0,30.977921453731273,8.798639846496767e-44,0.012312182459568674
TOI-2992 b,13.75341932,1058.36859531,0.4047186932849365,1484.0,6000.0,0.089,1726.0,0.12667427940819823,0.00035067986759288876,0.09173478655767377,4410.358835192642,0.0,0.012312027179307026
Kepler-1355 b,1.46,,0.8747731397459166,944.873,5352.0,0.0,1448.0,0.0,0.0,0.0,11.403616824159371,0.0,0.012308463191408433
Kepler-1206 b,1.64,,0.7531760435571688,588.021,4877.0,0.0,1314.0,0.0,0.0,0.0,13.916071494991721,0.0,0.012306499776774796
Kepler-1681 b,2.55321772,,0.4228675136116153,5.33,5756.4,0.0,442.0,0.0,0.0,0.0,29.481968723934347,5.355117863675375e-20,0.012305638810630798
L 98-59 d,1.627,1.64,0.3992740471869329,4.97,3415.0,0.006,416.0,0.5641941044154426,0.2142378930498013,0.022679916653307694,7.203148198236998,4.2640645760920335e-16,0.012300351782133049
Kepler-1829 b,2.47887001,,0.43920145190562615,129.37,5230.0,0.0,860.0,0.0,0.0,0.0,28.02293609030968,0.0,0.012296704343709813
Kepler-284 c,2.61,,0.4101633393829401,9.042,5615.0,0.0,478.0,0.0,0.0,0.0,30.54688793246715,7.01724314987231e-87,0.012283599543477415
Kepler-944 b,2.63,,0.4065335753176044,20.174,5409.0,0.0,459.0,0.0,0.0,0.0,30.977921453731273,0.0,0.01227593791454574
Kepler-1919 b,2.62390658,,0.4065335753176044,12.46,5513.0,0.0,479.0,0.0,0.0,0.0,30.763102650289024,8.414436547282419e-191,0.012270671712987291
Kepler-1134 b,2.64,,0.4047186932849365,29.864,5281.0,0.0,611.0,0.0,0.0,0.0,31.19274925340165,0.0,0.012269479290463892
WASP-10 b,12.106,1001.12,0.7513611615245008,174.0323,4675.0,0.0473,1370.0,0.2337880782023742,0.004592595788924219,0.05633915691617165,5583.92222066987,0.0,0.012259029006758666
HD 208527 b,12.5,,1.6061705989110708,165.4934,4035.0,0.08,959.79,0.20784980278300813,0.004300308582628881,0.03924239995725775,13140.452484247235,0.0,0.01224956473738463
Kepler-879 b,2.57,,0.4192377495462795,29.128,5792.0,0.0,580.0,0.0,0.0,0.0,29.809065432440704,0.0,0.012248414507793225
Kepler-531 b,2.78,,0.37749546279491836,10.007,4893.0,0.0,453.0,0.0,0.0,0.0,33.97306524407332,4.16033785090658e-112,0.012246510442270955
Kepler-1342 b,1.66,,0.7386569872958259,559.275,5527.0,0.0,1283.0,0.0,0.0,0.0,14.153233893625375,0.0,0.012236102600337133
TOI-178 f,2.417,5.63,0.4022638838475499,0.6071,4316.0,0.00045,521.0,0.4085771079416295,0.3314763443817713,0.04674894480952724,23.79192613812401,0.9743448482871703,0.012235263009368866
HD 136352 d,2.562,8.82,0.5223426497277678,5.74,5664.0,0.0,431.0,0.0,0.0,0.0,36.794378648165214,4.971956379631861e-25,0.012235127600844576
Kepler-36 c,3.679,7.13,0.1428312159709619,191.0,5979.0,0.0,928.0,0.0,0.0,0.0,29.792099262488012,0.0,0.012230529815135584
Kepler-446 b,1.5,,0.8457350272232306,16.213,3359.0,0.0,648.0,0.0,0.0,0.0,11.956297267836291,0.0,0.012228835034723218
Kepler-838 b,2.73,,0.38656987295825773,61.089,5770.0,0.0,777.0,0.0,0.0,0.0,32.94614117139229,0.0,0.012224002514515603
Kepler-122 e,2.6,27.7,1.571687840290381,36.299,6050.0,0.0,618.0,0.0,0.0,0.0,115.7110797997386,0.0,0.012220682214652253
HD 42618 b,3.89,,0.24319419237749548,3.16,5727.0,0.19,337.0,0.4154470830313937,0.22644965700783395,0.08444195116738314,59.964002388976276,0.004557443713688634,0.012219244729544332
Kepler-1821 b,2.59248115,,0.41379310344827586,40.61,5475.0,0.0,644.0,0.0,0.0,0.0,30.200816138404555,0.0,0.012214111962487227
Kepler-583 b,2.28,,0.49001814882032674,178.699,5523.0,0.0,1017.0,0.0,0.0,0.0,24.327938855799818,0.0,0.012208191589960001
Kepler-510 b,2.47,,0.44101633393829404,114.389,5746.0,0.0,797.0,0.0,0.0,0.0,27.837750867808452,0.0,0.012206310142014506
Kepler-995 b,2.7,,0.3920145190562614,11.92,5206.0,0.0,517.0,0.0,0.0,0.0,32.320796446052775,1.1050596827033198e-171,0.012204454602240657
Kepler-304 d,2.75,,0.38294010889292196,33.16,4731.0,0.0,611.0,0.0,0.0,0.0,33.35934749042692,0.0,0.012198771680496889
Kepler-671 b,2.69,,0.3938294010889292,331.438,5624.0,0.0,1012.0,0.0,0.0,0.0,32.11098179201991,0.0,0.012198609159021245
Kepler-920 b,2.42,,0.4537205081669692,153.138,5403.0,0.0,907.0,0.0,0.0,0.0,26.935380631512096,0.0,0.012198590954990795
HD 18143 b,3.28,,0.30490018148820325,61.873,5078.0,0.224,769.92,0.24604646624807813,0.011089050840542337,0.06710477106373472,45.06795202233463,0.0,0.012197188733582288
Kepler-310 d,2.47,7.0,0.5989110707803993,3.664,5797.0,0.0,353.0,0.0,0.0,0.0,37.804353030357156,1.5350720909333762e-05,0.012194501219853823
HD 110113 b,2.05,4.55,0.5263157894736842,735.49,5732.0,0.093,1371.0,0.20616037602273307,0.0009489213944084613,0.08457551958112224,18.993132217373866,0.0,0.012192095169917412
Kepler-640 b,2.56,,0.42105263157894735,35.062,5653.0,0.0,609.0,0.0,0.0,0.0,29.58999496605706,0.0,0.012190972374370081
GJ 581 b,4.79,20.5,0.18511796733212343,7.7669,3500.0,0.0342,464.32,0.4141760133144553,0.11728720296933473,0.02495057968691452,85.2204302452702,1.6748051391441585e-58,0.012190621339150349
WASP-43 b,10.424,565.714,0.5333938294010889,680.8953,4400.0,0.0,1426.7,0.0,0.0,0.0,2530.694986045762,0.0,0.012179623098765323
TOI-1451 b,2.61143902,15.2,0.8475499092558983,53.0216,5801.0,0.0,723.33,0.0,0.0,0.0,63.22568716031384,0.0,0.012172534497535711
Kepler-1183 b,2.82,,0.3720508166969147,61.663,5765.0,0.0,555.0,0.0,0.0,0.0,34.949277047746776,0.0,0.012171404220735699
Kepler-221 d,2.73,3.61,0.1633393829401089,56.293,5243.0,0.0,712.0,0.0,0.0,0.0,13.920904720306602,0.0,0.012171077715422801
LTT 3780 b,1.325,2.46,1.0526315789473684,111.0,3358.0,0.0,903.0,0.0,0.0,0.0,10.256817751940517,0.0,0.012170858895773433
Kepler-313 b,2.53,,0.426497277676951,142.4,5727.0,0.0,883.0,0.0,0.0,0.0,28.931199246336508,0.0,0.01216705915025833
TOI-837 b,9.16894621,120.456966253,0.16152450090744103,164.0,5995.0,0.0,995.3,0.0,0.0,0.0,521.5372010018878,0.0,0.01216704108690744
Barnard d,0.694,,0.7840290381125228,10.0441,3195.0,0.04,483.0,0.5592583920271195,0.12115778183994534,0.016802906448680818,1.097739188869705,2.8373808870224487e-113,0.012163668244228466
Kepler-263 b,2.67,,0.3992740471869329,24.308,5265.0,0.0,548.0,0.0,0.0,0.0,31.83416591062733,0.0,0.012158983188086961
Kepler-351 d,2.72,,0.3883847549909256,1.989,5225.0,0.0,318.0,0.0,0.0,0.0,32.73840341228933,0.9837991599596494,0.01215788026193056
Kepler-737 b,1.96,,0.5952813067150635,2.297,3813.0,0.0,298.0,0.0,0.0,0.0,18.77496206720648,0.6835798972051683,0.012156298164439631
XO-5 b,12.78,378.2,0.19237749546279492,397.4799,5430.0,0.0,1230.0,0.0,0.0,0.0,1682.0365831840027,0.0,0.0121558587926674
Kepler-1058 b,2.72,,0.3883847549909256,0.77,4644.0,0.0,239.0,0.0,0.0,0.0,32.73840341228933,0.9837991599596494,0.012143459892857889
Kepler-1086 b,2.44,,0.4482758620689656,9.157,4350.0,0.0,433.0,0.0,0.0,0.0,27.277429546248953,1.0201960332386176e-89,0.012136622954871662
Kepler-1801 b,2.70926154,,0.3920145190562614,111.52,5738.0,0.0,829.0,0.0,0.0,0.0,32.6545390243,0.0,0.012134291738335499
Kepler-171 b,2.34,,0.47368421052631576,304.178,5642.0,0.0,1053.0,0.0,0.0,0.0,25.422900048979745,0.0,0.012133677699655425
TOI-1422 b,3.83,9.5,0.16878402903811254,90.5151,5840.0,0.2,870.0,0.20920024030845935,0.006684937808004654,0.08746059731794123,39.720643973752225,0.0,0.012132294211425086
TOI-1823 b,7.5406241,67.4,0.1560798548094374,9.2972,4927.0,0.0,423.63,0.0,0.0,0.0,280.32209934872867,3.1377368887239776e-93,0.012131783664172864
Kepler-536 b,3.1,,0.3284936479128857,892.812,5524.0,0.0,1877.0,0.0,0.0,0.0,40.99214712764654,0.0,0.012129789139217412
Kepler-1442 b,3.93,,0.2413793103448276,25.972,6394.0,0.0,522.0,0.0,0.0,0.0,61.37143844450812,0.0,0.012121931347514677
HD 10180 e,5.39,,0.15989110707803994,20.4541,5911.0,0.051,577.77,0.3301678474687525,0.04080032494639112,0.08935726879307149,104.87674849747074,0.0,0.012115712100828322
Kepler-1078 b,1.9,,0.6206896551724138,373.99,5612.0,0.0,1122.0,0.0,0.0,0.0,17.83297987114956,0.0,0.012114927386038749
Kepler-225 c,1.84,,0.6460980036297641,9.903,3682.0,0.0,412.0,0.0,0.0,0.0,16.859336442055245,3.0704405574504717e-109,0.012113620763842058
TRAPPIST-1 e,0.92,0.692,0.8895834845735028,0.646,2566.0,0.0051,249.7,0.7275304685658907,0.6017369271883305,0.0,2.9016084199810463,0.847036212035906,0.012110907183047923
Kepler-335 b,3.39,,0.29219600725952816,721.124,5877.0,0.0,1290.0,0.0,0.0,0.0,47.68282538846247,0.0,0.012109783093653567
GJ 486 b,1.289,2.77,1.208711433756806,39.2,3317.0,0.00086,696.3,0.3088952088567415,0.020358353472369365,0.02006197574397386,10.843512680759378,0.0,0.012107439359254693
HD 66141 b,12.8,,0.9074410163339384,120.6806,4323.0,0.07,880.31,0.23697744630395334,0.006550572740456195,0.046935940588769105,7971.442609390373,0.0,0.012101272616668992
Kepler-305 d,2.76,6.2,0.2961941923774955,25.523,5090.0,0.0,576.0,0.0,0.0,0.0,26.085093295127823,0.0,0.012098566014616115
Kepler-574 b,2.39,,0.46098003629764067,120.47,5612.0,0.0,858.0,0.0,0.0,0.0,26.36115470829266,0.0,0.012093850140927613
Kepler-424 b,9.98,327.35,0.35208711433756806,470.754,5460.0,0.0,1116.0,0.0,0.0,0.0,1465.9878274642156,0.0,0.012093392539565618
Kepler-417 c,2.69,,0.3938294010889292,30.968,5177.0,0.0,616.0,0.0,0.0,0.0,32.11098179201991,0.0,0.012088987260609287
Kepler-218 d,2.66,,0.4010889292196007,4.118,5542.0,0.0,356.0,0.0,0.0,0.0,31.62089761807604,1.5843140356713566e-08,0.01208760175312744
WASP-24 b,15.46842,394.1092,0.11288566243194192,934.465,6075.0,0.0,1772.0,0.0,0.0,0.0,1750.1096594857258,0.0,0.012087476294667198
Kepler-245 c,2.18,26.7,1.705989110707804,25.152,5100.0,0.0,568.0,0.0,0.0,0.0,74.03453361462732,0.0,0.012074134254918876
KOI-1599.02,1.9,9.0,1.308529945553539,76.81,5833.0,0.0114,755.0,0.4156210156509266,0.014975510341433204,0.08727360153869983,37.595258734207114,0.0,0.012073716531123218
Kepler-832 b,2.06,,0.558983666061706,256.828,5596.0,0.0,965.0,0.0,0.0,0.0,20.468658866998627,0.0,0.012072325254115094
K2-66 b,2.49,21.3,1.4156079854809438,840.0,5887.0,0.0,1372.0,0.0,0.0,0.0,91.54395141269978,0.0,0.012070632250595436
Kepler-253 c,2.65,,0.40290381125226865,51.273,5208.0,0.0,680.0,0.0,0.0,0.0,31.40708332318338,0.0,0.012067790544845535
Kepler-1028 b,1.33,,0.987295825771325,519.636,5522.0,0.0,1217.0,0.0,0.0,0.0,9.729506959408015,0.0,0.01206669185961681
Kepler-1085 c,3.26817741,,0.30490018148820325,11.8,5816.0,0.0,491.0,0.0,0.0,0.0,44.58237119496439,1.4330243467341424e-167,0.012060163190293882
Kepler-1409 b,1.04,,0.9927404718693285,1552.133,5160.0,0.0,1733.0,0.0,0.0,0.0,4.677613720126153,0.0,0.012059087430064926
TOI-669 b,2.58606487,10.0,0.5753176043557169,388.2,5597.0,0.0,1124.85,0.0,0.0,0.0,41.67873381859385,0.0,0.012053007454438396
Kepler-1039 b,1.46,,0.8747731397459166,668.128,4870.0,0.0,2080.0,0.0,0.0,0.0,11.403616824159371,0.0,0.012051465219162226
Kepler-1045 b,2.69,,0.3938294010889292,19.127,5301.0,0.0,512.0,0.0,0.0,0.0,32.11098179201991,0.0,0.012045254537679745
Kepler-121 b,2.34,,0.47368421052631576,220.489,5311.0,0.0,997.0,0.0,0.0,0.0,25.422900048979745,0.0,0.012044088783727244
Kepler-1670 b,3.3564801,,0.2958257713248639,67.67,5838.0,0.0,731.0,0.0,0.0,0.0,46.85725519160091,0.0,0.012041931699205487
Kepler-85 c,1.978,2.15,0.2771818511796733,61.929,5505.2,0.027,706.0,0.3697366237787933,0.01608128950909954,0.07851685633380712,8.98529338231473,0.0,0.012040682901166834
Kepler-1636 b,3.23,,0.3103448275862069,1.217,5797.0,0.0,248.0,0.0,0.0,0.0,43.80671505347891,0.9879689107023272,0.01203780917693512
Kepler-892 b,2.81,,0.3738656987295826,18.196,4747.0,0.0,556.0,0.0,0.0,0.0,34.74747015184204,0.0,0.012037439399753318
Kepler-932 b,1.37,,0.9509981851179674,562.217,5331.0,0.0,1276.0,0.0,0.0,0.0,10.243066656898016,0.0,0.012032865236021394
Wolf 327 b,1.24,2.53,1.3139745916515428,233.9,3542.0,0.0,996.0,0.0,0.0,0.0,10.493989664677512,0.0,0.012031930874853628
Kepler-92 d,2.067,,1.3535156079854809,46.844,5904.34,0.07,637.0,0.388299956116466,0.021950851344997923,0.08917935566596442,50.069506093830974,0.0,0.012027088467986584
Kepler-1294 b,3.19,,0.31578947368421056,12.362,5776.0,0.0,401.0,0.0,0.0,0.0,42.939630988211526,2.9650519616180617e-187,0.012023277256314704
Kepler-1548 b,2.64,,0.4047186932849365,1.933,5706.0,0.0,350.0,0.0,0.0,0.0,31.19274925340165,0.9830627796096509,0.012019923942766035
TOI-270 b,1.28,1.48,0.705989110707804,131.7935,3506.0,0.0167,600.0,0.383161062733329,0.008420777947007284,0.025110861783402882,6.201782350105709,0.0,0.01201693737931954
Kepler-1676 b,3.3769596,,0.29219600725952816,33.45,5878.3,0.0,782.0,0.0,0.0,0.0,47.134671160858105,0.0,0.012013788026228074
Kepler-143 c,3.37,,0.29401088929219604,58.7,5848.0,0.0,703.0,0.0,0.0,0.0,47.13480639929338,0.0,0.012013216568602792
CoRoT-19 b,14.46,352.78,0.12885662431941924,1103.809,6090.0,0.047,2000.0,0.1222417778687885,0.0004399554110170026,0.09413901800502104,1631.9251595953249,0.0,0.011995997495465798
Kepler-811 b,2.7,,0.3920145190562614,78.59,5747.0,0.0,730.0,0.0,0.0,0.0,32.320796446052775,0.0,0.011994530242544228
Kepler-1009 b,2.17,,0.5226860254083484,11.561,4027.0,0.0,403.0,0.0,0.0,0.0,22.37220034175378,1.547575789465108e-159,0.011987396216207872
Kepler-1379 b,1.3,,1.0163339382940109,1600.049,5188.0,0.0,1564.0,0.0,0.0,0.0,9.35308959120289,0.0,0.011984592243210012
Kepler-1664 b,3.03320653,,0.3375680580762251,85.46,5735.81,0.0,776.0,0.0,0.0,0.0,39.459892839397966,0.0,0.011983258791074255
WASP-99 b,11.43318,772.3269,0.5063520871143375,2005.426,6150.0,0.0,1480.0,0.0,0.0,0.0,3169.8764583261964,0.0,0.011981176482452068
Kepler-873 b,3.75,,0.2558983666061706,68.015,6163.0,0.0,749.0,0.0,0.0,0.0,56.52621763562624,0.0,0.011979146284239132
Kepler-233 c,2.71,,0.39019963702359345,6.195,5360.0,0.0,390.0,0.0,0.0,0.0,32.529946047917385,2.6421595927484306e-31,0.01197903561171461
TOI-4377 b,15.10970598,304.161785499,0.15989110707803994,430.9826,4974.0,0.045,1162.08,0.15133180309897065,0.0012992684035894443,0.0643265480579148,2310.366928634804,0.0,0.01197430407300553
Kepler-256 c,2.15,,0.5281306715063522,457.066,5551.0,0.0,1315.0,0.0,0.0,0.0,21.985957250063045,0.0,0.011969812206877234
Kepler-487 c,2.68,,0.39564428312159716,15.038,5444.0,0.0,487.0,0.0,0.0,0.0,31.900529088691453,4.906847636411558e-296,0.011963475927728508
Kepler-344 b,2.61,,0.4101633393829401,27.327,5774.0,0.0,643.0,0.0,0.0,0.0,30.54688793246715,0.0,0.011962254535797958
Kepler-58 b,2.78,35.5,1.8330308529945554,112.992,5843.0,0.04,920.0,0.3287304921103572,0.008517091535178687,0.08754073836618458,164.9653648870868,0.0,0.011949350308816043
Kepler-965 b,3.38,,0.29401088929219604,4.98,5886.0,0.0,393.0,0.0,0.0,0.0,47.55565041090551,3.7015988407332426e-16,0.011945532998399847
TOI-1246 c,2.45109846,9.1,0.6152450090744103,129.0,5213.0,0.0,862.49,0.0,0.0,0.0,37.95062913956918,0.0,0.011944144143311674
BD+15 2375 b,13.8,,0.1279491833030853,111.9838,4649.0,0.001,883.68,0.14046541129403436,0.004087625147205885,0.05564460116471539,1408.5211954640172,0.0,0.011937365490489455
Kepler-1468 d,3.33187146,,0.29945553539019965,52.77,5794.0,0.0,819.0,0.0,0.0,0.0,46.39654807072733,0.0,0.011926843010737926
Kepler-406 b,1.43,6.35,2.1451905626134304,826.933,5538.0,0.0,1302.0,0.0,0.0,0.0,26.27620245472003,0.0,0.011907343876859516
Kepler-1978 b,2.67,,0.3992740471869329,49.3,5251.0,0.0,676.0,0.0,0.0,0.0,31.83416591062733,0.0,0.011902255369146771
TOI-237 b,1.44,,0.8911070780399275,3.7,3212.0,0.0,388.0,0.0,0.0,0.0,11.145664828760077,9.14226747217605e-06,0.011895850504666189
K2-34 b,13.75,539.67534,0.1705989110707804,963.566,6168.0,0.0,1687.0,0.0,0.0,0.0,1857.68878204984,0.0,0.011895033967360892
Kepler-1924 b,2.65446572,,0.4010889292196007,107.44,5726.0,0.0,821.0,0.0,0.0,0.0,31.423940784962394,0.0,0.01189376869327097
Kepler-1740 b,3.32321414,,0.29945553539019965,127.95,5705.0,0.0,858.0,0.0,0.0,0.0,46.0358255763524,0.0,0.01188732628565033
K2-199 b,1.73,6.9,1.3067150635208713,116.2,4491.0,0.02,913.0,0.38653267759468257,0.009594784342542179,0.05142383929047978,28.340520112494197,0.0,0.01187828370762126
Kepler-1886 b,2.58158428,,0.41560798548094374,26.68,5745.0,0.0,580.0,0.0,0.0,0.0,29.952385481054876,0.0,0.011873532405593702
GJ 581 e,1.38,2.48,0.9419237749546281,15.783,3500.0,0.012,554.37,0.5721106158976181,0.08411951156136678,0.02495057968691314,10.36911348150106,0.0,0.011869142485042911
Kepler-129 b,2.4,,1.47005444646098,158.306,5770.0,0.01,910.0,0.3389830911698147,0.006415493533742656,0.08559063952555768,85.12473138055047,0.0,0.011869094606988595
Kepler-1369 b,2.69,,0.3938294010889292,37.158,5761.0,0.0,667.0,0.0,0.0,0.0,32.11098179201991,0.0,0.011867578212109882
GJ 273 c,1.06,,0.987295825771325,6.66,3382.0,0.17,462.26,0.5063115216506276,0.1510686172398799,0.021798365122613537,4.925536094504292,1.7082775953634164e-38,0.011863342638204646
Kepler-575 b,2.39,,0.46098003629764067,141.987,5710.0,0.0,803.0,0.0,0.0,0.0,26.36115470829266,0.0,0.011862223663621165
Kepler-344 c,2.95,,0.3502722323049002,2.673,5774.0,0.0,360.0,0.0,0.0,0.0,37.66694235242357,0.16108362490234168,0.011854650435123843
Kepler-1835 b,3.53387773,,0.27586206896551724,100.96,5903.0,0.0,808.0,0.0,0.0,0.0,50.995887658410304,0.0,0.011834211194933913
rho CrB e,1.75,,0.6896551724137931,151.5473,5817.0,0.082,1004.88,0.30467060542120405,0.005892823133524474,0.08684618261472721,15.482274140535905,0.0,0.011821181721554188
Kepler-325 c,2.54,,0.4246823956442831,53.044,5752.0,0.0,721.0,0.0,0.0,0.0,29.151037606909984,0.0,0.011818905150030465
Kepler-1359 b,2.83,,0.37023593466424687,2.451,4709.0,0.0,369.0,0.0,0.0,0.0,35.15009348862319,0.4366054691336835,0.011818732878404892
Kepler-991 b,2.54,,0.4246823956442831,1.371,4392.0,0.0,260.0,0.0,0.0,0.0,29.151037606909984,0.981853933187158,0.011817946344803851
Kepler-581 b,2.63,,0.4065335753176044,12.39,5772.0,0.0,521.0,0.0,0.0,0.0,30.977921453731273,2.887486896365847e-188,0.011817058675403365
Kepler-292 e,2.67,,0.3992740471869329,50.924,5299.0,0.0,678.0,0.0,0.0,0.0,31.83416591062733,0.0,0.011814873690204643
Kepler-1865 b,1.57686072,,0.7912885662431943,495.14,5420.0,0.0,1203.0,0.0,0.0,0.0,12.995814524353635,0.0,0.011812695389527337
Kepler-1453 b,2.67,,0.3992740471869329,11.889,5665.0,0.0,503.0,0.0,0.0,0.0,31.83416591062733,1.2884875661277708e-170,0.011810612049783049
Kepler-478 b,2.71,,0.39019963702359345,39.56,5210.0,0.0,640.0,0.0,0.0,0.0,32.529946047917385,0.0,0.011810567407795357
Kepler-1537 b,1.18,,1.0689655172413792,713.168,5079.0,0.0,1800.0,0.0,0.0,0.0,7.356958854492012,0.0,0.01180633403340276
Kepler-648 b,3.22,,0.3139745916515427,47.336,5741.0,0.0,674.0,0.0,0.0,0.0,43.90871511302302,0.0,0.011798313954021686
TOI-4588 b,2.92922558,,0.35390199637023595,2310.43,7746.12,0.0,1768.0,0.0,0.0,0.0,37.25890402506416,0.0,0.011796643182565644
Kepler-322 b,1.01,,0.9782214156079855,735.179,5388.0,0.0,1373.0,0.0,0.0,0.0,4.221724579174764,0.0,0.011795794287121917
Kepler-1872 b,2.38421141,,0.4627949183303085,241.25,5223.0,0.0,1005.0,0.0,0.0,0.0,26.273109566826157,0.0,0.011787881958976737
Kepler-607 c,2.76001201,,0.38112522686025413,8.8,5244.0,0.0,473.0,0.0,0.0,0.0,33.56519857051045,4.634210450591564e-81,0.011787320226999904
TOI-1422 c,2.61,14.0,0.7803992740471869,26.5556,5840.0,0.2,628.0,0.35200368955104006,0.03345449906337097,0.08746059731793987,58.12018500425166,0.0,0.011777415349627198
HD 149143 b,13.6,,0.16751361161524503,796.9815,5856.0,0.0167,1471.9,0.1578055184193276,0.0007629055038454808,0.08788801624191765,1765.043595183589,0.0,0.01177494203703824
Kepler-608 b,3.64,,0.26678765880217786,270.162,5820.0,0.0,1069.0,0.0,0.0,0.0,53.89624346034754,0.0,0.011773267880409862
Kepler-517 b,2.67,,0.3992740471869329,10.555,5690.0,0.0,467.0,0.0,0.0,0.0,31.83416591062733,7.114103309589895e-128,0.01176874920951539
Kepler-133 c,2.84,,0.3684210526315789,67.161,5736.0,0.0,663.0,0.0,0.0,0.0,35.34989014533763,0.0,0.011765246593847506
K2-291 b,1.589,6.49,1.6043557168784028,633.0,5520.0,0.0,1278.0,0.0,0.0,0.0,26.962550224022277,0.0,0.011763420283056523
Kepler-1870 b,2.10143764,,0.544464609800363,287.6,5508.0,0.0,1046.0,0.0,0.0,0.0,21.164488930106415,0.0,0.011739751145130624
Kepler-276 d,2.8,16.3,0.13793103448275862,11.274,5693.0,0.0,489.0,0.0,0.0,0.0,12.683078975927009,3.5090916329295724e-150,0.011739050889199326
WASP-53 b,12.038466,677.61356,0.41379310344827586,241.6656,4953.0,0.03,1053.0,0.21766473648145518,0.0031456718855448116,0.0637655607201998,3024.0245252843083,0.0,0.011737757352965263
TOI-815 b,2.94,7.6,0.29764065335753176,36.9,4869.0,0.2,686.0,0.28036544548685977,0.019968522869755916,0.061521611369339355,31.68274848841094,0.0,0.011732146467656798
Kepler-573 b,2.79,,0.3756805807622504,46.44,5746.0,0.0,646.0,0.0,0.0,0.0,34.17590043095715,0.0,0.011731993405975479
Kepler-1779 b,3.03295685,,0.3375680580762251,67.34,5730.0,0.0,730.0,0.0,0.0,0.0,39.45014915564163,0.0,0.011730559724253452
Kepler-1211 b,2.55,,0.4228675136116153,130.9,5705.0,0.0,840.0,0.0,0.0,0.0,29.370644238439844,0.0,0.011729130005418972
Kepler-1887 b,2.92454357,,0.35390199637023595,36.14,5749.0,0.0,625.0,0.0,0.0,0.0,37.080527993439034,0.0,0.011726353109982067
TOI-1136 d,4.627,8.35,0.3284936479128857,626.362,5770.0,0.042,843.0,0.19982690001747552,0.0011174878376994215,0.08559063952556031,136.3057208336232,0.0,0.011725026010639378
Kepler-819 b,2.76,,0.38112522686025413,9.913,5279.0,0.0,485.0,0.0,0.0,0.0,33.56476040254678,1.6546212061626e-109,0.011722573514464959
TOI-1685 b,1.421,3.07,0.9618874773139746,213.0,3470.0,0.0,1000.0,0.0,0.0,0.0,11.560992350622259,0.0,0.011719252656178352
CoRoT-18 b,14.68,1102.82,0.3992740471869329,823.7009,5440.0,0.08,1550.0,0.14268221511632598,0.0006809005796985698,0.07677512421862417,5291.0011754254365,0.0,0.011713037975487343
HD 28109 c,4.13,9.2,0.12704174228675136,29.9535,6189.0,0.0039,643.0,0.290712552711739,0.025162385232489315,0.09678367259709773,37.48739008836019,0.0,0.011700444069495884
HD 110082 b,3.2,,0.3139745916515427,198.3948,6200.0,0.2,957.2,0.20237135382925006,0.003158717873030754,0.09707752310732921,43.09561160701671,0.0,0.011699939588058091
Kepler-152 b,2.79,,0.3756805807622504,21.084,5088.0,0.0,551.0,0.0,0.0,0.0,34.17590043095715,0.0,0.011695986621769914
Kepler-1257 b,1.52,,0.8294010889292197,546.908,5502.0,0.0,1252.0,0.0,0.0,0.0,12.200678251962165,0.0,0.01169569076201556
TOI-1794 b,3.29701268,8.7,0.23774954627949185,228.913,5631.0,0.0,992.91,0.0,0.0,0.0,35.69194033443696,0.0,0.011693030721959114
Kepler-219 d,2.81,19.1,0.8584392014519058,20.01,5786.0,0.0,598.0,0.0,0.0,0.0,79.78423971757906,0.0,0.011686671087775751
TOI-4137 b,13.57407563,457.67290608,0.18330308529945555,1013.0,6202.0,0.0,1570.0,0.0,0.0,0.0,1920.388860126714,0.0,0.011685987932552173
Kepler-95 b,3.42,13.0,0.3103448275862069,178.832,5699.0,0.0,927.0,0.0,0.0,0.0,52.000969304272125,0.0,0.011685907864920715
Kepler-43 b,13.663771,1026.5909,0.9074410163339384,1138.115,6041.0,0.017,1620.0,0.18569383276366908,0.000659807979420358,0.0928300475503537,9696.5834440595,0.0,0.011682546623794343
Kepler-937 b,3.72,,0.2595281306715064,20.627,6095.0,0.0,495.0,0.0,0.0,0.0,55.9631133913258,0.0,0.011681854488792469
TOI-5126 c,3.86,,0.24682395644283125,96.0,6150.0,0.0,971.0,0.0,0.0,0.0,59.46177001643762,0.0,0.011679603359099785
TOI-1723 b,3.435,10.4,0.29038112522686027,92.36,5777.0,0.0,782.98,0.0,0.0,0.0,49.29889866787161,0.0,0.011678303951349917
Kepler-461 b,2.58,,0.4174228675136116,254.906,5634.0,0.0,886.0,0.0,0.0,0.0,30.027831097818066,0.0,0.011675227959506351
Kepler-1582 b,1.49,,0.852994555353902,2.5,3208.0,0.0,354.0,0.0,0.0,0.0,11.819352184196878,0.3532350597251859,0.011661094791114454
Kepler-68 c,0.979,1.3,1.3611615245009074,204.0,5847.0,0.099,1052.0,0.2979030852672472,0.0042834743774303775,0.08764759309717385,5.349908437758203,0.0,0.011660632830696438
Kepler-10 d,3.49,,0.2813067150635209,3.9198,5708.0,0.19,387.0,0.4180563906151465,0.19431851141511586,0.08393439119516503,50.08930311975819,3.9162535797722097e-07,0.011654202568202897
Kepler-313 c,2.57,,0.4192377495462795,51.1,5727.0,0.0,683.0,0.0,0.0,0.0,29.809065432440704,0.0,0.011650476930385043
Kepler-1451 b,3.35,,0.29764065335753176,18.751,5782.0,0.0,523.0,0.0,0.0,0.0,46.87219368679577,0.0,0.011648817188625468
HAT-P-42 b,14.348,331.801,0.11070780399274048,684.0973,5743.0,0.0,1428.0,0.0,0.0,0.0,1369.7488657285223,0.0,0.011647430619273952
K2-203 b,1.26549392,,1.0526315789473684,49.6336,5026.0,0.23,738.4,0.33595762239320753,0.017666049779618886,0.06571565956082032,8.936041826126676,0.0,0.011646388220450048
HIP 97166 c,2.75,,0.38294010889292196,30.7622,5216.0,0.0,642.0,0.0,0.0,0.0,33.35934749042692,0.0,0.011643456794605694
Kepler-244 d,2.31,15.2,1.2304900181488205,31.267,5554.0,0.0,622.0,0.0,0.0,0.0,63.53347997718932,0.0,0.011640135076360403
Kepler-1758 b,2.57059831,,0.4192377495462795,93.64,5557.0,0.0,1028.0,0.0,0.0,0.0,29.829889418075727,0.0,0.011632998203343058
HD 207496 b,2.25,6.1,0.5753176043557169,72.9,4819.0,0.231,743.0,0.27211045874970535,0.010411313611650761,0.060185927231923605,27.450093432245385,0.0,0.0116301484801034
Kepler-475 b,2.49,,0.4373865698729583,215.462,5009.0,0.0,980.0,0.0,0.0,0.0,28.284733705718782,0.0,0.0116130442239872
Kepler-945 b,2.63,,0.4065335753176044,31.702,5718.0,0.0,616.0,0.0,0.0,0.0,30.977921453731273,0.0,0.011611504168123286
HD 28471 c,2.26,,0.4936479128856625,272.8024,5766.0,0.088,1066.0,0.2483078566507819,0.0028431478045022216,0.08548378479456482,23.86883552916823,0.0,0.011608557323393569
Kepler-236 c,2.0,,0.5807622504537205,3.802,3750.0,0.0,329.0,0.0,0.0,0.0,19.46152980808196,2.2256348784190615e-06,0.011602677576056217
Kepler-171 c,2.56,,0.42105263157894735,78.905,5642.0,0.0,752.0,0.0,0.0,0.0,29.58999496605706,0.0,0.011599389095241091
Kepler-11 f,2.49,2.0,0.12522686025408347,19.53,5663.0,0.013,513.0,0.4040475674397983,0.049198308473830804,0.08273227547148966,8.09811877881575,0.0,0.011594000079200662
LP 791-18 b,1.212,,1.087114337568058,24.14,2960.0,0.0,564.3,0.0,0.0,0.0,8.107215034537255,0.0,0.011593507671976769
Kepler-565 b,3.64,,0.26678765880217786,301.46,5735.0,0.0,1063.0,0.0,0.0,0.0,53.89624346034754,0.0,0.011591375398156264
TOI-4458 b,12.40834163,552.067942959,0.2885662431941924,1595.0,6151.0,0.03,1759.0,0.1421316435054083,0.0003643056935694982,0.09576855265266689,2309.273442495774,0.0,0.01156161595932268
Kepler-940 b,3.34,,0.29764065335753176,10.519,5769.0,0.0,486.0,0.0,0.0,0.0,46.45369443982614,8.36057589565838e-127,0.011558307474706476
Kepler-1388 c,2.26,,0.49546279491833034,51.044,4098.0,0.0,566.0,0.0,0.0,0.0,23.95658860096664,0.0,0.011551226255840905
Kepler-310 c,3.38,,0.29401088929219604,7.109,5797.0,0.0,417.0,0.0,0.0,0.0,47.55565041090551,4.4834535684065585e-46,0.011549428356668216
Kepler-325 d,2.79,,0.3756805807622504,12.083,5752.0,0.0,498.0,0.0,0.0,0.0,34.17590043095715,2.3973364134156407e-177,0.011546239494371084
Kepler-104 b,3.1,19.6,0.7377219600725953,119.907,5711.0,0.0,852.0,0.0,0.0,0.0,92.05903163951368,0.0,0.011539536592021254
Kepler-1102 b,2.66,,0.4010889292196007,22.981,5724.0,0.0,546.0,0.0,0.0,0.0,31.62089761807604,0.0,0.011539071449071825
Kepler-1684 b,2.87084792,,0.3629764065335753,3.42,4706.54,0.0,347.0,0.0,0.0,0.0,35.974731946235785,0.0003095494045421219,0.011538509032361156
Kepler-1234 b,2.81,,0.3738656987295826,40.12,4967.0,0.0,625.0,0.0,0.0,0.0,34.74747015184204,0.0,0.0115353638221397
Kepler-1567 b,2.73,,0.38656987295825773,2.723,5655.0,0.0,330.0,0.0,0.0,0.0,32.94614117139229,0.12158468866013827,0.011531584768552618
Kepler-1115 b,1.7,,0.7168784029038113,516.101,8480.0,0.0,1381.0,0.0,0.0,0.0,14.753017929338723,0.0,0.01150686139946485
WASP-171 b,10.98482,344.52772,0.2722323049001815,1200.24,5965.0,0.0,1642.0,0.0,0.0,0.0,1511.4963545525623,0.0,0.011502392341740527
TOI-1298 b,9.65807033,99.0,0.1088929219600726,732.0077,5752.0,0.0,1278.0,0.0,0.0,0.0,410.9219606826366,0.0,0.011495936226177443
Kepler-1765 b,2.49508857,,0.4355716878402904,126.48,5692.0,0.0,855.0,0.0,0.0,0.0,28.340411526482274,0.0,0.011490185959420465
Kepler-1678 b,3.30422249,,0.30127041742286753,2.78,5754.0,0.0,329.0,0.0,0.0,0.0,45.52531370615489,0.08670721130898057,0.011489476967829974
Kepler-913 c,3.8580709,,0.24682395644283125,122.82,6068.0,0.0,1357.0,0.0,0.0,0.0,59.37266350116522,0.0,0.01148777129683787
Kepler-463 b,3.05,,0.3357531760435572,166.039,5661.0,0.0,880.0,0.0,0.0,0.0,39.90324887759406,0.0,0.011480197355527114
TOI-6016 b,13.67495645,371.85923619,0.14700544464609802,940.0,6110.0,0.0,1890.0,0.0,0.0,0.0,1574.7074607458667,0.0,0.011475484126441076
Kepler-1897 b,2.81407954,,0.3720508166969147,15.43,5165.0,0.0,505.0,0.0,0.0,0.0,34.729615674745226,4.649488901e-314,0.011475168708981227
Kepler-1316 b,3.54,,0.27586206896551724,10.714,5884.0,0.0,446.0,0.0,0.0,0.0,51.26139072807339,1.2163583957044335e-132,0.01147345365242323
LHS 1678 d,0.981,,0.958257713248639,9.1,3490.0,0.036,462.95,0.6200035474644029,0.14315154956182227,0.024683442859429798,3.789465479078913,2.3586667087326138e-88,0.011469601272413917
HIP 116454 b,2.469,9.7,0.6406533575317604,51.2858,5048.0,0.215,753.2,0.2971132304594725,0.015685954989727233,0.06630336058128489,40.39010532091427,0.0,0.011467673490465725
GJ 1132 b,1.19151465,1.83704819246,1.0834845735027223,19.3,3229.0,0.0118,583.8,0.5519870137951,0.06789560865324173,0.01771117166212349,7.6773174920945415,0.0,0.0114622794273449
Kepler-871 b,3.74,,0.2577132486388385,79.722,5993.0,0.0,640.0,0.0,0.0,0.0,56.47290925935956,0.0,0.0114490646514954
K2-146 b,2.05,5.77,0.6696914700544465,20.7,3385.0,0.129,534.0,0.3827201868082625,0.04536653780485155,0.02187850617085909,24.16712340762399,0.0,0.011439335801604165
Kepler-657 b,3.52,,0.279491833030853,62.2,5808.0,0.0,616.0,0.0,0.0,0.0,51.06057741928693,0.0,0.011434266479574979
HD 135694 b,2.857,6.1,0.3720508166969147,71.8,5712.0,0.0,750.83,0.0,0.0,0.0,36.3430684997887,0.0,0.011422287502918287
TOI-2093 c,2.3,15.8,1.2704174228675136,3.0647,4426.0,0.0,329.0,0.0,0.0,0.0,64.74683719627077,0.010720791477136588,0.011410788739339924
Kepler-251 e,2.77,,0.3793103448275862,3.548,5526.0,0.0,360.0,0.0,0.0,0.0,33.76934241377408,6.765783388211546e-05,0.011400047075750288
Kepler-1642 c,2.66,,0.4010889292196007,89.632,5355.0,0.0,1095.0,0.0,0.0,0.0,31.62089761807604,0.0,0.0113969476915176
Kepler-20 g,4.71,,0.19056261343012706,16.2132,5495.0,0.15,524.0,0.30278151326488345,0.04547185202475668,0.07824437676977762,83.40441314653172,0.0,0.01138819121368961
HD 31527 b,3.22,,0.3121597096188748,76.3108,5898.0,0.1,832.2,0.2777303332006026,0.010312884749032037,0.08900999091734192,43.654907511213636,0.0,0.011380045340100332
HD 224018 c,2.42,10.4,0.7259528130671506,28.2444,5784.0,0.02,641.0,0.4979103134427884,0.04456556273062557,0.08596463108403411,43.09660901041936,0.0,0.011375353170973384
TOI-1136 e,2.639,6.07,0.3284936479128857,48.4771,5770.0,0.0425,737.0,0.36174205090685246,0.019960016316305878,0.08559063952555838,25.289122257392563,0.0,0.0113727046170743
Kepler-721 b,2.64,,0.4047186932849365,138.751,5075.0,0.0,850.0,0.0,0.0,0.0,31.19274925340165,0.0,0.011365341195775385
Kepler-963 b,2.66,,0.4010889292196007,83.494,5461.0,0.0,802.0,0.0,0.0,0.0,31.62089761807604,0.0,0.01134200259519709
HAT-P-27 b,11.43,197.05,0.13793103448275862,336.0384,5316.0,0.0,1091.99,0.0,0.0,0.0,862.758593789124,0.0,0.011339959651438004
HD 77946 b,2.89646124,10.9,0.4428312159709619,413.1008,6007.0,0.211,1128.86,0.18537003308260797,0.0014755943242971005,0.09192178233690664,45.07440477703916,0.0,0.01133592393651929
HD 108236 b,1.615,,0.7676950998185119,312.1807,5660.0,0.045,1099.0,0.2960141490765413,0.002953488611557752,0.0826521344232435,13.545497417852031,0.0,0.011332845585206044
Kepler-120 b,2.15,8.5,0.852994555353902,42.692,4096.0,0.0,575.0,0.0,0.0,0.0,35.509965317971236,0.0,0.011329747984425665
HIP 8152 b,2.53625843,8.9,0.5390199637023594,88.9,5618.0,0.0,794.96,0.0,0.0,0.0,36.83612774612229,0.0,0.011328393672540885
Kepler-715 b,3.75,,0.2558983666061706,181.408,5871.0,0.0,876.0,0.0,0.0,0.0,56.52621763562624,0.0,0.011327727347649532
TOI-1801 b,2.079,5.738,0.6716878402903812,10.7276,3863.0,0.0,493.7,0.0,0.0,0.0,25.282473665099726,4.6827355253473095e-133,0.011327703956512544
NGTS-25 b,11.46678726,203.092352073,0.13430127041742287,339.4356,5321.0,0.0,1101.0,0.0,0.0,0.0,848.1916561798799,0.0,0.011326428883390771
K2-108 b,5.33,59.4,0.40290381125226865,762.0,5599.0,0.18,1360.0,0.15138331328991048,0.0007169737101929067,0.08102259977560147,255.54748548713462,0.0,0.011321014880437436
HD 224018 d,2.4,4.2,0.308529945553539,4.7348,5784.0,0.04,411.0,0.56377898735543,0.22249044476466984,0.08596463108403427,17.865684363819238,9.716043893335576e-14,0.011318467565397733
Kepler-541 b,3.36,,0.29401088929219604,1452.904,6166.0,0.0,1673.0,0.0,0.0,0.0,46.71645258164611,0.0,0.01131684344199308
TOI-5817 b,3.08,10.3,0.3502722323049002,126.8632,5770.0,0.2,950.0,0.2277461496849623,0.005321965215079479,0.08559063952555933,42.86930758648762,0.0,0.011315299106484315
KELT-21 b,17.777474,1242.7153,0.2250453720508167,2950.0,7598.0,0.0,2051.0,0.0,0.0,0.0,5296.254573670703,0.0,0.011315088416453904
Kepler-1690 b,2.81109223,,0.3720508166969147,1.2,5404.0,0.0,267.0,0.0,0.0,0.0,34.61913049016424,0.984676114948132,0.011313257110894296
Qatar-9 b,11.309881,378.2177,0.2595281306715064,210.669,4309.0,0.0,1134.0,0.0,0.0,0.0,1572.7045893698541,0.0,0.011304602620483927
Kepler-899 b,2.68,,0.39564428312159716,62.198,5595.0,0.0,640.0,0.0,0.0,0.0,31.900529088691453,0.0,0.011301402581825753
Kepler-177 b,3.5,5.84,0.13611615245009076,30.4,5732.0,0.0,549.0,0.0,0.0,0.0,24.445696011372483,0.0,0.011299285923822528
Kepler-561 c,2.68,,0.39564428312159716,183.166,5646.0,0.0,989.0,0.0,0.0,0.0,31.900529088691453,0.0,0.011296322853665924
Kepler-863 b,2.9,,0.3575317604355717,117.828,5678.0,0.0,718.0,0.0,0.0,0.0,36.525589197810255,0.0,0.011296264216150122
Kepler-809 b,3.01,,0.3411978221415608,13.155,5734.0,0.0,478.0,0.0,0.0,0.0,38.97573793300523,6.761462628843603e-217,0.01128934741176953
Kepler-1801 c,2.91,,0.35571687840290384,4.47,5738.0,0.0,371.0,0.0,0.0,0.0,36.71741082369577,2.4850546604079802e-11,0.011282960822913619
Kepler-1819 b,3.90351256,,0.24319419237749548,78.99,6090.0,0.0,760.0,0.0,0.0,0.0,60.59106025775143,0.0,0.011280970664083286
Kepler-1458 b,2.76,,0.38112522686025413,8.293,5653.0,0.0,493.0,0.0,0.0,0.0,33.56476040254678,1.576249647112325e-69,0.011279836842276592
K2-111 c,3.34,,0.29764065335753176,142.0569,5775.0,0.069,923.0,0.25837852933507854,0.0054671133960676865,0.08572420793930086,46.45369443982614,0.0,0.011275497364286863
Kepler-180 c,3.01,,0.3411978221415608,16.423,5731.0,0.0,540.0,0.0,0.0,0.0,38.97573793300523,0.0,0.011273995902205108
Kepler-1785 b,2.70422447,,0.3920145190562614,47.3,5618.0,0.0,666.0,0.0,0.0,0.0,32.47274308675276,0.0,0.011271860596929096
Kepler-1320 b,1.7,,0.7168784029038113,672.113,4817.0,0.0,1389.0,0.0,0.0,0.0,14.753017929338723,0.0,0.011271826195560632
Kepler-668 b,2.7,,0.3920145190562614,77.619,5352.0,0.0,790.0,0.0,0.0,0.0,32.320796446052775,0.0,0.011270967018358112
TOI-2018 b,2.268,9.2,0.7858439201451906,26.0758,4174.0,0.0,576.34,0.0,0.0,0.0,38.40201893897047,0.0,0.01126875934791715
Kepler-1935 b,2.50271696,,0.43375680580762255,324.78,5570.0,0.0,1083.0,0.0,0.0,0.0,28.48197634680159,0.0,0.011267278491992149
Kepler-254 b,3.87,,0.24682395644283125,184.341,5957.0,0.0,1013.0,0.0,0.0,0.0,59.92510640825432,0.0,0.011260660310420261
Kepler-1731 b,2.93295657,,0.35208711433756806,13.3,4859.0,0.0,486.0,0.0,0.0,0.0,37.20965444783974,1.491147810134003e-222,0.011256966861532236
Kepler-172 e,2.76,,0.38112522686025413,23.431,5526.0,0.0,550.0,0.0,0.0,0.0,33.56476040254678,0.0,0.011255553187820568
Kepler-599 b,2.84,,0.3684210526315789,24.467,5127.0,0.0,623.0,0.0,0.0,0.0,35.34989014533763,0.0,0.011254116438891858
Kepler-251 d,2.77,,0.3793103448275862,17.477,5526.0,0.0,536.0,0.0,0.0,0.0,33.76934241377408,0.0,0.011253948365161182
LHS 3844 b,1.286,2.37,1.1161524500907443,73.67,3080.0,0.0,816.0,0.0,0.0,0.0,9.94340278321033,0.0,0.011239398872261348
Kepler-27 d,2.7061946,,0.3920145190562614,88.2,5251.0,0.0,810.0,0.0,0.0,0.0,32.54376767730832,0.0,0.011238947741847149
Kepler-146 b,3.71,,0.2595281306715064,32.89,5948.0,0.0,639.0,0.0,0.0,0.0,55.513010087164744,0.0,0.011237822350986009
CoRoT-2 b,16.432,1102.82,0.26678765880217786,932.9076,5625.0,0.0143,1521.0,0.15660574934561716,0.0006694450900037195,0.08171715552706017,4958.218071966653,0.0,0.011236050215801338
Kepler-1118 b,2.74,,0.38475499092558985,20.011,5688.0,0.0,502.0,0.0,0.0,0.0,33.15313177499815,0.0,0.011232799982474109
HD 32518 b,13.2,,0.3920145190562614,131.2791,4580.0,0.028,916.07,0.23977586246919477,0.006097947081635025,0.05380135705508294,3776.700582250424,0.0,0.011224247856904368
Kepler-616 c,3.41,,0.2885662431941924,6.86,5753.0,0.0,413.0,0.0,0.0,0.0,47.92887903025806,9.199486562618717e-42,0.011211905301047572
WASP-68 b,14.79588,343.2564,0.1206896551724138,843.4794,5910.0,0.0,1490.0,0.0,0.0,0.0,1637.49905059805,0.0,0.01120619982367412
Kepler-80 b,2.67,6.93,0.25045372050816694,54.382,4540.0,0.0049,547.0,0.31593341382724954,0.015807176655319877,0.05273280974514727,19.968704071211686,0.0,0.011204782124264276
TOI-4552 b,1.11,1.83,1.4047186932849365,263.0,3258.0,0.0,1122.0,0.0,0.0,0.0,8.047239140651826,0.0,0.011204140586279443
Kepler-1665 b,2.83910787,,0.3684210526315789,40.4,5049.84,0.0,906.0,0.0,0.0,0.0,35.31658719614642,0.0,0.01120347890321115
Kepler-1996 c,2.81,,0.3738656987295826,1.38,4580.0,0.0,276.0,0.0,0.0,0.0,34.74747015184204,0.9848286211573916,0.01120214666880398
Kepler-979 b,2.72,,0.3883847549909256,77.841,5310.0,0.0,792.0,0.0,0.0,0.0,32.73840341228933,0.0,0.011190380255169906
Kepler-1736 b,3.8765856,,0.24500907441016337,24.27,6085.0,0.0,566.0,0.0,0.0,0.0,59.78867287508268,0.0,0.01118251530297872
RR Cae b,13.0,,0.6061705989110707,0.0003,3904.0,0.0,35.94,0.0,0.0,0.0,5578.449863324579,0.6131409958195969,0.011177561186386447
Kepler-277 b,2.92,87.3,1.6696914700544463,198.245,5946.0,0.0,964.0,0.0,0.0,0.0,174.1299166510642,0.0,0.011168218111587034
Kepler-326 d,1.21,6.9,3.8838475499092557,180.644,5105.0,0.0,781.0,0.0,0.0,0.0,28.82085727571794,0.0,0.011163077441319467
TOI-1136 g,2.53,5.6,0.3448275862068966,17.9249,5770.0,0.04,574.0,0.44814226470443286,0.05950784560300755,0.08559063952555823,23.391182369378456,0.0,0.011155658944165335
Kepler-1744 b,3.76754004,,0.2540834845735027,21.0,5986.0,0.0,532.0,0.0,0.0,0.0,56.9165641924315,0.0,0.011154432896947715
Kepler-727 b,2.53,,0.426497277676951,176.685,5441.0,0.0,964.0,0.0,0.0,0.0,28.931199246336508,0.0,0.01112327665730309
HD 110113 c,2.11384817,,1.1088929219600727,199.9,5732.0,0.045,990.0,0.3183435455867483,0.004846485389550178,0.08457551958112217,43.873228256395045,0.0,0.01112053249006637
Kepler-675 b,2.44,,0.4482758620689656,308.547,4945.0,0.0,1070.0,0.0,0.0,0.0,27.277429546248953,0.0,0.011116561766828702
TIC 434398831 b,3.51,,0.279491833030853,333.6313,5638.0,0.04,1250.0,0.23211146926780724,0.0022625297900239066,0.08206443340278355,50.62663716650277,0.0,0.01110895477525065
HIP 8152 c,2.52442508,10.7,0.6588021778584392,39.9,5618.0,0.2,650.68,0.3198874000609682,0.02111209742326835,0.08153015974781683,44.394696786151734,0.0,0.011107458600103898
Kepler-444 b,0.403,,0.5698729582577133,225.735,5046.0,0.16,938.0,0.23033839831875705,0.0031698214576126515,0.06624993321578064,0.15623624659217672,0.0,0.011107123512675413
TOI-2570 b,13.64132951,260.61929374,0.10217785843920145,699.0,5771.0,0.0,1431.0,0.0,0.0,0.0,1086.4644088162145,0.0,0.011101522929249595
Kepler-1033 b,2.51,,0.4319419237749546,159.422,5547.0,0.0,914.0,0.0,0.0,0.0,28.611137990783305,0.0,0.011100607122439462
Kepler-663 b,2.6,,0.411978221415608,167.979,5264.0,0.0,917.0,0.0,0.0,0.0,30.330733388615087,0.0,0.011097370516455107
Kepler-1789 b,2.83137505,,0.3684210526315789,4.91,5436.0,0.0,380.0,0.0,0.0,0.0,35.0287992662131,1.9176626427662808e-15,0.01109230082959596
Kepler-219 c,3.58,,0.2722323049001815,54.105,5786.0,0.0,766.0,0.0,0.0,0.0,52.321158238103905,0.0,0.011092193971562053
GJ 338 B b,3.25,,0.308529945553539,3.9278,4014.0,0.109,391.0,0.4555559860737187,0.21309503971928886,0.03868141261954141,44.36454326184406,3.4574866360849667e-07,0.011081206944891515
Pr0211 b,13.4,,0.24682395644283125,457.3078,5300.0,0.011,1304.13,0.1787260950921789,0.0014439690936828178,0.073035208633861,2487.655938108966,0.0,0.011079479621723426
Kepler-96 b,2.67,8.46,0.4101633393829401,57.524,5690.0,0.0,711.0,0.0,0.0,0.0,32.70237043546262,0.0,0.011070600800089604
Kepler-1447 b,2.9,,0.3575317604355717,10.349,5722.0,0.0,522.0,0.0,0.0,0.0,36.525589197810255,7.985047684024452e-122,0.011064275296453678
TOI-1203.01,2.918,7.39,0.2958257713248639,51.0,5737.0,0.032,743.6,0.3609408216511979,0.019132053851834686,0.08470908799486473,30.787929082532642,0.0,0.011056704724812842
55 Cnc B b,1.69,,0.7223230490018149,4.0271,3286.0,0.0,395.41,0.0,0.0,0.0,14.60428153050956,7.028032994803229e-08,0.011052677224457819
WASP-144 b,9.52765,139.8452,0.1724137931034483,775.8849,5200.0,0.0,1260.0,0.0,0.0,0.0,624.6230409966741,0.0,0.011051241208315746
TrES-1 b,12.66617,266.9772,0.12921960072595282,318.4582,5230.0,0.0,1140.0,0.0,0.0,0.0,1099.8993414820907,0.0,0.011049414781243177
LHS 1903 b,1.382,3.28,1.2377495462794919,66.66,3664.0,0.015,796.0,0.4389324035020353,0.017947633648824613,0.029331623657634493,13.685022450747013,0.0,0.011046941892701929
Kepler-1068 b,3.63,,0.26678765880217786,55.933,5806.0,0.0,702.0,0.0,0.0,0.0,53.45326286323576,0.0,0.011041923542947656
Kepler-1065 b,3.73,,0.2577132486388385,419.91,5635.0,0.0,1092.0,0.0,0.0,0.0,56.021128135662074,0.0,0.011038677358563722
Qatar-6 b,11.903958,212.31044,0.12558983666061704,174.9015,5052.0,0.0,1006.0,0.0,0.0,0.0,887.3955828915906,0.0,0.011038384155494279
TYC 3667-1280-1 b,12.8,,0.8166969147005445,543.953,5130.0,0.036,1350.0,0.19543109907986767,0.0013593223846532297,0.06849388256664961,7174.298348451335,0.0,0.011032259916556814
Kepler-1333 b,2.81,,0.3738656987295826,3.298,5628.0,0.0,428.0,0.0,0.0,0.0,34.74747015184204,0.0011656182551439277,0.011027053287717357
Kepler-251 c,2.77,,0.3793103448275862,38.953,5526.0,0.0,655.0,0.0,0.0,0.0,33.76934241377408,0.0,0.011022556450804265
TOI-1117 d,3.27,,0.30490018148820325,152.0,5635.0,0.0,978.0,0.0,0.0,0.0,44.65700059520605,0.0,0.01101210732867129
TOI-4010 d,6.18,38.15,0.1633393829401089,30.0,4960.0,0.07,650.0,0.28239746518061526,0.025269554621354988,0.06395255649943647,161.4897436584632,0.0,0.011001473587759525
Kepler-107 c,1.597,10.0,2.4500907441016335,602.0,5854.0,0.08,1378.0,0.21937577492525087,0.001193364456013011,0.087834588876414,41.80088987916605,0.0,0.011000039000221168
WASP-119 b,15.6926,390.9309,0.12704174228675136,907.8624,5650.0,0.058,1600.0,0.12131700383991091,0.0005250073207633063,0.08238499759576796,2056.457625241582,0.0,0.010996442706292768
Kepler-1469 b,2.8,,0.3756805807622504,24.901,5507.0,0.0,551.0,0.0,0.0,0.0,34.54470194759067,0.0,0.010994575221772709
Kepler-178 b,2.9,,0.3575317604355717,84.571,5676.0,0.0,846.0,0.0,0.0,0.0,36.525589197810255,0.0,0.010988472675152771
K2-60 b,7.655747,135.39558,0.308529945553539,1212.0,5500.0,0.0,1400.0,0.0,0.0,0.0,579.8940468925379,0.0,0.010986551671856937
Kepler-104 c,3.13,,0.5435308529945554,45.438,5711.0,0.0,668.0,0.0,0.0,0.0,69.81453075893445,0.0,0.01098626404142262
TOI-1774.01,2.78,,0.3938294010889292,73.7609,5746.0,0.05,824.0,0.33135004669373225,0.012592809200267372,0.08494951113959939,35.44305364405726,0.0,0.01097603743660283
Kepler-299 c,2.65,,0.40290381125226865,198.554,5617.0,0.0,946.0,0.0,0.0,0.0,31.40708332318338,0.0,0.010970663144036306
Kepler-1205 b,1.41,,0.9147005444646098,1038.493,5226.0,0.0,1667.0,0.0,0.0,0.0,10.74050953174657,0.0,0.010969926614835538
Kepler-733 b,2.82,,0.3720508166969147,24.507,5418.0,0.0,595.0,0.0,0.0,0.0,34.949277047746776,0.0,0.010968232417470358
Kepler-487 d,2.77513568,,0.3793103448275862,550.8,5422.0,0.0,1226.0,0.0,0.0,0.0,33.95751961009076,0.0,0.01096062164354707
Kepler-192 c,2.79,,0.3756805807622504,38.216,5479.0,0.0,623.0,0.0,0.0,0.0,34.17590043095715,0.0,0.0109573451231601
TOI-1472 c,3.334,21.13,0.5698729582577133,32.7735,5100.0,0.172,662.0,0.31879598782886526,0.025567876044324228,0.06769247208419736,88.46336292408725,0.0,0.01095546177896888
Kepler-276 c,2.9,16.6,0.16152450090744103,19.793,5693.0,0.0,563.0,0.0,0.0,0.0,16.50140831779245,0.0,0.010950089388362047
Kepler-1851 b,3.90012032,,0.24319419237749548,85.78,5982.0,0.0,776.0,0.0,0.0,0.0,60.43323252045044,0.0,0.010944849634199323
Kepler-580 b,2.57,,0.4192377495462795,24.063,4298.0,0.0,558.0,0.0,0.0,0.0,29.809065432440704,0.0,0.01094146203462013
Kepler-1946 b,2.48812698,,0.4373865698729583,403.53,5505.0,0.0,1143.0,0.0,0.0,0.0,28.22095294539495,0.0,0.01094045681923925
HAT-P-5 b,13.56289,311.4734,0.12130725952813066,850.6754,5960.0,0.0,1517.0,0.0,0.0,0.0,1267.7456217865656,0.0,0.010939654805832123
Kepler-445 b,1.58,,0.7894736842105263,17.657,3157.0,0.0,401.0,0.0,0.0,0.0,13.04360168701691,0.0,0.010936880232380116
Kepler-130 b,1.02,,0.9782214156079855,221.731,5884.0,0.15,982.0,0.28079742197808283,0.0037506951023645804,0.08863599935886128,4.348367998494511,0.0,0.010924544136925078
TOI-1279 b,2.66146528,10.6,0.5535390199637024,74.7359,5457.0,0.0,759.0,0.0,0.0,0.0,43.71185778841679,0.0,0.010923712147688102
Kepler-18 b,2.0,6.9,0.8892921960072596,355.735,5345.0,0.0,1165.0,0.0,0.0,0.0,29.800467518625503,0.0,0.010920374923648142
Kepler-1562 b,3.55,,0.27404718693284935,31.768,5760.0,0.0,554.0,0.0,0.0,0.0,51.35692553057634,0.0,0.01092010379755421
TOI-5624 b,2.314,9.4,0.7259528130671506,251.103,5327.0,0.0,1136.0,0.0,0.0,0.0,37.677932662975486,0.0,0.010917813703062777
HD 183579 b,3.49,20.4,0.4809437386569873,58.1,5784.0,0.061,752.0,0.33479763330198087,0.016045233972747347,0.08596463108403568,85.63655049507045,0.0,0.010914097349868417
Kepler-1696 b,2.80982017,,0.3720508166969147,10.04,5712.0,0.0,454.0,0.0,0.0,0.0,34.57215477800893,5.0040047753711456e-113,0.010912768523581078
K2-226 b,1.53899305,,0.8148820326678766,332.7564,5288.0,0.22,1187.0,0.22460780296161784,0.002114195443884063,0.07271464444087578,12.442089677021645,0.0,0.010908631430130255
WASP-66 b,15.6926,746.9005,0.20762250453720507,1434.7739,6600.0,0.0,1569.7,0.0,0.0,0.0,3360.839318966242,0.0,0.010906416442335361
Kepler-1715 b,4.14042267,,0.2250453720508167,53.0,6212.0,0.0,646.0,0.0,0.0,0.0,66.91026178221826,0.0,0.010904145635109198
TOI-1269 b,2.40144286,6.4,0.4591651542649728,231.2034,5499.0,0.0,1004.9,0.0,0.0,0.0,26.636324928131163,0.0,0.010896773029657832
Kepler-1798 b,2.30911251,,0.4809437386569873,6.52,3967.0,0.0,408.0,0.0,0.0,0.0,24.803796914786954,3.158484794214522e-36,0.010894856565862162
Kepler-107 e,2.903,14.1,0.5771324863883848,138.7,5854.0,0.1,955.0,0.2733670868466243,0.005898402743425164,0.0878345888764163,59.14325708511958,0.0,0.01089268428396153
Kepler-1530 d,3.27870115,,0.30490018148820325,69.2,5678.0,0.0,972.0,0.0,0.0,0.0,45.01443373030275,0.0,0.01089028438735263
Kepler-570 b,2.45,,0.4446460980036298,214.04,5496.0,0.0,1009.0,0.0,0.0,0.0,27.39058752420916,0.0,0.010878374846818188
Kepler-1554 b,2.9,,0.3575317604355717,1.014,5297.0,0.0,288.0,0.0,0.0,0.0,36.525589197810255,0.9854995668383135,0.010873805415445357
Kepler-705 b,2.11,,0.5408348457350273,0.729,3722.0,0.0,265.0,0.0,0.0,0.0,21.281421841846257,0.9756677848406441,0.010870798599586189
Kepler-1237 b,2.86,,0.36479128856624315,4.042,5472.0,0.0,366.0,0.0,0.0,0.0,35.74630587748713,5.622276607138482e-08,0.010869781732144321
TOI-1011 b,1.45,4.04,1.3212341197822142,575.597,5475.0,0.0,1364.0,0.0,0.0,0.0,16.872226482237224,0.0,0.010869539312516904
Kepler-752 b,2.81,,0.3738656987295826,45.278,5373.0,0.0,632.0,0.0,0.0,0.0,34.74747015184204,0.0,0.010865912134493982
Kepler-1411 b,2.82,,0.3720508166969147,8.927,5664.0,0.0,441.0,0.0,0.0,0.0,34.949277047746776,4.343273973313079e-84,0.010862277504694665
Kepler-691 b,2.09,,0.5480943738656987,12.995,3715.0,0.0,460.0,0.0,0.0,0.0,20.959591388792457,9.586997363022612e-211,0.010860978006443063
Kepler-803 b,3.79,,0.25226860254083483,20.882,5919.0,0.0,543.0,0.0,0.0,0.0,57.52669722195869,0.0,0.010859743842000285
Kepler-228 d,4.04,,0.23230490018148822,122.778,6043.0,0.0,835.0,0.0,0.0,0.0,64.16394759294928,0.0,0.0108395317070757
Kepler-234 b,3.7,,0.2595281306715064,1007.716,6224.0,0.0,1420.0,0.0,0.0,0.0,55.06532668739646,0.0,0.010835595665969882
TOI-6130 b,14.3474953,333.71982735,0.11615245009074411,1150.0,6110.0,0.036,1750.0,0.1237608604587724,0.0004282399795713902,0.09467329165998704,1436.9619152342602,0.0,0.01082604968710944
GJ 251 b,1.79,,0.6696914700544465,2.37,3342.0,0.0,336.0,0.0,0.0,0.0,16.08875615821695,0.5603653818706215,0.01082044668490752
Kepler-1990 b,3.27,,0.30490018148820325,1372.87,5751.0,0.0,1554.0,0.0,0.0,0.0,44.65700059520605,0.0,0.010817215630156527
KOI-1783.01,8.86,71.0,0.1016333938294011,5.7,5922.0,0.0,412.0,0.0,0.0,0.0,296.0916793003191,1.6510574777103305e-24,0.010813170699730104
Kepler-11 b,1.8,1.9,0.3121597096188748,146.36,5663.0,0.045,849.0,0.30102549095470155,0.005976200545556284,0.08273227547148881,7.625757186174316,0.0,0.010812825507598456
HD 23472 f,1.137,0.77,0.544464609800363,26.3,4684.0,0.07,630.0,0.44097585365794734,0.04053788477645171,0.05657958006090096,3.352275161855147,0.0,0.010809038659630614
Kepler-318 c,3.68,,0.2613430127041742,96.513,5746.0,0.0,762.0,0.0,0.0,0.0,54.55605500350461,0.0,0.010808331361797962
L 98-59 e,1.49,,0.9437386569872959,2.4,3415.0,0.012,347.0,0.7780073087236425,0.4961815787702426,0.022679916653307652,13.076730076132716,0.5100908710537557,0.010807973176789184
Kepler-319 c,2.63,,0.4065335753176044,136.343,5526.0,0.0,876.0,0.0,0.0,0.0,30.977921453731273,0.0,0.010803099668809173
Kepler-232 c,3.83,,0.2486388384754991,116.524,5847.0,0.0,806.0,0.0,0.0,0.0,58.5132067140221,0.0,0.010800825911400868
Kepler-1228 b,1.54,,0.8166969147005445,1598.664,5063.0,0.0,1757.0,0.0,0.0,0.0,12.494293014196522,0.0,0.010791786149122892
TOI-1468 b,1.401,3.04,1.1070780399274047,36.4,3376.0,0.0099,683.5,0.4711401724880305,0.033310562836271616,0.021638083026123845,12.752086539604077,0.0,0.01078884832947006
Kepler-1843 b,2.70909809,,0.3920145190562614,111.8,5422.0,0.0,772.0,0.0,0.0,0.0,32.64862922674856,0.0,0.010783645259196764
Kepler-11 c,2.87,2.9,0.11978221415607987,107.224,5663.0,0.026,786.0,0.2753271727005465,0.007373844962421203,0.08273227547149031,11.861145576190616,0.0,0.010780493594487647
TOI-1438 c,2.75,10.6,0.5263157894736842,65.0,5230.0,0.0,794.0,0.0,0.0,0.0,45.849340152719456,0.0,0.010779565838543361
Kepler-874 b,3.94,,0.23956442831215974,31.624,6020.0,0.0,560.0,0.0,0.0,0.0,61.37614499502956,0.0,0.010779042946913899
GJ 251 c,1.8,,0.6642468239564429,0.404,3342.0,0.0,216.0,0.0,0.0,0.0,16.22690191941744,0.969116474426619,0.010778874839501533
Kepler-709 b,2.92,,0.35390199637023595,28.216,5071.0,0.0,613.0,0.0,0.0,0.0,36.90797146408427,0.0,0.010777770083968683
HIP 113103 b,1.829,,0.6515426497277677,55.7356,4930.0,0.17,721.0,0.31774961206704877,0.01530938099472883,0.06315114601698445,16.698312156847958,0.0,0.010767919509723636
TOI-1824 b,2.7438269,16.0,0.7695099818511797,14.6287,5165.0,0.0,528.67,0.0,0.0,0.0,66.58447742808423,8.84900486985993e-278,0.010767232507551332
BD+20 594 b,2.57807,22.2481,1.4319419237749547,15.1513,5766.0,0.0,546.0,0.0,0.0,0.0,102.7775188560079,3.494014969006627e-301,0.010762399867358356
Kepler-1815 b,2.7489262,,0.38294010889292196,80.01,5516.0,0.0,763.0,0.0,0.0,0.0,33.32028500105112,0.0,0.01075997502140823
TOI-784 b,1.93,9.67,1.3430127041742288,413.894,5558.0,0.0,1256.0,0.0,0.0,0.0,40.44274798912117,0.0,0.010750737597581486
WASP-45 b,10.603714,306.38812,0.2573502722323049,294.0,5150.0,0.0,1153.0,0.0,0.0,0.0,1285.2489507695973,0.0,0.01074930669058038
GJ 3988 b,1.74,,0.6987295825771326,2.45,3273.0,0.0,348.0,0.0,0.0,0.0,15.418619277613711,0.43062701470666537,0.010748023968924292
Kepler-170 c,2.86,,0.36479128856624315,50.682,5679.0,0.0,702.0,0.0,0.0,0.0,35.74630587748713,0.0,0.010747684394450265
Kepler-1775 b,3.64762153,,0.26497277676951,9.9,5818.0,0.0,522.0,0.0,0.0,0.0,53.866552046671934,3.7890382986520907e-109,0.010746774319034123
TOI-2989 b,12.55405838,953.485221,0.49001814882032674,124.0,4672.0,0.0,1001.0,0.0,0.0,0.0,4061.1890481975597,0.0,0.010737009183813026
HIP 113103 c,2.4,,0.4573502722323049,180.487,4930.0,0.17,585.0,0.23186983287719318,0.00389961498926814,0.06315114601698518,26.483249762837925,0.0,0.01072789217233068
Kepler-1972 c,0.868,2.11,3.3393829401088926,198.4,5818.0,0.043,1215.0,0.29913706913646526,0.004397269392638656,0.08687289629747236,9.147744139739322,0.0,0.01071104432356558
HD 28471 d,2.06,,0.5607985480943739,115.259,5766.0,0.093,945.0,0.3006754932561483,0.007512979131037217,0.0854837847945645,20.53511555163174,0.0,0.01070456953519646
Kepler-584 b,4.21,,0.22141560798548096,76.339,6195.0,0.0,664.0,0.0,0.0,0.0,69.20590123598967,0.0,0.010699427274843597
Kepler-552 b,3.95,,0.23956442831215974,358.994,5863.0,0.0,1103.0,0.0,0.0,0.0,61.84466317120087,0.0,0.010697924679450695
Kepler-716 b,2.9,,0.3575317604355717,42.493,5099.0,0.0,720.0,0.0,0.0,0.0,36.525589197810255,0.0,0.010695711076311926
TOI-1136 f,3.73591482,9.7,0.16152450090744103,26.4328,5770.0,0.001,658.0,0.2495033335785842,0.023977171823394827,0.08559063952555862,35.27913384091849,0.0,0.010692684650084737
Kepler-652 b,2.49,,0.4373865698729583,211.884,5490.0,0.0,974.0,0.0,0.0,0.0,28.284733705718782,0.0,0.010691920026705307
Kepler-9 d,1.64,,2.458650816696915,1339.658,5777.0,0.0,2026.0,0.0,0.0,0.0,45.42730858084844,0.0,0.010690381431568773
HATS-4 b,11.433,420.471,0.2813067150635209,558.828,5403.0,0.013,1315.0,0.18444952015792343,0.0012261191263515134,0.07578671795693581,1760.9593024409462,0.0,0.010688583443598755
Kepler-1388 e,2.46,,0.4428312159709619,3.97,4098.0,0.0,299.0,0.0,0.0,0.0,27.61418042439924,1.7774856238574133e-07,0.010686547493583444
TOI-1288 b,4.96846551,44.1,0.3575317604355717,1198.41,5388.0,0.0,1203.44,0.0,0.0,0.0,183.68346984933964,0.0,0.010685717827696062
Kepler-800 b,2.85,,0.3666061705989111,44.872,5315.0,0.0,675.0,0.0,0.0,0.0,35.54863750630473,0.0,0.010684529588513224
Kepler-600 b,2.9,,0.3575317604355717,20.182,5279.0,0.0,528.0,0.0,0.0,0.0,36.525589197810255,0.0,0.010680577398299747
Kepler-619 d,4.17,,0.22323049001814882,112.07,6122.0,0.0,830.0,0.0,0.0,0.0,67.80321494925931,0.0,0.01067756031657926
Kepler-1781 b,2.38091029,,0.4627949183303085,239.11,5568.0,0.0,1003.0,0.0,0.0,0.0,26.16412930942996,0.0,0.010673805969660872
Kepler-186 f,1.17,,1.0653357531760437,0.3,3755.0,0.04,177.0,0.7182543234367079,0.36120983852708793,0.0317625687877297,7.147146709171989,0.927429800539753,0.010673309341595267
HD 93385 c,2.56,,0.4228675136116153,128.3482,5977.0,0.2,937.43,0.2391544039189203,0.005481095209338904,0.0911203718544571,29.71753804780731,0.0,0.010665850712275545
WASP-29 b,8.63093,73.1009,0.11796733212341198,121.7724,4800.0,0.03,970.0,0.2153724672368862,0.005585901597264395,0.05967836725970868,317.7043418710275,0.0,0.0106610727333081
Kepler-1784 b,2.79936489,,0.3738656987295826,64.8,5442.0,0.0,724.0,0.0,0.0,0.0,34.35443138865012,0.0,0.010658943089905951
TRAPPIST-1 f,1.045,1.039,0.9115978221415607,0.373,2566.0,0.01007,217.7,0.7482264105965557,0.44112737146363756,0.0,4.357533751040198,0.8897183393112479,0.0106529107024697
Kepler-781 b,2.89,,0.35934664246823955,44.397,5162.0,0.0,629.0,0.0,0.0,0.0,36.332537375176074,0.0,0.010647550249740664
K2-250 b,2.71257333,,0.39019963702359345,169.218,5003.0,0.21,1003.0,0.21742181183255177,0.0038992610005022786,0.06510124485761157,32.62270228391879,0.0,0.010638494384488674
Kepler-1016 c,3.68,,0.2613430127041742,7.071,5821.0,0.0,407.0,0.0,0.0,0.0,54.55605500350461,2.109821369822033e-45,0.010636560234140292
Kepler-530 b,3.01,,0.3411978221415608,14.238,5697.0,0.0,488.0,0.0,0.0,0.0,38.97573793300523,6.596289695462118e-261,0.010632961417069046
Kepler-1325 b,2.86,,0.36479128856624315,18.153,5550.0,0.0,564.0,0.0,0.0,0.0,35.74630587748713,0.0,0.010627946286543009
Kepler-2001 b,1.04,,0.9927404718693285,911.28,5081.0,0.0,1402.0,0.0,0.0,0.0,4.677613720126153,0.0,0.010608504070973296
Kepler-717 b,2.42,,0.4537205081669692,398.0,5485.0,0.0,1139.0,0.0,0.0,0.0,26.935380631512096,0.0,0.010603801167408977
Kepler-192 b,2.74,,0.38475499092558985,105.297,5479.0,0.0,803.0,0.0,0.0,0.0,33.15313177499815,0.0,0.010600202839401352
Kepler-150 d,2.79,,0.3756805807622504,65.142,5560.0,0.0,734.0,0.0,0.0,0.0,34.17590043095715,0.0,0.010599948693515607
Kepler-198 b,2.82,,0.3720508166969147,44.549,5574.0,0.0,655.0,0.0,0.0,0.0,34.949277047746776,0.0,0.010592188052435928
Kepler-698 b,3.68,,0.2613430127041742,172.557,5612.0,0.0,727.0,0.0,0.0,0.0,54.55605500350461,0.0,0.010590072961932817
TOI-1753 b,2.47852533,16.6,1.0798548094373865,237.996,5621.0,0.0,1005.43,0.0,0.0,0.0,68.87063085823844,0.0,0.010587643642886467
Kepler-1881 b,2.98104391,,0.3448275862068966,1.5,5135.0,0.0,289.0,0.0,0.0,0.0,38.264472508304365,0.9861666180677429,0.010584240174784819
TOI-1260 b,2.41,8.56,0.6079854809437387,95.58,4227.0,0.0,871.0,0.0,0.0,0.0,35.647817453340764,0.0,0.010572182519880445
HD 108236 c,2.071,,0.5553539019963702,162.1675,5660.0,0.034,932.0,0.3266106873061456,0.00598745039554797,0.08265213442324433,20.663254922233378,0.0,0.01056693430044147
Kepler-549 c,2.93,,0.35390199637023595,2.51,5360.0,0.0,349.0,0.0,0.0,0.0,37.28846303513528,0.3483203220132931,0.010566142476168043
Kepler-166 d,1.73,,0.7005444646098004,651.409,5350.0,0.0,1313.0,0.0,0.0,0.0,15.193667726976054,0.0,0.010565719942264766
G 9-40 b,1.9,4.0,0.5807622504537205,6.27,3395.0,0.0,440.6,0.0,0.0,0.0,16.685829119204268,2.0503301449784137e-32,0.01056433001073204
TOI-1691 b,3.66,14.6,0.3194192377495463,59.13,5759.0,0.0,703.49,0.0,0.0,0.0,65.59835283591853,0.0,0.010563031635718333
HD 24085 b,3.46,,0.28493647912885667,2061.4187,6034.0,0.22,1875.43,0.1216341144961635,0.00022408429109644102,0.09264305177111143,49.43846286290655,0.0,0.010561856521090963
Kepler-1341 b,2.99,,0.3448275862068966,1.141,4662.0,0.0,241.0,0.0,0.0,0.0,38.610388929770465,0.9863727507767,0.01055385096271941
Kepler-80 c,2.74,6.74,0.22141560798548096,36.482,4540.0,0.0079,495.0,0.3575942607735835,0.025588956529085372,0.052732809745147394,19.078689040329127,0.0,0.010553421015784823
TOI-4463 A b,13.26022417,252.355755158,0.10798548094373865,633.0,5640.0,0.0,1395.0,0.0,0.0,0.0,1054.645671119482,0.0,0.010552808331899815
Kepler-189 c,2.38,22.7,1.6787658802177858,18.811,5235.0,0.0,544.0,0.0,0.0,0.0,94.80027875505708,0.0,0.010545768837400537
Kepler-131 b,2.41,16.13,1.088929219600726,66.122,5685.0,0.0,718.0,0.0,0.0,0.0,63.84683722986405,0.0,0.010542319556159559
Kepler-449 b,2.056,,0.5607985480943739,167.41,5649.18,0.03,917.0,0.33060311645376544,0.005885973917709631,0.08236309237590766,20.41572564474277,0.0,0.010532893557856178
TOI-2076 b,2.59,6.7,0.37749546279491836,49.4,5187.0,0.0114,736.0,0.3923833215135313,0.021363128463735087,0.07001656248329831,27.472592078221062,0.0,0.01052091816545557
Kepler-154 c,2.95,,0.3502722323049002,12.071,5690.0,0.0,454.0,0.0,0.0,0.0,37.66694235242357,6.317236314021032e-177,0.01050125327551444
Kepler-1792 b,2.51990972,,0.4301270417422868,283.78,5229.0,0.0,1047.0,0.0,0.0,0.0,28.829711848108957,0.0,0.010499780816726974
Kepler-119 b,3.6,,0.26860254083484575,745.285,5595.0,0.0,1213.0,0.0,0.0,0.0,52.49358435133948,0.0,0.010499447666063701
Kepler-178 c,2.88,,0.36116152450090744,30.546,5676.0,0.0,656.0,0.0,0.0,0.0,36.1382859620897,0.0,0.010496728112373193
Kepler-33 e,4.02,5.57,0.14519056261343014,74.72,5904.0,0.0,752.0,0.0,0.0,0.0,39.50982960526003,0.0,0.010490450488271104
Kepler-921 b,2.87,,0.3629764065335753,15.007,5663.0,0.0,492.0,0.0,0.0,0.0,35.9428653823958,1.242352501582154e-294,0.01048342625471577
Kepler-304 b,2.86,,0.36479128856624315,139.146,4731.0,0.0,875.0,0.0,0.0,0.0,35.74630587748713,0.0,0.01046674885105296
Kepler-735 b,2.95,,0.3502722323049002,32.679,5107.0,0.0,657.0,0.0,0.0,0.0,37.66694235242357,0.0,0.010464275114408844
Kepler-48 c,2.71,14.61,0.7277676950998185,67.593,5194.0,0.0,736.0,0.0,0.0,0.0,60.67213193123197,0.0,0.01045290791765589
Kepler-11 d,3.12,7.3,0.23230490018148822,51.115,5663.0,0.004,653.0,0.30609799682835526,0.0162252389379725,0.08273227547149012,29.553625259151715,0.0,0.010450396700486605
rho CrB c,5.68,,0.14936479128856625,9.85,5817.0,0.048,448.1,0.3746369593750558,0.08666384032285751,0.08684618261473125,114.65205749601134,8.893535899102044e-108,0.010446145648019649
Kepler-1825 b,1.42200732,,0.9056261343012705,1264.7,5123.0,0.0,1520.0,0.0,0.0,0.0,10.907947827791444,0.0,0.010444653766747617
NGTS-21 b,14.90794433,750.07504052,0.2268602540834846,514.2853,4660.0,0.0,1357.0,0.0,0.0,0.0,3148.4754438168934,0.0,0.010431811462036278
Kepler-256 d,2.48,,0.43920145190562615,221.1,5551.0,0.0,1097.0,0.0,0.0,0.0,28.06127623040837,0.0,0.010421527986997242
TOI-4342 c,2.349,4.8,0.36479128856624315,11.6,3866.0,0.0,514.0,0.0,0.0,0.0,19.80533160113487,7.692214933077378e-161,0.010415878622331913
KOI-1833 d,2.58,11.02,0.8166969147005445,27.35,4413.0,0.0,613.0,0.0,0.0,0.0,58.750104321817965,0.0,0.010413272816774328
Kepler-244 b,2.76,,0.38112522686025413,242.471,5554.0,0.0,1038.0,0.0,0.0,0.0,33.56476040254678,0.0,0.010413214708281174
Kepler-1764 b,4.55527871,,0.19782214156079858,16.17,6461.0,0.0,511.0,0.0,0.0,0.0,78.32643682081856,0.0,0.010409391737740178
TOI-5678 b,4.91,20.0,0.16842105263157897,3.8369,5485.0,0.14,513.0,0.3842310724797186,0.18486932545544965,0.07797723994229472,83.50826544805271,1.3664299207406078e-06,0.010407656486036913
K2-32 e,1.212,2.1,1.1433756805807622,210.7222,5271.0,0.043,1066.0,0.33555403714260107,0.0047388166539640625,0.07226051183415348,8.526787098094275,0.0,0.010394253505544132
Kepler-701 b,2.84,,0.3684210526315789,75.623,5343.0,0.0,777.0,0.0,0.0,0.0,35.34989014533763,0.0,0.010388786861110055
Kepler-1944 b,2.75971163,,0.38112522686025413,97.62,5585.0,0.0,801.0,0.0,0.0,0.0,33.554240773519574,0.0,0.010384713971765434
TrES-2 b,15.24424,473.5667,0.1604355716878403,903.864,5850.0,0.0,1466.0,0.0,0.0,0.0,2380.7106133846128,0.0,0.010380510225392338
Kepler-104 d,3.58,,0.30282050816696915,16.012,5711.0,0.0,515.0,0.0,0.0,0.0,58.19999845850941,0.0,0.01037778000892994
Kepler-1405 b,3.96,,0.23956442831215974,33.802,5925.0,0.0,565.0,0.0,0.0,0.0,62.315559607132,0.0,0.010375743647746854
Wendelstein-1 b,11.5609626,188.15536,0.1306715063520871,113.6142,4251.0,0.012,2198.0,0.21461159399938576,0.006097616161975123,0.045012555430890853,845.7684794372652,0.0,0.010374465358880279
Kepler-153 b,2.92,,0.35390199637023595,21.609,5404.0,0.0,621.0,0.0,0.0,0.0,36.90797146408427,0.0,0.010372838657906556
Kepler-458 c,4.2,,0.22141560798548096,279.787,6117.21,0.0,798.0,0.0,0.0,0.0,68.7139180044467,0.0,0.01037054042183275
K2-285 b,2.59,9.68,0.5571687840290381,234.31,4975.0,0.0,1088.9,0.0,0.0,0.0,40.548489269297434,0.0,0.01036870089647864
HD 156668 b,1.87,,0.633393829401089,679.2975,4850.0,0.0,887.48,0.0,0.0,0.0,17.349511735489866,0.0,0.01036617698646395
K2-38 b,1.54,7.3,1.9963702359346642,426.0,5731.0,0.197,1266.0,0.20733830122431607,0.0015471303754385373,0.08454880589837306,30.54160514581372,0.0,0.010364924669484762
TOI-1634 b,1.759,4.9,0.9586286751361162,121.0,3550.0,0.0,900.0,0.0,0.0,0.0,21.854282033640157,0.0,0.010355688759761842
Kepler-1757 b,2.94660251,,0.3502722323049002,21.5,5288.0,0.0,549.0,0.0,0.0,0.0,37.536950083543736,0.0,0.010345831296093339
Kepler-473 b,4.08,,0.22867513611615245,243.376,5816.0,0.0,879.0,0.0,0.0,0.0,65.0561030424114,0.0,0.010327650966199364
Kepler-647 c,4.00135002,,0.23593466424682397,69.0,5906.74,0.0,644.0,0.0,0.0,0.0,63.31403503831407,0.0,0.010320641192745658
TOI-4551 b,11.85910158,473.56432643,0.31578947368421056,1247.74,4896.0,0.101,1655.0,0.12549503895656414,0.000402985963662413,0.062242880803546716,2206.183468132717,0.0,0.010315367494303715
Kepler-1770 b,2.84141754,,0.3666061705989111,56.43,5602.0,0.0,699.0,0.0,0.0,0.0,35.22845127203896,0.0,0.010314023705272754
TOI-2096 b,1.243,,1.0798548094373865,9.4,3300.0,0.15,445.0,0.47436408013252934,0.10779638659711226,0.019607843137253025,8.686950805674238,7.075121758449885e-96,0.01031313982035777
Kepler-1710 b,3.19744103,,0.20186025408348457,48.9,5650.0,0.0,694.0,0.0,0.0,0.0,27.64057387437056,0.0,0.010298737958723155
Kepler-123 b,2.94,55.3,2.177858439201452,138.807,6089.0,0.0,817.0,0.0,0.0,0.0,231.82498893959226,0.0,0.010294197708480814
CoRoT-28 b,10.704595,153.82972,0.12522686025408347,672.7522,5150.0,0.047,1349.25,0.14103239293750064,0.0007808242131766479,0.06902815622161529,643.4233587735761,0.0,0.010291827413029024
Kepler-689 b,2.89,,0.35934664246823955,35.337,5518.0,0.0,536.0,0.0,0.0,0.0,36.332537375176074,0.0,0.010289163482415382
Kepler-58 c,2.86,53.0,1.8148820326678767,64.389,5843.0,0.0,799.0,0.0,0.0,0.0,177.8423177984435,0.0,0.010261175955255953
Kepler-1321 c,2.4,,0.4573502722323049,115.909,4094.0,0.0,697.0,0.0,0.0,0.0,26.483249762837925,0.0,0.010252086769743885
TOI-1130 c,13.0,336.0,0.15009836660617062,30.0,4360.0,0.0398,650.0,0.26151746079829524,0.024865364419150198,0.04792434685045627,1381.321057444218,0.0,0.010244189303021027
TOI-125 b,2.726,9.5,0.4664246823956443,185.0,5320.0,0.194,1037.0,0.2235254401277495,0.003696432614761887,0.0735694822888232,39.57743900718998,0.0,0.01023978711378588
Kepler-949 c,2.97,,0.3466424682395644,27.2,5211.0,0.0,582.0,0.0,0.0,0.0,38.039931450518424,0.0,0.010234442255928261
Kepler-118 c,7.68,,0.10054446460980038,21.409,5274.0,0.0,564.0,0.0,0.0,0.0,190.77894168201786,0.0,0.010234300789279019
Kepler-266 c,3.89,,0.24319419237749548,5.592,5885.0,0.0,421.0,0.0,0.0,0.0,59.964002388976276,3.822894037086624e-23,0.010227492289671038
Kepler-67 b,2.94,,0.35208711433756806,30.6,5331.0,0.0,602.0,0.0,0.0,0.0,37.478373211900745,0.0,0.010217211925607882
Kepler-81 b,2.42,17.2,1.2105263157894737,39.95,4385.0,0.0,635.0,0.0,0.0,0.0,71.86359552487427,0.0,0.010212404018081891
TOI-238 b,1.559,3.37,1.234119782214156,753.1,5059.0,0.18,1378.0,0.1966628836832687,0.0008791484761653831,0.06659721109151484,19.587737203381636,0.0,0.010202093224550565
HD 136352 c,2.916,11.24,0.453297277676951,35.1,5664.0,0.0,677.0,0.0,0.0,0.0,47.079764211192455,0.0,0.01019419300512435
GJ 317 b,13.3,794.5,0.3375680580762251,0.0159,3496.0,0.0826,100.32,0.2237151642785,0.011176774833161087,0.02484372495592234,3326.632894209357,0.6398693651409051,0.010190695049405687
OGLE-TR-111 b,11.421971,174.799,0.11796733212341198,204.9529,5040.0,0.0,1019.0,0.0,0.0,0.0,736.3317488418214,0.0,0.010186672423143327
TOI-451 c,2.93,3.7,0.14700544464609802,93.0,5490.0,0.0,865.0,0.0,0.0,0.0,15.489053876133116,0.0,0.0101827164381736
Kepler-799 c,2.78068551,,0.37749546279491836,150.25,5588.0,0.0,893.0,0.0,0.0,0.0,33.99820332228839,0.0,0.01018102772540064
Kepler-315 b,3.77,,0.2540834845735027,6.674,5796.0,0.0,409.0,0.0,0.0,0.0,57.02812550996182,1.1096874041046247e-38,0.010173067008015898
Kepler-894 b,2.78,,0.37749546279491836,119.881,5603.0,0.0,896.0,0.0,0.0,0.0,33.97306524407332,0.0,0.010168685773342826
Kepler-525 b,2.63,,0.4065335753176044,176.232,5573.0,0.0,832.0,0.0,0.0,0.0,30.977921453731273,0.0,0.010168647581672616
HATS-66 b,15.815899,1694.0339,0.4246823956442831,2637.0,6626.0,0.064,1998.0,0.11569431066252168,0.0001920399739597733,0.108457551958112,7037.761038291663,0.0,0.010165420422650116
Kepler-568 b,2.26,,0.49546279491833034,8.37,3768.0,0.0,429.0,0.0,0.0,0.0,23.95658860096664,3.1705767384397603e-71,0.010164861983846394
Kepler-578 b,2.0,,0.5807622504537205,496.898,5334.0,0.0,1774.0,0.0,0.0,0.0,19.46152980808196,0.0,0.01016330266637308
Kepler-183 c,2.27,35.7,3.049001814882033,108.717,5888.0,0.0,857.0,0.0,0.0,0.0,149.39080371607142,0.0,0.010156745934225202
Kepler-576 b,3.27,,0.30490018148820325,16.817,5672.0,0.0,541.0,0.0,0.0,0.0,44.65700059520605,0.0,0.01014955218343344
Kepler-985 b,2.98,,0.3448275862068966,2.4,5434.0,0.0,323.0,0.0,0.0,0.0,38.22428791484948,0.5199854125125787,0.010143924075123564
Kepler-1767 b,3.01299077,,0.3411978221415608,5.66,5243.0,0.0,393.0,0.0,0.0,0.0,39.092033609601394,5.291408911167438e-24,0.010142049915042847
TOI-1180 b,3.072,10.0,0.3502722323049002,36.97,4738.0,0.0,638.18,0.0,0.0,0.0,42.53612793603402,0.0,0.010136828838363225
WASP-5 b,12.184,502.15,0.29764065335753176,1559.4762,5700.0,0.038,1706.0,0.14016005014392063,0.00036577943262561745,0.08372068173318223,2255.0206825360224,0.0,0.010132204865124589
TOI-1803 b,2.99,10.32,0.39025589836660624,58.0,4687.0,0.0,747.0,0.0,0.0,0.0,43.697002852407756,0.0,0.010123165436936641
17 Sco b,12.9,,0.6370235934664247,85.4316,4157.0,0.06,847.51,0.2483243417460391,0.00938207073780267,0.04250146925255076,5728.135171377251,0.0,0.01011278923033642
Kepler-11 e,4.19,8.0,0.10526315789473684,32.34,5663.0,0.012,582.0,0.3253433470364199,0.02623286651754442,0.08273227547149137,32.4344899581799,0.0,0.010110402992057834
HD 260655 b,1.24,2.14,1.1252268602540836,42.2,3803.0,0.039,709.0,0.45031657822375093,0.02760813477990737,0.033044825559648223,8.986565734944831,0.0,0.010107997764345811
Kepler-1446 b,0.82,,0.8620689655172414,1213.333,4865.0,0.0,1539.0,0.0,0.0,0.0,1.9910042048557433,0.0,0.0100973234265111
Kepler-1985 b,2.27,,0.49183303085299457,382.68,5370.0,0.0,1129.0,0.0,0.0,0.0,24.098159408961518,0.0,0.010092557290168192
Kepler-598 c,3.02420941,,0.33938294010889297,3.7,5245.0,0.0,367.0,0.0,0.0,0.0,39.32006238118018,9.412369560097055e-06,0.010089188886569513
Kepler-610 b,4.19,,0.22141560798548096,139.072,5943.0,0.0,888.0,0.0,0.0,0.0,68.2242719809991,0.0,0.010085856662941154
Kepler-444 d,0.53,0.2,1.4337568058076227,109.638,5046.0,0.18,783.0,0.2769522508469185,0.007248870677310708,0.06624993321578274,0.894111561272608,0.0,0.010082473191399249
Kepler-591 b,3.39,,0.29219600725952816,5.615,5677.0,0.0,436.0,0.0,0.0,0.0,47.68282538846247,1.9651179502533584e-23,0.010079480750520444
Kepler-154 d,3.84,,0.2486388384754991,53.002,5769.0,0.0,657.0,0.0,0.0,0.0,58.97273242426996,0.0,0.010076711519323461
HD 23472 e,0.818,0.72,1.3611615245009074,46.7,4684.0,0.07,723.0,0.4059504004457457,0.022516560711590205,0.056579580060899956,3.1207442921267226,0.0,0.010076213931906684
Kepler-215 d,2.39,23.6,1.7241379310344829,21.404,5739.0,0.0,527.0,0.0,0.0,0.0,98.59486997196073,0.0,0.010054550666672695
Kepler-739 b,3.32,,0.29945553539019965,115.963,5601.0,0.0,775.0,0.0,0.0,0.0,45.90238019554175,0.0,0.010047839542815695
Kepler-949 b,2.91,,0.35571687840290384,58.442,5403.0,0.0,782.0,0.0,0.0,0.0,36.71741082369577,0.0,0.010046541838958116
TOI-1136 c,2.879,6.32,0.2631578947368421,232.392,5770.0,0.11,1062.0,0.21734135884158573,0.0029050628426492806,0.08559063952555895,26.30449734982261,0.0,0.010046221054925057
TOI-1710 b,5.06,19.1,0.14519056261343014,33.0,5775.0,0.05,602.99,0.300844020137508,0.024228039531529178,0.08572420793930217,78.791351138959,0.0,0.010043053726752849
Kepler-1722 b,2.86719266,,0.3629764065335753,76.14,5506.0,0.0,753.0,0.0,0.0,0.0,35.83749411927781,0.0,0.010041081376855292
Kepler-763 b,1.22,,1.087114337568058,974.089,5166.0,0.0,1414.0,0.0,0.0,0.0,8.268815940386196,0.0,0.010035869128924797
Kepler-1889 b,2.94360686,,0.3502722323049002,14.0,5646.0,0.0,493.0,0.0,0.0,0.0,37.42258112786638,6.921194482493673e-251,0.010028755650869857
Kepler-293 c,3.83,,0.2486388384754991,7.287,5804.0,0.0,466.0,0.0,0.0,0.0,58.5132067140221,2.7411716883565783e-49,0.010016323856050021
TOI-521 b,1.98,5.3,0.6896551724137931,66.0,3544.0,0.0,794.0,0.0,0.0,0.0,22.424159707111894,0.0,0.010006205138704873
Kepler-1682 b,2.88940836,,0.35934664246823955,54.74,5619.12,0.0,694.0,0.0,0.0,0.0,36.310227981990266,0.0,0.010004173780166199
HD 47186 b,5.02,,0.1753176043557169,441.6068,5657.0,0.04,1267.79,0.19201617875453666,0.0014770951015992885,0.08257199337500243,92.90204806419051,0.0,0.009997379236115976
Kepler-656 b,3.12,,0.32486388384754994,924.374,5281.0,0.0,1569.0,0.0,0.0,0.0,41.32889782334498,0.0,0.009981451236704266
Kepler-869 b,3.61,,0.26860254083484575,17.234,5664.0,0.0,494.0,0.0,0.0,0.0,52.932247141987716,0.0,0.009978539404539896
HD 204313 c,4.31,,0.21415607985480944,28.2644,5767.0,0.059,634.95,0.33148941532386583,0.030423224120714968,0.08551049847731526,71.82089755185245,0.0,0.00997563343774285
Kepler-148 b,1.8,,0.6660617059891107,609.017,5272.0,0.0,1284.0,0.0,0.0,0.0,16.271237717011477,0.0,0.009973653555350409
Kepler-681 b,3.08,,0.33030852994555354,14.151,5021.0,0.0,489.0,0.0,0.0,0.0,40.42597917482252,3.202715462231564e-257,0.009966281706879673
GJ 667 C e,1.45,,0.883847549909256,0.3022,3350.0,0.02,,0.7501193534759295,0.384618015618442,0.0209435272746681,11.286777880287813,0.950013737479315,0.009965800673732308
Kepler-551 b,2.73,,0.38656987295825773,14.386,4286.0,0.0,483.0,0.0,0.0,0.0,32.94614117139229,3.0710133740792513e-267,0.009958494247907554
Kepler-732 b,2.18,,0.5190562613430127,8.559,3631.0,0.0,407.0,0.0,0.0,0.0,22.525400652961082,1.8014985946714997e-75,0.009956337935934782
WASP-120 b,15.58048317,1541.4755,0.42361288566243194,1818.5489,6450.0,0.057,1749.0,0.12757555943277749,0.00029696025849924916,0.10375594379441054,6711.205482602707,0.0,0.009952027107970149
HATS-49 b,8.574885,112.19399,0.17894736842105263,80.45,4405.0,0.071,834.8,0.2198004887156597,0.008363931017942576,0.049126462574129226,472.6055727685932,0.0,0.009944342214799149
Kepler-16 b,8.4493,105.833,0.17495462794918332,0.2517,4450.0,0.0069,205.9,0.4188984992942772,0.20606583230926825,0.05032857829780247,442.05492712375,0.9620085908322982,0.00993798214402543
Kepler-1175 b,2.99,,0.3448275862068966,12.938,5453.0,0.0,515.0,0.0,0.0,0.0,38.610388929770465,1.4399413596963514e-208,0.009936280312949866
TOI-3688 A b,13.08088048,311.47183886,0.13793103448275862,924.3,5950.0,0.0,1534.0,0.0,0.0,0.0,1293.1876109808495,0.0,0.009929228440026576
HD 23472 d,0.75,0.55,1.3611615245009074,117.0,4684.0,0.07,909.0,0.33540768296000295,0.008148894925594289,0.05657958006089966,2.4053709632181377,0.0,0.009905460287579495
Kepler-277 c,3.36,64.2,1.4156079854809438,83.898,5946.0,0.0,778.0,0.0,0.0,0.0,224.93106798570346,0.0,0.009896956112407033
Kepler-172 c,2.86,,0.36479128856624315,227.225,5526.0,0.0,970.0,0.0,0.0,0.0,35.74630587748713,0.0,0.009894721024944113
Kepler-859 b,3.09,,0.33030852994555354,14.897,5020.0,0.0,528.0,0.0,0.0,0.0,40.8210185358893,1.109274067645163e-289,0.009884100915598514
Kepler-1494 b,3.07,,0.33212341197822143,9.113,5659.0,0.0,415.0,0.0,0.0,0.0,40.25346096141755,1.265176893220121e-88,0.0098717659298346
Kepler-351 b,3.06,4.8,0.16715063520871146,11.983,5643.0,0.0,498.0,0.0,0.0,0.0,20.06138534667217,7.034398845214146e-174,0.009866684907222685
Kepler-199 b,3.11,,0.3266787658802178,31.679,5644.0,0.0,595.0,0.0,0.0,0.0,41.16145164190952,0.0,0.009862071559539219
Kepler-1712 b,2.28372556,,0.4882032667876588,5.52,3732.0,0.0,391.0,0.0,0.0,0.0,24.356844775034283,2.9257462836652204e-22,0.009861345791127109
TOI-700 d,1.073,,1.0090744101633393,0.85,3459.0,0.042,268.8,0.8223561941460674,0.7767233047069754,0.023855318694232602,5.221688590446678,0.9105000545928659,0.009856443382919222
Kepler-571 b,2.64,,0.4047186932849365,219.036,5527.0,0.0,978.0,0.0,0.0,0.0,31.19274925340165,0.0,0.009848597581645573
TOI-1452 b,1.672,4.82,1.0163339382940109,1.8,3185.0,0.0,326.0,0.0,0.0,0.0,19.89911934766415,0.9833541550253405,0.0098413898728904
XO-2 N b,11.130537,199.91507,0.1297640653357532,428.036,5290.0,0.0,1328.0,0.0,0.0,0.0,749.5341162263012,0.0,0.009838332085344355
K2-292 b,2.63,24.5,1.3430127041742288,67.0,5725.0,0.04,795.0,0.3817785429329562,0.015863467791597835,0.0843885238018848,102.33777623107652,0.0,0.009832448590601214
Kepler-1036 b,3.01,,0.3411978221415608,2.821,5533.0,0.0,326.0,0.0,0.0,0.0,38.97573793300523,0.06655078438274858,0.0098231815372152
tau Cet g,1.18,,1.0617059891107077,27.9835,5310.0,0.06,639.65,0.4805025168692785,0.041905075750390604,0.07330234546133718,7.306996485361336,0.0,0.009819298652475961
Kepler-729 b,3.58,,0.2722323049001815,1089.549,5633.0,0.0,1273.0,0.0,0.0,0.0,52.321158238103905,0.0,0.009816595143823782
TOI-4342 b,2.329,7.3,0.5771324863883848,27.8,3866.0,0.0,639.0,0.0,0.0,0.0,30.540250576981112,0.0,0.009808945744517423
Kepler-1388 b,2.59,,0.41379310344827586,17.674,4098.0,0.0,434.0,0.0,0.0,0.0,30.114187470357702,0.0,0.009799655812889628
Wolf 1061 b,1.21,,1.074410163339383,7.34,3342.0,0.15,461.1,0.49830804666163686,0.1383750620645565,0.02072981781268164,7.9728726669275805,2.7443059594141156e-50,0.0097944927893087
Kepler-1011 b,2.87,,0.3629764065335753,108.788,5416.0,0.0,920.0,0.0,0.0,0.0,35.9428653823958,0.0,0.009785557860981176
Kepler-1462 b,3.82,,0.25045372050816694,4.704,5756.0,0.0,390.0,0.0,0.0,0.0,58.47984132756573,1.970689600221606e-13,0.009776883825364627
Kepler-1315 b,1.38,,0.9419237749546281,897.9,4861.0,0.0,1541.0,0.0,0.0,0.0,10.36911348150106,0.0,0.00977379047518709
Kepler-49 d,1.6,235.982,3.6297640653357535,64.39,4252.0,0.0,717.0,0.0,0.0,0.0,62.27689538586229,0.0,0.009767186469626389
Kepler-563 b,3.09,,0.33030852994555354,18.738,5066.0,0.0,546.0,0.0,0.0,0.0,40.8210185358893,0.0,0.009762953764421775
HIP 9618 c,3.42855926,7.0,0.18148820326678766,11.7,5649.0,0.0,470.31,0.0,0.0,0.0,30.6388169089695,3.4281018922082334e-164,0.009756805277654433
TOI-178 d,2.695,5.2,0.2651738656987296,24.9125,4316.0,0.0068,690.0,0.3868772416942254,0.03892774510040738,0.04674894480952783,21.741807072026457,0.0,0.009732294172810267
Kepler-749 b,3.1,,0.3284936479128857,24.631,5009.0,0.0,454.0,0.0,0.0,0.0,40.99214712764654,0.0,0.009723009993441294
TOI-270 d,2.0,4.2,0.5263157894736842,9.2135,3506.0,0.0066,383.0,0.5213677760243354,0.12265408690501595,0.02511086178340332,17.637011388574276,3.91210072389973e-91,0.009722142353253693
TOI-4201 b,13.67495645,788.21444936,0.33030852994555354,45.2,3794.0,0.041,725.0,0.2665058692517462,0.017900770189583828,0.032804402414916715,3538.2315784660213,0.0,0.009717828435935947
Kepler-406 c,0.85,2.71,4.426497277676951,349.769,5538.0,0.0,1050.0,0.0,0.0,0.0,11.386902129638337,0.0,0.00970996574991571
Kepler-1669 b,2.78043818,,0.37749546279491836,18.66,4303.0,0.0,530.0,0.0,0.0,0.0,33.98913214790143,0.0,0.009709950606105702
Teegarden's Star b,1.05,,1.0,1.08,3034.0,0.03,277.0,0.8568971394404677,0.8471691680713791,0.012502003526204803,4.849048260815846,0.9037083664753013,0.0097098229054937
Kepler-862 b,2.21,,0.5099818511796733,547.293,5333.0,0.0,1097.0,0.0,0.0,0.0,23.057921240007,0.0,0.009692920270339649
Kepler-411 b,2.401,25.6,1.869328493647913,201.3,4974.0,0.146,1138.0,0.23837599958714936,0.0036339091896619084,0.06432654805791044,108.38039146399191,0.0,0.009682975431401583
HIP 9618 b,3.82838127,8.3,0.14700544464609802,40.3,5649.0,0.0,640.88,0.0,0.0,0.0,34.55155341813132,0.0,0.00966890560020915
TrES-5 b,13.383546,568.9157,0.23774954627949185,442.993,5171.0,0.0,1480.0,0.0,0.0,0.0,2387.3818838009133,0.0,0.009668456839164698
Kepler-559 b,3.61,,0.26860254083484575,42.543,5630.0,0.0,706.0,0.0,0.0,0.0,52.932247141987716,0.0,0.009647673009954802
LHS 1903 e,1.732,5.79,1.1070780399274047,2.05,3664.0,0.014,333.0,0.7974693318104629,0.564644597444229,0.029331623657634788,24.094088904414466,0.9788964431621685,0.009647083272340222
Kepler-1490 b,3.04,,0.3357531760435572,3.788,5515.0,0.0,348.0,0.0,0.0,0.0,39.51204335427572,2.7572593997091526e-06,0.009636186805392206
K2-111 b,1.837,5.35,0.9193029038112523,490.0,5775.0,0.134,1293.0,0.22750813965207867,0.0015153490831609103,0.0857242079392989,23.871225212947035,0.0,0.00960960339535667
Kepler-511 c,4.20964327,,0.22141560798548096,101.6,5866.0,0.0,742.0,0.0,0.0,0.0,69.18831045500868,0.0,0.009606037035865655
WASP-47 d,3.65,15.5,0.3266787658802178,145.0,5565.0,0.001,885.0,0.20021317538365124,0.0041916850709394935,0.08011433456215675,66.54081393765193,0.0,0.009603948720909692
HD 189567 b,2.85,,0.3666061705989111,171.2523,5726.0,0.189,845.16,0.2206546339813391,0.003907713057509913,0.08441523748463378,35.54863750630473,0.0,0.009601666327002148
Kepler-1799 b,4.12801189,,0.2250453720508167,83.04,5831.0,0.0,770.0,0.0,0.0,0.0,66.31037961829318,0.0,0.009593038424757014
TOI-1439 b,4.2427861,38.5,0.5009074410163339,68.4355,5841.0,0.157,748.4,0.2687738773806101,0.011269880849034452,0.08748731100068981,160.25054109799862,0.0,0.009590754980952782
Kepler-1856 b,1.73447868,,0.6987295825771326,772.73,4948.0,0.0,1344.0,0.0,0.0,0.0,15.272306724229967,0.0,0.009587238918006868
TOI-1807 b,1.49681583,2.44,0.7223230490018149,1407.22,4914.0,0.0,1694.1,0.0,0.0,0.0,10.146708527420069,0.0,0.009566657706912753
Kepler-1593 b,3.17,,0.3194192377495463,0.889,4995.0,0.0,260.0,0.0,0.0,0.0,42.62137584624826,0.9876978285360268,0.009565257592591256
Kepler-1037 b,1.28,,1.0362976406533575,1015.434,5105.0,0.0,1650.0,0.0,0.0,0.0,9.103387459923805,0.0,0.009562357543143553
WASP-44 b,12.3299,276.5121,0.1471869328493648,533.0,5420.0,0.0,1337.0,0.0,0.0,0.0,1155.6771529822981,0.0,0.009561113087844438
Kepler-125 b,2.37,,0.46460980036297644,33.184,3810.0,0.0,590.0,0.0,0.0,0.0,25.907291626626694,0.0,0.009551813572509183
Kepler-1604 b,1.41,,0.9147005444646098,1391.4,4976.0,0.0,2023.0,0.0,0.0,0.0,10.74050953174657,0.0,0.009549463768415293
TOI-672 b,5.31,50.9,0.3375680580762251,39.8,3810.0,0.0,699.5,0.0,0.0,0.0,211.70617124702673,0.0,0.009540877899561963
Kepler-1546 b,3.13,,0.32304900181488205,36.302,5623.0,0.0,671.0,0.0,0.0,0.0,41.494451234167705,0.0,0.009536823862825738
Kepler-1868 b,3.14950109,,0.32304900181488205,0.5,4658.0,0.0,215.0,0.0,0.0,0.0,42.27487204032589,0.9876449524050235,0.009531465173217141
GJ 3998 d,2.34,,0.47186932849364793,1.2,3726.0,0.0,292.23,0.0,0.0,0.0,25.32549430166565,0.9792145241694954,0.009529881202281003
Kepler-199 c,3.25,,0.308529945553539,7.885,5644.0,0.0,420.0,0.0,0.0,0.0,44.36454326184406,6.772621947103448e-61,0.00952756982065618
Kepler-439 b,2.24,,0.5009074410163339,1.83,5431.0,0.03,291.0,0.7260840988418937,0.5486227495710632,0.07653470107388359,23.582516529555242,0.9778747462857434,0.00951886872422841
Kepler-724 b,3.29,,0.30308529945553536,339.401,5437.0,0.0,1155.0,0.0,0.0,0.0,45.21069418635915,0.0,0.009516329649827212
Kepler-1299 b,2.98,,0.3448275862068966,45.146,5609.0,0.0,588.0,0.0,0.0,0.0,38.22428791484948,0.0,0.009515895037141927
TOI-1669 c,2.2963977,13.0,1.088929219600726,342.997,5497.0,0.0,1285.16,0.0,0.0,0.0,55.23693476512593,0.0,0.009504967857747628
Kepler-351 c,3.19,11.1,0.3411978221415608,6.712,5643.0,0.0,431.0,0.0,0.0,0.0,46.39454382634348,2.6617236280582028e-39,0.009484409604595439
WASP-57 b,11.76945,204.68252,0.12577132486388384,702.385,5600.0,0.0,1338.0,0.0,0.0,0.0,858.8923800423045,0.0,0.009479655602430956
Kepler-1600 b,3.13,,0.32304900181488205,0.4,5214.0,0.0,209.0,0.0,0.0,0.0,41.494451234167705,0.9872472962001837,0.00947347680814366
Kepler-221 c,2.93,9.3,0.35208711433756806,119.836,5243.0,0.0,860.0,0.0,0.0,0.0,37.09724014777561,0.0,0.009472289628235658
Kepler-1000 b,4.76,,0.1869328493647913,18.0,6453.0,0.0,473.0,0.0,0.0,0.0,84.44911318288328,0.0,0.00946652434125508
Kepler-347 d,3.04,,0.3357531760435572,12.75,5592.0,0.0,482.0,0.0,0.0,0.0,39.51204335427572,1.743869246128001e-201,0.00946497311047053
Kepler-139 b,2.94,7.0,0.3937274047186933,64.78,5594.0,0.0,752.0,0.0,0.0,0.0,41.91082836292759,0.0,0.009453822593033751
Kepler-257 b,2.61,,0.4101633393829401,343.6,5180.0,0.0,1237.0,0.0,0.0,0.0,30.54688793246715,0.0,0.00944771605316266
Kepler-1318 b,3.11,,0.3266787658802178,0.492,4598.0,0.0,202.0,0.0,0.0,0.0,41.16145164190952,0.9871938132066876,0.009438870540882138
Kepler-590 b,4.02,,0.2341197822141561,782.415,6000.0,0.0,1056.0,0.0,0.0,0.0,63.709600238481805,0.0,0.009437226024760836
GJ 1061 c,1.19,1.81,1.0707803992740472,1.4,2953.0,0.02,304.12,0.8533399702592815,0.7446573102032187,0.010338195223592502,7.55840060344374,0.9407077592891748,0.00943579613349739
Kepler-150 c,3.69,,0.2613430127041742,132.091,5560.0,0.0,876.0,0.0,0.0,0.0,55.002015107614874,0.0,0.009431514834061318
Kepler-1808 b,3.02511302,,0.33938294010889297,30.94,5530.0,0.0,601.0,0.0,0.0,0.0,39.355318490026264,0.0,0.009430438381740309
TOI-733 b,1.992,5.72,0.7223230490018149,207.1,5585.0,0.046,1055.8,0.3091024546687837,0.004536597692192506,0.08064860821712169,23.915974670608083,0.0,0.009429245857756476
TOI-406 c,1.32,2.08,0.8892921960072596,19.0,3392.0,0.032,584.0,0.5283604157333652,0.06606318760383019,0.02206550195009667,8.56751520973476,0.0,0.009416028749235566
Kepler-49 b,2.579,9.77,0.5593667876588022,21.481,4095.6,0.0,509.0,0.0,0.0,0.0,40.191971737474994,0.0,0.009415656525884268
Kepler-679 b,3.01,,0.3411978221415608,56.002,5403.0,0.0,677.0,0.0,0.0,0.0,38.97573793300523,0.0,0.009410534863359018
TOI-4336 A b,2.137,3.33,0.33938294010889297,1.53,3307.0,0.0,309.4,0.0,0.0,0.0,13.873696302168435,0.9428576476977795,0.009389676410323405
HD 224018 b,0.91,4.1,3.1034482758620694,146.7499,5784.0,0.06,968.0,0.307205866448849,0.00593379666588122,0.08596463108403045,9.79619221058613,0.0,0.00938578084663557
Kepler-248 b,3.02,,0.33938294010889297,79.311,5190.0,0.0,819.0,0.0,0.0,0.0,39.156101522398956,0.0,0.00935933380358123
GJ 536 c,2.3,,0.4827586206896552,1.692,3641.0,0.0,290.5,0.0,0.0,0.0,24.6037981345829,0.9786564374477399,0.00935754829906867
Kepler-987 b,3.26,,0.308529945553539,3.853,5637.0,0.0,351.0,0.0,0.0,0.0,44.775323473123294,1.0718229652580126e-06,0.009351477557716505
Kepler-210 b,2.94,,0.35208711433756806,122.139,4559.0,0.0,737.0,0.0,0.0,0.0,37.478373211900745,0.0,0.00934162485892041
TOI-5007 b,11.07447293,211.038062248,0.1542649727767695,85.3,3793.0,0.074,774.0,0.19736652935166696,0.007291514257894161,0.0327776887321682,877.6576322710233,0.0,0.009339867128845561
Kepler-49 c,2.444,8.38,0.5643700544464609,12.341,4095.6,0.008,443.0,0.507775323672864,0.09417260865535099,0.040861249131802044,34.51089131454824,1.6901395248493244e-186,0.009326400768885372
Kepler-324 c,3.15,6.2,0.3139745916515427,7.233,5194.0,0.0,410.0,0.0,0.0,0.0,41.10690458488351,2.647373849242637e-48,0.009311760216099986
HD 34445 e,4.26,,0.2159709618874773,27.8395,5836.0,0.09,637.76,0.31117112267329716,0.028929950266869467,0.08735374258694817,69.93792920995679,0.0,0.009311202426051922
Kepler-255 c,2.99,,0.3448275862068966,83.264,5573.0,0.0,807.0,0.0,0.0,0.0,38.610388929770465,0.0,0.009303513038955574
Qatar-4 b,12.722215,1938.763,0.925589836660617,614.0,5215.0,0.0,1385.0,0.0,0.0,0.0,7983.537666272631,0.0,0.009303228181172001
Kepler-1719 b,3.95000623,,0.23956442831215974,686.9,5687.0,0.0,1287.0,0.0,0.0,0.0,61.8449557986889,0.0,0.009292304711926243
WASP-73 b,15.91678,908.9938,0.2896551724137931,2242.3605,6030.0,0.0,1790.0,0.0,0.0,0.0,4892.552990221208,0.0,0.009292235081506152
Kepler-1732 b,4.09903273,,0.2268602540834846,27.05,5821.0,0.0,699.0,0.0,0.0,0.0,65.44721667938387,0.0,0.009288214508377305
Kepler-501 b,4.3,,0.21415607985480944,324.856,5904.0,0.0,1125.0,0.0,0.0,0.0,71.32214310673372,0.0,0.009270915177189792
Kepler-54 b,2.1,0.98,0.13793103448275862,12.357,3705.0,0.022,453.0,0.4362090539722669,0.07915329868926473,0.03042688465031543,5.350673942969209,3.685094917147119e-187,0.009261479498336073
HD 260655 c,1.533,3.09,0.852994555353902,16.1,3803.0,0.038,557.0,0.5284538725715772,0.07650025294261742,0.03304482555964855,12.87245353786664,0.0,0.009251780280537521
TOI-3523 A b,15.9727975,435.42491759,0.10653357531760435,2590.0,6450.0,0.047,1984.0,0.0972053207414694,0.00016144484379018245,0.10375594379441058,1818.5199468850642,0.0,0.009250595000143021
Kepler-314 c,2.9,,0.3575317604355717,149.977,5378.0,0.0,890.0,0.0,0.0,0.0,36.525589197810255,0.0,0.009243275374617617
TOI-178 g,2.939,4.4,0.1741141560798548,19.4978,4316.0,0.00043,470.0,0.22907724238004176,0.028589295900696678,0.046748944809527605,18.514903366455524,0.0,0.00922675020261723
HD 108236 f,2.017,,0.573502722323049,22.9084,5660.0,0.051,609.59,0.4560970426895319,0.048501073474224915,0.08265213442324433,19.71250369337862,0.0,0.009219410315657144
HD 155918 b,2.67,,0.3992740471869329,1153.7389,5771.84,0.194,1622.13,0.15354360545922136,0.0004742597110944081,0.08563979270181571,31.83416591062733,0.0,0.009217326458159049
Kepler-1769 b,4.465,,0.2032667876588022,8.9,6071.0,0.0,483.0,0.0,0.0,0.0,75.7913116031376,1.950377534067606e-83,0.009216071327872817
HAT-P-36 b,14.313893,587.413406,0.2132486388384755,1821.0,5620.0,0.063,1780.97,0.11580402462393682,0.00026475298979046323,0.08158358711331862,2619.6795889968116,0.0,0.009204253330491168
Kepler-569 b,3.16,,0.3194192377495463,19.314,5616.0,0.0,526.0,0.0,0.0,0.0,42.21929005820646,0.0,0.009191701030721597
bet Cnc b,12.6,,1.2359346642468239,274.8541,4092.1,0.08,1039.74,0.1937659402232008,0.002530212658250234,0.04076775124218588,10356.088609407876,0.0,0.009187517256472499
Qatar-3 b,12.285064,1369.8473,0.7259528130671506,1330.0,6007.0,0.0,1681.0,0.0,0.0,0.0,5638.054526920788,0.0,0.009183747417005074
GJ 163 b,3.25,,0.308529945553539,5.3165,3500.0,0.073,438.49,0.45610746652638734,0.1708040021442003,0.024950579686914196,44.36454326184406,7.714567991081101e-20,0.009182621059797362
GJ 3942 b,2.57,,0.4192377495462795,20.5207,3867.0,0.121,590.0,0.3592336519398119,0.04309420734195078,0.03475450125554071,29.809065432440704,0.0,0.009181028781233972
TOI-1233.01,2.539,,0.4246823956442831,53.8795,5660.0,0.055,708.0,0.3552825072164877,0.017842604244377717,0.08265213442324515,29.116620801012438,0.0,0.009178191475450657
Kepler-151 b,3.06,,0.3339382940108893,40.728,5460.0,0.0,639.0,0.0,0.0,0.0,40.07920633862844,0.0,0.00917671449115906
Kepler-966 b,4.13,,0.2268602540834846,10.972,5840.0,0.0,391.0,0.0,0.0,0.0,66.94176801492893,1.4438464892384302e-140,0.009170839422236624
NGTS-6 b,14.863134,425.57437,0.12903811252268602,983.4246,4730.0,0.0,1283.9,0.0,0.0,0.0,1774.7524765692567,0.0,0.009152989895357053
Kepler-623 b,3.01,,0.3411978221415608,77.098,5443.0,0.0,825.0,0.0,0.0,0.0,38.97573793300523,0.0,0.009151783330511124
TOI-333 b,4.26,20.1,0.2577132486388385,650.4959,6241.0,0.0,1445.0,0.0,0.0,0.0,83.45534409927619,0.0,0.009141263692649077
EPIC 249893012 b,1.95,8.75,1.159709618874773,1037.0,5430.0,0.06,1616.0,0.21957637558129756,0.0007402240798546216,0.076507987391135,36.01983364219273,0.0,0.009137723780178525
Kepler-209 c,3.1,,0.3284936479128857,13.637,5513.0,0.0,486.0,0.0,0.0,0.0,40.99214712764654,5.573857383575341e-236,0.009132716676235355
Kepler-1728 b,2.95501875,,0.3502722323049002,145.48,5170.0,0.0,886.0,0.0,0.0,0.0,37.85951464997938,0.0,0.009126073469257803
TOI-2337 b,10.08808263,508.5254512,0.4936479128856625,619.5809,4780.0,0.019,1272.46,0.20068353225976338,0.001213643577139068,0.05914409360474289,2122.911095691163,0.0,0.00912104844777801
HD 63935 b,2.91575244,10.5,0.42105263157894735,115.6,5513.0,0.0,825.22,0.0,0.0,0.0,43.71967637594506,0.0,0.009120789661016076
Kepler-1086 c,2.94,,0.35208711433756806,0.519,4350.0,0.0,211.0,0.0,0.0,0.0,37.478373211900745,0.9859267480524068,0.009101601659533092
Kepler-1730 b,4.48524519,,0.2032667876588022,113.75,5942.0,0.0,833.0,0.0,0.0,0.0,76.82695146930004,0.0,0.009084450639279108
K2-35 b,1.32,,0.9981851179673321,211.0,4402.71,0.13,979.0,0.2759471892341744,0.003935186718864283,0.04906528824063195,9.61659870480432,0.0,0.009058208597763531
Kepler-279 e,4.13,56.0,1.32486388384755,21.96,6689.45,0.0,552.0,0.0,0.0,0.0,390.9399252071849,0.0,0.009040353822302546
TOI-5788 b,1.528,3.72,1.0406825771324866,175.1,5615.0,0.061,910.0,0.32686546858337523,0.005520777706568327,0.08145001869956983,15.55166726616653,0.0,0.009039919613158056
HD 86081 b,13.6,,0.1869328493647913,2003.7697,5939.0,0.0119,1860.31,0.12871430884045001,0.0002680782530685578,0.0901052519100267,1969.658616510397,0.0,0.00903241508761585
Kepler-52 d,1.95,88.8775,3.266787658802178,2.945,4263.0,0.0,332.0,0.0,0.0,0.0,101.46432011885277,0.02809446729575417,0.009025046001054556
Kepler-302 b,4.06,,0.23049001814882034,31.247,5740.0,0.0,634.0,0.0,0.0,0.0,64.6128402455152,0.0,0.009021818982891472
Kepler-164 e,4.24,,0.2177858439201452,7.99,5888.0,0.0,429.0,0.0,0.0,0.0,69.53698015770763,4.6424395811233963e-63,0.009019951057845569
WASP-11 b,12.44199,251.0857,0.11470054446460981,184.988,4800.0,0.0,992.0,0.0,0.0,0.0,925.3875080336311,0.0,0.00900070592425043
Kepler-1148 b,1.69,,0.7223230490018149,815.407,5054.0,0.0,1397.0,0.0,0.0,0.0,14.60428153050956,0.0,0.008999846382090754
Kepler-692 b,3.11,,0.3266787658802178,28.504,5440.0,0.0,639.0,0.0,0.0,0.0,41.16145164190952,0.0,0.008996677849918436
TOI-1416 b,1.62,3.48,0.8166969147005445,883.0,4884.0,0.0,1517.0,0.0,0.0,0.0,14.544358400723745,0.0,0.008995882042162765
Kepler-100 e,5.27,,0.16442831215970963,25.4128,5884.0,0.026437,621.73,0.3497522958960314,0.03567376057810048,0.08863599935886707,100.80847705378088,0.0,0.008988788812532606
Kepler-959 b,4.38,,0.2087114337568058,165.868,7005.0,0.0,1912.0,0.0,0.0,0.0,73.46105858716771,0.0,0.00898571975170688
CoRoT-7 c,2.83,8.4,0.37023593466424687,242.7184,5256.0,0.0,1098.59,0.0,0.0,0.0,35.15009348862319,0.0,0.00898474928983157
TOI-1443 b,2.30381001,30.0,2.540834845735027,16.8576,5224.0,0.0,520.66,0.0,0.0,0.0,130.13826995284626,0.0,0.008974253053974673
Kepler-505 b,2.6,,0.411978221415608,3.641,3931.0,0.0,314.0,0.0,0.0,0.0,30.330733388615087,2.062229439489781e-05,0.00897156772722863
HD 63935 c,3.06451296,11.1,0.38294010889292196,36.7,5513.0,0.0,619.59,0.0,0.0,0.0,46.16404469115759,0.0,0.008967203320558413
HD 219134 g,3.28,,0.30490018148820325,2.2009,4913.0,0.0,339.34,0.0,0.0,0.0,45.06795202233463,0.8410158668354034,0.00896537950054208
HATS-68 b,13.809488,410.0007,0.15535390199637023,1521.0,6147.0,0.036,1741.0,0.1239953741983782,0.000332406090992434,0.09566169792167409,1713.7343670215257,0.0,0.008951423251651647
Kepler-253 d,3.17,,0.3194192377495463,24.084,5208.0,0.0,563.0,0.0,0.0,0.0,42.62137584624826,0.0,0.008938980371870877
Kepler-955 b,3.13,,0.32304900181488205,33.091,5350.0,0.0,664.0,0.0,0.0,0.0,41.494451234167705,0.0,0.008924145593608157
Kepler-449 c,2.764,,0.38112522686025413,45.09,5649.18,0.05,661.0,0.362971941980361,0.021480856709864854,0.08236309237590882,33.71090574377563,0.0,0.008915820574831161
Kepler-178 d,3.95,,0.23956442831215974,3.874,5676.0,0.0,392.0,0.0,0.0,0.0,61.84466317120087,7.864522302434298e-07,0.008904041088904864
Kepler-941 b,3.08,,0.33030852994555354,47.032,5539.0,0.0,722.0,0.0,0.0,0.0,40.42597917482252,0.0,0.008898478104560539
Kepler-150 e,3.12,,0.32486388384754994,19.671,5560.0,0.0,544.0,0.0,0.0,0.0,41.32889782334498,0.0,0.008893254281401296
Kepler-444 e,0.546,0.1,0.8711433756805808,81.344,5046.0,0.1,727.0,0.33568950547836685,0.011516964888896947,0.06624993321578279,0.5939586013997484,0.0,0.008886160482855815
Kepler-1972 b,0.802,2.02,4.029038112522686,341.3,5818.0,0.067,1084.0,0.24156144317437706,0.0021681303044713373,0.08687289629747207,8.705888281299321,0.0,0.008883890579428167
Kepler-760 b,3.06,,0.3339382940108893,84.406,5322.0,0.0,748.0,0.0,0.0,0.0,40.07920633862844,0.0,0.008880806952582528
TIC 46432937 b,13.31626907,1017.0509024,0.4301270417422868,115.1312,3572.0,0.009,872.0,0.23867147290995502,0.0069101155821510935,0.026873964844793218,4254.348300317587,0.0,0.00888020247795333
GJ 849 c,13.8,,0.11941923774954628,0.001,3467.0,0.092,50.41,0.1058312470093997,0.00042151850808326476,0.024069028156221584,1314.6197824330827,0.6143403100931184,0.008872972231567898
Kepler-84 b,2.23,40.0,3.5934664246823957,222.19,6039.0,0.0,985.0,0.0,0.0,0.0,166.92323386088268,0.0,0.00887290543427375
TOI-431 d,3.29,9.9,0.24682395644283125,28.3588,4850.0,0.0,633.0,0.0,0.0,0.0,36.81828987631644,0.0,0.00886643197521198
K2-24 b,5.638,20.6,0.11470054446460981,52.0,5726.0,0.0498,732.0,0.2591959937877634,0.013971655270294502,0.08441523748463572,86.10518483491158,0.0,0.008866004478030966
HD 189733 b,12.66617,359.1479,0.17114337568058077,356.0,5052.0,0.0,1209.0,0.0,0.0,0.0,1456.7487064854095,0.0,0.008865604786401549
Kepler-224 c,3.12,,0.32486388384754994,86.332,5018.0,0.0,758.0,0.0,0.0,0.0,41.32889782334498,0.0,0.00886466825785427
Kepler-1720 b,3.21585295,,0.3121597096188748,55.86,5573.0,0.0,697.0,0.0,0.0,0.0,43.486454694400486,0.0,0.008859012573109823
Kepler-218 c,3.14,,0.32123411978221417,16.147,5502.0,0.0,500.0,0.0,0.0,0.0,41.658077254140714,0.0,0.008858713753084757
Kepler-1527 b,4.77,,0.1869328493647913,7.813,6224.0,0.0,450.0,0.0,0.0,0.0,84.9824744319953,1.9797524855293235e-59,0.008854069094487034
CoRoT-14 b,12.22,2415.4,1.32486388384755,1803.4781,6035.0,0.0,1952.0,0.0,0.0,0.0,10126.829272257773,0.0,0.00884368467882032
TOI-700 e,0.953,,0.9419237749546281,1.27,3459.0,0.059,272.9,0.7728010682478793,0.7013741277888782,0.023855318694232477,3.4149399419735564,0.8672744701253058,0.008820136861442833
Kepler-315 c,4.15,,0.2250453720508167,1.722,5796.0,0.0,291.0,0.0,0.0,0.0,67.37565274913801,0.9925956989459763,0.00880912576054959
Teegarden's Star c,1.02,,0.987295825771325,0.35,3034.0,0.04,209.0,0.7297236690455837,0.40920118791293725,0.012502003526204796,4.388705363972197,0.89411491956246,0.008786441562069404
Kepler-755 b,1.76,,0.6860254083484574,889.888,5043.0,0.0,1331.0,0.0,0.0,0.0,15.666313526372127,0.0,0.008777438628878283
Kepler-1350 b,2.52,,0.4301270417422868,27.176,3827.0,0.0,535.0,0.0,0.0,0.0,28.832810577734715,0.0,0.008775851326686922
Kepler-896 c,3.15,,0.32304900181488205,16.56,5510.0,0.0,515.0,0.0,0.0,0.0,42.29496541103621,0.0,0.008770153863737851
TOI-198 b,1.36,3.17,1.250453720508167,7.2,3801.0,0.15,456.0,0.4932902377912529,0.13908507785373075,0.03299139819415191,13.175677541511302,1.0351957841321942e-47,0.008761554005467805
HD 4308 b,4.12,,0.2268602540834846,68.8078,5686.0,0.0,799.37,0.0,0.0,0.0,66.45668463311243,0.0,0.008759970782806093
WASP-132 c,1.841,6.26,0.9927404718693285,791.0,4686.0,0.0,1329.0,0.0,0.0,0.0,25.946913397636227,0.0,0.008759184364973586
Kepler-697 b,4.13,,0.2268602540834846,472.236,5513.0,0.0,1151.0,0.0,0.0,0.0,66.94176801492893,0.0,0.008752314869093747
LHS 1903 d,2.5,5.96,0.3793103448275862,6.35,3664.0,0.112,442.0,0.4438450046394143,0.14233990504239172,0.029331623657635437,24.82580401543658,1.3097205833709283e-33,0.008736596849898663
Kepler-267 b,1.98,37.9,4.86388384754991,45.843,4258.0,0.0,615.0,0.0,0.0,0.0,158.1493368817365,0.0,0.008735578779438338
GJ 667 C f,1.45,,0.883847549909256,0.5633,3350.0,0.03,,0.7805780564122738,0.5988878051523532,0.020943527274668125,11.286777880287813,0.9587360525066468,0.008729610611052083
TOI-1467 b,1.92,9.0,1.9963702359346642,18.13,3834.0,0.0,506.07,0.0,0.0,0.0,59.18796137472349,0.0,0.008725299142901537
Qatar-2 b,14.056,792.635,0.285480943738657,447.4134,4645.0,0.0,1344.0,0.0,0.0,0.0,3320.863146037617,0.0,0.008724587569407933
Kepler-1634 b,3.19,,0.31578947368421056,0.544,5474.0,0.0,282.0,0.0,0.0,0.0,42.939630988211526,0.987734015467762,0.008720045781801359
Kepler-1834 c,1.22,,1.087114337568058,1334.22,4821.0,0.0,1541.0,0.0,0.0,0.0,8.268815940386196,0.0,0.008712831619784997
Kepler-33 f,4.46,9.6,0.1633393829401089,53.183,5904.0,0.0,691.0,0.0,0.0,0.0,60.69935776759371,0.0,0.008709878217380783
TOI-1468 c,2.126,4.1,0.4192377495462795,2.13,3376.0,0.111,338.1,0.5415864616891243,0.37748868293334614,0.0216380830261244,16.874805308691766,0.8974726504687245,0.00870037262936744
HD 108236 e,3.083,,0.33030852994555354,35.0031,5660.0,0.058,636.0,0.3591964738636193,0.02680019944169864,0.08265213442324584,40.54422213300976,0.0,0.008697134065159325
WASP-155 b,13.45077684,276.828542497,0.11252268602540835,771.0,5660.0,0.0,1468.0,0.0,0.0,0.0,1147.0195026828067,0.0,0.008693211005894746
TOI-5788 c,2.272,6.4,0.5503609800362976,49.8,5615.0,0.046,667.0,0.38955579934347495,0.020913189903565416,0.08145001869957118,27.037169627919077,0.0,0.008692311360002286
TOI-5916 b,11.35469745,226.611654191,0.1560798548094374,51.7,3613.0,0.09,683.0,0.2090811537902405,0.012183080166984163,0.02796922583747368,957.1106792452331,0.0,0.008685850266283114
NGTS-8 b,12.21781,295.5819,0.16152450090744103,503.0,5241.0,0.01,1345.0,0.16409907650794253,0.001200813665138151,0.07145910135171087,1233.9771517823265,0.0,0.008682643795478371
HD 164595 b,4.16,,0.22323049001814882,19.6697,5790.0,0.088,589.0,0.33724077064677366,0.04247522017802948,0.08612491318052619,67.31659086806779,0.0,0.008679189029343524
Kepler-661 b,3.07,,0.33212341197822143,45.528,4483.0,0.0,678.0,0.0,0.0,0.0,40.25346096141755,0.0,0.008675369835557202
Kepler-1167 b,1.71,,0.7114337568058077,1039.697,4971.0,0.0,1419.0,0.0,0.0,0.0,14.900862549177393,0.0,0.008667531420846546
KIC 9663113 b,4.6,,0.1960072595281307,3.356,6065.0,0.0,264.0,0.0,0.0,0.0,79.91609619653995,0.0006355275346604317,0.008667530392096447
GJ 536 b,2.41,,0.4537205081669692,9.9,3641.0,0.0,451.0,0.0,0.0,0.0,26.602848845776688,3.749820678367995e-109,0.008662579229047724
GJ 887 b,1.8,,0.6660617059891107,7.8,3688.0,0.14,426.0,0.4642168592655123,0.12445889797598865,0.029972752043594272,16.271237717011477,3.5301082527632877e-59,0.008659840467242745
HD 134606 e,1.33,,0.9927404718693285,418.0334,5576.0,0.2,1260.39,0.22813523565281701,0.0017302374017128521,0.08040818507238588,9.783162328669453,0.0,0.008656385377657762
TOI-1260 c,2.76,13.2,0.6261343012704175,29.81,4227.0,0.0,651.0,0.0,0.0,0.0,55.14210637561257,0.0,0.008654087231452296
HD 28471 b,1.75,,0.691470054446461,653.3957,5766.0,0.195,1377.0,0.1956140157559171,0.0009966215747810876,0.0854837847945641,15.523016967221526,0.0,0.008626086025657762
Kepler-1989 b,4.62,,0.1960072595281307,157.97,6032.0,0.0,904.0,0.0,0.0,0.0,80.96301873199347,0.0,0.00862506914814111
TOI-7166 b,2.01,,0.5771324863883848,1.07,3099.0,0.0,249.0,0.0,0.0,0.0,19.63144658511358,0.9739083877721493,0.008616674208918325
Kepler-1097 b,3.26,,0.308529945553539,1.3,5211.0,0.0,267.0,0.0,0.0,0.0,44.775323473123294,0.9883546844459962,0.008589827716654395
Kepler-845 b,2.04,,0.5662431941923776,772.498,4913.0,0.0,1361.0,0.0,0.0,0.0,20.13641284646067,0.0,0.008575239275670055
Kepler-742 b,3.24,,0.3103448275862069,38.101,4642.0,0.0,690.0,0.0,0.0,0.0,44.214849538200184,0.0,0.008563759232704308
55 Cnc B c,2.16,,0.5245009074410164,0.4613,3286.0,0.0,230.04,0.0,0.0,0.0,22.140942632081188,0.9765186865411027,0.008563188294450581
TOI-1438 b,3.04,9.4,0.3266787658802178,145.0,5230.0,0.0,971.0,0.0,0.0,0.0,38.44415029064665,0.0,0.008546448494555615
Kepler-1001 b,3.15,,0.32304900181488205,40.853,5491.0,0.0,693.0,0.0,0.0,0.0,42.29496541103621,0.0,0.008543947182618727
Kepler-1674 b,3.2057749,,0.3139745916515427,7.13,5473.91,0.0,417.0,0.0,0.0,0.0,43.32935121412675,1.8947794194973895e-46,0.008542641492306154
Kepler-231 b,1.73,35.4,2.50453720508167,14.879,3767.0,0.0,488.0,0.0,0.0,0.0,54.319330215613874,7.183042385018899e-289,0.008541549543733963
GJ 3998 c,2.5,,0.4355716878402904,5.4,3726.0,0.0,423.49,0.0,0.0,0.0,28.50810030480756,8.131074689981983e-21,0.008537967427747426
Kepler-533 b,3.38,,0.29401088929219604,8.769,4758.0,0.0,423.0,0.0,0.0,0.0,47.55565041090551,2.505195554227191e-80,0.008524702531769316
K2-138 b,1.51,3.1,0.8892921960072596,486.0,5356.3,0.048,1157.0,0.2734899439671056,0.0018198291063730864,0.07453918897258432,12.8251936804649,0.0,0.008520857862149338
K2-3 c,1.582,2.68,0.6715063520871144,3.17,3844.0,0.048,371.8,0.6577577884642354,0.34659415437891367,0.034140086552328974,11.136742341936547,0.003979876125742228,0.008516256119205156
Kepler-637 b,4.75,,0.18874773139745918,63.805,6096.0,0.0,1002.0,0.0,0.0,0.0,84.73272599595919,0.0,0.00848726473235949
TOI-1174 b,2.562,32.0,1.9963702359346642,52.02,5030.0,0.0,713.83,0.0,0.0,0.0,140.6264688920003,0.0,0.008468760297287442
Kepler-1771 b,4.05537256,,0.23230490018148822,5.51,5661.0,0.0,391.0,0.0,0.0,0.0,64.89918677467588,3.9303624875236056e-22,0.008468635794943415
Kepler-736 b,2.93,,0.35390199637023595,233.031,5217.0,0.0,996.0,0.0,0.0,0.0,37.28846303513528,0.0,0.008463625843409935
GJ 667 C c,1.77,,0.6842105263157895,0.8774,3350.0,0.02,,0.8180216471231399,0.8032662459314275,0.020943527274668288,15.892717355660912,0.9688613900625693,0.008461079218940964
LHS 1678 c,0.941,1.4,1.9237749546279492,13.5,3490.0,0.039,510.9,0.5287136952629606,0.08737413630462183,0.024683442859429746,6.714470127423908,1.7244610007258463e-230,0.008461067099997353
Kepler-92 b,3.51,64.3,0.3807751361161525,257.776,5883.0,0.17,975.0,0.20185605999665915,0.0024976710817231807,0.08860928567611785,68.97290861465041,0.0,0.008435295120091394
TOI-5624 e,3.247,8.9,0.26497277676951,21.9904,5327.0,0.0,613.8,0.0,0.0,0.0,37.995899659945884,0.0,0.00842533045668909
HD 168009 b,3.05,,0.3357531760435572,99.3735,5778.33,0.12,887.57,0.260888581855932,0.007601290193148654,0.08581316450285253,39.90324887759406,0.0,0.008417930623796928
GJ 3929 c,2.26,,0.4936479128856625,1.68,3384.0,0.0,317.0,0.0,0.0,0.0,23.86883552916823,0.9780321308290683,0.008412714050454542
Kepler-282 e,3.1,56.2,1.8874773139745917,24.114,5656.0,0.0,484.0,0.0,0.0,0.0,235.53498902073147,0.0,0.008390800789230973
Kepler-972 b,4.65,,0.1941923774954628,266.514,6146.0,0.0,1060.0,0.0,0.0,0.0,81.7861277981843,0.0,0.008382013877065287
Kepler-1642 b,3.2,,0.3139745916515427,39.915,5355.0,0.0,895.0,0.0,0.0,0.0,43.09561160701671,0.0,0.008377545071940358
Qatar-1 b,12.811887,411.27202,0.19528130671506355,382.328,5013.0,0.0,1418.0,0.0,0.0,0.0,1720.238172200752,0.0,0.00834776102384837
Kepler-222 b,3.16,,0.3194192377495463,206.769,5433.0,0.0,1004.0,0.0,0.0,0.0,42.21929005820646,0.0,0.008330695040786163
GJ 163 c,2.5,,0.43375680580762255,1.2457,3500.0,0.099,305.07,0.58250486730561,0.5551274525058186,0.024950579686913946,28.389316553537533,0.9813969869851081,0.008325836788526338
HD 13808 c,3.13,,0.32304900181488205,5.6365,5035.0,0.156,424.57,0.4184910182298257,0.1476092747470663,0.06595608270555754,41.494451234167705,1.0513693121029065e-23,0.008324982821827689
HATS-77 b,13.05846252,436.696231218,0.1954627949183303,78.37,4071.0,0.045,828.3,0.22078258631883807,0.008925254250739435,0.04020409253619667,1823.1770881470018,0.0,0.008323351009766998
Kepler-1536 b,3.14,,0.32123411978221417,0.193,4434.0,0.0,166.0,0.0,0.0,0.0,41.658077254140714,0.8945752536936123,0.008321447410397838
TOI-2136 b,2.19,6.37,0.6061705989110707,4.0,3342.0,0.0,395.0,0.0,0.0,0.0,26.66955822621089,1.1076294815634475e-07,0.00832108764948078
Kepler-414 c,3.01,29.9,1.0925589836660616,137.086,5536.0,0.0,890.0,0.0,0.0,0.0,124.80528848760183,0.0,0.008304941681416024
Kepler-1172 b,3.2,,0.3139745916515427,26.356,5558.0,0.0,675.0,0.0,0.0,0.0,43.09561160701671,0.0,0.008300741226537086
HAT-P-54 b,10.581296,241.5508,0.20290381125226864,88.6713,4390.0,0.074,818.0,0.21048801099085987,0.007467109383953666,0.048725757332905066,1006.9210137738626,0.0,0.008242684250479183
Kepler-305 c,3.3,6.0,0.16642468239564429,65.1,5080.0,0.0,728.0,0.0,0.0,0.0,25.052332421322614,0.0,0.00823621102162058
HD 63433 d,1.073,,1.0090744101633393,296.4321,5688.0,0.16,1040.0,0.2609990206545369,0.0026808707229100718,0.08340011754019461,5.221688590446678,0.0,0.008234114874896087
GJ 3470 b,4.57,13.9,0.14519056261343014,29.6584,3600.0,0.017,593.5,0.3396385307397502,0.030330530047954253,0.02762194796174464,58.046441086620824,0.0,0.008231475581436637
Kepler-368 b,3.26,,0.308529945553539,107.58,5502.0,0.0,800.0,0.0,0.0,0.0,44.775323473123294,0.0,0.008229226015841473
Wendelstein-2 b,12.9934728,232.33373,0.11252268602540835,282.3101,4591.0,0.057,2470.0,0.1522869209600287,0.0018977827008940275,0.05409520756531434,1033.961635501307,0.0,0.008226240911851665
Kepler-582 b,3.68,,0.2613430127041742,25.056,5564.0,0.0,603.0,0.0,0.0,0.0,54.55605500350461,0.0,0.008199279765955806
Kepler-100 b,1.34,4.01,2.2428145190562616,478.214,5837.0,0.13,1155.0,0.21852716878082076,0.0014552650220846885,0.08738045626969229,22.604575896179632,0.0,0.008198296792095019
Kepler-1388 d,2.86,,0.36479128856624315,8.66,4098.0,0.0,363.0,0.0,0.0,0.0,35.74630587748713,8.708932139644464e-78,0.008185222790479703
Kepler-1727 b,3.17321625,,0.3176043557168784,77.75,5349.0,0.0,757.0,0.0,0.0,0.0,42.50833240959152,0.0,0.00817264269047931
TOI-836 b,1.704,4.53,0.911070780399274,78.838,4552.0,0.053,871.0,0.3754558907153505,0.01324782903086113,0.05305337393812625,18.882065459306656,0.0,0.008162349317701646
WASP-64 b,14.247,403.945,0.14936479128856625,1563.6374,5400.0,0.0,1689.0,0.0,0.0,0.0,1809.2855662067427,0.0,0.008141935119242796
TOI-1052 b,2.87,16.9,0.7132486388384756,246.0,6146.0,0.18,1135.0,0.22474294085997848,0.0028845419777678177,0.09563498423892047,70.62773047640775,0.0,0.008141157559569942
TOI-3331 A b,12.97999965,721.47048389,0.33030852994555354,818.5,5609.0,0.0,1488.0,0.0,0.0,0.0,3025.745810974558,0.0,0.008116707790452326
Kepler-952 b,7.65,,0.10108892921960073,5.046,5730.0,0.0,369.0,0.0,0.0,0.0,189.57301231841072,7.610543739557524e-17,0.008105309960099312
TOI-286 b,1.42,4.53,1.5662431941923778,889.5827,5152.0,0.0,979.0,0.0,0.0,0.0,18.785070933144326,0.0,0.008095517001526668
Kepler-1083 b,3.36,,0.29401088929219604,10.148,5049.0,0.0,448.0,0.0,0.0,0.0,46.71645258164611,4.6131433705334724e-116,0.00808246274821364
WASP-173 A b,13.4508,1172.7927,0.515426497277677,1920.0,5800.0,0.0,1880.0,0.0,0.0,0.0,5254.116474919598,0.0,0.008079165202777875
Kepler-282 d,2.46,61.0,4.083484573502722,52.348,5656.0,0.0,588.0,0.0,0.0,0.0,254.63895883155033,0.0,0.008072190170716184
Kepler-1467 b,3.3,,0.30308529945553536,7.917,5332.0,0.0,411.0,0.0,0.0,0.0,45.6242040824523,1.4957393383357052e-61,0.008070352837074182
Kepler-1090 c,3.29265785,,0.30490018148820325,13.8,5330.0,0.0,496.0,0.0,0.0,0.0,45.591733440604685,1.2893316686324022e-242,0.008061177500137342
Kepler-4 b,4.002,24.472,0.3466424682395644,1245.431,5857.0,0.0,1650.0,0.0,0.0,0.0,93.06826774906143,0.0,0.008057766641195006
TOI-169 b,12.172974,251.40353,0.13793103448275862,1443.0,5880.0,0.0,1715.0,0.0,0.0,0.0,1042.1750840176376,0.0,0.008053041170349686
HD 149026 b,8.29466,120.7754,0.13611615245009076,1095.91,6179.0,0.0,1626.0,0.0,0.0,0.0,325.38238679100954,0.0,0.008042821354322304
WASP-141 b,13.56289,854.9627,0.35934664246823955,1061.5542,5900.0,0.0,1540.0,0.0,0.0,0.0,3755.42349621022,0.0,0.008034224813998611
HD 219666 b,4.898,17.6,0.15789473684210528,598.4408,5540.0,0.05,1076.0,0.17216530624806084,0.0010007360193599964,0.07944649249345107,77.71638757158414,0.0,0.008033860880398702
TOI-1408 c,2.22,7.6,0.6896551724137931,2005.35,6117.0,0.1353,1864.0,0.1609168268556676,0.00029829566169223433,0.09486028743921864,31.606727374136373,0.0,0.008017227738094452
Kepler-726 b,3.26,,0.308529945553539,25.296,5452.0,0.0,543.0,0.0,0.0,0.0,44.775323473123294,0.0,0.008014708664045135
TOI-1601 b,14.19902343,387.0,0.13430127041742287,1071.42,5982.0,0.0,1493.97,0.0,0.0,0.0,1610.4385488445896,0.0,0.007999277954289825
KOBE-1 b,2.91,,0.35571687840290384,20.56,4135.0,0.0,594.4,0.0,0.0,0.0,36.71741082369577,0.0,0.007980431293828475
HAT-P-16 b,14.68376472,1341.56043,0.4500887477313975,1597.59,6140.0,0.0462,1566.0,0.13851640917486757,0.0003609495403158361,0.09547470214243627,5968.964780159117,0.0,0.007977350119823493
HD 20794 b,1.45,,0.883847549909256,43.4733,5368.0,0.064,660.0,0.4241803148132114,0.025223441065252983,0.07485173906073936,11.286777880287813,0.0,0.007970836468396861
Kepler-1811 b,3.84829873,,0.24682395644283125,10.11,5561.0,0.0,455.0,0.0,0.0,0.0,58.92264735096152,5.4746642079828e-115,0.007962797045748655
Kepler-684 b,3.36,,0.29401088929219604,102.87,5493.0,0.0,812.0,0.0,0.0,0.0,46.71645258164611,0.0,0.007961760903923996
WASP-50 b,13.069694,466.828704,0.24047186932849365,690.3398,5400.0,0.009,1394.84,0.16091555716474545,0.0008895768348937381,0.0757065769086912,2248.791274412063,0.0,0.007959397804685093
TOI-2364 b,8.60849718,71.511391575,0.11070780399274048,237.0,5306.0,0.0,1091.0,0.0,0.0,0.0,295.8345342988533,0.0,0.007927164447534888
61 Vir b,2.11,,0.5408348457350273,318.8418,5577.0,0.12,1177.85,0.23237258054723237,0.0023025583166742143,0.08043489875513572,21.281421841846257,0.0,0.007920901930907484
K2-36 b,1.43,4.3,1.4519056261343013,519.0,4916.0,0.093,1328.0,0.23539846675831133,0.0014720171470250475,0.06277715445850741,17.784231779844347,0.0,0.007903789858600166
YZ Cet b,0.913,,0.9165154264972777,8.21,3151.0,0.06,471.2,0.5714366098466015,0.14454291407359474,0.015627504407755892,2.9217343144256036,8.637885813601346e-68,0.007900740216481017
WASP-2 b,12.116929,295.89973,0.16588021778584394,492.0,5180.0,0.0054,1311.0,0.1520695640445188,0.0011355432167494692,0.06982956670406425,1236.1207466325989,0.0,0.007886493867421122
TOI-1194 b,8.71664516,120.0,0.17967332123411978,203.685,5394.0,0.0,1264.29,0.0,0.0,0.0,498.4485143328273,0.0,0.007849360521717237
WASP-135 b,14.5717,603.877,0.21052631578947367,917.4101,5675.0,0.0,1403.66,0.0,0.0,0.0,2728.51071797203,0.0,0.007829799561362821
Kepler-297 b,2.87,48.5,2.050816696914701,16.464,5619.0,0.0,509.0,0.0,0.0,0.0,203.0771894105363,0.0,0.007825869738525839
Kepler-1270 b,3.32,,0.29945553539019965,1217.395,5047.0,0.0,1598.0,0.0,0.0,0.0,45.90238019554175,0.0,0.007820734006217904
Kepler-411 d,3.319,15.2,0.4174228675136116,3.9,4974.0,0.128,410.0,0.47339361100689364,0.22197667351667952,0.06432654805791126,63.92733554942579,5.331426699354415e-07,0.007815465996902134
Kepler-411 c,4.421,26.4,0.308529945553539,56.0,4974.0,0.108,838.0,0.272869618049378,0.013740874101928403,0.06432654805791196,111.67281828185496,0.0,0.007811780435972835
GJ 3634 b,2.83,8.4,0.37023593466424687,24.2793,3517.0,0.08,656.45,0.35745096142088734,0.03730907545384723,0.025404712293635195,35.15009348862319,0.0,0.007801934247956171
WASP-164 b,12.643752,676.9779,0.35571687840290384,1043.2122,5806.0,0.0,1610.0,0.0,0.0,0.0,3011.7643497468507,0.0,0.00779260756350443
Kepler-281 d,5.93747806,654.0,2.2323049001814885,2.51,5717.0,0.0,321.0,0.0,0.0,0.0,1957.258444210896,0.3533133283530506,0.007792346244953229
TOI-1201 b,2.415,6.28,0.4446460980036298,40.6,3476.0,0.0,703.0,0.0,0.0,0.0,26.233395093266548,0.0,0.007726441030882109
HD 177565 b,4.0,,0.23593466424682397,14.5941,5627.0,0.0593,539.21,0.38531869503100863,0.06273755929457513,0.08177058289255273,63.24997187626637,2.8865465891421653e-276,0.007713797567961675
GJ 180 c,2.41,,0.455535390199637,0.7812,3371.0,0.09,290.87,0.5945335065183858,0.5585627867339692,0.021504514612382994,26.709260241159793,0.9803148706720477,0.00770934246746989
TOI-270 c,2.33,6.2,0.49001814882032674,47.0639,3506.0,0.0044,489.0,0.3490043733604079,0.020037155137277746,0.02511086178340345,25.96381689494258,0.0,0.007698101480125508
Kepler-357 d,3.43,,0.2867513611615245,4.619,5036.0,0.0,402.0,0.0,0.0,0.0,48.47038368284052,1.2014228753227414e-12,0.007693889484317839
Kepler-1721 b,3.11856756,,0.32486388384754994,172.6,5351.0,0.0,924.0,0.0,0.0,0.0,41.27199975566092,0.0,0.007672341318323379
Kepler-139 c,3.38,13.0,1.5794332123411978,3.023,5594.0,0.0,350.0,0.0,0.0,0.0,255.47004015495546,0.015205072626656586,0.007672260681269685
HATS-16 b,14.5717,1039.3041,0.3375680580762251,994.8095,5738.0,0.0,1592.0,0.0,0.0,0.0,4375.025806403428,0.0,0.007665770673397689
Kepler-159 c,3.41,,0.2885662431941924,4.791,4625.0,0.0,275.0,0.0,0.0,0.0,47.92887903025806,2.9050223103389275e-14,0.007660537420505766
Kepler-472 b,3.22,,0.3139745916515427,139.236,4996.0,0.0,876.0,0.0,0.0,0.0,43.90871511302302,0.0,0.007655610021638439
Kepler-1747 b,4.26508,,0.2159709618874773,138.33,5477.0,0.0,875.0,0.0,0.0,0.0,70.18842816883443,0.0,0.007637905632228495
TOI-1246 d,3.43139739,5.4,0.132486388384755,28.0,5213.0,0.0,587.77,0.0,0.0,0.0,22.421926281035812,0.0,0.007630927693494331
K2-124 b,2.9,,0.3575317604355717,8.7,3570.0,0.08,442.0,0.4299555456704142,0.10798182251879852,0.026820537479295213,36.525589197810255,1.0273993039985413e-78,0.0076298372738398046
HD 15906 b,2.24,,0.5009074410163339,33.14,4757.0,0.11,668.0,0.35634994681715737,0.0276291444989778,0.058529678901528784,23.582516529555242,0.0,0.007599219623808741
HD 86728 b,3.03,,0.3375680580762251,37.1828,5610.0,0.067,687.36,0.3487432466757678,0.02464088996625702,0.08131645028583073,39.33488095847061,0.0,0.0075988790281538605
K2-35 c,1.93,,0.6079854809437387,68.0,4402.71,0.12,766.0,0.3162182016442876,0.012814134074182037,0.04906528824063278,18.30854131939945,0.0,0.0075901831036273406
Kepler-1128 b,3.65,,0.26497277676951,6.451,5543.0,0.0,424.0,0.0,0.0,0.0,53.971993527206564,3.800928489000691e-35,0.0075841666889195705
TOI-1249 b,3.2710301,11.9,0.3339382940108893,48.6058,5497.0,0.0,726.89,0.0,0.0,0.0,48.95628507237724,0.0,0.007574423469022802
WASP-91 b,11.54527,425.8922,0.2885662431941924,332.5562,4920.0,0.0,1160.0,0.0,0.0,0.0,1860.1433603796331,0.0,0.00755815667148475
HAT-P-68 b,12.016048,230.10892,0.13194192377495462,184.8,4508.0,0.041,1027.8,0.18125599007503526,0.0033122781421634183,0.05187797189720499,958.8626118666407,0.0,0.007542100702823577
Kepler-682 b,7.37,,0.10617059891107078,306.102,5559.0,0.0,753.0,0.0,0.0,0.0,178.0308806405767,0.0,0.007538472753433579
TOI-1338 b,7.661,11.3,0.1016333938294011,0.9938,5723.2,0.0331,254.65,0.4903614429988223,0.5418367604872969,0.08434043917294134,191.41740507441511,0.99810961263672,0.007520791246200848
Kepler-712 b,3.41,,0.2885662431941924,15.801,5148.0,0.0,521.0,0.0,0.0,0.0,47.92887903025806,0.0,0.00751357417020283
Kepler-226 c,2.27,45.2,3.8475499092558985,180.513,5571.0,0.0,919.0,0.0,0.0,0.0,188.5169665940901,0.0,0.007497768615379888
K2-138 c,2.299,6.31,0.5081669691470054,279.0,5356.3,0.045,1012.0,0.273124075429056,0.003074718088545274,0.07453918897258568,25.864968605215804,0.0,0.007470369299994694
Kepler-1627 b,3.69,,0.2613430127041742,143.12,5445.0,0.0,794.0,0.0,0.0,0.0,55.002015107614874,0.0,0.0074654780374835755
Barnard c,0.743,,0.8148820326678766,4.7285,3195.0,0.08,400.0,0.5801950297214236,0.22861358532438578,0.01680290644868092,1.4000701382235032,8.847771382568756e-14,0.007462469876162857
Kepler-230 b,4.26,,0.2159709618874773,11.816,5588.0,0.0,506.0,0.0,0.0,0.0,69.93792920995679,4.1028105461879464e-168,0.007444000912151075
GJ 3779 b,2.75,,0.38294010889292196,12.8254,3324.0,0.07,526.94,0.4130456087589159,0.07498123178708724,0.02024897152321291,33.35934749042692,2.596575097108683e-204,0.007439554650839187
TOI-5126 b,4.74,,0.18874773139745918,467.0,6150.0,0.0,1442.0,0.0,0.0,0.0,84.19869778653675,0.0,0.007432574763699385
Kepler-1651 b,1.84,,0.6460980036297641,5.65,3713.0,0.13,393.0,0.49466411663003773,0.17154090365465563,0.030640594112301828,16.859336442055245,6.970759256216112e-24,0.007421907897017973
TOI-2093 b,3.25,,0.308529945553539,19.5345,4426.0,0.0,535.0,0.0,0.0,0.0,44.36454326184406,0.0,0.0074186636061466076
Kepler-25 c,5.217,15.2,0.10671506352087114,210.172,6354.0,0.0061,934.0,0.1973661009584215,0.002987233026461285,0.10119143025056855,63.471220086348545,0.0,0.007416847223335485
Kepler-443 b,2.33,,0.4754990925589837,0.86,4723.0,0.11,233.0,0.6106126934378148,0.5939720188905925,0.05762141368808663,25.19451861657391,0.9791717623373939,0.0074141135554625925
TOI-5076 b,3.48935569,16.1456830756,0.37749546279491836,12.8373,4780.0,0.0,550.0,0.0,0.0,0.0,67.17939229515515,9.366842952022723e-205,0.007413736105050858
K2-83 c,1.483,,0.8566243194192378,7.42,3910.0,0.06,459.75,0.5735327912028543,0.15844854790502164,0.03590318961371675,11.70314166577282,8.915503890972707e-52,0.007407574779913422
Kepler-711 b,3.41,,0.2885662431941924,15.569,5222.0,0.0,487.0,0.0,0.0,0.0,47.92887903025806,1.412e-320,0.007403581865107156
Kepler-55 b,2.43,43.0,2.9945553539019967,6.642,4362.0,0.0,400.0,0.0,0.0,0.0,179.98643520895638,3.68977695602753e-38,0.007401724978828264
TOI-132 b,3.42,22.4,0.558983666061706,860.0,5397.0,0.059,1395.0,0.2001527297886345,0.0008263080337963675,0.07562643586044283,93.66256459482932,0.0,0.0073867609224339105
K2-110 b,2.592,15.9,0.911070780399274,27.7,5010.0,0.13,638.0,0.3790338955419814,0.03487439802955802,0.06528824063684946,66.45776308600213,0.0,0.007381303256134383
TOI-654.01,2.378,8.71,0.6515426497277677,65.0,3521.0,0.0,794.0,0.0,0.0,0.0,36.70007990999873,0.0,0.0073759544213549645
Kepler-103 b,3.4857,11.67,0.27586206896551724,150.536,6047.0,0.171,973.0,0.213394959392756,0.004297802306568855,0.09299032964683931,48.938495930731236,0.0,0.007372854454666526
GJ 1061 d,1.16,1.67,1.0671506352087115,0.6,2953.0,0.04,242.03,0.7683120562524333,0.6080701034558962,0.01033819522359251,6.977314582192869,0.9351365219959505,0.007371864474063007
Kepler-20 e,0.821,0.76,1.3611615245009074,169.8,5495.0,0.092,1004.0,0.3059123064837482,0.005246857534659485,0.07824437676977136,3.155206189446168,0.0,0.007371835253466684
Kepler-1640 b,4.82,,0.18511796733212343,537.4,6324.0,0.0,1228.0,0.0,0.0,0.0,86.83169863261512,0.0,0.0073609650438211886
TOI-2236 b,14.36991326,502.16888306,0.16878402903811254,1356.0,6248.0,0.0,1688.0,0.0,0.0,0.0,2097.8884837820897,0.0,0.007360753410640292
GJ 1061 b,1.04,1.11,0.9836660617059891,3.8,2953.0,0.05,388.11,0.672186148410769,0.3090947556946179,0.01033819522359246,4.634856739137798,2.114822679342165e-06,0.007359846483961322
GJ 625 b,1.49,,0.8493647912885662,2.0787,3499.0,0.13,335.59,0.6068698116931124,0.4231637942728783,0.02492386600416511,11.769057068519444,0.9363785924158,0.007351083701701921
TOI-763 b,2.28,9.79,0.8185117967332123,182.935,5450.0,0.04,1038.0,0.3210920979695277,0.005327830423879952,0.07704226104610144,40.63666823691006,0.0,0.007350628793629661
TOI-700 b,0.914,,0.9201451905626136,4.98,3459.0,0.075,417.0,0.6086230840944339,0.2278376124404405,0.023855318694232443,2.9429545630916754,3.182608099065846e-16,0.007346080659096623
NGTS-4 b,3.18,20.6,0.6261343012704175,886.9841,5143.0,0.0,1650.0,0.0,0.0,0.0,84.34075132409463,0.0,0.007343617240653642
GJ 1289 b,2.38,,0.46460980036297644,0.0754,3296.0,0.0,150.0,0.0,0.0,0.0,26.23661768788607,0.7248792513104606,0.0073410971506350595
Kepler-687 b,3.52,,0.279491833030853,15.648,4841.0,0.0,518.0,0.0,0.0,0.0,51.06057741928693,5e-324,0.007314651166978225
Kepler-516 b,5.74,,0.1471869328493648,174.58,7099.0,0.0,1095.0,0.0,0.0,0.0,116.59865530049198,0.0,0.007312458263619295
HD 153557 b,4.77,,0.1869328493647913,59.2234,4837.0,0.065,772.12,0.2667618833470232,0.01278114291094469,0.06066677352139465,84.9824744319953,0.0,0.007296002070628026
Kepler-1321 d,2.62843782,,0.4065335753176044,15.84,3640.0,0.0,509.0,0.0,0.0,0.0,30.92275299334855,0.0,0.007294287221962817
Kepler-396 b,3.5,75.5,1.7568058076225046,13.731,5656.0,0.0,496.0,0.0,0.0,0.0,315.5124498534475,8.627674807311018e-240,0.007279619004500367
HD 213885 c,4.71,,0.19056261343012706,426.5327,5978.0,0.0,1265.4,0.0,0.0,0.0,83.40441314653172,0.0,0.0072608999131048005
TOI-1075 b,1.791,9.95,1.6914700544464611,509.2,3875.0,0.0,1323.0,0.0,0.0,0.0,40.704242814408985,0.0,0.007246453014570342
K2-28 b,2.32,,0.4791288566243195,30.1,3214.0,0.0,568.0,0.0,0.0,0.0,25.061374825835614,0.0,0.007234547709846718
K2-136 d,1.565,3.0,0.7803992740471869,7.07,4500.0,0.071,420.0,0.5628619100516864,0.16121360548481128,0.05166426243521444,12.5299255833512,2.1315254379985434e-45,0.007232236096389608
Kepler-1668 b,4.34764405,,0.21052631578947367,63.79,5542.0,0.0,721.0,0.0,0.0,0.0,72.46977963216298,0.0,0.007226979378722949
Kepler-2000 b,2.73,,0.38656987295825773,18.73,3757.0,0.0,530.0,0.0,0.0,0.0,32.94614117139229,0.0,0.007212769567999504
Kepler-1655 b,2.213,5.4,0.4936479128856625,129.1,6148.0,0.19,938.0,0.25070208763442475,0.0056784942292566086,0.09568841160441605,22.41042827797567,0.0,0.007210537734795401
Kepler-405 c,4.66,,0.19237749546279492,14.086,5818.0,0.0,557.0,0.0,0.0,0.0,81.5456175070789,1.7595306573292212e-254,0.007208511727694439
Kepler-160 c,3.76,,0.2558983666061706,84.848,5471.0,0.0,771.0,0.0,0.0,0.0,56.9796343412587,0.0,0.007207045589117502
HD 134606 f,2.24,,0.49909255898366606,36.479,5576.0,0.081,685.04,0.37448383919302486,0.026521627399331366,0.08040818507238753,23.497072629085842,0.0,0.007128069068694504
TOI-2096 c,1.914,,0.6152450090744103,3.7,3300.0,0.1,349.0,0.5408892227892247,0.2593702842698203,0.01960784313725339,18.070181261383908,9.272571578024352e-06,0.007121440177157924
TOI-451 d,3.93,10.2,0.16696914700544466,43.2,5490.0,0.0,714.0,0.0,0.0,0.0,42.452423585674794,0.0,0.007106272933395802
Kepler-368 c,3.88,,0.24500907441016337,28.681,5502.0,0.0,575.0,0.0,0.0,0.0,59.94679318154411,0.0,0.007079774615961035
L 98-59 f,1.48,,0.9074410163339384,1.1,3415.0,0.044,285.0,0.7853468457898258,0.778262538258803,0.022679916653307732,12.322310867109694,0.9637592802272072,0.007067449477819008
Kepler-170 b,3.2,82.6,2.5226860254083485,136.522,5679.0,0.0,899.0,0.0,0.0,0.0,346.2595383453943,0.0,0.0070584534899442095
Kepler-802 b,3.54,,0.27586206896551724,13.508,5507.0,0.0,489.0,0.0,0.0,0.0,51.26139072807339,8.590987424356566e-231,0.007046352601562378
TOI-1260 d,3.12,11.84,0.3883847549909256,10.32,4227.0,0.0,499.0,0.0,0.0,0.0,49.409967230144275,5.557923990244172e-121,0.007041363313006966
Kepler-52 c,1.84,45.4,3.6297640653357535,8.55,4075.0,0.012,433.0,0.5355815124081797,0.13177226498403263,0.0403109472671866,94.7153732699733,2.9558749788449774e-75,0.007027408041130326
HATS-76 b,12.09449018,835.570882003,0.4682395644283122,129.8,4016.0,0.062,939.8,0.22026223085701094,0.005655693375338537,0.03873483998503991,3469.919624429803,0.0,0.007008164966241418
Kepler-1999 b,3.29,,0.30308529945553536,26.17,4406.0,0.0,577.0,0.0,0.0,0.0,45.21069418635915,0.0,0.007004839442233241
Kepler-318 b,4.71,,0.19056261343012706,333.149,5746.0,0.0,1039.0,0.0,0.0,0.0,83.40441314653172,0.0,0.007004669866230844
HD 109833 b,2.888,,0.35934664246823955,63.4589,5881.0,0.18,786.0,0.26944523654965796,0.0117515445350895,0.08855585831062057,36.257158690987474,0.0,0.006999655456139905
HD 23472 c,1.87,3.41,0.5626134301270418,7.96,4684.0,0.063,467.0,0.5305371339809798,0.13884041373614353,0.056579580060902246,15.41074108309988,1.8892859102934062e-62,0.0069877075038194975
HD 125612 c,4.07,,0.23049001814882034,441.4278,5900.0,0.149,1303.14,0.1678554062460105,0.0012768308906956063,0.08906341828283947,65.09145193886319,0.0,0.0069746880194011115
Kepler-564 b,4.63,,0.1941923774954628,389.404,5626.0,0.0,1129.0,0.0,0.0,0.0,80.73535536161808,0.0,0.006943202077258808
WASP-26 b,13.56289,270.1555,0.12758620689655173,1225.5264,6034.0,0.0,1650.0,0.0,0.0,0.0,1333.3650090079723,0.0,0.006930082352792811
Kepler-554 b,4.29,,0.21415607985480944,877.945,5447.0,0.0,1346.0,0.0,0.0,0.0,70.82570306323014,0.0,0.006917266335652736
HD 134606 c,3.37,,0.29401088929219604,12.84,5576.0,0.055,527.65,0.4242929594547702,0.07638245470992781,0.08040818507238878,47.13480639929338,7.3623151635567525e-205,0.006914300353335027
Kepler-416 b,2.48,58.2,3.811252268602541,224.089,5718.0,0.0,986.0,0.0,0.0,0.0,243.50694249527928,0.0,0.006910736231251016
GJ 849 b,13.9,,0.10544464609800362,0.0048,3467.0,0.029,73.63,0.16807070051447387,0.0028039843892785055,0.024069028156221507,1186.1989727648197,0.620855522476103,0.006908665471642882
K2-83 b,1.244,,1.0780399274047188,41.5,3910.0,0.07,707.17,0.4166245540054546,0.02591387572483515,0.03590318961371647,8.693298586771292,0.0,0.006906768131623547
GJ 682 b,1.93,,0.6098003629764065,0.3125,3028.0,0.08,281.93,0.5667913091145789,0.30241278807446936,0.012341721429715388,18.363193681546907,0.9669535438823785,0.006878675915059933
TOI-469.01,3.41,9.1,0.23593466424682397,74.7,5289.0,0.0,716.0,0.0,0.0,0.0,39.1871337983242,0.0,0.006876160261429698
K2-126 b,1.97,,0.5916515426497277,35.3,4339.0,0.06,601.0,0.4004910209482798,0.029270198279043196,0.04736335951273845,18.94755991323829,0.0,0.006870876661828441
Wolf 1061 c,1.66,,0.7441016333938294,1.3,3342.0,0.11,299.3,0.6404872483110335,0.5870772852844452,0.020729817812681923,14.257557484978877,0.9659278418206871,0.006864492437437773
TOI-561 c,2.865,5.93,0.23593466424682397,67.5,5342.0,0.023,802.0,0.34176394329371174,0.014053071422576039,0.0741571833092855,23.240969549338296,0.0,0.006852506642173565
TOI-1410 c,5.63,,0.15081669691470054,4.1841,4635.0,0.0,397.45,0.0,0.0,0.0,112.73615504656311,5.145538553487815e-09,0.006849016333621879
TOI-2977 b,13.15934334,533.95172376,0.23230490018148822,947.8,5691.0,0.0,1544.0,0.0,0.0,0.0,2217.4285495578174,0.0,0.006846349900377551
HD 134606 b,2.97,,0.3466424682395644,106.1131,5576.0,0.092,894.63,0.2709950945070388,0.007437166398299377,0.0804081850723885,38.039931450518424,0.0,0.006822095068583002
HD 134060 c,5.91,,0.1415607985480944,0.2515,5966.0,0.11,200.67,0.3756858820570678,0.1780181016186808,0.09082652134422863,122.40356189349647,0.958515406771181,0.0068118251153080215
Kepler-287 c,3.26,66.0,2.7949183303085303,12.457,5806.0,0.0,513.0,0.0,0.0,0.0,405.61175381535224,1.1005074098542641e-190,0.006768882875636791
Kepler-26 c,2.72,6.2,0.29219600725952816,4.82,3914.0,0.013,385.0,0.5679169764327877,0.2255682674916354,0.03601004434471073,24.630294155974685,1.485144900042244e-14,0.006765669430953018
HD 219134 c,1.511,4.36,1.2613430127041743,62.1,4699.0,0.062,782.0,0.38537500250578083,0.016725678367637626,0.056980285302126225,18.227000607725913,0.0,0.00674977468784549
Kepler-740 b,4.57,,0.19782214156079858,432.866,5438.0,0.0,1131.0,0.0,0.0,0.0,79.08827598052089,0.0,0.0067093814054498685
Kepler-31 c,5.3,1493.7,0.132486388384755,35.254,6340.0,0.0,615.0,0.0,0.0,0.0,82.62043540873465,0.0,0.0067043323816709886
Kepler-502 b,4.77,,0.1869328493647913,859.509,6125.0,0.0,1217.0,0.0,0.0,0.0,84.9824744319953,0.0,0.0066471823200225134
TOI-1533 b,2.89,28.1,1.1796733212341197,173.908,5146.0,0.0,1011.0,0.0,0.0,0.0,119.27348128214368,0.0,0.006606159409729955
Kepler-258 c,3.61,,0.26860254083484575,7.985,4942.0,0.0,470.0,0.0,0.0,0.0,52.932247141987716,5.883255143339372e-63,0.006601477571939788
Kepler-1810 b,3.91815325,,0.2413793103448276,4.91,5492.0,0.0,380.0,0.0,0.0,0.0,60.81810818836193,1.9308230823204686e-15,0.0065991034867823786
Kepler-1038 b,3.53,,0.27586206896551724,1.512,5335.0,0.0,285.0,0.0,0.0,0.0,50.828198178141854,0.9897112529113465,0.006596975943419595
TOI-1246 e,3.5141875,14.5,0.33212341197822143,11.0,5213.0,0.0,463.98,0.0,0.0,0.0,60.37579870802728,1.9312823146537134e-141,0.006590978480963744
LHS 1140 c,1.272,1.91,0.925589836660617,5.3,3096.0,0.05,422.0,0.6230251978558349,0.2248813173198119,0.0141582518565996,7.979368473096951,1.1350426204100131e-19,0.006574112595914939
Kepler-1143 c,3.6,,0.26860254083484575,0.568,5053.0,0.0,234.0,0.0,0.0,0.0,52.49358435133948,0.9900510279728786,0.006558824403060872
GJ 832 b,13.8,314.65012293,0.11941923774954628,0.0019,3472.0,0.05,57.84,0.13267390971144152,0.0009504856913600669,0.02420259656996306,1314.6197824330827,0.6158839701052756,0.006548568192294305
EPIC 220674823 c,2.712,7.9,0.42397803992740474,70.0,5578.0,0.18,838.0,0.2726828309079615,0.010865695291371193,0.08046161243788497,35.42427964857069,0.0,0.006535470488479072
Kepler-1314 b,5.11,,0.17114337568058077,36.05,4188.0,0.0,625.0,0.0,0.0,0.0,95.65582101030925,0.0,0.006524159989798213
HD 190360 d,3.48,11.9,0.2813067150635209,7.7173,5560.0,0.058,459.21,0.4560266627195948,0.1255934047671577,0.07998076614841605,49.65996858244416,1.626906887006892e-57,0.006478617731817808
Kepler-69 c,1.71,,0.7114337568058077,2.687,5638.0,0.14,299.0,0.5876356051498139,0.3438147925489459,0.08206443340278138,14.900862549177393,0.14638246454729414,0.006474856220234185
K2-36 c,3.2,7.9,0.23593466424682397,89.0,4916.0,0.089,854.0,0.25936628375599163,0.008387203530158037,0.06277715445850957,32.38398560064839,0.0,0.006447353925058849
Teegarden's Star d,0.954,,0.9419237749546281,0.12,3034.0,0.07,159.0,0.5574832353027264,0.13926708892390188,0.012502003526204772,3.4257012994334426,0.702136540069662,0.006426856293269075
HD 285968 b,2.83,,0.37023593466424687,5.0456,3703.49,0.0,450.0,0.0,0.0,0.0,35.15009348862319,7.584508658094865e-17,0.006426102677712127
TrES-3 b,14.975,607.03,0.18039927404718695,1025.5022,5650.0,0.0,1638.0,0.0,0.0,0.0,2537.6042209834163,0.0,0.006411103032360533
Ross 128 b,1.11,,1.0217785843920146,1.38,3192.0,0.116,301.0,0.6759811604928719,0.5909209819107828,0.016722765400436417,5.8534827340917035,0.9203847506106305,0.006384699558817499
GJ 411 b,1.45,,0.8802177858439201,3.13,3719.0,0.063,349.83,0.6559983441120777,0.3483238877367369,0.03080087620879124,11.240425609732215,0.005798967243527803,0.006381960159895979
TOI-1758 b,3.62,6.9,0.15063520871143377,21.05,5169.0,0.0,551.44,0.0,0.0,0.0,29.93234997416743,0.0,0.006372105843569139
HD 20781 b,1.21,,1.087114337568058,175.0994,5256.0,0.1,1006.1,0.30605840863187567,0.005118778807911218,0.07185980659292915,8.067146499137873,0.0,0.00635818548585583
K2-285 c,3.53,15.68,0.35390199637023595,50.35,4975.0,0.0,741.4,0.0,0.0,0.0,65.20722792590567,0.0,0.006337033725736315
WASP-65 b,12.464,492.62,0.2722323049001815,957.0053,5600.0,0.0,1480.0,0.0,0.0,0.0,2208.0077351513814,0.0,0.006336849662176415
KELT-3 b,17.48604,616.5902,0.13611615245009076,1704.57,6304.0,0.0,1816.0,0.0,0.0,0.0,3048.40507801013,0.0,0.006320814796056401
Kepler-497 b,6.04,,0.13756805807622505,1129.272,5834.0,0.0,1210.0,0.0,0.0,0.0,126.97465220953329,0.0,0.006308188238838541
K2-81 b,1.97,,0.5916515426497277,62.9,4674.13,0.06,739.23,0.36066629111466697,0.015663349264716787,0.05631591601217664,18.94755991323829,0.0,0.006292675345269389
HD 192310 b,4.27,,0.2159709618874773,3.7598,5166.0,0.13,355.0,0.4140926274821852,0.20117007859164537,0.0694555751455859,70.43160689456244,4.140526125188647e-06,0.006277670881706306
HD 73583 b,2.79,10.2,0.4682395644283122,43.3,4511.0,0.09,714.0,0.3342304299456618,0.02071324203928562,0.05195811294544709,42.59604981249733,0.0,0.006265857543050093
Kepler-669 b,4.83,,0.18330308529945555,826.765,6038.0,0.0,1243.0,0.0,0.0,0.0,86.51666626677294,0.0,0.006263804392160497
GJ 685 b,2.95,,0.3502722323049002,3.0917,3816.0,0.0,368.84,0.0,0.0,0.0,37.66694235242357,0.00838466195878322,0.006230728652440561
K2-138 d,2.39,7.92,0.5626134301270418,160.0,5356.3,0.043,888.0,0.3095176449186232,0.005803560304687004,0.0745391889725858,32.17306283295561,0.0,0.0062303172626092
Kepler-993 b,2.97,,0.3466424682395644,3.954,3843.0,0.0,352.0,0.0,0.0,0.0,38.039931450518424,2.2970492134078294e-07,0.006226318392634542
TOI-5292 A b,12.64373023,412.859100693,0.2032667876588022,102.0,3919.0,0.034,809.0,0.21971823454101216,0.0069906017123518675,0.03614361275845449,1720.999310179873,0.0,0.0062249747542317225
K2-89 b,0.615,,0.7295825771324863,78.0,3691.0,0.15,830.07,0.3026884752760237,0.010817777196344715,0.030052893091837448,0.7108670934047446,0.0,0.0062172714268052395
TOI-1759 b,3.14,10.8,0.3466424682395644,6.39,4065.0,0.0,443.0,0.0,0.0,0.0,44.953066415485175,3.2837668491724516e-34,0.006192386111247663
TOI-771 b,1.36,2.47,0.9800362976406535,14.0,3370.0,0.055,543.0,0.5210067587215452,0.08498992660261276,0.021477800929634114,10.326365562287524,6.7171271409043064e-251,0.006156064861830521
TOI-763 c,2.63,9.32,0.5117967332123412,64.3196,5450.0,0.04,800.0,0.3656000873626653,0.015733839933741705,0.07704226104610191,38.9989904015724,0.0,0.006149807090600737
HD 48948 b,2.06,,0.5571687840290381,138.85,4593.0,0.055,957.0,0.3077358261263383,0.006538910028128553,0.054148634930807044,20.402202182365514,0.0,0.006138054317648254
Kepler-20 b,1.773,9.7,1.705989110707804,331.0,5495.0,0.083,1187.0,0.2535929037616921,0.002407396148094804,0.07824437676977435,39.8282359084223,0.0,0.006134967511328689
GJ 3473 c,2.63,,0.4065335753176044,1.95,3347.0,0.0,329.1,0.0,0.0,0.0,30.977921453731273,0.9829363171663225,0.006105083147398243
Kepler-445 c,2.51,,0.4319419237749546,9.177,3157.0,0.0,341.0,0.0,0.0,0.0,28.611137990783305,3.2437550118161687e-90,0.0060762257919938474
TOI-1235 b,1.69,6.69,1.3157894736842106,60.3,3997.0,0.049,775.0,0.38725882767407593,0.01745222946134545,0.03822728001281913,26.603276657335254,0.0,0.0060751013805528855
WASP-97 b,12.77826,432.2488,0.21960072595281308,1414.87,5640.0,0.0,1555.0,0.0,0.0,0.0,1919.2764846295322,0.0,0.006055588989588077
K2-105 b,3.4,15.4,0.4065335753176044,100.0,5373.0,0.0,805.0,0.0,0.0,0.0,66.93014716297466,0.0,0.006055378937932634
YZ Cet d,1.03,,0.9945553539019965,2.7,3151.0,0.07,356.7,0.6790716615891716,0.3951893472331521,0.015627504407756,4.552282897368201,0.1264639122972833,0.006054684668998315
Kepler-126 c,1.58,,0.3077197822141561,112.128,6239.0,0.19,790.0,0.2512995271261767,0.006321386493080755,0.09811935673451001,5.084114075861587,0.0,0.006029248125178119
Kepler-20 f,0.952,1.4,1.5245009074410165,35.9,5495.0,0.094,681.0,0.41506914576070764,0.028750417386930963,0.07824437676977203,5.509689714456075,0.0,0.006010155220704288
TOI-4010 b,3.02,11.0,0.3992740471869329,714.0,4960.0,0.03,1441.0,0.22079478461739924,0.0010713147718480623,0.0639525564994345,46.066001791057595,0.0,0.006009377307855327
Kepler-967 c,3.65,,0.26497277676951,1.05,5178.0,0.0,258.0,0.0,0.0,0.0,53.971993527206564,0.9904173305246747,0.006004095367846094
TOI-5624 d,3.584,4.9,0.10707803992740472,157.055,5327.0,0.0,712.6,0.0,0.0,0.0,20.64871476303782,0.0,0.005990625355515339
Kepler-45 b,10.76,160.497,0.14519056261343014,68.37,3820.0,0.11,1000.0,0.19199539517001868,0.008635549511810335,0.03349895816637239,757.6415980421289,0.0,0.005990067078503987
EPIC 211822797 b,1.92,,0.6134301270417423,3.5,4057.0,0.06,431.0,0.6081129620846388,0.3012079361504719,0.03983010097771745,18.186846313324125,0.00011997239318363755,0.005988522949126984
Kepler-101 b,5.77,51.1,0.2631578947368421,1240.332,5667.0,0.086,1513.0,0.14489824083472194,0.0004398233372256938,0.08283913020248611,211.75440436040583,0.0,0.0059814822888508805
TOI-3819 b,13.13692538,352.78953177,0.1542649727767695,1186.0,5859.0,0.0,1633.0,0.0,0.0,0.0,1464.9983492110139,0.0,0.005981091268825158
Kepler-1780 b,3.60600667,,0.27041742286751363,3.14,5403.0,0.0,340.0,0.0,0.0,0.0,53.113247461503214,0.005471889641574075,0.005975376888951959
HD 96700 b,2.93,,0.35208711433756806,228.5794,5845.0,0.138,1089.02,0.2182886148950548,0.002975591352785308,0.08759416573168168,37.09724014777561,0.0,0.005954204411206552
Kepler-10 c,2.355,11.29,0.8620689655172414,18.3,5708.0,0.136,579.0,0.41584146871492245,0.05446444883347487,0.08393439119516359,47.16320981500305,0.0,0.00595326173398821
HD 141004 b,3.77,,0.2540834845735027,144.73,5885.38,0.16,950.73,0.2128301402774512,0.0044583924001086956,0.08867286424105902,57.02812550996182,0.0,0.0059404562326432625
TOI-1062 b,2.265,10.15,0.8802177858439201,232.0,5328.0,0.177,1077.0,0.24108891944459984,0.0032240788328066453,0.07378319175080901,42.843344705532616,0.0,0.005899538739615531
Kepler-867 b,4.64,,0.1941923774954628,2.72,5541.0,0.0,327.0,0.0,0.0,0.0,81.25960928377002,0.12498411410348305,0.005891909405282104
Kepler-30 b,3.9,11.3,0.18511796733212343,16.379,5498.0,0.042,524.0,0.3820751820839536,0.05611502291177981,0.07832451781802163,45.997158453879926,0.0,0.005891461301120897
Kepler-138 e,0.797,0.43,0.8475499092558983,1.73,3841.0,0.112,292.0,0.6582392830150487,0.5063084229279782,0.03405994550408296,1.7973342702825488,0.7898023935363627,0.00588779223581707
Kepler-815 b,4.11,,0.2268602540834846,979.136,5028.0,0.0,1374.0,0.0,0.0,0.0,65.97395031876107,0.0,0.005880188881145577
TOI-3288 b,12.24020692,536.176522609,0.29038112522686027,213.8,4072.0,0.021,973.0,0.2153989560510196,0.0034957460565349543,0.04023080621894477,2230.608084449155,0.0,0.005871603974224094
Kepler-1635 b,3.64,,0.26678765880217786,0.4,5347.0,0.0,200.0,0.0,0.0,0.0,53.89624346034754,0.9904518350295045,0.005841928813847537
WASP-197 b,14.44837612,403.324248483,0.13430127041742287,1276.0,6050.0,0.0,1665.0,0.0,0.0,0.0,1696.7812099376092,0.0,0.005841874793943785
HD 15337 b,1.77,6.519,1.1720508166969148,404.5595,5131.0,0.058,1001.0,0.2678623768425074,0.0021278122090340012,0.06852059624939266,27.224182674498188,0.0,0.005838947331565661
K2-129 b,1.04,,0.9927404718693285,4.5,3459.09,0.13,419.19,0.5707567158154594,0.2302885293582948,0.02385772292568,4.677613720126153,1.2501660402162308e-11,0.0058383690788596995
Kepler-1752 b,4.54060463,,0.19963702359346644,7.29,5446.0,0.0,419.0,0.0,0.0,0.0,78.28359448191775,2.420610771796624e-49,0.00583183370941118
HD 219828 b,4.59,,0.1960072595281307,1095.4885,5891.0,0.091,1602.83,0.1457147176599701,0.00048580671758599727,0.08882299513810503,79.39603646972861,0.0,0.005825766021058231
HD 39855 b,2.85,,0.3666061705989111,287.2,5576.0,0.14,1145.89,0.2096402182163687,0.0023188967770879664,0.08040818507238848,35.54863750630473,0.0,0.005825185150571705
Kepler-20 c,2.894,11.1,0.455535390199637,78.7,5495.0,0.076,828.0,0.30936558389806107,0.011147540097102919,0.07824437676977593,46.249422292522134,0.0,0.005783676718246319
TOI-122 b,2.72,,0.3883847549909256,8.8,3403.0,0.0,471.0,0.0,0.0,0.0,32.73840341228933,4.632325565782962e-81,0.005778170461048865
Kepler-1321 b,4.92,,0.18003629764065338,13.547,4094.0,0.0,408.0,0.0,0.0,0.0,89.8139901016526,2.367019538588071e-232,0.0057652220211088685
TOI-1410.01,3.10083009,12.5,0.4174228675136116,565.5415,4635.0,0.0,1236.7,0.0,0.0,0.0,52.131324073734824,0.0,0.005764607706390372
Kepler-210 c,3.62,,0.26860254083484575,25.44,4559.0,0.0,497.0,0.0,0.0,0.0,53.37334694188891,0.0,0.005761973285045017
K2-199 c,2.85,12.4,0.5263157894736842,38.6,4491.0,0.03,694.0,0.4080957870206877,0.028100108340722192,0.05142383929048093,51.035172657566186,0.0,0.00576025488268245
Kepler-411 e,3.28,10.8,0.30490018148820325,7.6205,4974.0,0.016,503.0,0.5398940980593604,0.15028639425453638,0.06432654805791083,45.06795202233463,1.3104853989274257e-55,0.005755457076606113
HD 39194 d,2.12,,0.5408348457350273,10.2669,5205.0,0.159,503.31,0.4281823837973062,0.09115344264937872,0.07049740877276771,21.585437590621748,1.8532911934088277e-119,0.0057452649520605996
Kepler-222 c,4.64,,0.1941923774954628,59.076,5433.0,0.0,734.0,0.0,0.0,0.0,81.25960928377002,0.0,0.005725163972745813
Gliese 48 b,2.77,,0.38112522686025413,0.89,3450.0,0.0,271.0,0.0,0.0,0.0,33.93091821479693,0.9844746213013943,0.005702554541774541
HD 97658 b,2.12,8.3,0.8711433756805808,41.924,5212.0,0.05,751.0,0.42089621900280816,0.0264190878293437,0.07068440455200557,34.768490078853816,0.0,0.005701718859873662
Kepler-222 d,3.69,,0.2613430127041742,15.087,5433.0,0.0,522.0,0.0,0.0,0.0,55.002015107614874,2.9525216325274505e-298,0.005695382512717956
HD 1461 b,2.42,,0.4537205081669692,309.8969,5765.0,0.172,1185.14,0.21069199336470484,0.0021545503465602495,0.08545707111181694,26.935380631512096,0.0,0.005694779559738659
HN Lib b,2.2,,0.5117967332123412,0.503,3347.0,0.079,234.4,0.5916816448435048,0.4321449545001043,0.020863386226423666,22.827279753828442,0.9771445338670874,0.005682983301302537
Kepler-522 b,6.91,,0.11542649727767695,63.855,6392.0,0.0,761.0,0.0,0.0,0.0,159.52482182322402,0.0,0.005674915469714624
HD 191939 d,2.995,2.8,0.10344827586206896,14.3,5348.0,0.031,540.0,0.3831710552836706,0.06175181996068141,0.07431746540577551,11.64132318680521,1.3384774716801483e-263,0.005665912526264464
Kepler-858 b,4.87,,0.18148820326678766,6.338,5653.0,0.0,399.0,0.0,0.0,0.0,87.80593950026588,2.027610461140374e-33,0.005649826679659529
TOI-5624 f,3.66,,0.26497277676951,8.6817,5327.0,0.0,478.5,0.0,0.0,0.0,54.41681542070515,2.7502464880157373e-78,0.005643102805234958
TOI-2498 b,6.06,34.62,0.1560798548094374,790.4759,5905.0,0.089,1443.0,0.14329342030885736,0.0006552902069311009,0.08919698669658223,145.49676397541816,0.0,0.005642636423400877
Kepler-462 b,3.0,53.9,1.6878402903811254,31.269,7500.0,0.042,611.0,0.4088131459369122,0.034113922873629555,0.13180531068012047,190.8902396409914,0.0,0.005633094073208942
KOI-142 b,3.438,9.5,0.2341197822141561,68.563,5466.0,0.05561,758.0,0.2942973929903794,0.012064844175357,0.07746967997007566,39.85146926293922,0.0,0.005626500986987942
61 Vir c,4.46,,0.20508166969147004,16.9856,5577.0,0.14,565.87,0.31085707053761336,0.044690532793312254,0.08043489875513822,76.21141586375653,0.0,0.005621721893830515
TOI-2088 b,3.6831179,37.0,0.3629764065335753,1.7338,5081.0,0.0,300.33,0.0,0.0,0.0,75.96505731505133,0.9963979658746956,0.005618584296239178
TOI-5789 d,1.91,,0.6134301270417423,15.2098,5185.0,0.096,545.0,0.4481477649234872,0.06804532041853621,0.06996313511780126,17.904154319490235,7.1115254903157635e-304,0.0056165957576246265
Kepler-951 b,5.59,,0.15245009074410162,2.472,4834.0,0.0,340.0,0.0,0.0,0.0,111.5454141191652,0.40854858684098694,0.005605170614605949
Kepler-595 b,3.708,17.4,0.22323049001814882,17.382,5138.5,0.0,535.0,0.0,0.0,0.0,47.67177232797833,0.0,0.005599177720671885
Kepler-37 d,2.03,2.0,0.23593466424682397,10.39,5357.0,0.1,499.0,0.41416307957164894,0.08625901498419673,0.0745578885505093,8.267390976296237,4.6132026507544446e-123,0.005597951910955657
TOI-5688 A b,10.3,124.0,0.11070780399274048,50.3,3713.0,0.128,742.0,0.19012476912796666,0.011209307295584925,0.03064059411230392,506.7322203274824,0.0,0.005596364422765355
Kepler-31 b,5.5,36.7418,0.1415607985480944,91.474,6340.0,0.0,781.0,0.0,0.0,0.0,98.65513191481705,0.0,0.0055863312430809026
TOI-532 b,5.82,61.5,0.3121597096188748,94.1,3927.0,0.0,867.0,0.0,0.0,0.0,257.77121068063974,0.0,0.00557929530899861
Kepler-26 b,2.78,5.12,0.22867513611615245,7.6,3914.0,0.021,431.0,0.50478312519282,0.1400169326906983,0.03601004434471081,20.579837599775182,3.1765931321350777e-55,0.005569102390233187
TOI-756 b,2.81,9.83,0.43920145190562615,127.0,3657.0,0.0,934.0,0.0,0.0,0.0,40.819843576435794,0.0,0.005542709441229639
Kepler-734 b,3.56,,0.27404718693284935,89.25,5326.0,0.0,784.0,0.0,0.0,0.0,51.792151407458334,0.0,0.005532691444985588
HD 156098 b,4.12,,0.2268602540834846,416.9726,6419.19,0.109,1257.73,0.17705936107647888,0.0014235038662506203,0.1029328952289303,66.45668463311243,0.0,0.005532196566083043
K2-101 b,2.0,,0.5807622504537205,20.1207,4927.0,0.1,618.0,0.4143990479319604,0.04956304446704992,0.06307100496873969,19.46152980808196,0.0,0.00553116621936659
K2-360 c,4.02,,0.2341197822141561,115.0,5679.0,0.11,912.0,0.23261728164726336,0.006026255880106121,0.08315969439546461,63.709600238481805,0.0,0.005523142162581018
GJ 180 b,2.43,,0.45190562613430135,1.5359,3371.0,0.07,344.43,0.6053173451697705,0.5161326439127892,0.021504514612382983,27.1615893133516,0.9806994121485028,0.005515856374223013
WASP-104 b,12.745,404.263,0.19491833030852995,867.7365,5475.0,0.0,1516.0,0.0,0.0,0.0,1690.2884007805415,0.0,0.005463813339219359
Kepler-1984 b,6.81,,0.1177858439201452,48.82,3638.0,0.0,675.0,0.0,0.0,0.0,155.8199436617094,0.0,0.005460943626904819
TOI-700 c,2.6,,0.411978221415608,2.64,3459.0,0.068,356.0,0.5548926939408995,0.34056117960878657,0.023855318694233595,30.330733388615087,0.19089842184548272,0.005437788478320352
CoRoT-24 b,3.7,5.7,0.1633393829401089,79.826,4950.0,0.0,1070.0,0.0,0.0,0.0,34.656499313746025,0.0,0.005433048346261019
HD 49674 b,6.2,,0.13303085299455536,264.2871,5602.0,0.09,1113.78,0.1722316557502706,0.0021437345591273182,0.08110274082384668,132.8054976555355,0.0,0.005420563803736923
TOI-2969 b,12.32987877,368.68095212,0.19963702359346644,382.0,4738.0,0.0,1186.0,0.0,0.0,0.0,1567.4948232880618,0.0,0.00541854074403244
TOI-1064 c,2.651,2.5,0.14009183303085299,26.8,4734.0,0.088,634.0,0.30824483250134027,0.02874522772493159,0.057915264198318224,10.932780036547243,0.0,0.00541529302666078
TOI-776 b,1.798,5.0,0.8711433756805808,11.5,3725.0,0.052,520.0,0.5268415536730878,0.10258944792984609,0.03096115830528133,21.210324358990594,1.6302144984473376e-157,0.005411543664800028
K2-265 b,1.70824866,7.3418362017,1.4337568058076227,592.0,5420.0,0.16,1366.0,0.20639238175601307,0.001151582044043121,0.07624085056365176,29.93762664152118,0.0,0.005406558459250291
K2-72 e,1.29,,1.0272232304900182,1.2,3360.47,0.11,286.34,0.6859482080061213,0.6476752543723833,0.021223219533042795,9.2368219572636,0.951858143713432,0.005385273480947933
GJ 3138 c,1.88,,0.6279491833030854,13.9,3717.0,0.11,530.85,0.43082258798287154,0.07142022755420703,0.03074744884329505,17.477795640137867,9.670861968876075e-247,0.005371835829174245
Kepler-94 b,3.51,10.84,0.2631578947368421,216.094,4781.0,0.0,997.0,0.0,0.0,0.0,47.66793759183702,0.0,0.00531646801834482
EPIC 249893012 d,3.94,10.18,0.16515426497277677,53.0,5430.0,0.15,752.0,0.2417228145984348,0.012563706414510413,0.07650798739113743,42.31234238293704,0.0,0.0052932619532169815
Kepler-1519 b,7.06,,0.11215970961887478,3.944,5644.0,0.0,342.0,0.0,0.0,0.0,165.32540249521932,2.71605749965896e-07,0.0052886471284923605
HD 39194 b,1.99,,0.5843920145190563,112.2269,5205.0,0.101,915.16,0.297853091342132,0.007636481416295314,0.07049740877276743,19.290883193273892,0.0,0.0052679174023246835
K2-3 d,1.458,2.2,3.176043557168784,1.44,3844.0,0.091,305.2,0.6021246537442927,0.5124518849627244,0.034140086552328905,41.233256066051815,0.9987957952210188,0.005221574250863102
Kepler-953 b,4.21,,0.22141560798548096,5.84,5416.0,0.0,410.0,0.0,0.0,0.0,69.20590123598967,2.4052152331446473e-26,0.005218024707989024
TOI-712 c,2.701,,0.3920145190562614,3.08,4622.0,0.089,369.9,0.5302167466509802,0.29066926365693085,0.05492333173050849,32.35672174448529,0.009259346220868069,0.005209247447169448
K2-146 c,2.19,7.49,0.7114337568058077,14.028,3385.0,0.075,518.53,0.4510452577201552,0.07518370639325908,0.021878506170859114,31.300798876271468,4.710335563521539e-252,0.005198708097217443
Kepler-328 c,5.4,39.4,0.1088929219600726,22.025,6064.0,0.0,475.0,0.0,0.0,0.0,71.82399210233949,0.0,0.005179542483207246
Kepler-148 c,3.6,,0.26860254083484575,187.197,5272.0,0.0,957.0,0.0,0.0,0.0,52.49358435133948,0.0,0.005177260365452398
HD 34445 d,6.07,,0.1368421052631579,8.6625,5836.0,0.027,476.32,0.40368097385312274,0.10424936304014788,0.08735374258694904,128.19598674769392,7.711163644441736e-78,0.005159285636973517
HD 99492 b,5.44,,0.15789473684210528,23.2671,4929.0,0.034,622.27,0.33523462323638,0.03718300704467023,0.06312443233423863,106.47630268669802,0.0,0.00515602378438067
HD 20794 d,2.04,,0.5644283121597096,5.2273,5368.0,0.077,388.0,0.554344848049607,0.2025704019912314,0.07485173906074054,20.07187306169637,7.855705073620943e-19,0.005142143008633087
Kepler-676 b,3.04,,0.3357531760435572,8.241,3701.0,0.0,396.0,0.0,0.0,0.0,39.51204335427572,2.1424820232745e-68,0.005112440108720893
GJ 480 b,2.91,,0.35571687840290384,5.929,3509.0,0.0,406.0,0.0,0.0,0.0,36.71741082369577,1.5024425393748848e-27,0.005097304920721086
GJ 273 b,1.51,,0.8366606170598911,1.06,3382.0,0.1,292.47,0.6832987697743063,0.6897160297864889,0.021798365122613874,12.066151605498609,0.9607478797981196,0.005086530293829032
CoRoT-8 b,6.39,69.92,0.29038112522686027,100.3041,5080.0,0.0,870.0,0.0,0.0,0.0,317.3653930535854,0.0,0.005076270407653972
Kepler-82 b,4.07,12.15,0.17785843920145192,19.558,5401.0,0.0033,562.0,0.32624175169122593,0.04120488800848107,0.07573329059143591,50.22804952762671,0.0,0.005050938345525791
GJ 667 C g,1.99,,0.5825771324863884,0.0455,3350.0,0.08,,0.40478347453855296,0.04541709197108887,0.020943527274668482,19.2309736181395,0.6717048812754735,0.005028686980490943
K2-72 c,1.16,,1.0544464609800364,2.2,3360.47,0.11,333.81,0.6421900344395002,0.4279641609820459,0.021223219533042688,6.894251313357239,0.7957907819035631,0.005015849927342477
Kepler-82 f,4.84,20.9,0.18330308529945555,5.6657,5401.0,0.0014,423.57,0.34316040009464277,0.12313747022125787,0.07573329059143621,87.0551502010471,4.513634029145884e-24,0.005009136132660247
K2-3 b,2.078,5.11,0.5644283121597096,10.5,3844.0,0.107,501.3,0.44571811865558353,0.09400915447660019,0.03414008655232946,21.214560020404576,3.009412575543513e-126,0.0049883118911834634
Kepler-920 c,3.8,,0.25045372050816694,3.986,5403.0,0.0,364.0,0.0,0.0,0.0,57.566110461254716,1.3941664066234112e-07,0.004983236028871764
K2-72 b,1.08,,1.012704174228675,8.5,3360.47,0.11,466.13,0.5226487256917766,0.12817151732151044,0.021223219533042608,5.343705012414057,3.668690510024907e-74,0.004968497862616472
HD 164922 d,1.83,,0.6515426497277677,66.9243,5390.0,0.12,787.68,0.32929910384021027,0.013416665215688036,0.07543944008120292,16.725716383590022,0.0,0.0049455633763061625
K2-72 d,1.01,,0.9782214156079855,5.4,3360.47,0.11,416.92,0.5689584090057623,0.19975088939920388,0.021223219533042535,4.221724579174764,7.372958629525874e-21,0.004941154962915355
K2-91 b,1.1,,1.0272232304900182,46.0,3622.0,0.09,726.81,0.3952398985040523,0.022361022550953454,0.0282096489822057,5.727056888593483,0.0,0.00493535070214368
TOI-771 c,1.5,,0.8475499092558983,3.0,3370.0,0.065,365.0,0.6437295536846974,0.3537778156493198,0.021477800929634226,11.981954558110615,0.01759621702574324,0.004932010492375789
Kepler-546 b,7.0,,0.11361161524500908,690.13,5967.0,0.0,1258.0,0.0,0.0,0.0,163.2320608332712,0.0,0.00490039880263376
TOI-2049 b,16.64533634,486.27746271,0.10490018148820326,2032.0,6164.0,0.054,1869.0,0.09934972659368893,0.00020641100360352816,0.09611583052839603,2026.4811764005956,0.0,0.0048971223914754305
Kepler-410 A b,2.838,,0.3684210526315789,159.5,6273.0,0.17,866.0,0.22677974023472638,0.004293447359410013,0.09902762194795471,35.27525986005546,0.0,0.00489303993456071
TOI-125 d,2.93,13.6,0.5408348457350273,26.7,5320.0,0.168,638.1,0.33892261144600927,0.03226329037221813,0.07356948228882337,56.98442043318109,0.0,0.004885557390826356
Kepler-418 c,5.22108654,,0.16606170598911071,107.6,5822.0,0.0,835.0,0.0,0.0,0.0,99.00127317535213,0.0,0.004882628803547969
KPS-1 b,11.54527,346.4347,0.23774954627949185,729.0,5165.0,0.0,1459.0,0.0,0.0,0.0,1532.5709447152954,0.0,0.004865504240280039
Kepler-69 b,2.24,,0.5009074410163339,123.517,5638.0,0.16,779.0,0.26204397879985514,0.006176893503266499,0.08206443340278237,23.582516529555242,0.0,0.004861018961483855
TOI-257 b,7.16253867,43.860320166,0.11796733212341198,186.0,6095.0,0.0,1027.0,0.0,0.0,0.0,181.5730154849144,0.0,0.004857965438831291
HD 216520 c,3.03,,0.3375680580762251,1.2669,5103.0,0.12,295.22,0.5506967939822829,0.5185128044693756,0.06777261313244193,39.33488095847061,0.9865528630848313,0.004849650480592834
HD 15337 c,2.526,6.792,0.41796733212341197,45.0685,5131.0,0.096,656.1,0.33222313189898484,0.019636006835806234,0.06852059624939381,28.218309145934896,0.0,0.00483927143580335
Kepler-1085 b,7.22,,0.10925589836660617,2.055,6000.0,0.0,313.0,0.0,0.0,0.0,172.24439340257624,0.9857783923780539,0.004837287622487721
WASP-77 A b,13.56,529.3114290178,0.2413793103448276,1440.0,5617.0,0.01353,1674.0,0.1455975211803037,0.0004114650021051607,0.08150344606507316,2520.970246624798,0.0,0.004805855854842264
Kepler-818 b,5.11,,0.17114337568058077,100.779,5638.0,0.0,786.0,0.0,0.0,0.0,95.65582101030925,0.0,0.004795723428578958
tau Cet f,1.81,,0.6606170598911071,0.2782,5310.0,0.16,201.97,0.5369337425149777,0.25791976077824147,0.07330234546133885,16.408697877405036,0.949684179486754,0.004786695200110812
TOI-6054.01,2.64,12.5,0.6715063520871144,570.0,6047.0,0.164,1360.0,0.19463361875057217,0.0011521738757592362,0.09299032964683825,51.754785756765074,0.0,0.004772187687282695
Kepler-149 b,4.21,,0.22141560798548096,23.64,5381.0,0.0,540.0,0.0,0.0,0.0,69.20590123598967,0.0,0.004767499776365586
Kepler-561 b,6.96,,0.11451905626134302,7.565,5646.0,0.0,446.0,0.0,0.0,0.0,161.73130413172782,1.5844883629249774e-54,0.004754206434386698
HD 20781 c,2.17,,0.5208711433756806,48.6103,5256.0,0.09,730.3,0.3492418128655559,0.019137738548367915,0.07185980659293104,22.294519090567135,0.0,0.004747636169397936
WASP-75 b,14.235,340.06,0.12522686025408347,1657.0,6100.0,0.0,1710.0,0.0,0.0,0.0,1513.06824108757,0.0,0.004745107712067152
Kepler-460 c,5.52,,0.15480943738656988,7.4,6146.0,0.0,389.0,0.0,0.0,0.0,109.06948808903772,2.198346035241144e-51,0.00472752191358373
Kepler-102 e,2.17,4.7,0.4537205081669692,20.3,4909.0,0.089,590.0,0.40379362894116355,0.04804568950046993,0.06259015867927047,19.420312796661268,0.0,0.004722814789099484
HD 191939 b,3.41,10.0,0.2540834845735027,100.0,5348.0,0.031,880.0,0.3004817415431096,0.008763365063266505,0.0743174654057759,42.2015287058876,0.0,0.004709282300208936
EPIC 249893012 c,3.67,14.67,0.29401088929219604,160.0,5430.0,0.07,990.0,0.24608228879207122,0.004710535463067247,0.07650798739113705,60.87657602407107,0.0,0.004692598242556615
LP 714-47 b,4.25,28.38,0.37023593466424687,38.5441,4123.0,0.022,722.8,0.3756871970341823,0.026589629571055654,0.04159320403910655,119.0512522778916,0.0,0.004692277587458487
Kepler-229 d,3.85,,0.2486388384754991,6.162,5120.0,0.0,439.0,0.0,0.0,0.0,59.43465774114318,8.025334272835008e-31,0.004664809739147713
TOI-4438 b,2.4,4.11,0.29945553539019965,6.0,3501.0,0.07,446.0,0.4682809066989674,0.1565257834214268,0.024977293369662187,17.340223059001023,1.5278457900784856e-28,0.004655476309363447
TOI-1695 b,1.9,6.36,0.9074410163339384,39.0,3690.0,0.097,698.0,0.3759730193785285,0.025320981010521906,0.030026179409090914,26.07160799875667,0.0,0.00465255353734589
Kepler-667 b,4.73,,0.18874773139745918,71.817,5327.0,0.0,516.0,0.0,0.0,0.0,83.66691811361451,0.0,0.004614541450733208
TOI-1224 c,2.884,,0.36116152450090744,1.9952,3326.0,0.0,303.12,0.0,0.0,0.0,36.28907138401883,0.9854649667659651,0.0046059359866648455
Kepler-305 b,3.6,10.5,0.2250453720508167,112.914,5080.0,0.005,836.0,0.26092243358953604,0.006841987925370081,0.0671581984292308,43.98111121328443,0.0,0.004590991018979547
HD 88133 b,13.8,324.1866,0.12304900181488204,1368.0872,5392.0,0.031,1762.08,0.12393850946157606,0.0003651061133852228,0.07549286744670522,1354.5778305313527,0.0,0.004583926849634003
Kepler-20 d,2.606,13.4,0.7441016333938294,5.71,5495.0,0.082,430.0,0.5414494820576545,0.18781790764151984,0.07824437676977561,55.1625204299274,1.2242440817858788e-24,0.004576506674086625
TOI-1295 b,15.69257298,451.31633794,0.11796733212341198,1800.0,6280.0,0.024,2360.0,0.11716934152246855,0.00027127168739292693,0.09921461772719878,1909.5579310269698,0.0,0.004561835202904383
GJ 3090 c,3.14,,0.32123411978221417,4.58,3707.0,0.0,407.2,0.0,0.0,0.0,41.658077254140714,2.698270104660239e-12,0.004543236047501915
TOI-220 b,3.03,13.8,0.49546279491833034,137.7252,5298.0,0.032,805.0,0.31518700608933164,0.0068693762113620676,0.07298178126836045,57.733454310013315,0.0,0.004516298184442782
Kepler-149 d,3.96,,0.23956442831215974,2.446,5381.0,0.0,306.0,0.0,0.0,0.0,62.315559607132,0.4476343541985052,0.004513301270930656
Kepler-57 c,2.196,6.86,0.6404199637023593,48.574,5187.9,0.0725,671.0,0.37052677680719925,0.02037769071289445,0.07004060479777169,28.408642285382854,0.0,0.004494946169898346
K2-117 b,2.03,,0.5698729582577133,145.8,3778.0,0.06,868.0,0.29536589751659986,0.006040466880620518,0.03237698349094147,19.968928973515528,0.0,0.004465263160015009
LTT 3780 c,2.39,8.04,0.5880217785843921,2.76,3358.0,0.024,359.0,0.6750706257996227,0.4019035821685409,0.02115723673665498,33.626039864121346,0.09813637850703708,0.004462462938685314
K2-266 e,2.73,14.3,0.4010889292196007,9.581,4285.0,0.043,490.1,0.48790018165880483,0.11211931454446547,0.04592082064433076,34.183554924308424,1.4296708753283648e-100,0.004396793829733489
Kepler-1793 b,3.79037518,,0.25226860254083483,61.24,5191.0,0.0,713.0,0.0,0.0,0.0,57.54378297620708,0.0,0.004389227632411931
TOI-1437 b,2.24,9.6,0.7096188747731398,82.0,6008.0,0.17,794.23,0.2931751775636204,0.010055302670294062,0.0919484960196539,33.408565083536594,0.0,0.004358580369917494
Kepler-550 b,4.42,,0.20689655172413793,77.258,5322.0,0.0,760.0,0.0,0.0,0.0,74.83567320600137,0.0,0.004357990289678732
GJ 1265 b,2.63,,0.4065335753176044,5.3846,3236.0,0.04,424.04,0.5309529882597065,0.1953713526338293,0.01789816744136229,30.977921453731273,1.2366699893862749e-20,0.004352351333908213
LHS 1903 c,2.046,4.55,0.5281306715063522,16.2,3664.0,0.089,559.0,0.4191805242986362,0.06116063298360523,0.029331623657635163,18.9472806309805,0.0,0.004336432571982364
TOI-125 c,2.759,6.63,0.3139745916515427,77.59,5320.0,0.066,827.8,0.301841642069906,0.010953243581291931,0.07356948228882298,27.62092477093018,0.0,0.004331025291120667
TOI-2048 b,2.61,,0.4101633393829401,29.035,5185.0,0.13,646.0,0.34116278646818865,0.029882046491005412,0.06996313511780226,30.54688793246715,0.0,0.004324887901186781
GJ 1214 b,2.733,8.41,0.4101633393829401,17.2,3101.0,0.0062,567.0,0.41925706296654464,0.05934209319032465,0.014291820270341494,35.072307861010174,0.0,0.0043112238464134076
HD 13808 b,3.35,,0.29764065335753176,33.2278,5035.0,0.071,661.56,0.33737891586225055,0.02657716870126213,0.06595608270555758,46.87219368679577,0.0,0.004307694848852749
K2-238 b,14.5717,273.3338,0.1016333938294011,1082.6407,5630.0,0.0,1587.0,0.0,0.0,0.0,1317.2120707451181,0.0,0.004291718545133497
Kepler-396 c,5.3,17.9,0.11996370235934666,5.244,5656.0,0.0,390.0,0.0,0.0,0.0,74.8111065824296,5.17619189022491e-19,0.0042757605268451526
TOI-1130 b,3.66,19.8,0.4047186932849365,78.1,4360.0,0.052162,825.0,0.304287774869039,0.011284060174271636,0.04792434685045398,83.11609478641951,0.0,0.0042693370387553095
TOI-411 b,1.362,13.71,3.441016333938294,495.139,6169.0,0.126,1241.0,0.20338508621420737,0.0013095441160144985,0.0962493989421282,36.41720963730061,0.0,0.004267891676853001
TOI-411 c,2.328,9.72,0.5716878402903811,156.75,6169.0,0.16,931.0,0.25185913647483016,0.004803004878312853,0.09624939894213053,30.21318376349822,0.0,0.004263115078777524
LHS 1140 b,1.73,5.6,1.0707803992740472,0.43,3096.0,0.043,226.0,0.6983640490262103,0.4598136983580429,0.014158251856599795,23.22348175884941,0.9876479138832859,0.004253388575178244
TOI-2015 c,2.93,8.91,0.35390199637023595,6.68,3297.0,0.00033,448.0,0.28711290900311587,0.08962164683315371,0.019527702089008496,37.28846303513528,8.819682483318368e-39,0.004252933859241571
Kepler-678 b,5.14,,0.16969147005444649,113.64,5520.0,0.0,833.0,0.0,0.0,0.0,96.52459282885562,0.0,0.004246754699303914
Kepler-1024 b,3.91,,0.2413793103448276,5.446,5143.0,0.0,376.0,0.0,0.0,0.0,60.43923011760291,2.33052845729466e-21,0.004232173910220007
TOI-1266 c,1.98,3.17,0.40834845735027225,2.42,3563.0,0.071,346.0,0.5808627767633927,0.3709222563113653,0.026633541700056666,13.277462984474147,0.4671191761519038,0.00421829302916477
WASP-136 b,16.81347105,479.92089457,0.10590326678765881,1843.4633,6250.0,0.0,1630.0,0.0,0.0,0.0,2108.4830183404433,0.0,0.004216484256894487
Kepler-799 b,6.88,,0.11615245009074411,6.356,5681.0,0.0,433.0,0.0,0.0,0.0,158.44637188620007,1.0874716415916164e-33,0.004183640721468783
Kepler-562 b,5.21,,0.16715063520871146,67.435,5575.0,0.0,658.0,0.0,0.0,0.0,99.01701060875652,0.0,0.004172157904041628
HD 191939 c,3.195,8.0,0.24500907441016337,21.0,5348.0,0.034,600.0,0.40430877569552043,0.047404705460007523,0.07431746540577572,33.47213129862034,0.0,0.004158462696368397
Kepler-1663 b,3.30395896,,0.30127041742286753,4.07,3844.0,0.0,362.0,0.0,0.0,0.0,45.5144218889729,3.5589219775494036e-08,0.004145800478157114
HAT-P-8 b,15.6926,406.8224,0.12443629764065336,1519.9645,6200.0,0.0,1713.0,0.0,0.0,0.0,2014.2826171444847,0.0,0.004132583725454953
TOI-2076 d,3.27,7.3,0.2032667876588022,16.5,5187.0,0.027,490.0,0.4200550777980543,0.06075766940425388,0.07001656248329917,29.77133373013737,0.0,0.004119106863864641
GJ 433 d,2.14,,0.5317604355716878,0.6312,3461.0,0.07,279.71,0.6294132156419914,0.5237553044543288,0.023908746059730004,21.829608694312096,0.9762654410507944,0.004109984162991411
TOI-908 b,3.186,16.137,0.49764065335753177,80.884,5626.0,0.132,1317.0,0.279924938544258,0.009902527930733407,0.08174386920980391,67.41270831011775,0.0,0.0041006925973036895
HD 15906 c,2.93,,0.35390199637023595,13.37,4757.0,0.04,532.0,0.455916902612918,0.07912993228706669,0.058529678901529256,37.28846303513528,2.611208566974349e-225,0.004088563977193753
K2-104 b,1.79,,0.6715063520871144,62.1,3712.0,0.09,798.0,0.3388991373016653,0.01494471826876343,0.03061388042955346,16.13235712341537,0.0,0.004087614557140227
GJ 433 b,2.33,,0.47731397459165154,5.2029,3461.0,0.04,473.94,0.5603127056257888,0.20992657196297265,0.02390874605973005,25.29068090136999,1.4790406969759696e-18,0.004071653173779934
K2-38 c,2.29,8.3,0.6896551724137931,117.0,5731.0,0.161,916.0,0.27505881654717906,0.006835780689724543,0.08454880589837449,34.69181758109484,0.0,0.004069181956597933
TOI-5789 c,2.86,5.0,0.21052631578947367,8.7194,5185.0,0.067,718.0,0.42580734305856494,0.10468029051645908,0.06996313511780239,20.62970886461944,3.505048671028373e-79,0.004066013281191638
TOI-1266 b,2.52,4.46,0.279491833030853,4.72,3563.0,0.039,415.0,0.5245239501976958,0.21128372350787264,0.02663354170005689,18.735244004097662,1.3417946355810177e-13,0.004047364283273276
WASP-4 b,15.12091496,381.3940884,0.11745626134301271,1188.6219,5436.0,0.0053,1653.0,0.11541807139859864,0.000389237029207321,0.07666826948763042,1700.9791692772787,0.0,0.004038168311822091
K2-138 g,3.013,4.32,0.1633393829401089,9.29,5356.3,0.059,445.0,0.4097269190364258,0.09553425985930358,0.07453918897258657,18.714443397351634,4.483923900667932e-93,0.004036806621479774
GJ 581 c,2.5,6.81,0.43375680580762255,2.3985,3500.0,0.032,346.13,0.6374899332172791,0.41566698087982595,0.024950579686913867,28.389316553537533,0.5199684067771663,0.004028995919850214
Kepler-223 c,3.44,5.1,0.12885662431941924,302.474,5803.0,0.15,947.0,0.16841670491018781,0.0017756893793324051,0.08647219105625359,21.97205547640665,0.0,0.004023433985933586
Kepler-677 b,5.38,,0.1600725952813067,683.274,5723.0,0.0,1015.0,0.0,0.0,0.0,104.41248273018087,0.0,0.004015754071177784
KOBE-1 c,3.56,,0.27404718693284935,3.91,4135.0,0.0,392.5,0.0,0.0,0.0,51.792151407458334,4.5523131213349824e-07,0.0039665066760249095
TOI-1266 d,1.74,3.68,0.6969147005444646,1.3,3563.0,0.087,288.0,0.6629950281372571,0.6074710228872017,0.026633541700056534,15.378570915853674,0.9678400569051876,0.003956767218525125
HD 39194 c,2.65,,0.4010889292196007,33.2512,5205.0,0.078,675.19,0.3609146471541891,0.028045232834420952,0.07049740877276822,31.265609974880746,0.0,0.003940062272998486
Kepler-247 d,3.94,,0.23956442831215974,19.21,5100.0,0.0,530.0,0.0,0.0,0.0,61.37614499502956,0.0,0.0039347393004393084
Kepler-696 b,6.14,,0.13484573502722325,607.525,5903.0,0.0,1234.0,0.0,0.0,0.0,130.746760630965,0.0,0.0039215797371586255
CoRoT-11 b,16.03,740.51,0.17967332123411978,1890.649,6440.0,0.0,1657.0,0.0,0.0,0.0,3100.079077897994,0.0,0.0039074936398671946
K2-125 b,2.18,,0.5190562613430127,2.0,3654.47,0.08,321.22,0.5983375087287188,0.43380888068497053,0.02907704226104392,22.525400652961082,0.9769311468893188,0.0038969295616726072
TOI-421 b,2.64,6.7,0.37024283121597096,154.57,5291.0,0.13,922.0,0.24205024067524003,0.004695064462750796,0.07279478548912226,28.535602601529593,0.0,0.0038915527381363155
GJ 15 A b,1.55,,0.8112522686025408,4.2691,3607.0,0.094,550.0,0.5731472472414066,0.24443273597510815,0.02780894374098165,12.654343761089779,1.0937595127631022e-09,0.003866071766483175
TIC 434398831 c,5.63,,0.15081669691470054,166.3776,5638.0,0.013,1050.0,0.24123264557553253,0.004552128770092076,0.08206443340278477,112.73615504656311,0.0,0.003864748743140942
HD 3167 c,2.983,11.41,0.4283121597096189,16.9,5338.0,0.04,567.0,0.4528115239626641,0.06422749995640795,0.07405032857829254,47.62212531435852,0.0,0.0038454692420623634
HD 216520 b,3.18,,0.3176043557168784,9.0089,5103.0,0.09,482.1,0.42294073610676236,0.10243168369690082,0.067772613132442,42.781540526714664,4.532355818053042e-86,0.0038313289635645217
TOI-776 c,2.047,6.9,0.7985480943738658,4.9,3725.0,0.089,420.0,0.5469433082933584,0.21327001115401933,0.030961158305281553,28.690836787748356,2.429458577856207e-15,0.0038040575420671434
HD 10180 f,5.24,,0.16569872958257714,6.1329,5911.0,0.119,427.54,0.3620043441481871,0.12246546693129229,0.08935726879307161,99.86231944275964,2.1158936017852807e-30,0.003791760269415448
Kepler-976 b,3.96,,0.23956442831215974,2.661,5232.0,0.0,324.0,0.0,0.0,0.0,62.315559607132,0.17276922172701098,0.0037854721618232395
K2-180 b,2.46597575,11.4100398113,0.7549909255898367,48.3,5365.0,0.075,797.5,0.37137428220729957,0.02067825272620743,0.07477159801249623,47.42384315015813,0.0,0.003775101213719548
WASP-3 b,15.91678,772.3269,0.16152450090744103,1845.3,6400.0,0.0,2020.0,0.0,0.0,0.0,2728.3033592085685,0.0,0.0037472591766842655
Kepler-57 b,3.135,25.06,0.8105315789473684,124.349,5187.9,0.0162,850.0,0.36454972223165,0.00878049736725156,0.07004060479777241,104.60951408126775,0.0,0.0037410094011863237
K2-21 b,1.84,,0.49001814882032674,10.0,4222.06,0.1,500.0,0.45890775208278395,0.09965740380642954,0.04423946145215205,12.786575391446394,6.280263300149183e-112,0.0037021762737003763
WASP-46 b,13.159366,607.0553,0.2662431941923775,1281.2408,5600.0,0.0,1636.0,0.0,0.0,0.0,2541.3941302911335,0.0,0.003692419773469347
HD 189567 c,2.54,,0.426497277676951,54.3688,5726.0,0.16,634.41,0.2966209781529663,0.014771741674147406,0.08441523748463334,29.2756146907002,0.0,0.003634973624348645
Kepler-673 b,6.54,,0.12413793103448277,253.456,5355.0,0.0,1023.0,0.0,0.0,0.0,145.45423051009973,0.0,0.003632610834439674
HD 25912 b,6.9,,0.11578947368421054,18.7477,5920.58,0.05,579.16,0.30483557044440474,0.041227073517694654,0.08961318587380107,159.3327167918516,0.0,0.003628239677324161
TOI-3568 b,5.3,26.4,0.17785843920145192,130.1481,4969.0,0.035,899.0,0.2444822287914719,0.005777433289529355,0.06419297964417066,110.91510506926022,0.0,0.003610953284592994
K2-237 b,16.06246934,434.153603962,0.10471869328493648,1860.0,6180.0,0.03,1759.0,0.11054282582252314,0.0002483325676729954,0.09654324945236858,1817.815317860176,0.0,0.0036036149855407772
Kepler-441 b,1.64,,0.7531760435571688,0.21,4340.0,0.1,189.0,0.5608133239214789,0.21944442019743784,0.04739007319548645,13.916071494991721,0.8923205751897849,0.0035999624984134984
TOI-406.01,2.08,6.57,0.7441016333938294,3.0,3392.0,0.056,368.0,0.6234098523178147,0.34837360590980493,0.02206550195009716,28.04857952836158,0.018092011481473384,0.003559300744967921
Kepler-549 d,4.2,,0.22141560798548096,27.93,5312.0,0.0,586.0,0.0,0.0,0.0,68.7139180044467,0.0,0.0035250133337469667
TOI-3862 b,5.53,53.7,0.3176043557168784,358.839,5300.0,0.0232,1539.0,0.23097108560821922,0.0021817906462267664,0.07303520863385872,224.9833882940201,0.0,0.0034944679022763984
K2-119 b,2.53,,0.426497277676951,54.9,4740.0,0.07,666.0,0.33483455122890016,0.01662438221087618,0.05807554629480788,28.931199246336508,0.0,0.00348980797278945
Kepler-841 b,5.23,,0.16588021778584394,1.648,5324.0,0.0,416.0,0.0,0.0,0.0,99.4004322096676,0.9953459745713664,0.0034810188645946127
TOI-1064 b,2.587,13.5,0.7805117967332125,62.9,4734.0,0.047,784.0,0.37305636990848795,0.016497692304551295,0.05791526419831805,56.60533524807788,0.0,0.0034673841814592946
Kepler-857 b,6.8,,0.11796733212341198,5.747,5773.0,0.0,390.0,0.0,0.0,0.0,155.37355591404832,4.0633787468970097e-25,0.003380260955295545
OGLE-TR-113 b,12.251,400.449,0.2177858439201452,528.4147,4790.0,0.0,1342.0,0.0,0.0,0.0,1677.3854675995813,0.0,0.0033510828513636155
TOI-5398 c,3.52,11.8,0.2722323049001815,370.603,6000.0,0.14,1242.0,0.1843876405540505,0.0016333209682866466,0.09173478655766912,49.73432865514961,0.0,0.0033129553186974636
TOI-2019 b,5.33275337,34.4,0.2268602540834846,126.052,5626.0,0.0,917.46,0.0,0.0,0.0,144.11245611668735,0.0,0.0032918149821971636
Kepler-258 b,4.06,,0.23049001814882034,27.791,4942.0,0.0,642.0,0.0,0.0,0.0,64.6128402455152,0.0,0.0032765204142289435
TOI-836.01,2.587,9.6,0.5553539019963702,26.707,4552.0,0.078,665.0,0.38923118200934825,0.03694896744362021,0.05305337393812726,40.27612899049864,0.0,0.003266770412711004
Gl 686 b,2.46,,0.4446460980036298,3.5638,3656.0,0.05,379.0,0.5706637013276183,0.28336229679807146,0.02911791419564893,27.72735329499104,5.539655616839465e-05,0.003263320752424272
K2-32 c,3.134,8.1,0.2595281306715064,26.2,5271.0,0.049,634.0,0.3718618817514638,0.03589330035604979,0.07226051183415652,33.463396886097534,0.0,0.0032557176062952132
K2-284 b,2.78,,0.37749546279491836,42.6,4140.0,0.078,653.0,0.33005566821889576,0.020767504360827027,0.04204733664582714,33.97306524407332,0.0,0.0032416067959332804
HD 191939 g,3.74,,0.2577132486388385,0.99,5348.0,0.03,278.0,0.65251749404336,0.6924998199766043,0.07431746540577616,56.47290925935956,0.9909455173126269,0.003218569248925243
K2-138 e,3.39,12.97,0.3266787658802178,91.1,5356.3,0.077,757.0,0.2783504720736566,0.00885393765537806,0.07453918897258699,53.30999111753568,0.0,0.0032155962725126082
Kepler-145 c,4.32,79.4,0.4682395644283122,67.193,6022.0,0.11,709.0,0.2830095064911359,0.012083394427662156,0.09232248757813244,158.1277010125106,0.0,0.003189081524525152
HD 34445 f,6.88,,0.11615245009074411,0.8442,5836.0,0.031,266.14,0.5075887072498049,0.5154648339553785,0.08735374258694951,158.44637188620007,0.9974944822023124,0.0031824313667660094
Kepler-547 b,4.0,,0.23593466424682397,87.713,4828.0,0.0,768.0,0.0,0.0,0.0,63.24997187626637,0.0,0.003177229510077597
TOI-157 b,14.414774,375.0394,0.12450090744101634,1062.0,5404.0,0.0,1588.0,0.0,0.0,0.0,1562.0129834661136,0.0,0.0031563993407652743
HD 21693 b,2.8,,0.3738656987295826,29.2864,5430.0,0.12,656.39,0.3390173669512276,0.029528303621763903,0.07650798739113633,34.37781932948637,0.0,0.0031443980773031223
HD 69830 b,3.17,,0.3194192377495463,97.7824,5385.0,0.1,872.84,0.2646504281699965,0.00785699971856938,0.0753058716674631,42.62137584624826,0.0,0.003122838066723974
TOI-561 e,2.517,12.4,0.7803992740471869,4.89,5342.0,0.074,416.0,0.5694741418026452,0.22239037416424887,0.07415718330928535,52.126085575751375,3.0858120213769015e-15,0.003120123967047779
K2-4 b,2.1,,0.544464609800363,15.6,4014.73,0.08,563.0,0.4346932437365689,0.06542203269802178,0.038700913607946946,21.12108135382583,4.8e-322,0.003118680589672839
NGTS-14 A b,4.976796,29.24036,0.2531760435571688,191.782,5187.0,0.0,1143.0,0.0,0.0,0.0,130.725627717156,0.0,0.0030905084097671504
HD 21693 c,4.34,,0.21234119782214156,9.2712,5430.0,0.07,492.36,0.39434215290995134,0.09464456745515043,0.07650798739113755,72.70965111069978,1.4185540089873658e-92,0.003052421957027033
CoRoT-24 c,5.0,28.0,0.23593466424682397,26.0656,4950.0,0.0,850.0,0.0,0.0,0.0,123.53510132083277,0.0,0.0030388880315316102
HD 164922 e,3.23,,0.3121597096188748,13.3822,5393.43,0.086,543.73,0.3966937411650255,0.06886589966188782,0.07553106801303133,44.06289467367469,8.6227252522756e-226,0.00302623992125777
Kepler-450 b,6.14,19.4,0.13611615245009076,94.325,6197.21,0.02,769.0,0.26209294924488374,0.008337130742223682,0.09700299193246326,131.97856052923788,0.0,0.0029824875496221514
WASP-36 b,14.874343,750.39663,0.22867513611615245,1422.6075,5959.0,0.0,1733.0,0.0,0.0,0.0,3152.2520196897617,0.0,0.0029748354078151986
Kepler-397 c,6.18,,0.13357531760435573,1.8,5307.0,0.0,295.0,0.0,0.0,0.0,132.062723702921,0.9967874985609393,0.002971012634155212
TOI-712 d,2.474,,0.43920145190562615,1.6,4622.0,0.073,313.6,0.6170522282891534,0.5089100333485419,0.05492333173050826,27.858098031081635,0.9810272647450963,0.002965454565603317
HD 35843 c,2.54,11.32,0.6896551724137931,11.3814,5666.0,0.153,479.0,0.4289323930646755,0.08462589975042027,0.08281241651973524,47.33929184028118,1.281335130707253e-153,0.0029250816922551373
Kepler-102 d,1.154,3.0,1.9419237749546279,36.9,4909.0,0.092,686.0,0.3932344524168542,0.026729794372914086,0.06259015867926868,12.50081173327637,0.0,0.00291966194435481
HD 23472 b,2.0,8.32,1.1161524500907443,16.0,4684.0,0.072,543.0,0.4781515572553252,0.07012881807041921,0.05657958006090243,37.40262759990752,0.0,0.00290858606911814
Kepler-248 c,4.07,,0.23049001814882034,22.459,5190.0,0.0,598.0,0.0,0.0,0.0,65.09145193886319,0.0,0.0028849518541366956
Kepler-767 b,6.64,,0.12159709618874774,9.365,5694.0,0.0,366.0,0.0,0.0,0.0,149.11318657460836,5.870577108029742e-95,0.002879121944830772
HD 20003 c,3.89,,0.24500907441016337,18.6659,5494.0,0.1,573.89,0.3403564985174998,0.04477371548428522,0.07821766308702863,60.41149494411789,0.0,0.0028769553551167646
Kepler-495 b,5.23,,0.16588021778584394,310.021,5346.0,0.0,1200.0,0.0,0.0,0.0,99.4004322096676,0.0,0.0028490613840124685
Kepler-297 c,6.54,42.1,0.1500907441016334,6.86,5619.0,0.0,409.0,0.0,0.0,0.0,175.86352139159717,9.287980267022585e-42,0.002839506773162532
Kepler-122 c,5.87,,0.14301270417422868,160.499,6050.0,0.0,897.0,0.0,0.0,0.0,121.16509626313939,0.0,0.0028360343821420943
TOI-1062 c,3.1,,0.3266787658802178,95.0,5328.0,0.14,859.0,0.25236016790218496,0.007683973624626971,0.07378319175080991,40.765671176665066,0.0,0.002821444171767016
Kepler-37 c,0.755,1.3,2.722323049001815,23.9,5357.0,0.099,615.0,0.4005753193074482,0.0400269237961933,0.0745578885505056,4.907599622626874,0.0,0.0028161996610698726
Kepler-257 c,5.41,,0.1588021778584392,88.6,5180.0,0.0,881.0,0.0,0.0,0.0,105.32630743071401,0.0,0.00276355623388519
K2-266 d,2.93,8.9,0.3684210526315789,13.95,4285.0,0.047,538.3,0.43934760565976294,0.07382960618782536,0.04592082064433091,38.81824613401262,8.338075653525238e-249,0.0027152948439621233
HD 73583 c,2.39,9.7,0.7041742286751361,10.2,4511.0,0.08,498.0,0.4833009063017193,0.10491822574496376,0.051958112945446736,40.268220578021854,1.5461585065909935e-117,0.0026614286626718445
K2-182 b,2.71257333,20.976674862,1.0344827586206897,146.9,5128.0,0.071,965.8,0.30325671778912405,0.006229652838973769,0.06844045520114905,86.48809442713356,0.0,0.0026439720823664935
Kepler-103 c,5.4539,58.47,0.35934664246823955,5.97,6047.0,0.103,434.0,0.41838432967742284,0.14635191101337564,0.09299032964684081,244.18765977019467,4.172893720249867e-28,0.002615255596264683
Kepler-11 g,3.33,25.0,0.7259528130671506,5.65,5663.0,0.15,376.0,0.47099540660314815,0.16715404026549288,0.08273227547149126,112.2870577765371,7.180999309265058e-24,0.002614901151487421
HD 103197 b,5.83,,0.14392014519056262,7.52,5250.0,0.0,474.97,0.0,0.0,0.0,119.45817126920204,1.1638398823316974e-53,0.0026108089659193368
TOI-2134 b,2.735,9.37,0.4573502722323049,32.0,4580.0,0.067,660.0,0.37266808563800985,0.03018604102262961,0.05380135705507981,39.19309346990803,0.0,0.0025899636075528924
K2-90 b,2.6,,0.411978221415608,10.2,4484.0,0.07,502.0,0.45494755615739607,0.09881247818570527,0.051236843511242754,30.330733388615087,1.529348863031217e-117,0.0025599064251546314
Kepler-247 c,4.09,,0.22867513611615245,53.899,5100.0,0.0,686.0,0.0,0.0,0.0,65.53563013466118,0.0,0.0025420332062475043
Kepler-1993 b,4.15,,0.2250453720508167,157.45,5159.0,0.0,903.0,0.0,0.0,0.0,67.37565274913801,0.0,0.0025202304278130255
K2-263 b,2.513,15.4,1.0254725952813069,8.17,5368.0,0.08,482.0,0.5273657456736844,0.13748789604138298,0.0748517390607412,68.16950396340651,7.36098958103454e-67,0.0025198221584286115
GJ 160.2 b,3.17,,0.3194192377495463,56.9598,4347.0,0.06,736.99,0.3128356249012467,0.015241903915557076,0.0475770689747258,42.62137584624826,0.0,0.0025073516880388374
TOI-2076 c,3.54,7.2,0.15789473684210528,32.7,5187.0,0.036,581.0,0.3358885915445399,0.02671725941639463,0.07001656248329945,29.34040127198938,0.0,0.002498285427195155
K2-32 d,3.484,6.7,0.15789473684210528,14.8,5271.0,0.05,550.0,0.37440126569903015,0.059509972915461194,0.07226051183415684,27.969886373777037,2.3095948143880177e-285,0.0024830355033236533
Kepler-820 b,6.09,,0.13593466424682396,16.228,6260.0,0.0,554.0,0.0,0.0,0.0,128.60880593356833,0.0,0.002473371217748642
Kepler-1628 b,6.43,,0.12686025408348456,0.79,3724.0,0.0,240.0,0.0,0.0,0.0,141.2690761273174,0.997066940199705,0.0024606371825506594
Kepler-1755 b,5.91688317,,0.1415607985480944,37.43,6086.0,0.0,631.0,0.0,0.0,0.0,122.83173761170411,0.0,0.0024163422713453326
TOI-813 b,6.71,,0.12014519056261344,23.1,5907.0,0.0,610.0,0.0,0.0,0.0,152.041645221723,0.0,0.0024018029017178278
Kepler-1737 b,5.395,,0.15934664246823957,5.09,5043.0,0.0,383.0,0.0,0.0,0.0,104.8107607910433,2.5784480871328012e-17,0.0023986377438284185
Kepler-957 b,5.5,,0.15517241379310345,124.911,4963.0,0.0,769.0,0.0,0.0,0.0,108.14120229124177,0.0,0.002392051737711463
Kepler-17 b,14.68,778.65,0.24500907441016337,1481.766,5781.0,0.011,1570.0,0.13999168106553359,0.0003876070663983028,0.08588449003579506,3246.7507212837904,0.0,0.0023828521732211106
Kepler-827 b,5.63,,0.15081669691470054,23.602,5602.0,0.0,574.0,0.0,0.0,0.0,112.73615504656311,0.0,0.0023104564032717856
KOI-984 b,4.3,,0.21415607985480944,186.31,5295.0,0.12,1022.0,0.2014946554155041,0.0033850670245968687,0.07290164022011686,71.32214310673372,0.0,0.002265050447926661
TOI-1853 b,3.46,73.2,1.767695099818512,435.33,4985.0,0.03,1479.0,0.25038173397356217,0.0019330753575831179,0.0646203985681424,306.70740655077054,0.0,0.0022603448915274084
K2-98 b,5.06645928,34.007639549,0.2540834845735027,339.0,6260.0,0.119,1185.0,0.17936971453009637,0.0017687810964039823,0.09868034407222895,138.41358447112796,0.0,0.002251818267101262
Kepler-18 c,5.49,17.3,0.10707803992740472,126.081,5345.0,0.0,899.0,0.0,0.0,0.0,74.21745459347885,0.0,0.002238263927431728
Kepler-1661 b,3.87,17.0,0.29038112522686027,0.88,5100.0,0.057,243.0,0.593325843563247,0.5985715188363974,0.06769247208419753,70.50012518618155,0.99470705073796,0.0022285674216375065
HATS-2 b,12.57647635,435.42491759,0.21902722323049,950.0563,5227.0,0.0,1550.0,0.0,0.0,0.0,1825.0032492351393,0.0,0.0022206366044177825
TOI-561 d,2.615,13.33,0.7441016333938294,21.2,5342.0,0.111,600.0,0.4034361106438659,0.04682148406134591,0.07415718330928556,55.73601915476437,0.0,0.002213795314725409
HD 74698 b,5.12,,0.17096188747731397,123.0,5783.0,0.1,925.57,0.2131828349755359,0.005262840062631202,0.08593791740128881,96.11646640698535,0.0,0.002191269737527456
K2-123 b,2.76,,0.38112522686025413,2.9,4035.0,0.06,338.0,0.5576208477538755,0.3204252074024383,0.039242399957255425,33.56476040254678,0.03854507157430356,0.002185855946567834
HD 69830 d,4.45,,0.20508166969147004,1.5182,5385.0,0.07,308.1,0.5168150539371682,0.4503006648664334,0.07530587166746402,75.69993156357087,0.9935222027667961,0.00215390050845649
Kepler-690 b,5.95,,0.14010889292196008,225.701,5913.0,0.0,964.0,0.0,0.0,0.0,123.62468783598662,0.0,0.0021218013565138033
Kepler-421 b,4.16,,0.22323049001814882,0.2,5308.0,0.041,185.0,0.4824565287986108,0.18915381461962932,0.07324891809584448,67.31659086806779,0.9071010831974198,0.002116578715503901
TOI-6651 b,5.09,61.0,0.4573502722323049,817.0,5940.0,0.091,1493.0,0.17281356834915368,0.0007662289607432652,0.09013196559277219,252.63347637363705,0.0,0.0020822887806939755
HD 20781 d,3.25,,0.308529945553539,18.0638,5256.0,0.11,570.19,0.35759010518087647,0.04800676359841173,0.07185980659293227,44.36454326184406,0.0,0.0020443043500232624
TOI-5789 e,3.43,,0.2867513611615245,5.5729,5185.0,0.071,424.0,0.4663449311672691,0.16658007525891885,0.0699631351178029,48.47038368284052,6.593794416083404e-23,0.0020158211963934337
Kepler-636 b,4.45,,0.20508166969147004,67.509,5203.0,0.0,614.0,0.0,0.0,0.0,75.69993156357087,0.0,0.0019851252733037446
HD 51608 b,3.62,,0.26860254083484575,50.8256,5358.0,0.09,759.92,0.29222323786778015,0.015775510971572017,0.07458460223325934,53.37334694188891,0.0,0.0019002072665615282
Kepler-1995 b,4.28,,0.21415607985480944,4.66,5029.0,0.0,375.0,0.0,0.0,0.0,70.33157203901236,5.07347452267174e-13,0.0018954651811126512
HD 48948 d,3.24,,0.3103448275862069,2.46,4593.0,0.055,349.0,0.5563242773675672,0.35806441505648134,0.05414863493080806,44.214849538200184,0.4238771558308905,0.0018906588144179273
HD 51608 c,3.87,,0.24682395644283125,3.9287,5358.0,0.14,400.69,0.42293960286403015,0.19773622445531794,0.07458460223325963,59.92510640825432,3.421482656763909e-07,0.00188035549893767
Kepler-747 b,5.27,,0.16424682395644286,10.19,5096.0,0.0,456.0,0.0,0.0,0.0,100.69720941906368,2.984604122777769e-117,0.0018257929261352353
KIC 5437945 b,6.4,,0.1277676950998185,2.9,6340.0,0.0,308.0,0.0,0.0,0.0,140.29738992527055,0.039048177612572295,0.0017930672670377391
Kepler-603 c,6.5,,0.12522686025408347,8.8,5808.0,0.0,401.0,0.0,0.0,0.0,144.05428165022306,4.695190449463778e-81,0.0016563323869179735
K2-136 c,3.0,18.1,0.6696914700544465,11.91,4500.0,0.047,470.0,0.49097190890711434,0.09488553005362499,0.05166426243521582,75.74032088981272,2.4789300345637117e-171,0.0016416232658516888
Kepler-257 d,4.95,,0.17840290381125226,15.2,5180.0,0.0,567.0,0.0,0.0,0.0,90.63712578984781,2.0504461003271545e-303,0.0016101885826564702
Kepler-1729 b,3.89404186,,0.24319419237749548,29.68,3837.0,0.0,595.0,0.0,0.0,0.0,60.151111400011175,0.0,0.0015756657503266252
HD 3167 e,3.97,14.9,0.23774954627949185,3.8357,5338.0,0.128,389.0,0.4268741206497418,0.20338187312793932,0.07405032857829363,62.31316729097819,1.388410865125291e-06,0.0015257718980841415
HD 77338 b,4.12,15.9,0.2268602540834846,152.7909,5341.0,0.09,1035.54,0.2240806311598475,0.004498053980663387,0.07413046962653856,66.45668463311243,0.0,0.0012902323573965953
HD 69830 c,3.46,,0.28493647912885667,17.417,5385.0,0.13,567.04,0.3429499574291003,0.04764073013400286,0.07530587166746341,49.43846286290655,0.0,0.0012826439165581388
Kepler-943 b,5.93,,0.14101633393829402,10.16,5612.0,0.0,455.0,0.0,0.0,0.0,123.17486907991719,2.125364294877912e-116,0.0012621688807287592
Kepler-1750 b,6.00434637,,0.1386569872958258,1.85,5644.0,0.0,298.0,0.0,0.0,0.0,125.7267185724969,0.996568653750778,0.0011180036710091627
Kepler-511 b,6.35,,0.12885662431941924,4.208,5770.0,0.0,332.0,0.0,0.0,0.0,138.2027023297682,3.3844101005282515e-09,0.0011170145916309842
Kepler-1624 b,6.59,,0.12304900181488204,6.01,3768.0,0.0,540.0,0.0,0.0,0.0,147.51050441807908,1.1609305682977392e-28,0.0009719601825951816
Kepler-700 b,5.99,,0.13920145190562613,12.071,5692.0,0.0,452.0,0.0,0.0,0.0,125.31782293725747,6.384994281286648e-177,0.0009472845145437925
HD 20781 e,3.83,,0.2486388384754991,4.3043,5256.0,0.06,398.38,0.4811827793582978,0.21032467821380396,0.07185980659293262,58.5132067140221,5.917114211158073e-10,0.0009384631282301378
Kepler-1625 b,6.06,,0.13720508166969148,3.3,5677.0,0.0,350.0,0.0,0.0,0.0,127.90180647141412,0.0011553520323872193,0.0009383617305224918
Kepler-891 b,6.41,,0.12722323049001816,44.326,5887.0,0.0,486.0,0.0,0.0,0.0,140.3553970073897,0.0,0.0008810391281621224
TOI-1472 b,4.058,18.05,0.27041742286751363,110.0201,5100.0,0.041,891.0,0.27751336877741123,0.007526233607280688,0.06769247208419758,75.6936428947344,0.0,0.0008805221277467897
Kepler-229 c,4.92,,0.18003629764065338,21.637,5120.0,0.0,600.0,0.0,0.0,0.0,89.8139901016526,0.0,0.0008102312757615539
Kepler-712 c,4.85,,0.18330308529945555,0.662,5148.0,0.0,236.0,0.0,0.0,0.0,87.59586387928174,0.9945688506221481,0.0008062791158305608
TOI-1386 b,6.2163865,45.8,0.18874773139745918,34.68,5735.0,0.0,615.03,0.0,0.0,0.0,189.9259798344275,0.0,0.000786837580344272
HD 64114 b,4.41,,0.20689655172413793,12.0441,5676.0,0.12,518.51,0.3423978215221265,0.06598514769538895,0.08307955334722004,74.32888707875678,5.5429208584751974e-176,0.0007630637512394655
HD 164922 c,3.66,,0.26497277676951,6.29,5390.0,0.12,400.5,0.41033974619686886,0.13361424269006125,0.0754394400812051,54.41681542070515,1.05848201660672e-32,0.000746065890496052
KOI-94 e,6.56,35.0,0.1088929219600726,29.7,6182.0,0.019,584.0,0.31415132231606535,0.028270096453476386,0.0965966768178618,128.76557720667037,0.0,0.0003300573371585719
K2-19 c,4.1,11.0,0.1591651542649728,51.0,5322.0,0.1,679.0,0.2577124077437491,0.013906490435483336,0.07362290965432085,45.95028125417071,0.0,0.000265685573973287
