pl_name,VAE_anomaly,ESI_equal,CDHS,SEPHI_simple,pl_rade,pl_dens,pl_insol,st_teff,pl_orbeccen
NSVS 14256825 b,1.9999999999999754,0.2521221436336437,0.9999999999997045,7.283687206417824e-103,12.3,2.4137931034482762,9.6678,40000.0,0.12
NY Vir b,1.3756870782394623,0.3017953709549008,0.8071272105568843,0.8809662160288813,13.3,0.3103448275862069,2.178,32780.0,0.15
V0391 Peg b,1.1464458696932998,0.0,0.0,3.264425644582205e-95,13.1,0.45190562613430135,9.375,29300.0,0.0
2MASS J19383260+4603591 b,1.0989659338902928,0.15917844346076532,0.7212160068383864,0.0,13.4,0.25045372050816694,33.2985,29564.0,0.33
mu2 Sco b,0.6433314732868898,0.2103513501565936,0.5111396057059059,0.7902396382201681,12.3,2.4500907441016335,0.1074,21700.0,0.56
DP Leo b,0.28563726477330764,0.06764155145404319,0.0,0.612797929080066,12.7,0.9709618874773139,0.0001,13500.0,0.39
GJ 680 b,0.1522284568632356,0.07324309827665249,0.026633541700058577,0.6131409958198552,12.0,4.609800362976406,0.0003,3563.0,0.381
GJ 15 A c,0.1497487428207271,0.0957831766141531,0.02780894374097594,0.6123493438278975,6.67,0.12105263157894738,0.0008,3607.0,0.27
KIC 3526061 b,0.14651826537023888,0.28654490571363034,0.06045306405940823,1.0,12.1,3.248638838475499,0.6208,4829.0,0.85
G 192-15 c,0.14387335505414406,0.1113489436289793,0.011567024630013705,0.6101703195201262,3.87,0.24682395644283125,0.0016,2999.0,0.676
AB Aur b,0.13688269793644933,0.15702751788234187,0.19244537051873287,0.624115669501706,12.5,1.4609800362976408,0.0067,9770.0,0.4
GJ 179 b,0.13599086998205323,0.1109783300226665,0.021477800929630423,0.6174270469968537,13.8,0.11451905626134302,0.0028,3370.0,0.21
iot Dra b,0.13151167049546358,0.19953224523568058,0.051771117166209926,0.0,12.4,1.960072595281307,24.9999,4504.0,0.701
GJ 849 c,0.12999764025280658,0.1058312470093997,0.024069028156214863,0.6143403100931184,13.8,0.11941923774954628,0.001,3467.0,0.092
GJ 163 d,0.12919754991344679,0.17567088295116198,0.024950579686909412,0.6418690615016258,5.92,0.1413793103448276,0.0184,3500.0,0.373
HD 26161 b,0.12914843125589417,0.15173822760938954,0.09327402895762554,0.6542132175104138,11.9,5.353901996370237,0.0243,6057.62,0.922
HD 62364 c,0.12867967522936974,0.09780920462935806,0.09854677565848194,0.6160568689412488,12.0,4.573502722323049,0.002,6255.0,0.773
GJ 433 c,0.12781942343451436,0.11600765002901965,0.02390874605972525,0.6122673952547739,6.27,0.13121597096188747,0.0009,3461.0,0.12
HD 1690 b,0.12527501883862788,0.2241968717164752,0.048298338408929595,0.0,12.5,1.4264972776769511,17.8958,4374.0,0.64
HD 87816 b,0.12258252623739985,0.227378723650803,0.06472725329913194,0.0,12.7,1.043557168784029,17.2656,4989.0,0.78
HIP 948 b,0.12037589794409573,0.10431209532365494,0.051584121386970626,0.613998643574185,12.1,3.68421052631579,0.0008,4497.0,0.23
HIP 66074 b,0.11938274087770316,0.2682607959516317,0.046321525885551634,0.9511472037828663,12.9,0.7386569872958259,0.2381,4300.0,0.948
GJ 832 b,0.11907820155735217,0.13267390971144152,0.024202596569956443,0.6158839701052756,13.8,0.11941923774954628,0.0019,3472.0,0.05
HD 153557 d,0.11825041717096978,0.10168354832417799,0.06066677352139384,0.6136555878846754,11.9,5.172413793103448,0.0006,4837.0,0.152
PZ Tel b,0.1175146379834092,0.09652300531340995,0.06953571619382967,0.6150277809004491,11.9,5.081669691470054,0.0014,5169.0,0.52
HD 105618 c,0.11526339716746477,0.12353279495136645,0.08294598493347569,0.6146847403044321,11.9,4.990925589836661,0.0012,5671.0,0.126
HD 14067 b,0.11440447402286473,0.2853002383291499,0.06007907250093175,0.02125817482376323,12.2,2.6678765880217785,2.9812,4815.0,0.65
HIP 39017 b,0.1126272922910659,0.14706148376507225,0.12381791953837315,0.6323394023177229,12.0,4.337568058076225,0.0115,7201.0,0.55
GJ 2126 b,0.11256005650381955,0.22283564574364598,0.04255489661803657,0.9823615834656864,13.6,0.16388384754990926,0.2833,4159.0,0.85
HAT-P-13 c,0.11221246086463733,0.3237050162584613,0.08246513864400576,1.0,12.3,2.431941923774955,1.4016,5653.0,0.6616
GJ 676 A b,0.11187803293996616,0.2280943164145827,0.03120158145001505,0.6640857209645051,12.8,0.8747731397459166,0.0301,3734.0,0.319
GJ 849 b,0.11156072681155582,0.16807070051447387,0.024069028156214874,0.620855522476103,13.9,0.10544464609800362,0.0048,3467.0,0.029
HD 135344 A b,0.11139683323607114,0.22306751387930396,0.18630122348661787,0.7159936362356685,16.25302201,0.7386569872958259,0.061,9540.0,0.5
GJ 676 A c,0.11083174546764037,0.10887235339218612,0.031201581450016672,0.6143416944548707,12.3,2.304900181488203,0.001,3734.0,0.295
HIP 97233 b,0.11070436021326041,0.2840822436495093,0.06555537746433446,0.26304994497134554,12.1,3.4301270417422867,2.5778,5020.0,0.63
HIP 54515 b,0.11069724440808619,0.17385761119686216,0.14783352032908958,0.6419212540873479,12.2,3.0852994555353903,0.0171,8100.0,0.42
BD+37 3172 b,0.11024415526673412,0.19946821664363057,0.051664262435216386,0.0,12.4,1.7622504537205084,31.9959,4500.0,0.59
HD 457 b,0.10857693688231443,0.138183600658078,0.09478121493828341,0.6277145462740797,11.9,4.990925589836661,0.0088,6114.04,0.565
HD 164604 b,0.10789079451495456,0.2674905476164506,0.05601859272318821,0.8385641793333141,12.3,2.250453720508167,0.1402,4663.0,0.479
HD 156279 b,0.10748772704884449,0.31258559065862995,0.07712240209434354,0.06128372309062609,12.5,1.52994555353902,2.8355,5453.0,0.647
HD 76920 b,0.1069200969454466,0.186318635581892,0.056045306405931306,0.0,13.1,0.44101633393829404,24.7841,4664.0,0.8782
iot Dra c,0.10567710173945682,0.26231315316256587,0.051771117166209406,0.8385641793333141,12.2,2.722323049001815,0.1402,4504.0,0.455
HIP 67537 b,0.10429449411962877,0.31986538077657994,0.06462039856814177,1.0,12.3,2.304900181488203,1.7903,4985.0,0.586
DE CVn b,0.10372953752793553,0.0,0.0,0.613998643574185,12.4,1.9963702359346642,0.0008,3579.0,0.0
HD 238914 b,0.10347144929402492,0.34000281262326437,0.05885024309450483,0.8797090950220847,12.8,0.9074410163339384,2.179,4769.0,0.56
BD+63 1405 b,0.10325422431095782,0.22909772578561374,0.06502110380936345,0.7648184144986188,12.4,1.7295825771324864,0.0911,5000.0,0.88
HD 128717 b,0.10297535256463883,0.21009245591432354,0.09734465993480913,0.7618035537577782,12.1,3.5390199637023594,0.0892,6210.0,0.85
HD 125390 b,0.10274511754745957,0.2997710372879403,0.06186888924507058,1.0,11.9,5.1179673321234125,1.0874,4882.0,0.597
HD 95735 c,0.10236070351791413,0.16909325274861864,0.030800876208786947,0.6110431571617663,3.76,0.2558983666061706,0.0023,3719.0,0.132
GJ 896 A b,0.10208237643469395,0.20467019016058421,0.020809958860925154,0.6857503482640985,13.3,0.30490018148820325,0.0429,3345.0,0.35
TOI-6716 b,0.10198369689144608,0.392974457819979,0.014532243415077027,8.668591088988145e-11,0.982,0.9600725952813067,4.4,3110.0,0.88
TOI-2338 b,0.10056395830817076,0.2454578091941301,0.08054175348612576,1.3270437057263569e-244,11.2089807,1.3466424682395646,13.8485,5581.0,0.676
HD 22781 b,0.10010616424951828,0.26581648731339197,0.06574237324356946,0.9573392664079461,12.3,2.323049001814882,0.2456,5027.0,0.8191
TOI-756 c,0.09940036493127248,0.2964002433853856,0.029144627878395567,0.9527526098025283,13.0,0.5843920145190563,0.24,3657.0,0.445
TIC 52059926 b,0.09880193511660346,0.264269836327351,0.051797830848960856,2.0603335000667943e-11,10.71,4.373865698729583,4.4802,4505.0,0.51
HIP 99770 b,0.09863682191644031,0.23303209604982236,0.14516215205426058,0.706861168084326,12.2,2.9764065335753176,0.0555,8000.0,0.31
HD 97037 b,0.09842327181458593,0.2081527132237536,0.08837153389965541,0.6735871047614213,12.1,3.7749546279491835,0.0357,5874.1,0.357
HD 175167 b,0.0980993261914446,0.32353729334058495,0.08198429235453601,1.0,12.3,2.5226860254083485,0.496,5635.0,0.51
HD 80606 b,0.09766086493029058,0.28416338332893376,0.08011433456215,2.4618349066722424e-13,11.56766808,0.9219600725952813,4.6941,5565.0,0.93183
HD 80913 b,0.09638969435597747,0.20492401318904846,0.09208847571725466,0.66833145392221,12.0,4.337568058076225,0.0326,6013.24,0.313
BD+48 740 b,0.09627453697495579,0.18774615882462026,0.05257252764864958,4.81504475626877e-299,13.5,0.21960072595281308,15.1044,4534.0,0.76
HD 164604 c,0.09592374172586397,0.1936741705109634,0.05601859272318544,0.6270291551427865,12.5,1.5408348457350274,0.0084,4663.0,0.196
HD 219828 c,0.09554969688518608,0.2173226854411659,0.08882299513810009,0.750611283315088,12.2,2.7949183303085303,0.0822,5891.0,0.811
HD 111232 c,0.0950715026516025,0.11367491566739557,0.07869850937649371,0.6165713926002981,12.2,3.1578947368421053,0.0023,5512.0,0.558
TOI-969 c,0.09475263391606516,0.1801149132233065,0.049927873056574625,0.6482424119951108,12.4,1.8874773139745917,0.0208,4435.0,0.628
Kepler-94 c,0.09454210412868333,0.2779931224808312,0.05917080728748575,0.7717605079107341,12.5,1.5952813067150635,0.0955,4781.0,0.345931
HIP 5158 c,0.09415006099745835,0.1714250625884584,0.06002564513543238,0.6205155340008442,12.2,2.6315789473684212,0.0046,4813.0,0.14
HD 28254 b,0.0936765006971467,0.2840337712532476,0.08275898915422655,0.9999999999982241,13.0,0.5480943738656987,0.3645,5664.0,0.95
HD 72659 c,0.09367507446661648,0.17725988970008935,0.08983811508253521,0.6213728093881178,12.1,3.466424682395645,0.0051,5929.0,0.114
HD 98649 b,0.0934506623642695,0.18787165506809364,0.08529678901532019,0.6591531591672936,12.5,1.573502722323049,0.0272,5759.0,0.852
HIP 70849 b,0.0933241363885838,0.1397153150657396,0.041112357749632206,0.6222300246857965,12.9,0.6642468239564429,0.0056,4105.0,0.65
TOI-201 c,0.09302318649399371,0.2369264107402615,0.10303467436019872,0.8336117104809118,10.4,4.355716878402904,0.1367,6423.0,0.651
HD 16905 b,0.09300117486162537,0.1286260381515627,0.06144467596302034,0.6193152541897714,12.4,1.8874773139745917,0.0039,4866.12,0.68
HD 141937 b,0.09221855272404911,0.33807554093941744,0.08826200780038414,1.0,12.4,1.8874773139745917,0.4436,5870.0,0.46
K2-157 d,0.09202062095769523,0.27465839871876396,0.07394347384728334,2.77126943664161e-35,5.16,0.16914700544464611,6.46,5334.0,0.5
HD 109988 b,0.09201896716175159,0.1756764215693473,0.06998904739006727,0.6179433823757576,12.1,3.901996370235935,0.0031,5185.97,0.056
GJ 2056 b,0.09196756836920951,0.33379571924328805,0.04017604316930239,0.9926274337117669,4.17,0.22323049001814882,1.5537,4069.95,0.72
HD 156846 b,0.0918462829786065,0.2768171175230362,0.09413901800501064,1.8121167750902497e-07,12.4,1.7731397459165155,3.97,6090.0,0.85
HD 204313 e,0.09155594850345802,0.21428467090662384,0.08551049847730999,0.651314246320624,12.2,2.6678765880217785,0.0226,5767.0,0.253
HD 25912 c,0.09148977908947856,0.19150388901312415,0.08961318587379298,0.6184578488983994,12.2,2.885662431941924,0.0034,5920.58,0.051
Wolf 1061 d,0.09138987658148909,0.27232560388997923,0.020729817812680715,0.7025319525114151,2.69,0.3938294010889292,0.06,3342.0,0.55
HD 108341 b,0.09062619122644067,0.21448980355864902,0.06828017310464643,0.7890116115972384,13.3,0.30308529945553536,0.1066,5122.0,0.85
HD 219077 b,0.09054165307127388,0.23155083627135384,0.07469145696424663,0.7397810610545065,12.5,1.5607985480943738,0.0755,5362.0,0.768
HD 80869 b,0.08998347846299717,0.25622604834472884,0.08738045626968341,0.8410905124570556,12.8,0.7658802177858439,0.142,5837.0,0.924
HD 93351 c,0.08964816891157397,0.18922477445291006,0.07592028637066903,0.6213728093881178,12.3,2.2323049001814885,0.0051,5408.0,0.109
Kepler-1704 b,0.08961464712066271,0.2987173390415085,0.08494951113958875,0.9997440327649296,11.94877343,0.7386569872958259,0.342,5746.0,0.92
HD 165131 b,0.08955412288741776,0.2266479817101552,0.08826200780038716,0.7736439222654136,12.1,3.3393829401088926,0.0967,5870.0,0.6708
HD 120084 b,0.08955266575321598,0.3371189313931579,0.06178874819681815,0.00900686657291631,12.7,0.9909255898366607,3.0851,4879.0,0.483
GJ 687 c,0.0890136270529767,0.1923185132257276,0.02262648928780861,0.6347270776029003,4.14,0.2250453720508167,0.0157,3413.0,0.4
Kepler-448 c,0.08853561075540185,0.2562184602949216,0.10869797510283792,0.9526687331557481,12.0,4.029038112522686,0.2399,6635.0,0.65
TIC 241249530 b,0.0884098005221455,0.2536061059784586,0.09616925789387422,8.118959258384644e-32,13.29385111,0.6715063520871144,6.2305,6166.0,0.9412
HD 62364 b,0.08816795309547999,0.21726213156008775,0.09854677565848202,0.7340809282309358,12.1,3.3575317604355717,0.072,6255.0,0.607
HD 86264 b,0.08767768087619296,0.3187631638161047,0.09734465993480432,1.0,12.5,1.5916515426497277,0.5987,6210.0,0.821
HD 181234 b,0.08748411619130793,0.170644056189693,0.07533258535020478,0.6373034010636969,12.5,1.5226860254083485,0.0144,5386.0,0.726
HD 20782 b,0.08731599055058159,0.26108087886528647,0.08591467649727558,0.9999999096228023,13.6,0.1869328493647913,0.6863,5782.13,0.95
HD 110537 b,0.08716436230484195,0.13048807981960348,0.08420152802264674,0.6206869937169325,11.9,5.099818511796734,0.0047,5718.0,0.401
TOI-4504 b,0.0871267682717112,0.11066453768849636,0.07343591387509044,0.0,2.65,7.985480943738657,548.0544,5315.0,0.84
HD 20868 b,0.08706762145744706,0.23451523313587574,0.05973179462518932,0.9980301957991938,13.7,0.1540834845735027,0.3278,4802.0,0.75
HD 87883 b,0.08622011831459264,0.19493680718705766,0.06448683015439398,0.6533608101225498,12.7,0.9764065335753176,0.0238,4980.0,0.72
HD 137496 c,0.08607194186431404,0.3704563021096058,0.08636533632525274,1.0,12.6,1.2141560798548094,1.5713,5799.0,0.477
HR 8799 c,0.08600310538316612,0.13638264880244444,0.12391355452259974,0.6184578488983994,13.0,1.3611615245009074,0.0034,7204.58,0.5
GJ 229 b,0.085976607933125,0.2125296803201298,0.026660255382801458,0.6478736881371895,3.97,0.23774954627949185,0.0237,3564.0,0.404
HR 8799 d,0.08583359079574047,0.15795728637652973,0.12391355452260053,0.6272005079982987,13.0,1.3611615245009074,0.0085,7204.58,0.6
HD 192310 c,0.08565915320384597,0.32603357894192,0.06945557514556834,0.9741286637695022,5.25,0.16533575317604357,0.2765,5166.0,0.32
HD 110014 b,0.08558651911149015,0.19506965293229084,0.050195009884060185,0.0,12.4,1.851179673321234,43.9799,4445.0,0.462
HD 8673 b,0.08530391781232463,0.2936018249336699,0.10212774483088945,1.0,12.3,2.250453720508167,0.3841,6389.05,0.73
HIP 21152 b,0.08520439528222899,0.16916432652960156,0.10923224875780256,0.6383299284950751,12.0,4.41016333938294,0.015,6655.0,0.36
CoRoT-10 b,0.08466747780495695,0.24618102820237586,0.0670246300154832,0.0,10.87,0.6715063520871144,16.1089,5075.0,0.53
Pr0211 c,0.0842101079926969,0.17692715044185836,0.07303520863385002,0.6386720628604128,12.6,1.234119782214156,0.0152,5300.0,0.71
K2-312 c,0.08347234626070227,0.3150186660035528,0.09063952556497656,0.9999999999999911,12.8,0.8003629764065336,0.4596,5959.0,0.8435
HD 4113 b,0.08346591334643136,0.2736195265604066,0.08340011754017988,0.9999999751625002,13.5,0.21960072595281308,0.744,5688.0,0.899
HD 96992 b,0.08330764357655027,0.1878283705076211,0.057674841053571894,0.0,13.7,0.14047186932849365,19.1936,4725.0,0.41
TOI-2134 c,0.08295190677972247,0.34070090213588045,0.05380135705506844,0.999362092162806,7.35,0.14700544464609802,1.4,4580.0,0.3125
HD 39091 b,0.08288907473332728,0.2533083546361649,0.09168135919216724,0.8300423461791432,12.3,2.395644283121597,0.1342,5998.0,0.642
BD-210397 c,0.08270024366554007,0.1417352005157103,0.039669818881224284,0.6193152541897413,12.9,0.7096188747731398,0.0039,4051.0,0.43
HAT-P-11 c,0.08254879186236352,0.16079232162970267,0.055751455895696425,0.6402114028753418,13.2,0.37023593466424687,0.0161,4653.0,0.652
HD 222582 b,0.08249808198341373,0.34302316932126287,0.08612491318051821,1.0,12.6,1.3266787658802177,0.7253,5790.0,0.73
HD 203387 b,0.08242655991646355,0.20079246747850188,0.06967783298604249,0.0,13.1,0.49001814882032674,23.0974,5174.32,0.732
HIP 55507 b,0.0821774750067288,0.16030182027026244,0.042875460811022024,0.6222300246858807,12.6,1.2885662431941924,0.0056,4171.0,0.362
HD 113337 c,0.08181515562198459,0.2867991508598565,0.11241117700484957,0.7671913425136317,12.1,3.5390199637023594,0.0926,6774.0,0.164
GJ 463 b,0.08175991656505534,0.14711594547145787,0.02663354170005427,0.6167428972788584,13.1,0.4791288566243195,0.0024,3563.0,0.146
HD 206893 b,0.0815135485022335,0.2705547239802994,0.1050916279318111,0.6548950010089781,14.01122587,2.250453720508167,0.0247,6500.0,0.069
HD 68988 c,0.08141849991021896,0.1622786993744687,0.08862023828603877,0.6290851612197172,12.2,2.6315789473684212,0.0096,5883.41,0.45
HD 7449 b,0.08139721375802789,0.2859079091525301,0.09237591494361881,0.9271638278117531,12.6,1.295825771324864,0.2125,6024.0,0.752
HD 221420 b,0.0809562541809143,0.24811307690379056,0.08764759309717728,0.6790008904571003,12.0,4.192377495462796,0.0389,5847.0,0.14
HD 188641 b,0.0802461928429891,0.2799438019293319,0.08899182561307342,0.6613652631487666,11.9,5.517241379310345,0.0285,5897.32,0.034
HD 118203 c,0.080185782143753,0.30045135087321817,0.08484265640860142,0.7975622746790085,12.4,1.960072595281307,0.1122,5742.0,0.26
HD 166724 b,0.08004951465836566,0.15446998617984994,0.06841374151839007,0.6306268211672172,13.0,0.5480943738656987,0.0105,5127.0,0.734
HIP 8541 b,0.08001516309504715,0.3854234552648144,0.05625901586792112,1.0,12.6,1.221415607985481,1.4683,4672.0,0.36
WASP-132 d,0.07936422604641583,0.28701777629818925,0.056633007426393836,0.6746031007079214,12.8,0.7803992740471869,0.0363,4686.0,0.12
Kepler-407 c,0.07894553472285998,0.29013364275889403,0.07773681679755454,0.7557439580466838,12.3,2.1415607985480944,0.0854,5476.0,0.221479
BD-11 4672 c,0.0788554277013206,0.3778331621120692,0.05299994657262168,0.9921236669471142,4.04,0.23230490018148822,1.7444,4550.0,0.4
HD 217786 b,0.07871782354632632,0.3364452151385009,0.0908265213442221,0.995359560265405,12.3,2.3593466424682394,0.3159,5966.0,0.311
TOI-2589 b,0.0786859228364821,0.2289760639537097,0.08048832612062456,0.0,12.10569916,0.6261343012704175,21.7464,5579.0,0.522
Kepler-553 c,0.07857197678131918,0.387012759640232,0.07012341721428797,1.0,11.57887706,1.3666061705989112,0.589,5191.0,0.346
BD-17 63 b,0.07844695169963758,0.2695833382433664,0.05738099054334661,0.8046543762760334,12.8,0.7803992740471869,0.1169,4714.0,0.5439
HR 5183 b,0.0783699043111942,0.13995028342280777,0.08623176791150154,0.6258295933640902,13.1,0.4664246823956443,0.0077,5794.0,0.84
HD 168443 b,0.07813173914978322,0.2221696762020099,0.07813752203877866,0.0,12.6,1.208711433756806,28.2942,5491.0,0.53
HD 38529 c,0.07807740898413158,0.3784303923635877,0.08364054068492804,1.0,12.5,1.6842105263157894,0.656,5697.0,0.357
HD 73256 c,0.07805527209849682,0.2702173641871721,0.08024790297589597,0.6995172393036119,12.2,2.7949183303085303,0.0511,5570.0,0.16
Kepler-75 b,0.07794430493654994,0.16001476472597154,0.0703638403590273,0.0,11.77,1.9963702359346642,106.484,5200.0,0.57
HD 149806 b,0.07768513160895257,0.14341461707206068,0.07442565582090135,0.6189722980780643,12.3,2.1415607985480944,0.0037,5352.05,0.357
HD 222237 b,0.07727063830055803,0.12035356358105533,0.058369396805031934,0.615885357945522,12.8,0.7840290381125228,0.0019,4751.0,0.56
TOI-1736 c,0.07722617614213072,0.39723535034432667,0.082011006037281,1.0,12.5,1.4301270417422869,0.9,5636.0,0.3685
GJ 2030 c,0.07690290466467868,0.27368878319745266,0.07797723994228838,0.6376455973666584,12.3,2.177858439201452,0.0146,5485.0,0.041
HD 136118 b,0.07680953875079516,0.36867429281697683,0.09432601378424928,1.0,12.3,2.2323049001814885,0.684,6097.0,0.344
HD 68475 b,0.07673897165335819,0.15295867892322085,0.0656088048298207,0.6242870751974677,12.8,0.7803992740471869,0.0068,5022.0,0.62
HD 106515 A b,0.07667153705189843,0.19074422962805393,0.07469145696425074,0.6710453490613887,12.1,3.3756805807622507,0.0342,5362.0,0.571
HD 153557 c,0.07664106003062553,0.23007261551803398,0.06066677352138286,0.0,4.36,0.21052631578947367,22.2262,4837.0,0.511
HD 108202 b,0.07655749152456079,0.1627636751892795,0.05316103007959472,0.6340515618304399,13.1,0.4228675136116153,0.0125,4556.03,0.52
HIP 67851 c,0.0762328199526696,0.4075164957716326,0.06074691456963428,1.0,12.7,1.0725952813067152,0.7091,4840.0,0.3
HD 156668 c,0.07614186105742213,0.331398325143694,0.062448309023862024,0.8020535385996563,6.17,0.1337568058076225,0.1169,4903.69,0.089
HD 11506 d,0.07599038151185983,0.16734375715479938,0.0950205695357018,0.6239442609519352,12.3,2.177858439201452,0.0066,6123.0,0.29
HD 145675 c,0.07595962211559121,0.12290780266177279,0.07405032857828427,0.6157138454415748,12.6,1.252268602540835,0.0018,5338.0,0.52
HD 196067 b,0.07583885550806693,0.2759158917954639,0.09365817171553967,0.8650148193504156,12.4,1.8874773139745917,0.1596,6072.0,0.56292
Kepler-432 b,0.07569038395765737,0.17253855103697074,0.0648875353956212,0.0,12.834305,0.809437386569873,97.846,4995.0,0.5134
HR 8799 e,0.07567599622522722,0.24117722767207678,0.12913394240527354,0.6470471968007122,13.11453,1.4047186932849365,0.0201,7400.0,0.15
Kepler-725 c,0.07561499932029599,0.42854331300355397,0.07557300849493256,0.9869204233620122,3.08,0.33030852994555354,1.4,5395.0,0.436
HD 83443 c,0.07557295947670488,0.13454971326550827,0.07682855158409649,0.6337091123074556,13.6,0.18874773139745918,0.0123,5442.0,0.76
HD 2039 b,0.07523427609166145,0.31666579401331674,0.09026553400650157,0.9970666706423128,12.7,0.9727767695099819,0.3229,5945.0,0.71
HD 134606 d,0.07490236524274796,0.3610906508017379,0.08040818507236527,0.9910684600744907,7.59,0.10217785843920145,0.3082,5576.0,0.092
HD 202206 c,0.07486593510341207,0.31814922384268707,0.08548378479456398,0.8987069778195043,12.2,3.1215970961887476,0.1866,5766.0,0.22
RR Cae b,0.07480108324088477,0.0,0.0,0.6131409958195969,13.0,0.6061705989110707,0.0003,3904.0,0.0
61 Vir d,0.07450720274620652,0.3274628550289326,0.08043489875511842,6.977052453430835e-05,5.11,0.17114337568058077,3.5464,5577.0,0.35
GJ 328 b,0.07450228805547482,0.15002878805558575,0.03555591173798448,0.6210299059799815,13.3,0.3375680580762251,0.0049,3897.0,0.227
Kepler-1656 b,0.07383718655313956,0.22675958042531472,0.08022118929313848,0.0,4.574,0.38656987295825773,24.6,5569.0,0.838
TOI-3362 b,0.07383438340109086,0.18991229694089923,0.10594646577975293,0.0,12.80065596,0.7604355716878404,37.2117,6532.0,0.815
KOI-1257 b,0.07381071389152713,0.2489419698017846,0.0789122188384713,3.7175674458372405e-49,10.54,0.38112522686025413,7.28,5520.0,0.772
HD 23596 b,0.07380576960193129,0.36197234721634686,0.09280333386759505,1.0,12.4,1.9782214156079856,0.3957,6040.0,0.282
HD 75784 c,0.07341035363743259,0.26072918439731857,0.0614681840038363,0.7483574356477621,12.8,0.852994555353902,0.0808,4867.0,0.489
HD 111232 b,0.07326312102260685,0.3435442797997368,0.07869850937649031,0.8515980464001721,12.6,1.2613430127041743,0.1496,5512.0,0.214
HD 30177 b,0.07315676441426706,0.3275438436850898,0.08318640807820424,0.7780215935369749,12.6,1.3067150635208713,0.0995,5680.0,0.186
HD 45350 b,0.07312815835936803,0.2588659701772609,0.080141048244888,0.9999999841390883,13.5,0.23049001814882034,0.375,5566.0,0.778
HD 95089 c,0.07308866140907266,0.38584917640656097,0.0628305818239978,0.9999999999927041,13.1,0.48638838475499097,1.2174,4918.0,0.284
ups And d,0.07301416097155979,0.3798520686527087,0.09592269060211268,1.0,12.5,1.664246823956443,0.5308,6156.77,0.2987
HATS-32 b,0.07294564304086132,0.08909007525709392,0.08372068173315812,0.0,14.000041,0.10526315789473684,614.5934,5700.0,0.471
GJ 317 b,0.07290151468669456,0.2237151642785,0.024843724955918006,0.6398693651409051,13.3,0.3375680580762251,0.0159,3496.0,0.0826
bet Pic c,0.07254671966493642,0.3940920210311611,0.1461954373029593,1.0,12.5,1.411978221415608,1.2305,8038.68,0.307
HD 18143 c,0.07245286509479498,0.1398685540364144,0.06710477106372845,0.6153708160203826,12.5,1.6225045372050817,0.0016,5078.0,0.194
HD 86065 b,0.07228689142105743,0.13236514749017728,0.06308596463107403,0.6148562612730396,12.5,1.47005444646098,0.0013,4927.56,0.219
HD 140901 c,0.07184695410038908,0.12039839772045309,0.08131645028581078,0.6224014517457511,13.4,0.23774954627949185,0.0057,5610.0,0.77
HD 67087 c,0.07174327051040524,0.28435533054594453,0.100550301864593,0.9464499772188215,12.9,0.7150635208711434,0.2327,6330.0,0.76
HD 37605 b,0.07163405220439377,0.24006134444077223,0.07380990543354676,3.0648147878797913e-60,13.2,0.37023593466424687,7.8531,5329.0,0.6745
TOI-4515 b,0.07126316121829412,0.19000777836894434,0.07658812843937007,0.0,12.17,0.35226860254083486,42.2987,5433.0,0.461
CoRoT-20 c,0.07123671084490409,0.26155037398289793,0.08852914462786972,0.8858184669018279,12.2,2.9764065335753176,0.1759,5880.0,0.6
HD 115404 A c,0.0711998075308877,0.14729064619365329,0.06553320510764646,0.6165713926002981,12.5,1.6751361161524503,0.0023,5019.17,0.211
TOI-4582 b,0.07116214071422025,0.1719712799614819,0.07009670353152891,0.0,10.53644186,0.14355716878402905,33.7343,5190.0,0.51
Kepler-419 b,0.07114494883071543,0.19113340216597813,0.10322167013942518,0.0,10.8,0.6352087114337568,37.416,6430.0,0.833
bet Pic b,0.0711354576391916,0.297328049200987,0.14619543730294307,0.7606902760179854,18.49485,0.4355716878402904,0.0885,8038.68,0.105
Kepler-1514 b,0.07090012886544583,0.34789831913187946,0.0956082705561616,0.0023540924437342138,12.419572,0.8747731397459166,3.23,6145.0,0.401
TOI-2537 c,0.07081145213676168,0.2530950908141087,0.06154832505208218,0.6790008904571003,12.7,1.117967332123412,0.0389,4870.0,0.287
CoRoT-20 b,0.07079356353882238,0.15459619525828547,0.08852914462786968,0.0,9.41556,1.6098003629764064,180.8704,5880.0,0.59
HIP 35965 b,0.07065813419313688,0.1353560587000808,0.06064005983863914,0.6141701696295219,12.6,1.2903811252268604,0.0009,4836.0,0.138
HD 168443 c,0.07051153703992805,0.3464010982500495,0.07813752203878178,0.9895284524322095,12.2,3.0127041742286753,0.2987,5491.0,0.21
HD 25015 b,0.07045212992658159,0.18578967180667122,0.06929529304908923,0.6307980974427336,12.5,1.4736842105263157,0.0106,5160.0,0.341
HD 5319 c,0.070279045044144,0.31162989139805286,0.061575038734821355,0.8882739330148336,13.8,0.12704174228675136,2.1721,4871.0,0.183
HATS-10 b,0.06996116183884316,0.08968663084510127,0.0885291446278525,0.0,10.861521,0.12704174228675136,836.8558,5880.0,0.501
HD 99706 b,0.06986602651084588,0.27809500608190907,0.06133461559008789,3.4773630104908523e-07,13.7,0.15154264972776768,3.9282,4862.0,0.25
TIC 279401253 b,0.06980437725482183,0.2860208030795649,0.09042581610299592,2.734164786323671e-90,11.2089807,1.3811252268602543,9.1803,5951.0,0.448
HD 125271 b,0.06973767657203725,0.14897414118555666,0.05711198375807345,0.6162283784008664,12.4,1.8130671506352087,0.0021,4703.93,0.165
GJ 3293 c,0.06972382349966147,0.35960066417447456,0.02404231447346826,0.8736511876119604,4.87,0.18148820326678766,0.17,3466.0,0.11
eps Ind A b,0.06969714287264375,0.12672418731352836,0.057006998984869675,0.6143416944548706,12.7,1.0054446460980038,0.001,4700.0,0.25
HD 75898 c,0.06962883846734516,0.3350130732739534,0.09499385585295125,0.7023584729944679,12.6,1.3448275862068966,0.0528,6122.0,0.08
GJ 9714 b,0.06957915586432617,0.12835505792293128,0.045333119623865444,0.6141701696295219,12.5,1.5263157894736843,0.0009,4263.0,0.155
14 Her b,0.069547641342178,0.2766879007337486,0.07405032857828711,0.7587786635430479,12.5,1.4446460980036298,0.0873,5338.0,0.3683
HD 128356 b,0.06919795134989659,0.24357601164566303,0.06168189346581288,0.9999951755137462,13.9,0.10508166969147005,0.4756,4875.0,0.57
HIP 19976 b,0.06899204822346298,0.3335586518990429,0.04674894480951986,0.00036816527329462467,4.94,0.17876588021778586,3.4055,4316.0,0.304
HD 125612 d,0.0688816051342229,0.3421248057135905,0.08906341828282824,0.7347337869525471,12.7,1.1107078039927405,0.0724,5900.0,0.115
HD 27894 d,0.06876386609135025,0.1978396802312089,0.06168189346582267,0.6338803656902503,12.7,1.0054446460980038,0.0124,4875.0,0.343
HD 11977 b,0.06840774937812436,0.2561245478621587,0.06421969332691416,0.0,12.7,1.012704174228675,18.5126,4970.0,0.4
HD 191806 b,0.06839385392518918,0.3773572290107628,0.092001923385144,0.9880163428746233,12.5,1.515426497277677,0.2951,6010.0,0.213
HD 132406 b,0.06826415557040078,0.40487354650627266,0.08548378479455615,0.9999999999999987,12.8,0.8983666061705989,0.4641,5766.0,0.25
HD 55696 b,0.0681392859928916,0.2919466601263395,0.09205535075063415,0.9723010891382299,12.9,0.6297640653357532,0.2662,6012.0,0.705
HD 29985 b,0.06806382082828727,0.11769468143360173,0.05641929796440618,0.6139986435741819,12.8,0.8275862068965517,0.0008,4678.0,0.261
HD 115954 b,0.06783157738532791,0.25056327233698206,0.0905860981994824,0.7209510758236471,12.6,1.339382940108893,0.064,5957.0,0.487
HD 169830 c,0.06779587045970215,0.4024320310817619,0.09974889138214882,1.0,12.6,1.2159709618874774,0.4856,6300.0,0.246
Kepler-1115 b,0.06776261158232864,0.0,0.0,0.0,1.7,0.7168784029038113,516.101,8480.0,0.0
WASP-8 c,0.06740667473929851,0.0,0.0,0.6662942827798407,12.5,1.5335753176043556,0.0314,5690.0,0.0
HD 190228 b,0.06740460223199443,0.36331159095846455,0.07463802959874692,0.9999999999999762,12.9,0.7422867513611615,0.8598,5360.0,0.559
HD 4732 c,0.06735790016605789,0.39937867062099486,0.062296308169031436,0.9999999999896709,13.1,0.47368421052631576,0.5881,4898.0,0.187
HIP 98599 b,0.0672205933083343,0.3745362221386604,0.09114708553719558,0.8814675941382927,12.7,1.05989110707804,0.1724,5978.0,0.169
HD 81040 b,0.06720150187774161,0.3140505298787877,0.08518993428432613,0.9358924059687428,12.6,1.147005444646098,0.2213,5755.0,0.525
HD 12235 c,0.06719957616817619,0.19686434685726661,0.09136079499918293,0.6256582146326345,12.5,1.6007259528130673,0.0076,5986.0,0.174
HD 183263 c,0.06702400310306618,0.36169307133644174,0.09034567505474851,0.7093572504623998,12.5,1.5099818511796734,0.057,5948.0,0.051
HD 66428 b,0.0668635009927927,0.26907649862524374,0.08414810065714516,0.7914655227426631,12.4,1.8148820326678767,0.1082,5716.0,0.471
HD 127506 b,0.06670893602683138,0.34575029199959584,0.05421061067477259,0.19313953511210075,5.67,0.14954627949183302,2.6404,4595.32,0.24
HD 94834 b,0.06667043211405677,0.36092461107339324,0.05962493989419676,0.9999996371773359,13.7,0.15535390199637023,1.3107,4798.0,0.14
HD 129445 b,0.06666505297765196,0.24197451182307314,0.0822781428647535,0.8469295527727849,13.3,0.3375680580762251,0.1462,5646.0,0.7
HD 214823 b,0.06642401432274464,0.38117946387582297,0.09747822834855124,1.0,12.1,3.3212341197822144,0.4586,6215.0,0.161
HD 87816 c,0.0663897357085082,0.3898218623939399,0.06472725329913369,1.0,12.4,2.0326678765880217,0.4396,4989.0,0.19
HD 33564 b,0.06622978117521056,0.35469616880627586,0.09841320724473669,0.06227330476267982,12.5,1.4773139745916517,2.8331,6250.0,0.34
HD 168863 b,0.06609858099474025,0.16191265274959604,0.06248330394827109,0.6170859016816201,12.7,1.0490018148820328,0.0026,4905.0,0.187
HD 106252 b,0.06606244833905743,0.2989809502840651,0.08836886253137576,0.9008124145478633,12.5,1.6225045372050817,0.1884,5874.0,0.48
GJ 317 c,0.06591303255083616,0.09365856074964174,0.024843724955916198,0.6139985680305018,13.6,0.18021778584392015,0.0008,3496.0,0.217
70 Vir b,0.06587490645250943,0.27576219676585656,0.07824437676977128,4.120058510821749e-182,12.6,1.1869328493647913,12.2183,5495.0,0.3988
TOI-5110 b,0.06574524887889244,0.22419466918248254,0.09600897579738332,5.754335928723295e-299,11.98240037,0.5353901996370236,15.1027,6160.0,0.745
Kepler-129 d,0.06572666107009453,0.37903765749313556,0.08559063952555136,0.8930033381345739,12.6,1.3157894736842106,0.1818,5770.0,0.15
HD 105618 b,0.06558457228578758,0.1452169970265764,0.0829459849334597,0.0,5.44,0.15753176043557168,182.6347,5671.0,0.455
TOI-6628 b,0.06554720199624148,0.1865589068287649,0.07738953892181423,0.0,10.98480109,0.17785843920145192,20.0861,5463.0,0.67
HIP 8923 b,0.06552489942505546,0.3900942664870078,0.09120051290269447,0.7041943891406794,12.5,1.618874773139746,0.0539,5980.0,0.011
HD 171238 b,0.06541286530684984,0.28570276346647505,0.07749639365281749,0.7770855435620582,12.5,1.428312159709619,0.0989,5467.0,0.358
HD 194490 b,0.06530030633946314,0.1961701697982614,0.08803013303412659,0.6321681627043144,12.4,1.869328493647913,0.0114,5861.32,0.251
HD 16175 b,0.06503942978129297,0.360258537185153,0.09122722658544011,0.9999999999999987,12.8,0.8911070780399275,0.7164,5981.0,0.6
7 CMa c,0.06502122521846844,0.3393959141476141,0.06037292301114712,0.38019114110202945,13.9,0.1027223230490018,2.4917,4826.0,0.08
HD 1605 b,0.06500663242525105,0.32906775666161986,0.06275044077574574,0.039051109900206285,13.8,0.11270417422867514,2.9004,4915.0,0.095
bet Pic d,0.06496857589694481,0.1553219438325706,0.14619543730293552,0.6354209659041293,14.12331568,0.27041742286751363,0.0133,8038.68,0.44
HD 1666 b,0.06493962873025384,0.28934786166090526,0.10020302398887002,1.2984306420940104e-29,12.7,0.9927404718693285,6.0778,6317.0,0.63
HD 154391 b,0.06479762233476768,0.42440854682217527,0.06259015867926838,1.0,12.5,1.4773139745916517,0.685,4909.0,0.2
HD 30562 b,0.06471884872007254,0.2622109124457252,0.08858257199334738,0.9999999018191356,13.6,0.18511796733212343,0.5147,5882.0,0.76
GJ 514 b,0.06464572199383303,0.4055307150638285,0.031041299353524482,0.957358945793002,2.13,0.5372050816696915,0.28,3728.0,0.45
55 Cnc f,0.06448930253910083,0.44283928541378503,0.07031041299351146,0.9980192590342113,7.59,0.10217785843920145,0.9879,5198.0,0.063
HD 89744 b,0.06446418924030534,0.2680796804296745,0.09950846823741671,5.737571261935128e-52,12.6,1.3230490018148822,7.4311,6291.0,0.677
TIC 393818343 b,0.06439695797895145,0.3362236306459231,0.08521664796707308,0.73081129421994,12.18416202,0.7658802177858439,2.28,5756.0,0.6058
HD 181433 d,0.0643645135630628,0.1507383340016017,0.06283058182399426,0.6258295932665521,13.2,0.3720508166969147,0.0077,4918.0,0.444
HD 142022 A b,0.0643301935148757,0.2698916260834534,0.0762675642463913,0.8057038465812011,12.9,0.6660617059891107,0.1176,5421.0,0.53
OGLE-TR-132 b,0.06430531046514051,0.06855085688650761,0.0973446599347917,0.0,13.45,0.1542649727767695,2550.8364,6210.0,0.6
TOI-4127 b,0.06429586336902726,0.19941560899035346,0.09429930010149033,0.0,12.07,0.3938294010889292,22.3,6096.0,0.7484
TOI-4562 b,0.06426511672346,0.2760456020981968,0.09429930010148867,0.00311799584628278,12.53,0.3738656987295826,3.2011,6096.0,0.76
HD 11505 b,0.06419211722365267,0.18000529879389474,0.08524736870223305,0.6186293339225837,12.6,1.252268602540835,0.0035,5757.15,0.144
HD 147018 c,0.06402194592615307,0.39924900419005976,0.07680183790136001,0.9057670184840766,12.7,1.012704174228675,0.1927,5441.0,0.133
HD 144899 b,0.06382919286874958,0.1698191144665312,0.09510071058393395,0.0,4.77,0.1869328493647913,58.843,6126.0,0.821
HD 136418 b,0.06370770101072663,0.30990786500419953,0.06472725329912465,2.745848079777621e-08,13.3,0.2885662431941924,4.0863,4989.0,0.25
GJ 96 b,0.0636656536934005,0.3644865331466031,0.03256397927017506,0.994110140866735,4.67,0.19237749546279492,1.0486,3785.0,0.44
TOI-2257 b,0.06354879964975832,0.44053531260948686,0.023080621894531767,0.9772260769744017,2.194,0.515426497277677,0.6703,3430.0,0.496
HD 154672 b,0.06350210202138123,0.29647992781753796,0.08486937009134607,1.3489634570010742e-16,12.8,0.8112522686025408,5.0225,5743.0,0.61
HD 135872 b,0.06338186931774992,0.4314435612132797,0.06480739434737405,0.9999999999999951,12.8,0.8294010889292197,0.4969,4992.0,0.164
HD 11112 b,0.06337822369918071,0.20569571971779566,0.08921408345352866,0.635420966732946,12.6,1.295825771324864,0.0133,5905.64,0.285
HD 72892 b,0.0633731943556067,0.2348192156145988,0.08340011754019082,0.0,12.8,0.8257713248638838,26.9314,5688.0,0.419
HIP 5158 b,0.06323081173992876,0.22547668492295403,0.0640059838649167,0.8367307275851351,13.6,0.17876588021778586,0.1389,4962.0,0.52
HD 142 c,0.06304070044693699,0.233727096936063,0.0982796388309937,0.6656149026014822,12.4,1.8130671506352087,0.031,6245.0,0.277
HD 88072 b,0.063038176374417,0.19488323499752094,0.08600016028208035,0.6222300246858807,12.6,1.252268602540835,0.0056,5785.33,0.156
HD 106270 b,0.06299085351396229,0.4079787763478437,0.07861836832824859,1.0,12.4,1.8874773139745917,0.511,5509.0,0.185
HATS-59 c,0.06298048204071208,0.3868725542995814,0.0829192712507248,0.8642233816658355,12.3,2.159709618874773,0.159,5670.0,0.083
TOI-1338 b,0.06276099341874267,0.4903614429988223,0.08434043917291444,0.99810961263672,7.661,0.1016333938294011,0.9938,5723.2,0.0331
HD 114082 b,0.062452763708779654,0.257225813992214,0.10912539402680689,9.715227289974852e-280,11.2089807,1.8003629764065336,14.6733,6651.0,0.395
TOI-2295 c,0.062267531484473906,0.4264450218338609,0.08452209221561716,0.9999999999999967,12.8,0.8475499092558983,0.5059,5730.0,0.194
HIP 48714 b,0.06215067653157378,0.2739706574350828,0.03872148314365721,7.043600660454428e-23,5.11,0.17114337568058077,5.5708,4015.5,0.5
HIP 71135 b,0.06213208054287229,0.42614120608720896,0.042207618742309785,0.9938446036699915,4.55,0.19963702359346644,1.1013,4146.0,0.21
TIC 139270665 c,0.062105916555840884,0.2989446711683913,0.0875674520489213,0.9245945147601766,12.9,0.7223230490018149,0.21,5844.0,0.566
HAT-P-44 c,0.06189703132004533,0.2955653454567015,0.07290164022010548,0.922929674212878,13.0,0.5771324863883848,0.2084,5295.0,0.494
GJ 3138 d,0.061861533670920434,0.3162345793657445,0.03074744884329165,0.7694309613051753,3.23,0.3103448275862069,0.1,3717.0,0.32
HD 33142 c,0.06182509450494175,0.33914698503239027,0.06569963135115683,0.21596286130196762,13.9,0.10508166969147005,2.619,5025.4,0.081
KELT-20 b,0.0617955540613188,0.0,0.0,0.0,19.514869,0.14627949183303088,4362.5,8720.0,0.0
24 Sex c,0.06173691856252379,0.25852604221893916,0.0676390447186828,0.0005375738052523137,13.9,0.10145190562613432,3.3719,5098.0,0.29
TOI-1994 b,0.061507479650956424,0.09068966304530628,0.13714804722978033,0.0,13.67495645,2.722323049001815,1910.26,7700.0,0.341
NGTS-35 b,0.06148890536607026,0.24781462162149842,0.057461131591584357,1.3258324505218583e-107,10.9,0.11705989110707805,9.8437,4717.0,0.192
HD 143811 AB b,0.061400981309465634,0.12116011011171801,0.11286530961154974,0.6145132180224254,15.69257298,0.5009074410163339,0.0011,6791.0,0.19
HIP 109384 b,0.061042809626387376,0.26880460985376425,0.0698295667040458,0.9999999461975786,13.5,0.20145190562613433,0.3732,5180.0,0.549
HD 95544 b,0.06097576503284087,0.4175805495540822,0.0843083827536303,0.778800783071404,12.8,0.9092558983666061,0.1,5722.0,0.049
TOI-4994 b,0.06097056627610079,0.19025315208136756,0.08211786076826103,0.0,8.54124329,0.1415607985480944,40.0,5640.0,0.319
Kepler-56 d,0.06087983502569649,0.42400607585593486,0.06019768125232853,0.9999999999999967,12.8,0.8475499092558983,1.7204,4819.44,0.2
HR 2562 b,0.060753372661930836,0.17530592146299842,0.10768285515838688,0.6244584780110293,12.44199,0.8666769351004509,0.0069,6597.0,0.34
HD 17156 b,0.06067546501532952,0.17089567208089043,0.09296361596407889,0.0,12.26262489,0.558983666061706,68.8,6046.0,0.6772
GJ 229 A c,0.06062922166818236,0.35737176212764477,0.026660255382802738,0.8891156317033079,2.87,0.36116152450090744,0.1899,3564.0,0.366
KOI-13 b,0.06058094297438648,0.05357949010023821,0.13581236309235253,0.0,16.948008,0.6533575317604357,25339.901,7650.0,0.00064
HD 111591 b,0.060470213037954704,0.3233521665894222,0.06192231661055785,8.380294271608648e-30,12.9,0.6497277676950999,6.0912,4884.0,0.26
16 Cyg B b,0.06036658760019685,0.27360748071082014,0.08505636587057411,0.99999998292083,13.5,0.22867513611615245,0.454,5750.0,0.68
HD 14787 b,0.06030220442980971,0.2927629085056651,0.06357856494094412,1.1388774644157938e-11,13.7,0.13811252268602542,4.5099,4946.0,0.155
HD 140901 b,0.06019791818260054,0.17833331127898952,0.08131645028581602,0.0,4.07,0.23049001814882034,109.3426,5610.0,0.472
HD 34445 f,0.06005942062337978,0.5075887072498049,0.08735374258692268,0.9974944822023124,6.88,0.11615245009074411,0.8442,5836.0,0.031
HD 50554 b,0.05981713249838931,0.3219352742811613,0.09138750868192919,0.9615545320124474,12.8,0.883847549909256,0.251,5987.0,0.501
Kepler-22 b,0.05978094800193555,0.48832587072202566,0.08094245872734637,0.9939689819515727,2.1,0.9437386569872959,1.013,5596.0,0.72
HIP 56640 b,0.05972826981652293,0.46813036792261253,0.05885024309450493,1.0,12.7,1.0471869328493648,0.542,4769.0,0.118
GJ 3222 b,0.0596879188796405,0.18218820702752167,0.07189880856973326,0.0,3.4,0.29038112522686027,67.5954,5257.46,0.929
HIP 75092 b,0.05959762048701324,0.2894668359455536,0.06210931238979039,0.2777673861946979,13.5,0.23049001814882034,2.5659,4891.0,0.42
HD 35759 b,0.059498977460071045,0.23251723904320865,0.09333760752255409,0.0,13.0,0.5426497277676952,22.7689,6060.0,0.389
HD 224538 b,0.05910515289256972,0.36612060609788427,0.09432601378424324,0.9999999999999998,12.7,1.0108892921960073,0.523,6097.0,0.476
HD 112570 b,0.05910369593799662,0.3659630199288701,0.05834268312228436,0.03540674854991607,13.1,0.4827586206896552,2.9139,4750.0,0.2
HD 213472 b,0.05908138106828867,0.16666227249212676,0.0845098039215471,0.6321681627005254,13.1,0.4936479128856625,0.0114,5729.54,0.53
Kepler-409 b,0.059074709259109986,0.34975320867244053,0.07626756424640307,1.2020417918272652e-30,1.199,3.4482758620689657,6.15,5421.0,0.69
HD 80883 b,0.05874652784114372,0.20758927217114678,0.06977373510710806,0.630284256855085,12.8,0.8312159709618875,0.0103,5177.91,0.203
HD 1605 c,0.0587280565408036,0.4448030201403504,0.06275044077575288,0.999999999996587,13.0,0.5226860254083484,0.5026,4915.0,0.099
HD 48265 b,0.05869131568331436,0.44904140398733994,0.08460223326386468,1.0,12.6,1.1724137931034484,1.167,5733.0,0.211
HD 133131 B b,0.05861722521399014,0.1801081966440126,0.08652561842173126,0.6569395719631894,13.3,0.3375680580762251,0.0259,5805.0,0.61
WASP-162 b,0.05843706028192814,0.17578245585985772,0.07303520863385464,0.0,11.209,1.252268602540835,121.918,5300.0,0.434
HATS-70 b,0.05841176871514036,0.08083667066441683,0.14329219426188156,0.0,15.513256,1.2050816696914701,9110.0,7930.0,0.18
HD 75302 b,0.05825270832551221,0.22806350142410464,0.08365282897898571,0.6637457961035585,12.8,0.8166969147005445,0.0299,5697.46,0.39
HD 13167 b,0.05805024921985335,0.3249657719474904,0.08294598493346378,0.9999999999873748,13.1,0.4664246823956443,0.5428,5671.0,0.563
HD 27969 b,0.05795190138452279,0.4430047789363059,0.09082652134421407,0.9999999999999514,12.9,0.7096188747731398,0.76,5966.0,0.182
HD 219415 b,0.05784426835715921,0.26171766435797794,0.06021264091465745,0.999997905704876,13.8,0.1206896551724138,0.4071,4820.0,0.4
HD 171028 b,0.057758643795894314,0.2881652007743258,0.08294598493346307,0.007714363021347906,13.2,0.36116152450090744,3.1028,5671.0,0.59
HD 62549 b,0.05773909675524258,0.2261635932923789,0.08987711705934161,0.6333667504621973,12.6,1.3502722323049003,0.0121,5930.46,0.15
HD 16760 b,0.05771443777475409,0.4319690882220897,0.0788587914729877,1.0,12.1,3.8475499092558985,0.5388,5518.0,0.079
HD 29021 b,0.057703391624976216,0.2817895377161492,0.0799807661484044,0.8169804119424848,12.9,0.6606170598911071,0.1252,5560.0,0.453
Kepler-130 d,0.05731616090750445,0.3447444802016172,0.08863599935885562,2.3510243542861734e-107,1.64,0.7531760435571688,9.834,5884.0,0.8
KOI-94 c,0.05730255096159432,0.1417350221810101,0.09659667681783841,0.0,4.32,0.16515426497277677,268.219,6182.0,0.43
ups And c,0.057296734680545046,0.32339385579889085,0.09592269060211686,2.8825230074850945e-15,12.3,2.3774954627949185,4.8931,6156.77,0.2596
HD 190984 b,0.0571812016486376,0.245411181159057,0.09141422236467293,0.7614856128445454,13.0,0.5172413793103449,0.089,5988.0,0.57
WD 1856+534 b,0.05678037823184128,0.0,0.0,0.8920402714997477,10.4,3.8838475499092557,0.181,4710.0,0.0
GJ 3021 b,0.056720918315061986,0.3133261137163468,0.07944649249343812,0.1043284107002609,13.1,0.4754990925589837,2.7517,5540.0,0.511
HD 145377 b,0.05646827970842191,0.3165404924488591,0.09210877811613555,3.0604915510471977e-57,12.8,0.9092558983666061,7.7037,6014.0,0.31
HD 331093 b,0.05645703654481739,0.27389794859100797,0.07955334722442438,0.9999999167728402,13.6,0.18874773139745918,0.4895,5544.0,0.59
HD 92788 c,0.05643378338581552,0.16705923033042672,0.0848960837740878,0.62891384691407,13.0,0.52994555353902,0.0095,5744.0,0.46
HD 155918 c,0.05627407713084325,0.22834527521054737,0.08563979270180358,0.6229157512983048,12.8,0.8929219600725953,0.006,5771.84,0.071
HD 40979 b,0.056208048473020716,0.37772293497828413,0.09614254421112557,0.13913099772265441,12.9,0.6896551724137931,2.7022,6165.0,0.25
HD 70573 b,0.05615852423456551,0.3513770574631449,0.0847090879948554,0.9969134133333596,12.8,0.9038112522686027,0.3222,5737.0,0.4
nu Oph c,0.05605468018749648,0.35022684800884984,0.06200245765881179,0.681196709943828,12.0,4.519056261343013,2.3098,4887.0,0.179
TOI-4504 d,0.055964783800289325,0.2738453106100353,0.07343591387507199,1.329235723567436e-195,11.26,0.4500907441016334,12.5915,5315.0,0.293
HAT-P-17 c,0.05584330690412218,0.18784383388109768,0.07402254634822157,0.640724417752602,13.1,0.4791288566243195,0.0164,5336.96,0.39
HD 20794 f,0.055828437626115564,0.4321276568823045,0.07485173906073025,0.9785333847905456,2.28,0.49001814882032674,0.3746,5368.0,0.45
TIC 279401253 c,0.05582596306697074,0.3694023809438748,0.09042581610299474,4.676208841184778e-05,12.6,1.2704174228675136,3.5788,5951.0,0.254
HD 40307 g,0.0556946298999505,0.48251095463269966,0.06384570176843195,0.9823356441531578,2.56,0.4228675136116153,0.6378,4956.0,0.29
EPIC 248847494 b,0.05557173959270232,0.0,0.0,0.902668412068043,12.44199,0.5121298466849487,0.19,4898.0,0.0
CoRoT-3 b,0.055498450578860686,0.0,0.0,0.0,11.32,4.791288566243194,735.4472,6740.0,0.0
HD 28185 c,0.05548621507193498,0.2351737035084059,0.0811027408238336,0.6355921213543527,12.8,0.9074410163339384,0.0134,5602.0,0.15
Kepler-16 b,0.05546956162656744,0.4188984992942772,0.050328578297790354,0.9620085908322982,8.4493,0.17495462794918332,0.2517,4450.0,0.0069
HD 73267 c,0.055382552602276695,0.20659156024537503,0.07535929903294848,0.6210299062472998,12.8,0.7749546279491832,0.0049,5387.0,0.089
TIC 237913194 b,0.05532399224554759,0.15826072711831385,0.08607148581501502,0.0,12.520453,0.3352087114337568,83.3856,5788.0,0.575
HAT-P-2 b,0.055224592794128995,0.12439856839912669,0.10188598600201823,0.0,10.659759,1.3230490018148822,588.518,6380.0,0.5172
HD 206255 b,0.055115814013065784,0.23553595897817267,0.08198429235451833,0.0,6.47,0.12595281306715064,21.0939,5635.0,0.23
TOI-6884 b,0.05506188482550116,0.12081709536013706,0.10055030186461743,0.0,10.39072511,7.441016333938294,1230.0,6330.0,0.067
HD 217107 c,0.055028888140310775,0.22886770031923526,0.0816370144787979,0.6735871047612826,12.9,0.6460980036297641,0.0357,5622.0,0.3918
Kepler-1628 b,0.05500864148189387,0.0,0.0,0.997066940199705,6.43,0.12686025408348456,0.79,3724.0,0.0
HD 68402 b,0.054983092296111695,0.5153815555157533,0.09039910242024467,0.9578177492267765,12.6,1.252268602540835,0.2462,5950.0,0.03
HD 90156 b,0.054782762604570594,0.28939819255616156,0.0810225997755828,3.59787025608388e-158,4.43,0.20689655172413793,11.52,5599.0,0.31
HD 48265 c,0.05466917699009014,0.22761469972534296,0.08652561842173608,0.6732483487151987,12.9,0.6569872958257714,0.0355,5805.0,0.41
HD 203387 c,0.05462675510360028,0.39941204732981,0.06967783298604634,0.06719837320533503,12.6,1.1851179673321235,2.8216,5174.32,0.202
HD 156279 c,0.05448609983385772,0.22831752219232643,0.07712240209434117,0.6531903052029681,12.5,1.5825771324863886,0.0237,5453.0,0.261
HD 102329 b,0.05448229583709604,0.34493678118697724,0.05820911470854771,2.786497536193999e-28,12.6,1.2921960072595282,5.9827,4745.0,0.21
Kepler-419 c,0.05427891045804051,0.4310286851959198,0.10322167013942794,1.0,12.6,1.1560798548094375,1.8888,6430.0,0.184
HD 24040 b,0.05406173961171823,0.40114842450447985,0.08644547737349242,0.7436731612979137,12.9,0.7386569872958259,0.0779,5802.0,0.04
HIP 109600 b,0.053843866335316445,0.4008586213925814,0.07917935566595329,0.9999999998216547,13.2,0.37023593466424687,1.6736,5530.0,0.163
HD 111998 b,0.05381308865717002,0.474368239728537,0.10661430784845699,0.9999999999999514,12.9,0.7096188747731398,0.8918,6557.0,0.13
HD 43197 c,0.053790774336993114,0.21954002015593846,0.07859165464549558,0.6297703814010032,12.6,1.2468239564428314,0.01,5508.0,0.149
HD 56957 b,0.053764728983009755,0.2939661641290468,0.08486937009134424,0.7389684882589432,12.8,0.8947368421052632,0.075,5743.0,0.273
HD 18015 b,0.05375178884576836,0.4250343821708454,0.08112945450657974,0.9999999999867217,13.1,0.46460980036297644,0.6286,5603.0,0.148
HD 233832 b,0.05373913057191169,0.19825690812035623,0.06451354383713497,0.6768029871384854,13.5,0.22867513611615245,0.0376,4981.0,0.359
NGTS-38 b,0.05352423474039919,0.3009103328939661,0.10001602820963104,1.3574547708750948e-115,12.11690814,0.8475499092558983,10.1316,6310.0,0.3086
BD+49 828 b,0.05347222029505077,0.31232404435395117,0.06349842389270095,0.9999999574832013,13.5,0.20689655172413793,1.673,4943.0,0.35
GJ 724 b,0.05332411661980628,0.240646967797885,0.03293797082865315,0.0,3.27,0.30671506352087113,23.32,3799.0,0.577
HD 74156 c,0.05332153774524423,0.31689973868478455,0.09355131698454439,0.8980010871912419,12.5,1.4065335753176045,0.186,6068.0,0.377
gam Cep b,0.05331353979382753,0.4289149164173208,0.059010525190995235,0.22838761219409706,12.7,1.0217785843920146,2.6076,4775.0,0.15
HD 151450 c,0.05328169813237964,0.21407195135989157,0.09419191109684213,0.6272005079982899,12.8,0.7785843920145191,0.0085,6091.98,0.138
HD 74156 b,0.05321911224191856,0.17137198253775746,0.09355131698453373,0.0,13.5,0.2159709618874773,32.0951,6068.0,0.636
KELT-1 b,0.053207623077357324,0.10800867093203276,0.10551904685579845,0.0,12.442,4.482758620689655,5165.92,6516.0,0.0099
TOI-4504 c,0.05318914369517184,0.4759957123724153,0.07343591387507159,0.9707824918688346,11.17,0.5880217785843921,0.2639,5315.0,0.04987
HD 147018 b,0.053141930416191245,0.22685321183203425,0.07680183790135436,1.12744521238341e-191,13.4,0.279491833030853,12.4842,5441.0,0.4686
TOI-4600 b,0.052992643305962484,0.4118476395858195,0.06956242987657107,0.0009815561354892162,6.8,0.7287596300366999,3.3159,5170.0,0.25
HD 213240 b,0.052682503917891525,0.383028285376038,0.09117379921994267,0.9999999999999882,12.8,0.7876588021778584,0.7524,5979.0,0.42
TOI-1052 c,0.0526099121450299,0.20639891014899509,0.0956349842388964,0.0,6.48,0.12577132486388384,39.7,6146.0,0.237
Kepler-1085 b,0.052607877646590175,0.0,0.0,0.9857783923780539,7.22,0.10925589836660617,2.055,6000.0,0.0
HD 113538 c,0.05260390037975809,0.16122138733664187,0.050649142490767025,0.6384987950515149,13.8,0.11215970961887478,0.0151,4462.0,0.2
HD 4203 b,0.05257783207485838,0.31813647802443557,0.08094245872733934,0.9999999985174444,13.3,0.30127041742286753,1.4338,5596.0,0.52
HD 10697 b,0.05211587934258191,0.4979983073590093,0.08214457445101911,0.9999999999999978,12.8,0.8675136116152451,0.7124,5641.0,0.104
HD 162020 b,0.052038798195214335,0.22500660557836188,0.05762141368808685,0.0,12.5,1.5970961887477315,39.0625,4723.0,0.28
HD 85390 b,0.0520008380231382,0.2724986414910772,0.0699898488005329,0.9392559210438458,6.16,0.13430127041742287,0.2281,5186.0,0.5
HD 156098 c,0.05189951206801361,0.30862027931970804,0.10293289522891402,0.8710232927063485,12.8,0.7894736842105263,0.1642,6419.19,0.391
HD 30177 c,0.05162184467973264,0.21120715289287825,0.08318640807819883,0.6338803656902021,12.9,0.6896551724137931,0.0124,5680.0,0.21
WASP-189 b,0.051614223031170935,0.0,0.0,0.0,18.14733975,0.11288330308529945,8083.7169,8000.0,0.0
Kepler-88 d,0.051571470283029434,0.26505940406425527,0.07746967997006188,0.7978656612219703,13.1,0.4283121597096189,0.1124,5466.0,0.41
K2-99 c,0.051552998720018284,0.3752146359229504,0.09357803066729424,7.478722666985309e-07,12.6,1.3303085299455537,3.8779,6069.0,0.21
HD 152079 b,0.05154476850670464,0.22820980475486313,0.08925041406205847,0.7357123980060879,13.2,0.3666061705989111,0.073,5907.0,0.532
MASCARA-1 b,0.051525945689250445,0.03819749729848704,0.13153817385261618,0.0,17.90074218,0.2722323049001815,38711.5,7490.0,0.00034
HD 13908 c,0.05152126410756816,0.4934306446953748,0.09854677565847243,0.9999999999999847,12.8,0.7749546279491832,0.9705,6255.0,0.12
Kepler-421 b,0.051504491715164386,0.4824565287986108,0.07324891809582759,0.9071010831974198,4.16,0.22323049001814882,0.2,5308.0,0.041
TOI-1470 c,0.05147781316784503,0.3873640865804858,0.030533739381307098,0.0006719174439521673,2.47,0.4827586206896552,3.35,3709.0,0.5
HD 200964 c,0.05138056506016488,0.2914122456159418,0.06454025751988296,0.016046310635669355,13.7,0.14972776769509982,3.0164,4982.0,0.243
K2-287 b,0.05114924756316485,0.15721911740192884,0.08358711331941582,0.0,9.494023,0.11433756805807622,53.5814,5695.0,0.478
HD 79498 b,0.05085065971961522,0.216876766520315,0.08500293850507458,0.8103296240088075,13.6,0.16878402903811254,0.1207,5748.0,0.575
HD 11964 c,0.05077261949651307,0.19906317765876005,0.07311534968208695,0.0,5.38,0.1600725952813067,54.875,5303.0,0.3
HD 128311 c,0.05075367505470391,0.31844099096540424,0.0640861249131672,0.7814441787600038,13.0,0.5462794918330308,0.1017,4965.0,0.159
HD 31527 d,0.05052526713329905,0.4482671312018487,0.08900999091732384,0.9894993260514467,3.46,0.28493647912885667,1.8299,5898.0,0.24
GPX-1 b,0.05038056584373586,0.0,0.0,0.0,16.47720163,1.4922727767695099,4650.0,7000.0,0.0
HD 128311 b,0.050349738282285936,0.2902115282441801,0.06408612491316312,0.9694988242107555,13.5,0.22867513611615245,0.262,4965.0,0.303
HD 147379 b,0.050278250918023244,0.49982994448322615,0.04071165250840479,0.9947561886302733,4.94,0.17876588021778586,0.7847,4090.0,0.063
TOI-4010 e,0.049895710257655504,0.28404011945579777,0.06395255649942272,0.8521437873340715,13.3,0.29401088929219604,0.15,4960.0,0.26
TOI-421 c,0.04989403219556558,0.2233377769003265,0.07279478548910472,0.0,5.09,0.10707023593466425,34.32,5291.0,0.19
GJ 9404 b,0.04983230241803411,0.2785681349068017,0.03325853502163232,3.2056076673071447e-149,3.48,0.2813067150635209,11.2454,3811.0,0.49
HD 11506 b,0.04980378947077797,0.3328825709733948,0.09502056953569596,0.9687436627629409,12.9,0.7205081669691471,0.2609,6123.0,0.379
Kepler-167 e,0.04979626849633034,0.2731005862585649,0.06192231661055233,0.7788006293270394,10.16,0.30490018148820325,0.1,4884.0,0.29
K2-264 c,0.049738465035683,0.39500413835755266,0.02922476892664001,0.24181633158032478,2.668,0.3992740471869329,2.5922,3660.0,0.45
GJ 414 A b,0.04965312782613543,0.4133806993952955,0.04151306299085678,0.834045860800063,2.63,0.4174228675136116,2.2033,4120.0,0.45
HD 154857 b,0.04964893333326495,0.3027351695438553,0.08075546294810224,0.09694981935762213,13.3,0.33030852994555354,2.7638,5589.0,0.46
TOI-6692 b,0.04957038908977993,0.11769508393387719,0.08879628145533427,0.0,11.67975789,0.12341197822141563,182.3533,5890.0,0.537
HD 107148 c,0.049497495778285196,0.19872995251544298,0.08513436982420065,0.0,4.7,0.19056261343012706,66.7145,5752.92,0.34
GJ 4276 b,0.04942937912753875,0.33908613343900906,0.021931933536353664,0.03126184612142333,4.22,0.21960072595281308,2.9298,3387.0,0.37
HD 180314 b,0.04932345435191614,0.2291796601862571,0.06280386814126136,0.0,12.0,4.1560798548094375,20.9853,4917.0,0.247
HD 115404 A b,0.04927742700479569,0.21135188865780508,0.0655332051076376,0.0,6.09,0.13611615245009076,39.0242,5019.17,0.232
HAT-P-34 b,0.049269945046217414,0.1229008558509613,0.10354223433240375,0.0,13.417173,0.4537205081669692,433.78,6442.0,0.432
HIP 41378 d,0.04923832120278079,0.4590510109839739,0.09948175455464926,0.016152114580349847,3.65,0.13430127041742287,3.01,6290.0,0.063
HD 206893 c,0.04922961782141442,0.325410638017229,0.1050916279318041,0.9185913165983236,16.36511182,0.8021778584392014,0.2043,6500.0,0.283
IC 4651 9122 b,0.04920668596879527,0.32918758234538326,0.058078217663079995,1.2776356204304057e-123,12.7,0.9745916515426498,10.4109,4740.1,0.18
HD 142 b,0.04918071294416282,0.4233677645820778,0.09827963883099289,0.0990407041814445,12.7,1.0980036297640654,2.7603,6245.0,0.158
HD 89839 b,0.04907793774159138,0.33169119044156836,0.10012288294062091,0.7891652324285853,12.8,0.8312159709618875,0.1067,6314.0,0.185
HD 73526 b,0.048936227690586066,0.33840117136229764,0.08107602714108388,5.383927001631111e-18,13.1,0.43375680580762255,5.1529,5601.0,0.19
55 Cnc d,0.048914346536995924,0.26025945008380574,0.07031041299351945,0.6473887207644051,13.0,0.558983666061706,0.0203,5198.0,0.0913
HD 73267 b,0.04888784836718468,0.32066323540745434,0.07535929903294877,0.8625025616944763,13.0,0.6007259528130672,0.1577,5387.0,0.261
Kepler-539 c,0.04870234250757193,0.25777795320490166,0.08692632366295641,0.8502304567137842,13.3,0.32304900181488205,0.1486,5820.0,0.5
HD 114386 b,0.04867261002651159,0.24707379595811108,0.06064005983863166,0.773173390738281,13.6,0.18330308529945555,0.0964,4836.0,0.23
HR 810 b,0.04859402529331985,0.4522937092306344,0.09619597157662452,0.9475988692272315,12.7,0.9600725952813067,2.116,6167.0,0.14
HD 48948 c,0.04830004986549853,0.29000786268666195,0.05414863493080167,2.464184e-317,2.6,0.411978221415608,15.5,4593.0,0.55
K2-157 c,0.04821423976148779,0.24315505111831623,0.07394347384728264,0.0,6.08,0.1366606170598911,22.65,5334.0,0.2
TOI-2120 b,0.04812927091128362,0.35487554777723107,0.015093230752789235,2.6686087602684115e-05,2.122,0.16989639537353637,3.61,3131.0,0.32
TOI-5293 A b,0.04810857298383199,0.15962560318741698,0.027247956403263423,0.0,11.9,0.1016333938294011,34.6,3586.0,0.38
KOI-3680 b,0.04800930712504995,0.3145367754056972,0.08719346049044348,0.0011592291726710824,11.09691,0.44646098003629764,3.3,5830.0,0.496
HD 210277 b,0.04790284622786139,0.2920405062742775,0.07939306512793386,0.9999997158138195,13.6,0.16261343012704174,0.7275,5538.0,0.48
NGTS-11 b,0.04747521384696837,0.2892598794345504,0.06635678794676708,7.7793185291329e-92,9.157753,0.1415607985480944,9.242,5050.0,0.13
KOI-1783.01,0.04728566937015708,0.0,0.0,1.6510574777103305e-24,8.86,0.1016333938294011,5.7,5922.0,0.0
HD 28185 b,0.04728503435284241,0.5565173119698249,0.0811027408238358,0.9999999999999984,12.8,0.883847549909256,0.9073,5602.0,0.063
HD 159868 b,0.04717001953389579,0.5290752183444861,0.07928621039694461,0.9999999984198709,13.3,0.29945553539019965,0.668,5534.0,0.024
TOI-5678 b,0.04714380057919867,0.3842310724797186,0.07797723994227536,1.3664299207406078e-06,4.91,0.16842105263157897,3.8369,5485.0,0.14
KIC 5437945 b,0.04713145903879645,0.0,0.0,0.039048177612572295,6.4,0.1277676950998185,2.9,6340.0,0.0
TOI-5027 b,0.0470256931311112,0.15892765152490615,0.08930384142756258,0.0,10.76062147,0.5335753176043557,190.912,5909.0,0.385
HIP 54597 b,0.0469713529832624,0.26264719837414835,0.05965165357694676,0.6371322948821123,13.3,0.32304900181488205,0.0143,4799.0,0.03
HIP 79431 b,0.046944134203587305,0.2781642830842603,0.016696051717687437,0.9325787849363261,13.4,0.27586206896551724,0.2179,3191.0,0.29
TOI-7384 b,0.04690624273633697,0.3253152287104635,0.016535769621197977,2.432005501059386e-15,3.56,0.27404718693284935,4.9,3185.0,0.4
Kepler-952 b,0.04686221272250949,0.0,0.0,7.610543739557524e-17,7.65,0.10108892921960073,5.046,5730.0,0.0
HD 100508 b,0.04673399854262679,0.16146956239467847,0.07621413688088452,0.6496076134678562,13.7,0.14791288566243194,0.0216,5419.0,0.42
XO-2 S d,0.046526359100086165,0.27103454002745486,0.07370305070255281,0.655917434499715,13.0,0.5353901996370236,0.0253,5325.0,0.091
HD 95872 b,0.046499780661690096,0.28142365995498125,0.07335577282682494,0.6496079577347682,13.0,0.5390199637023594,0.0216,5312.0,0.06
TOI-912 b,0.0464915480065569,0.3143550376542301,0.026873964844791414,2.5628661922357144e-294,1.93,0.7259528130671506,15.0,3572.0,0.58
4 UMa b,0.046317908422827916,0.16049233107272035,0.04939359940161009,0.0,12.6,1.252268602540835,150.0929,4415.0,0.453
HD 148164 b,0.04628733799541608,0.26154087215464467,0.0925896244055907,0.8930029451954125,13.7,0.15154264972776768,2.1682,6032.0,0.587
Kapteyn c,0.04621032345911063,0.3976549921647275,0.0262862638243269,0.8584126694571181,2.54,0.426497277676951,0.1666,3550.0,0.23
HD 125612 b,0.046128035874244466,0.3397673613463457,0.08906341828282253,0.999999999947423,13.2,0.4101633393829401,0.6309,5900.0,0.446
TOI-1431 b,0.04602919413342454,0.078510174893522,0.13688091040227052,0.0,16.70138124,0.21234119782214156,5300.0,7690.0,0.0022
GJ 3293 b,0.046023583945008176,0.4936218539518571,0.02404231447346841,0.9952973262802973,5.19,0.1678765880217786,1.07,3466.0,0.06
K2-18 c,0.04589680663163101,0.3319176377557265,0.023801891328735742,1.1992499660629885e-44,2.65,0.40290381125226865,7.0278,3457.0,0.47
Kepler-296 f,0.04588988766923322,0.49729923974216794,0.03136186354650441,0.9597039016541411,1.8,0.5807622504537205,0.62,3740.0,0.33
omi UMa b,0.04565019240588287,0.3300834455700931,0.0670246300154816,1.165360858175715e-73,13.0,0.5263157894736842,8.4795,5075.0,0.149
HD 56414 b,0.04562447193490326,0.09658810538513858,0.15851899342838968,0.0,3.71,0.2595281306715064,1614.3559,8500.0,0.68
HD 216437 b,0.04550386967961437,0.3534744921906001,0.08930384142755958,0.9995072814252631,13.0,0.6061705989110707,0.3389,5909.0,0.31
TOI-2025 b,0.04547509779063142,0.14222095631131657,0.09112037185444885,0.0,11.89272852,0.6787658802177859,343.7178,5977.0,0.394
K2-139 b,0.045451563100007544,0.27576170845042963,0.07490516642622225,5.725e-320,9.11,0.16515426497277677,15.5562,5370.0,0.12
Kepler-1519 b,0.04514078375978762,0.0,0.0,2.71605749965896e-07,7.06,0.11215970961887478,3.944,5644.0,0.0
HD 96700 d,0.04501136941682579,0.3452474051731956,0.08759416573166472,1.0596395398863692e-56,3.61,0.26860254083484575,7.6762,5845.0,0.27
TOI-1448 b,0.04496646467461784,0.33123753875023193,0.022599775605061205,2.0018828906806604e-21,2.749,0.2240896418655354,5.45,3412.0,0.36
HD 158038 b,0.04486556786807372,0.2702550174072688,0.06128118822459279,1.6187655681833886e-19,13.5,0.19782214156079858,5.2889,4860.0,0.29
Kepler-397 c,0.044826865857269346,0.0,0.0,0.9967874985609393,6.18,0.13357531760435573,1.8,5307.0,0.0
TOI-2525 c,0.0447953730652953,0.31458776038957076,0.0675856173531904,3.442589900610787e-29,10.13291855,0.20145190562613433,6.0478,5096.0,0.157
HD 148164 c,0.04468264627153888,0.31566374851460416,0.09258962440560063,0.708525662229447,12.8,0.7803992740471869,0.0565,6032.0,0.125
HD 103949 b,0.04460484383945647,0.48108583227979734,0.05946465779771012,0.9889031351585309,3.35,0.29764065335753176,1.3983,4792.0,0.19
TOI-172 b,0.044575707556820575,0.15127868809438555,0.08225142918201869,0.0,10.816685,1.3666061705989112,299.0,5645.0,0.3806
Kepler-1750 b,0.04445968665055904,0.0,0.0,0.996568653750778,6.00434637,0.1386569872958258,1.85,5644.0,0.0
WASP-41 c,0.0444086115105004,0.36654845189582513,0.07958006090717833,0.9999999999790006,13.1,0.4482758620689656,0.5573,5545.0,0.294
Kepler-320 c,0.044406176285898415,0.0,0.0,0.0,1.37,0.9509981851179674,101.619,6435.0,0.0
HD 183263 b,0.044361321020091646,0.3705999523627386,0.09034567505474216,0.9999999999933884,13.1,0.49001814882032674,0.8347,5948.0,0.383
GJ 682 c,0.04434337522702451,0.3651661579052856,0.012341721429715014,0.7114241325993282,2.89,0.35934664246823955,0.0646,3028.0,0.1
Kepler-454 c,0.044342891374242306,0.536797396790494,0.08337340385743895,0.9999999999998701,12.9,0.6660617059891107,0.6814,5687.0,0.0053
TIC 9344899 b,0.04427153342648751,0.21146630882278983,0.0863920500080165,0.0,9.16,8.003629764065336,149.861,5800.0,0.029
HD 42618 b,0.04427101083902344,0.4154470830313937,0.08444195116736478,0.004557443713688634,3.89,0.24319419237749548,3.16,5727.0,0.19
TOI-1694 c,0.044217575578682944,0.3319984072177993,0.06515467222309157,0.9999978390406649,13.8,0.12014519056261344,0.4016,5005.0,0.111
TRAPPIST-1 h,0.04418700230842569,0.5660796874854979,0.0,0.6330392079834346,0.755,0.7554954627949183,0.144,2566.0,0.00567
AF Lep b,0.043875879244295174,0.3351105727735058,0.0954747021424129,0.6538722781122148,13.0,0.5208711433756806,0.0241,6140.0,0.015
WASP-8 b,0.043872326157340186,0.15056110541638368,0.08104931345833682,0.0,12.66617,0.38112522686025413,209.118,5600.0,0.31
HD 12661 b,0.04382534345286995,0.3301222985193493,0.08225142918200647,0.9999999993807227,13.3,0.3266787658802178,1.9237,5645.0,0.38
HD 92788 b,0.04361360462838821,0.38663171575925337,0.08489608377409075,0.9999999999979599,13.0,0.5426497277676952,1.1129,5744.0,0.35
KELT-21 b,0.043590378569371785,0.0,0.0,0.0,17.777474,0.2250453720508167,2950.0,7598.0,0.0
TOI-2447 b,0.04351459285432706,0.20510914155252832,0.08452209221560744,0.0,9.60609646,0.14047186932849365,44.5933,5730.0,0.17
HD 70642 b,0.04350236895277012,0.31394581750578765,0.08457551958111,0.7684542571691452,13.0,0.5626134301270418,0.0934,5732.0,0.175
TOI-1670 b,0.04346897550061426,0.19402464147346524,0.09627611262487595,0.0,2.06,1.5607985480943738,196.694,6170.0,0.59
WASP-148 b,0.043458511792241264,0.1853575440159324,0.07984719773465682,0.0,8.47398941,0.15081669691470054,72.699,5555.0,0.208
HD 220842 b,0.043413358942793065,0.30553764711162523,0.09066623924772205,8.5605619548113e-09,13.1,0.4482758620689656,4.155,5960.0,0.404
HD 109286 b,0.04326889603324874,0.36382214896695914,0.08356039963667387,0.9999999999501905,13.2,0.411978221415608,0.709,5694.0,0.338
HD 98736 b,0.04311873868332493,0.30394026997884815,0.07226051183414275,0.8827173416963038,13.3,0.3139745916515427,0.1734,5271.0,0.226
HD 220773 b,0.04304834566547014,0.22728395244483449,0.09013196559274743,0.8225351129790699,13.6,0.18330308529945555,0.129,5940.0,0.51
HD 142415 b,0.043017113671794546,0.3147598308062457,0.09013196559274994,0.9999999710863154,13.5,0.2159709618874773,1.0219,5940.0,0.5
HD 10180 f,0.04298632066006658,0.3620043441481871,0.08935726879304849,2.1158936017852807e-30,5.24,0.16569872958257714,6.1329,5911.0,0.119
HD 139357 b,0.04289654075582866,0.3316530912092719,0.0570069989848789,3.669154329800215e-56,12.1,3.5571687840290385,7.649,4700.0,0.099
Kepler-712 c,0.04284885740309661,0.0,0.0,0.9945688506221481,4.85,0.18330308529945555,0.662,5148.0,0.0
Teegarden's Star d,0.04281785551444198,0.5574832353027264,0.012502003526205804,0.702136540069662,0.954,0.9419237749546281,0.12,3034.0,0.07
HD 150706 b,0.04280773165043205,0.19297285043272444,0.09069295293046481,0.6537017962028355,13.3,0.3266787658802178,0.024,5961.0,0.38
11 Com b,0.04280351472045738,0.19505630518124906,0.06165517978308284,0.0,12.2,2.7041742286751362,68.5387,4874.0,0.238
HD 196885 A b,0.04265179501907809,0.3098752276535429,0.09852006197571747,0.9999999997173783,13.2,0.35571687840290384,0.4271,6254.0,0.48
TOI-2180 b,0.0424994558296159,0.3553656911725132,0.08358711331942546,0.1331338853916197,11.32107051,0.6025408348457351,2.71,5695.0,0.3683
GJ 667 C g,0.04246065580576563,0.40478347453855296,0.020943527274667695,0.6717048812754735,1.99,0.5825771324863884,0.0455,3350.0,0.08
Kepler-278 b,0.042410014215025146,0.19740166147905147,0.06408612491317282,0.0,3.955,0.9074410163339384,110.0,4965.0,0.696
pi Men d,0.04235309169514035,0.3736504421322405,0.09168135919215328,9.585751318612015e-24,3.72,0.2595281306715064,5.6398,5998.0,0.22
Kepler-1602 b,0.04204988291164613,0.0,0.0,0.0,1.34,0.9782214156079855,124.507,6296.0,0.0
HD 211403 b,0.041899575144555036,0.4522410255109124,0.09902762194794322,0.00024991242536772144,12.8,0.8366606170598911,3.44,6273.0,0.084
K2-264 b,0.041898962327292164,0.31200363372473483,0.029224768926640873,5.575469476155603e-214,2.231,0.5045372050816697,13.0794,3660.0,0.5
HD 185283 b,0.04176595147808547,0.20338997485548763,0.06096062403160977,0.6349073049940968,13.6,0.16388384754990926,0.013,4848.0,0.07
TOI-712 b,0.04173683434764389,0.2923251552556256,0.05492333173050377,0.0,2.049,0.5626134301270418,22.6,4622.0,0.54
HD 94890 c,0.04157482837961761,0.4859228023308208,0.061468184003840395,0.00833456461413791,12.5,1.4464609800362977,3.094,4867.0,0.05
Kepler-1586 b,0.041521349474216505,0.0,0.0,0.0,1.52,0.8294010889292197,105.771,6681.0,0.0
HD 100777 b,0.04140283747571182,0.30971511489060666,0.07925949671419207,0.9999995599801876,13.7,0.15154264972776768,0.9345,5533.0,0.38
HD 167677 b,0.041257797954957015,0.2920012618123769,0.07768338943204754,0.7616445971090537,13.2,0.3920145190562614,0.0891,5474.0,0.182
HD 38801 b,0.041251125315360675,0.6038013996926829,0.07405032857828914,1.0,12.5,1.573502722323049,1.7311,5338.0,0.017
HD 151450 b,0.04122215950873736,0.1576315866111046,0.09419191109683321,0.0,6.94,0.11470054446460981,66.5618,6091.98,0.496
Kepler-857 b,0.04116585774797447,0.0,0.0,4.0633787468970097e-25,6.8,0.11796733212341198,5.747,5773.0,0.0
HD 5388 b,0.041114392389134086,0.35080157355582037,0.09966875033389688,0.9999999999810478,13.1,0.45190562613430135,1.4901,6297.0,0.41
HIP 65891 b,0.04105889662059991,0.41590410339508155,0.06502110380936219,1.875173406969432e-23,12.7,0.9437386569872959,5.617,5000.0,0.09
GJ 876 e,0.04100912364400137,0.4034196738121791,0.01944061548324718,0.7890765046765563,3.92,0.2413793103448276,0.111,3293.74,0.055
HD 67087 b,0.040907811763285604,0.3743901942631827,0.10055030186459071,0.022718376148207178,13.1,0.4319419237749546,2.9727,6330.0,0.17
Kepler-511 b,0.04079564493038988,0.0,0.0,3.3844101005282515e-09,6.35,0.12885662431941924,4.208,5770.0,0.0
HD 104067 c,0.04065855364133849,0.26260619801781354,0.06373884703743797,0.0,3.69,0.2613430127041742,27.4455,4952.0,0.29
HD 187123 c,0.040624946590364336,0.253732905007219,0.0861249131805084,0.7076936334313493,13.2,0.39564428312159716,0.056,5790.0,0.252
BD+14 4559 b,0.040586476408833415,0.30501908905340885,0.061388042955582804,0.9999983991214747,13.8,0.12540834845735027,0.7867,4864.0,0.29
HD 69830 d,0.04057793653029284,0.5168150539371682,0.07530587166744673,0.9935222027667961,4.45,0.20508166969147004,1.5182,5385.0,0.07
TOI-3457 b,0.040546860246997996,0.19293790016003498,0.09974889138213491,0.0,10.64,0.1581076703100364,17.4858,6300.0,0.59
Kepler-799 b,0.040526201401184146,0.0,0.0,1.0874716415916164e-33,6.88,0.11615245009074411,6.356,5681.0,0.0
HD 190360 b,0.040507890120190404,0.22941252611004628,0.07998076614839697,0.7375043689439144,13.5,0.2177858439201452,0.0741,5560.0,0.3342
tau Cet f,0.04046475018626315,0.5369337425149777,0.07330234546133069,0.949684179486754,1.81,0.6606170598911071,0.2782,5310.0,0.16
Kepler-1625 b,0.04036870854231546,0.0,0.0,0.0011553520323872193,6.06,0.13720508166969148,3.3,5677.0,0.0
K2-121 b,0.04034117835374024,0.18483486276496902,0.05235881818666129,0.0,7.16,0.12704174228675136,62.5,4526.0,0.22
GJ 3323 c,0.04027789983427862,0.5012867576474744,0.01584121386974347,0.8377309115567353,1.32,1.0018148820326678,0.17,3159.0,0.17
DMPP-6 c,0.040228471162231536,0.23908466469609727,0.09659908104928798,0.0,3.74,0.2558983666061706,42.4847,6182.09,0.31
NGTS-20 b,0.04012580035240761,0.2900773469351014,0.09120051290268973,3.675035232694086e-40,11.99360935,0.5480943738656987,6.7645,5980.0,0.432
HATS-41 b,0.04011349066546195,0.10817373835067978,0.10306138804294103,0.0,14.90797,0.925589836660617,1300.3125,6424.0,0.38
HD 147873 b,0.0401064213339137,0.2766071869178407,0.0909868034407066,0.0,12.8,0.7767695099818512,21.9829,5972.0,0.207
GJ 180 d,0.04008145600262344,0.41137676411802426,0.021504514612381495,0.8189969039909923,2.66,0.4010889292196007,0.1362,3371.0,0.14
WASP-33 b,0.04002059816638147,0.0,0.0,0.0,17.855937,0.1250453720508167,9392.0471,7430.0,0.0
HD 20003 b,0.0399426005948305,0.21454523063286393,0.07821766308701504,0.0,3.43,0.2885662431941924,75.8952,5494.0,0.36
Kepler-396 c,0.039922017566870145,0.0,0.0,5.17619189022491e-19,5.3,0.11996370235934666,5.244,5656.0,0.0
Kepler-296 d,0.03991608706215952,0.4188226527513558,0.031361863546503436,0.03681569489936274,2.09,0.3448275862068966,2.9,3740.0,0.33
TOI-5795 b,0.039782648519835824,0.14876287664288015,0.08412138697438355,0.0,5.62,0.132486388384755,240.6761,5715.0,0.25
Kepler-1913 b,0.03977015521445741,0.0,0.0,0.0,1.51852059,0.8312159709618875,105.7,6214.0,0.0
Kepler-440 b,0.03976158230761653,0.5218765030711032,0.04188705454933415,0.970772005113879,1.86,0.6388384754990926,1.2,4134.0,0.34
WASP-150 b,0.039593382630307906,0.11815771403238676,0.0975583693967954,0.0,11.99363,1.5499092558983665,854.7074,6218.0,0.3775
Kepler-102 c,0.03957975222877891,0.26222695450022776,0.0625901586792792,0.0,0.567,9.437386569872958,61.0,4909.0,0.094
TOI-2416 b,0.03956088370866654,0.1937944711135484,0.08660575946998857,0.0,9.86390302,0.9800362976406535,130.93,5808.0,0.32
Kepler-539 b,0.039552307696042746,0.3485564718918393,0.08692632366296171,1.233531771055312e-05,8.373123,0.5263157894736842,3.681,5820.0,0.39
HD 204313 b,0.03954107983599625,0.3743540125011837,0.0855104984773018,0.8152145083034429,12.9,0.6805807622504537,0.124,5767.0,0.1
Kepler-561 b,0.03953570957565895,0.0,0.0,1.5844883629249774e-54,6.96,0.11451905626134302,7.565,5646.0,0.0
XO-3 b,0.03950961888237322,0.11415950991241147,0.11764705882351449,0.0,14.79585452,1.2994555353901998,1161.72,6970.0,0.2791
HD 143361 b,0.039489799355703556,0.3575332423715837,0.0785649409627448,0.9193393175663125,12.9,0.6424682395644283,0.205,5507.0,0.197
HD 73534 b,0.03942489844359325,0.3285404658398316,0.06280386814124249,0.9999990609163835,13.7,0.13702359346642468,0.3721,4917.0,0.126
Kepler-1485 b,0.039322470667352484,0.0,0.0,0.0,1.47,0.8656987295825771,85.176,6087.0,0.0
GJ 687 b,0.03928258601567172,0.4349330844419807,0.022626489287809113,0.9930485311531718,4.32,0.21234119782214156,0.801,3413.0,0.17
HD 4203 c,0.03922401149287226,0.22909775198276697,0.080568467168861,0.6818719181718542,13.3,0.29219600725952816,0.0406,5582.0,0.24
HD 213519 b,0.039180168199187564,0.19915234564625067,0.08746059731792666,0.0,2.99,0.3430127041742287,125.3797,5840.0,0.413
TOI-4562 c,0.03916704078954943,0.3298355295227075,0.09429930010149248,0.7237523812101229,12.8,0.8729582577132486,0.0657,6096.0,0.122
Ross 508 b,0.03913888343224664,0.5060757785312261,0.013490409787892758,0.9699811131298489,1.83,0.6515426497277677,1.2464,3071.0,0.33
TOI-4914 b,0.03911173371874083,0.18706533730925753,0.08652561842172693,0.0,12.87,0.10707803992740472,18.1082,5805.0,0.408
HD 9446 c,0.03909052059083707,0.4200260889045293,0.08620505422875206,0.2704086426997096,13.4,0.23956442831215974,2.5718,5793.0,0.06
HD 73526 c,0.03906215668878594,0.34266797790179315,0.08107602714108103,0.9892010900432117,13.3,0.30308529945553536,2.0521,5601.0,0.28
TOI-2497 b,0.03905496985000661,0.1341498256960865,0.1280653950953489,0.0,11.14172682,1.1070780399274047,997.8085,7360.0,0.195
HD 114783 c,0.03894921867301307,0.24465407273980458,0.06862745098037235,0.6417502894014111,13.4,0.25045372050816694,0.017,5135.0,0.05
TOI-2005 b,0.03893788709899342,0.10457130454880381,0.12192124806322664,0.0,11.99360935,0.2814714682370654,525.9409,7130.0,0.597
Kepler-841 b,0.03889516419390904,0.0,0.0,0.9953459745713664,5.23,0.16588021778584394,1.648,5324.0,0.0
HD 216536 b,0.03885629042360712,0.12172135906194198,0.05537746433721895,0.0,13.8,0.1266787658802178,169.5666,4639.0,0.38
Kepler-462 b,0.03885375315742447,0.4088131459369122,0.13180531068011153,0.0,3.0,1.6878402903811254,31.269,7500.0,0.042
HD 72659 b,0.03874795262087134,0.29202251967768067,0.08983811508252203,0.7964993226425297,13.2,0.411978221415608,0.1115,5929.0,0.2393
HD 192310 b,0.038681218549210965,0.4140926274821852,0.0694555751455711,4.140526125188647e-06,4.27,0.2159709618874773,3.7598,5166.0,0.13
Kepler-39 b,0.03861689522427029,0.212495148518761,0.10108457551957256,0.0,13.9,2.3593466424682394,90.22,6350.0,0.112
HD 178911 B b,0.03857540860430008,0.376824003870974,0.08072874926536316,8.255462807017042e-60,12.6,1.2722323049001816,7.8319,5588.0,0.11
Kepler-296 e,0.03856293056272407,0.5314131328659256,0.0313618635465052,0.9534708910210298,1.53,0.7441016333938294,1.41,3740.0,0.33
HD 25912 b,0.03847771461318932,0.30483557044440474,0.0896131858737751,0.0,6.9,0.11578947368421054,18.7477,5920.58,0.05
Kepler-123 c,0.03842531207580195,0.0,0.0,0.0,1.48,0.8584392014519058,77.399,6089.0,0.0
Kepler-10 d,0.03838932153986276,0.4180563906151465,0.0839343911951483,3.9162535797722097e-07,3.49,0.2813067150635209,3.9198,5708.0,0.19
Kepler-1501 b,0.03827280365476391,0.0,0.0,0.0,1.56,0.8003629764065336,100.001,6229.0,0.0
nu Oph b,0.03822198255514449,0.2509339449491434,0.0620024576588123,0.0,12.0,4.0653357531760435,25.1924,4887.0,0.126
TOI-5882 b,0.03820945208043731,0.1092459720599761,0.08959769193781104,0.0,11.46678726,4.609800362976406,4792.5,5920.0,0.0339
HD 23127 b,0.03805093479088177,0.2987592302810528,0.08754073836616436,0.9999999316978594,13.5,0.1960072595281307,0.5038,5843.0,0.406
Kepler-63 b,0.037992675704269514,0.19403593933141297,0.08040818507237958,0.0,6.11,0.544464609800363,100.371,5576.0,0.45
HD 153950 b,0.037985760098319846,0.3628086211599851,0.09504728321844098,0.9999999999413969,13.2,0.4065335753176044,1.355,6124.0,0.34
HAT-P-69 b,0.03795507919602937,0.0,0.0,0.0,18.786284,0.18511796733212343,2320.18,7394.0,0.0
Kepler-951 b,0.03785460687258797,0.0,0.0,0.40854858684098694,5.59,0.15245009074410162,2.472,4834.0,0.0
Kepler-1713 b,0.037722670243189434,0.0,0.0,0.0,1.71673535,0.7078039927404719,144.3,6477.0,0.0
HD 69123 b,0.03770703690693008,0.33752672404207285,0.06080034193512733,2.9834935374669416e-14,13.1,0.4355716878402904,4.7903,4842.0,0.19
HD 103891 b,0.03751766215363359,0.35712397502778087,0.09365817171552893,0.9999999999229696,13.2,0.397459165154265,0.5714,6072.0,0.31
KELT-6 c,0.03748162369149841,0.39753811588383686,0.09900090826519016,0.9999999999975429,13.0,0.5353901996370236,0.5448,6272.0,0.21
HD 20794 e,0.037428316225985504,0.48761029772809006,0.0757332905914259,0.17853376034446,2.03,0.5680580762250453,2.6513,5401.0,0.29
TOI-5301 b,0.03741062271764881,0.13318296740280364,0.09814607041724904,0.0,13.09208946,0.5226860254083484,429.794,6240.0,0.33
TOI-4465 b,0.03738919814120499,0.18356785014269722,0.07958006090718395,0.0,14.01122587,0.676950998185118,130.528,5545.0,0.24
HD 37605 c,0.0369237679030889,0.34648714473369213,0.07380990543354525,0.6860872724590052,13.1,0.4500907441016334,0.0431,5329.0,0.03
HD 191939 d,0.03687028062264972,0.3831710552836706,0.07431746540575669,1.3384774716801483e-263,2.995,0.10344827586206896,14.3,5348.0,0.031
Kepler-1395 b,0.03682766924244666,0.0,0.0,0.0,0.8,0.8511796733212342,730.531,6138.0,0.0
HD 86950 b,0.036792101494232204,0.3515586691174766,0.05981193567344123,2.1123633566339294e-15,13.0,0.5190562613430127,4.9065,4805.0,0.17
Kepler-1542 c,0.03676753549003888,0.0,0.0,0.0,0.65,0.7549909255898367,786.082,5564.0,0.0
Kepler-1536 b,0.0366848259282802,0.0,0.0,0.8945752536936123,3.14,0.32123411978221417,0.193,4434.0,0.0
Kepler-1209 b,0.03662898366320256,0.0,0.0,0.0,1.51,0.8366606170598911,63.246,6210.0,0.0
HD 50499 c,0.03655464973611105,0.0,0.0,0.6625557590462076,13.2,0.40290381125226865,0.0292,6099.0,0.0
HD 82943 c,0.03655062514023545,0.30310158484423055,0.0899983971790104,0.06420661692318048,13.4,0.2577132486388385,2.8285,5935.0,0.3663
Kepler-1635 b,0.03652154936900329,0.0,0.0,0.9904518350295045,3.64,0.26678765880217786,0.4,5347.0,0.0
HD 34445 d,0.036342552024920906,0.40368097385312274,0.0873537425869253,7.711163644441736e-78,6.07,0.1368421052631579,8.6625,5836.0,0.027
HD 65216 c,0.03633566475904811,0.21238638940979998,0.08136987765130886,0.649266610625264,13.4,0.26678765880217786,0.0214,5612.0,0.17
TOI-4603 b,0.03631221649392273,0.10686724095594126,0.09878719880322125,0.0,11.67975789,2.5589836660617062,1192.0,6264.0,0.325
HD 114783 b,0.03626699717525857,0.3138597881205876,0.06862745098037022,0.9951665436892959,13.7,0.1355716878402904,0.3152,5135.0,0.144
Kepler-603 c,0.036239609446340956,0.0,0.0,4.695190449463778e-81,6.5,0.12522686025408347,8.8,5808.0,0.0
Kepler-767 b,0.036218555238900364,0.0,0.0,5.870577108029742e-95,6.64,0.12159709618874774,9.365,5694.0,0.0
HD 290327 b,0.03619222614714289,0.3062543885200493,0.07851151359724333,0.7169865189229803,13.3,0.3266787658802178,0.0616,5505.0,0.08
HD 134060 b,0.03612613853759268,0.1349885318363932,0.09082652134421246,0.0,3.16,0.3194192377495463,730.4602,5966.0,0.45
HD 75898 b,0.03608313087297015,0.4199212461312585,0.09499385585294354,0.9999999996824398,13.2,0.35208711433756806,1.9945,6122.0,0.105
Kepler-1088 b,0.03603485456714164,0.0,0.0,0.0,1.42,0.9056261343012705,44.887,5975.0,0.0
Kepler-394 c,0.03602777937787164,0.0,0.0,0.0,1.66,0.7386569872958259,94.528,6402.0,0.0
HD 13931 b,0.03589579780537597,0.3800458661702134,0.08818186675212694,0.71301090788574,13.2,0.38656987295825773,0.0592,5867.0,0.02
HD 42012 b,0.03589034421560118,0.29611616905574234,0.07584014532241168,0.9057669799737628,13.5,0.20689655172413793,0.1927,5405.0,0.2
Kepler-1660 AB b,0.035884863553781426,0.41997210790039463,0.09988887107974778,3.927388875161319e-49,12.9,0.7368421052631579,7.2787,6305.24,0.05541
Kepler-364 b,0.035840159762391015,0.0,0.0,0.0,1.55,0.809437386569873,68.71,6108.0,0.0
HD 73344 d,0.03582253830994875,0.24830997025919074,0.09568841160439662,0.6820406898937845,13.2,0.35208711433756806,0.0407,6148.0,0.18
HD 180617 b,0.03570715302763888,0.44694707122548905,0.025858844900353346,0.9679233971959152,3.53,0.2776769509981851,0.2751,3534.0,0.101
HD 51608 c,0.03570066568931683,0.42293960286403015,0.07458460223324441,3.421482656763909e-07,3.87,0.24682395644283125,3.9287,5358.0,0.14
Kepler-1063 b,0.035647394926541724,0.0,0.0,0.0,1.49,0.852994555353902,54.93,5945.0,0.0
Kepler-132 d,0.03560307646048955,0.0,0.0,0.0,1.55,0.809437386569873,68.6,6003.0,0.0
Kepler-1982 b,0.03558841299711005,0.0,0.0,0.0,0.77,0.8330308529945554,638.38,6202.0,0.0
eps Eri b,0.03557640381998955,0.2338840821232223,0.06556552866375918,0.6649339714575008,13.8,0.1206896551724138,0.0306,5020.38,0.06
Kepler-1877 b,0.035536852887672395,0.0,0.0,0.0,0.624086,0.73502722323049,691.1,5615.0,0.0
HD 3167 e,0.03553385131752071,0.4268741206497418,0.0740503285782783,1.388410865125291e-06,3.97,0.23774954627949185,3.8357,5338.0,0.128
Kepler-296 c,0.03551528678775153,0.2963355662756442,0.031361863546502625,2.0908257702175272e-285,2.0,0.2177858439201452,14.8,3740.0,0.33
Kepler-394 b,0.035494769805214925,0.0,0.0,0.0,1.6,0.7767695099818512,164.78,6402.0,0.0
HD 60532 c,0.035349177489710344,0.4561568176231108,0.09827963883098388,4.3122037766589443e-07,13.3,0.3375680580762251,3.9142,6245.0,0.03
TOI-269 b,0.035339974725640905,0.28176790954912306,0.025324571245388967,0.0,2.77,0.41379310344827586,19.0,3514.0,0.425
HD 199509 b,0.035331569488277315,0.2684453566225921,0.08628572955064624,6.276150042749955e-12,7.43,0.10508166969147005,4.5393,5796.02,0.373
NGTS-39 b,0.03526252281824796,0.22412632608545352,0.09315061174331019,0.0,12.195371,0.2560798548094374,16.7057,6053.0,0.386
Kepler-118 c,0.03524410904918165,0.0,0.0,0.0,7.68,0.10054446460980038,21.409,5274.0,0.0
TOI-558 b,0.0352347078380783,0.15673249913214232,0.1041833627183652,0.0,12.17295304,0.6352087114337568,248.8554,6466.0,0.298
HIP 114933 b,0.03520674319696128,0.3544877835886575,0.06029278196290669,0.9999999932918877,13.4,0.2558983666061706,1.711,4823.0,0.21
Kepler-1513 b,0.03518018381749861,0.3463389651191284,0.07813752203876706,0.8092783440327821,8.594,0.23666061705989114,2.23,5491.0,0.306
HD 66428 c,0.03505614419537495,0.18395475890192367,0.08414810065713002,0.6367900571177983,13.5,0.2268602540834846,0.0141,5716.0,0.207
TIC 4672985 b,0.03498785595063063,0.41969655274166084,0.08524336164983065,2.776138560089674e-172,11.5004142,2.6497277676951,11.9376,5757.0,0.018
KOI-94 e,0.03494823931997453,0.31415132231606535,0.09659667681783353,0.0,6.56,0.1088929219600726,29.7,6182.0,0.019
Kepler-431 b,0.034926029454888714,0.0,0.0,0.0,0.764,0.8275862068965517,577.545,6004.0,0.0
TOI-677 b,0.03484891453381579,0.17079513302018468,0.09961532296839475,0.0,13.11450742,0.1733212341197822,37.6345,6295.0,0.46
HIP 4845 b,0.0347772282208271,0.38297864913513807,0.03857455788854252,0.02031108177275347,3.89,0.24319419237749548,2.9859,4010.0,0.25
Kepler-62 c,0.03473256338630168,0.0,0.0,0.0,0.54,6.064431606915689,28.489,4925.0,0.0
rho CrB c,0.0347189888879002,0.3746369593750558,0.08684618261470846,8.893535899102044e-108,5.68,0.14936479128856625,9.85,5817.0,0.048
HD 165155 b,0.034660313940539464,0.38510419382229627,0.07640113266013043,0.9999999999229696,13.2,0.397459165154265,0.5482,5426.0,0.2
Kepler-278 c,0.03463821370075425,0.2417784695113236,0.06408612491317299,0.0,3.268,0.9981851179673321,54.3,4965.0,0.616
K2-12 b,0.034633253814932694,0.17829844013344612,0.08297269861621212,0.0,2.44,0.29038112522686027,185.0,5672.0,0.5
WASP-18 b,0.034619249620000694,0.11325541464308776,0.10327509750493057,0.0,13.89913607,1.1978221415607986,5805.0,6432.0,0.0051
TIC 245076932 b,0.034573182446450024,0.14658251209031198,0.09520756531492489,0.0,10.87271128,0.13549909255898368,85.6018,6130.0,0.428
TOI-1410 c,0.03454512564346664,0.0,0.0,5.145538553487815e-09,5.63,0.15081669691470054,4.1841,4635.0,0.0
HD 190647 b,0.03453824996006953,0.33930268943490516,0.08254527969223531,0.9999999945495766,13.4,0.2613430127041742,0.3978,5656.0,0.224
HD 191939 f,0.03446535213467174,0.0,0.0,0.6929819265983168,13.2,0.397459165154265,0.0472,5348.0,0.0
Kepler-454 d,0.03443577649565774,0.2802157105606037,0.08337340385743229,0.686592555152466,13.3,0.3103448275862069,0.0434,5687.0,0.089
Gliese 12 b,0.03443278877992888,0.5784050653431287,0.02035582625420673,0.8910059857913014,0.93,1.161524500907441,1.62,3328.0,0.24
Kepler-20 g,0.03430815596787951,0.30278151326488345,0.07824437676975986,0.0,4.71,0.19056261343012706,16.2132,5495.0,0.15
HIP 10090 b,0.034303418800639356,0.3464040888960229,0.08267884810598108,0.7902396382191025,13.0,0.558983666061706,0.1074,5661.0,0.115
TOI-2406 b,0.034162517769278644,0.3411984531453087,0.014265106587592006,5.6845270327828793e-39,2.86,0.159198103466613,6.69,3100.0,0.17
HD 148156 b,0.034161331518812954,0.23160431935800094,0.09996260084411457,0.9886098766828078,13.9,0.10036297640653359,0.2965,6308.0,0.52
TOI-1898 b,0.03414828069933324,0.16614079991255612,0.09817278409998613,0.0,9.39553231,0.1542649727767695,51.0074,6241.0,0.485
Kepler-1169 b,0.034102424187516814,0.0,0.0,0.0,0.94,0.9346642468239565,348.046,6191.0,0.0
Kepler-1708 b,0.03409092586862561,0.35082503620345545,0.09592883474913302,0.9999999194246103,9.96,0.35325142159965195,0.561,6157.0,0.4
TYC 1422-614-1 c,0.03403684508857003,0.3825641698791175,0.059838649356195275,6.048344722228402e-172,12.5,1.6225045372050817,11.9278,4806.0,0.048
Kepler-328 c,0.03400580711760306,0.0,0.0,0.0,5.4,0.1088929219600726,22.025,6064.0,0.0
HD 133131 A b,0.03397628280598936,0.3025626934850079,0.08636533632523873,0.9999998694863438,13.6,0.17894736842105263,0.4642,5799.0,0.33
Kepler-1581 b,0.033958358557458226,0.0,0.0,0.0,0.8,0.8511796733212342,470.862,6022.0,0.0
Kepler-1050 c,0.03394899281888118,0.0,0.0,0.0,1.48,0.8584392014519058,40.644,6010.0,0.0
18 Del b,0.033936006766271294,0.4682896520898545,0.06448683015439866,1.859945026676426e-44,12.5,1.4936479128856626,7.0173,4980.0,0.024
HD 2952 b,0.03385196119280243,0.16279274134371163,0.06109419244535242,0.0,13.9,0.10580762250453721,46.9588,4853.0,0.269
HD 65216 b,0.03377569530122477,0.3041606840723071,0.08136987765130724,0.999999723260222,13.6,0.1631578947368421,0.4185,5612.0,0.27
Kepler-1050 b,0.033667469990532155,0.0,0.0,0.0,1.6,0.7767695099818512,62.025,6010.0,0.0
HD 113337 b,0.03356506003849218,0.32494772458264826,0.1124111770048344,1.9305937226730428e-08,13.1,0.4591651542649728,4.1073,6774.0,0.28
Kepler-1269 b,0.033541561143310854,0.0,0.0,0.0,1.63,0.7568058076225046,69.004,5998.0,0.0
Kepler-849 b,0.03350710068563652,0.49085742284165473,0.09039910242024042,0.05190189095275252,8.08167508,0.5607985480943739,2.86,5950.0,0.078
HD 221287 b,0.033444901810397054,0.4876455724408076,0.09985574611313439,0.9999999999698312,13.1,0.4355716878402904,1.0624,6304.0,0.08
Kepler-1661 b,0.033404098544252456,0.593325843563247,0.06769247208418462,0.99470705073796,3.87,0.29038112522686027,0.88,5100.0,0.057
WASP-186 b,0.033229269907630955,0.12121410197223523,0.10137842602979565,0.0,12.44199,0.6934664246823957,853.1355,6361.0,0.33
TOI-3919 b,0.03322126868305909,0.17226906629671163,0.09440615483248875,0.0,12.31866979,0.6588021778584392,184.322,6100.0,0.259
Kepler-365 c,0.03319755351183041,0.0,0.0,0.0,1.64,0.7531760435571688,66.87,6012.0,0.0
Kepler-379 b,0.033180623282350795,0.0,0.0,0.0,1.66,0.7386569872958259,90.346,6054.0,0.0
HD 117207 b,0.03317328319181273,0.28044115759698096,0.08457551958110512,0.748840818842934,13.4,0.2776769509981851,0.0811,5732.0,0.157
psi1 Dra B b,0.03309048869404521,0.23292030449112727,0.09739808730028353,0.7910060180756051,13.5,0.19782214156079858,0.1079,6212.0,0.4
Kepler-102 f,0.033081002642550636,0.40915840846979107,0.0625901586792768,6.593250381947603e-112,0.861,6.715063520871143,10.0,4909.0,0.1
Kepler-460 c,0.03302863949334209,0.0,0.0,2.198346035241144e-51,5.52,0.15480943738656988,7.4,6146.0,0.0
HD 191939 g,0.03302732923863697,0.65251749404336,0.07431746540576104,0.9909455173126269,3.74,0.2577132486388385,0.99,5348.0,0.03
HD 6718 b,0.032990833395508116,0.3456355249886725,0.08494951113958235,0.7641845505305702,13.3,0.32304900181488205,0.0907,5746.0,0.06
Kepler-27 c,0.032981181244244484,0.0,0.0,1.5337447562795397e-143,4.9,8.899772504548924,11.067,5400.0,0.0
HD 106315 c,0.03298104928814957,0.19979976409752034,0.10047016081634114,0.0,4.35,0.18330308529945555,97.0,6327.0,0.22
HD 216520 c,0.03296576201077228,0.5506967939822829,0.06777261313243049,0.9865528630848313,3.03,0.3375680580762251,1.2669,5103.0,0.12
Kepler-1998 b,0.03288061579396987,0.0,0.0,0.0,0.6,0.7205081669691471,468.31,5640.0,0.0
Kepler-1864 b,0.032873987088273875,0.0,0.0,0.0,0.75408365,0.8203266787658802,427.6,5854.0,0.0
HIP 107772 b,0.03269598412229933,0.47165973268540673,0.038467703157549375,0.9904518350295045,3.64,0.26678765880217786,1.163,4006.0,0.18
Kepler-145 b,0.03269383826120199,0.19832577350986022,0.09232248757813064,0.0,2.65,2.3593466424682394,154.705,6022.0,0.43
Kepler-1143 c,0.03268284172640186,0.0,0.0,0.9900510279728786,3.6,0.26860254083484575,0.568,5053.0,0.0
HIP 35173 b,0.03261598719491479,0.3852362490403997,0.061842175562308525,7.403620473198056e-36,3.61,0.26860254083484575,6.4967,4881.0,0.16
Kepler-508 b,0.03255881280911682,0.0,0.0,0.0,1.64,0.7531760435571688,60.372,6025.0,0.0
HD 135625 b,0.03255543968053322,0.2801432062662376,0.09282043062453926,0.7402683220948352,13.3,0.3103448275862069,0.0758,6040.64,0.16
HD 75784 b,0.032507954171417,0.30076432391086216,0.0614681840038283,2.909120394570471e-20,13.8,0.1206896551724138,5.3535,4867.0,0.097
Kepler-372 d,0.032446308628232085,0.0,0.0,0.0,1.69,0.7223230490018149,53.471,6509.0,0.0
HD 190360 c,0.03242737402529787,0.2117574139994914,0.07998076614839839,0.0,5.53,0.1544464609800363,69.1705,5560.0,0.163
Kepler-297 c,0.03239176223641482,0.0,0.0,9.287980267022585e-42,6.54,0.1500907441016334,6.86,5619.0,0.0
Kepler-1563 b,0.03236371898982267,0.0,0.0,0.0,0.75,0.8203266787658802,390.57,5765.0,0.0
GJ 1289 b,0.032363009248381924,0.0,0.0,0.7248792513104606,2.38,0.46460980036297644,0.0754,3296.0,0.0
K2-167 b,0.032349556217802236,0.1750982327049179,0.10001602820962939,0.0,2.36509493,0.5208711433756806,317.0,6310.0,0.48
Kepler-1445 b,0.03227954386374865,0.0,0.0,0.0,0.96,0.9473684210526315,248.548,6150.0,0.0
Kepler-1542 e,0.032267290613813254,0.0,0.0,0.0,0.76,0.823956442831216,369.999,5564.0,0.0
Kepler-431 c,0.032221225739873974,0.0,0.0,0.0,0.668,0.7658802177858439,415.545,6004.0,0.0
Kepler-887 b,0.03220708705238821,0.0,0.0,0.0,1.84,0.6460980036297641,109.842,6194.0,0.0
Kepler-520 b,0.03213076504681356,0.0,0.0,0.0,1.66,0.7386569872958259,59.77,6112.0,0.0
HD 108874 c,0.032102588897237105,0.24667300460310063,0.07974034300365866,0.839967554564395,13.8,0.11941923774954628,0.1412,5551.0,0.239
Kepler-1137 b,0.03206433484664281,0.0,0.0,0.0,2.2,0.5136116152450091,197.846,6807.0,0.0
Gl 49 b,0.032050343048046916,0.38232912944966485,0.033098252925143894,6.158430326494885e-29,2.24,0.49909255898366606,6.0291,3805.0,0.363
75 Cet c,0.03197460019665342,0.39111192151738366,0.05991879040442649,0.0006332061201160451,13.9,0.10762250453720508,3.3569,4809.0,0.023
KOI-134 b,0.03195808042329592,0.2094473920382445,0.09600897579737629,0.0,12.03844527,0.19782214156079858,45.0,6160.0,0.16
HD 196050 b,0.031849939471371824,0.37493369978875546,0.08850243094511148,0.9674889841833035,12.9,0.6932849364791288,0.2591,5879.0,0.2
TOI-2537 b,0.03184902401995562,0.26852820656201665,0.0615483250520778,3.203050966693806e-52,11.25381662,0.29038112522686027,7.4445,4870.0,0.364
Kepler-820 b,0.031831266355829536,0.0,0.0,0.0,6.09,0.13593466424682396,16.228,6260.0,0.0
HD 8574 b,0.03183085874788969,0.29804727446699397,0.09344446225354082,1.5654422618710274e-08,13.4,0.26678765880217786,4.1197,6064.0,0.3
HD 154857 c,0.03181869939623052,0.38760252662299743,0.08118288187207383,0.8656729996516866,13.2,0.35571687840290384,0.1601,5605.0,0.06
Kepler-769 c,0.031807863153344614,0.0,0.0,0.0,1.79,0.6715063520871144,86.761,6186.0,0.0
GJ 3341 b,0.03178311284628393,0.4115467123956577,0.025645135438368386,1.649424186011414e-05,2.46,0.4428312159709619,3.6578,3526.0,0.31
Kepler-1588 b,0.031777507927813364,0.0,0.0,0.0,0.76,0.823956442831216,359.79,5817.0,0.0
KIC 9663113 b,0.031739453254049185,0.0,0.0,0.0006355275346604317,4.6,0.1960072595281307,3.356,6065.0,0.0
HD 12484 b,0.03156247038202411,0.34407998131600886,0.08959769193779023,4.8808285726174075e-172,13.2,0.4101633393829401,11.9305,5920.0,0.07
PH1 b,0.03153037348755196,0.3471918014850665,0.10260725543620253,8.389775573606309e-134,6.18,0.1709356587701274,10.7524,6407.0,0.0702
K2-19 d,0.031519483466954996,0.15929244957234664,0.07437089277127877,0.0,1.044,5.626134301270418,404.0,5350.0,0.44
47 UMa d,0.031518205438625296,0.1834999521697315,0.08831543516586304,0.632681845835931,13.5,0.21052631578947367,0.0117,5872.0,0.16
GJ 9689 b,0.03147827360930692,0.37344458721014123,0.03392637709033998,5.624022529042143e-15,3.07,0.33212341197822143,4.8635,3836.0,0.29
HD 103197 b,0.03145620237311619,0.0,0.0,1.1638398823316974e-53,5.83,0.14392014519056262,7.52,5250.0,0.0
TOI-1422 b,0.03143562387909178,0.20920024030845935,0.08746059731792138,0.0,3.83,0.16878402903811254,90.5151,5840.0,0.2
Kepler-315 c,0.031415584502053825,0.0,0.0,0.9925956989459763,4.15,0.2250453720508167,1.722,5796.0,0.0
HS Psc b,0.03137242342502147,0.16630139456918763,0.04373029865896356,0.0,13.6,0.18330308529945555,64.4735,4203.0,0.27
TOI-159 b,0.03134789550530602,0.08394436132308307,0.12611529625470563,0.0,18.18,0.18511796733212343,1797.8272,7287.0,0.24
Kepler-1252 b,0.03134465768226463,0.0,0.0,0.0,1.67,0.73502722323049,57.579,5949.0,0.0
HD 222155 b,0.03131339383735897,0.29432162643028376,0.08374739541590731,0.8125552461735582,13.4,0.2413793103448276,0.1222,5701.0,0.16
BD+48 738 b,0.031308927320036074,0.16931410398305116,0.04936688571885156,0.0,13.9,0.1074410163339383,48.9779,4414.0,0.2
Kepler-30 c,0.0312639940754319,0.4401052799379514,0.07832451781800805,1.2811804515891984e-31,12.3,0.3411978221415608,6.217,5498.0,0.0111
TIC 172900988 b,0.031230301070913357,0.4914411207978801,0.09307047069507168,3.4854876575167027e-25,11.25,0.6606170598911071,5.7522,6050.0,0.0271
Kepler-1634 b,0.03115183177103611,0.0,0.0,0.987734015467762,3.19,0.31578947368421056,0.544,5474.0,0.0
Kepler-441 b,0.03113503458203857,0.5608133239214789,0.047390073195483454,0.8923205751897849,1.64,0.7531760435571688,0.21,4340.0,0.1
HD 89307 b,0.031116687315149234,0.2883812041349656,0.09053267083397458,0.8188871419525464,13.4,0.26678765880217786,0.1265,5955.0,0.2
HD 134987 b,0.031098513153343083,0.320998879751434,0.08468237431209832,0.10957247872584003,13.5,0.20689655172413793,2.7435,5736.0,0.23
Kepler-1629 b,0.03106138160538556,0.0,0.0,0.0,0.77,0.8330308529945554,315.457,5776.0,0.0
Kepler-1737 b,0.031056616806633575,0.0,0.0,2.5784480871328012e-17,5.395,0.15934664246823957,5.09,5043.0,0.0
Kepler-176 d,0.03099579214861034,0.0,0.0,4.25084e-319,2.51,0.1088929219600726,15.536,5232.0,0.0
HD 109271 c,0.03098936348111717,0.23259156641195836,0.08593791740126817,0.0,5.27,0.16460980036297643,52.058,5783.0,0.15
TOI-1272 b,0.03090110575398628,0.1910502851798449,0.06462039856813331,0.0,4.26,0.3121597096188748,120.595,4985.0,0.345
Kepler-132 e,0.03088837008226832,0.0,0.0,5.897013019032152e-30,1.18,1.0689655172413792,6.1,6023.0,0.0
Kepler-867 b,0.030883938561125437,0.0,0.0,0.12498411410348305,4.64,0.1941923774954628,2.72,5541.0,0.0
TOI-813 b,0.030872284666221453,0.0,0.0,0.0,6.71,0.12014519056261344,23.1,5907.0,0.0
HATS-44 b,0.03078832866335925,0.11438236469604966,0.06715819842921564,0.0,11.960003,0.1016333938294011,306.417,5080.0,0.279
Kepler-444 d,0.03077474311148027,0.2769522508469185,0.06624993321578718,0.0,0.53,1.4337568058076227,109.638,5046.0,0.18
Kepler-1963 b,0.030726339881381407,0.0,0.0,0.0,0.74437023,0.8148820326678766,612.3,5726.0,0.0
Kepler-943 b,0.030719708813736736,0.0,0.0,2.125364294877912e-116,5.93,0.14101633393829402,10.16,5612.0,0.0
HD 64114 b,0.030714357994475947,0.3423978215221265,0.08307955334720148,5.5429208584751974e-176,4.41,0.20689655172413793,12.0441,5676.0,0.12
Kepler-1600 b,0.030709329877425712,0.0,0.0,0.9872472962001837,3.13,0.32304900181488205,0.4,5214.0,0.0
HD 32963 b,0.03068550660278788,0.3335682094099756,0.08444195116736365,0.778177490742981,13.4,0.2722323049001815,0.0996,5727.0,0.07
61 Vir c,0.030681873515822158,0.31085707053761336,0.08043489875512048,0.0,4.46,0.20508166969147004,16.9856,5577.0,0.14
LSPM J2116+0234 b,0.030603767426001783,0.41420075661008826,0.024282737618204087,0.22770076941893325,3.71,0.2595281306715064,2.6063,3475.0,0.183
Kepler-347 c,0.030565266866037832,0.0,0.0,0.0,1.75,0.6896551724137931,65.707,6088.0,0.0
Kepler-48 f,0.030564482540541855,0.23831892016719972,0.0700967035315238,0.6395252375619412,13.8,0.11324863883847551,0.0157,5190.0,0.015283
Kepler-11 e,0.030526237746458358,0.3253433470364199,0.08273227547146947,0.0,4.19,0.10526315789473684,32.34,5663.0,0.012
Kepler-1285 b,0.030516101417634393,0.0,0.0,0.0,0.97,0.9509981851179674,181.591,6170.0,0.0
Kepler-1654 b,0.03040970186587268,0.32896413305781885,0.08096917241008457,0.9900407597808688,9.180171,0.2177858439201452,0.3,5597.0,0.26
Kepler-1397 b,0.03039764381869203,0.0,0.0,0.0,1.72,0.7078039927404719,58.103,6026.0,0.0
Kepler-197 e,0.030380603791028346,0.3029954805413231,0.09184164128865367,0.0,0.91,0.9165154264972777,57.941,6004.0,0.38
K2-138 g,0.03034685895852803,0.4097269190364258,0.07453918897257021,4.483923900667932e-93,3.013,0.1633393829401089,9.29,5356.3,0.059
GJ 876 b,0.030332328593659426,0.42830632589267104,0.019440615483247707,0.9835980400945379,13.3,0.30671506352087113,0.2857,3293.74,0.0324
Kepler-1235 b,0.030331065743879976,0.0,0.0,0.0,0.79,0.8457350272232306,265.325,5541.0,0.0
Kepler-19 c,0.030317529076298137,0.29426503095931345,0.0795533472244285,0.0,3.68,0.2613430127041742,22.1608,5544.0,0.21
HD 148427 b,0.0302796425224066,0.3065232641892539,0.06568894587805973,3.06122408865806e-15,13.7,0.14791288566243194,4.8905,5025.0,0.12
Kepler-436 b,0.030209516327980298,0.5024940869319247,0.05569802853020172,0.9839027353525017,2.73,0.38656987295825773,1.69,4651.0,0.19
Kepler-1994 b,0.03019665998028834,0.0,0.0,0.0,0.51,0.6533575317604357,268.27,5495.0,0.0
TOI-1064 c,0.03019034913854335,0.30824483250134027,0.05791526419830656,0.0,2.651,0.14009183303085299,26.8,4734.0,0.088
Kepler-700 b,0.030126349110712693,0.0,0.0,6.384994281286648e-177,5.99,0.13920145190562613,12.071,5692.0,0.0
HAT-P-56 b,0.030107706078756014,0.06887915023492068,0.10685473099318345,0.0,16.92559,0.13611615245009076,3515.0,6566.0,0.29
Kepler-362 b,0.030043952657869754,0.0,0.0,0.0,0.88,0.9001814882032668,207.336,5788.0,0.0
Kepler-296 b,0.03002981526399203,0.4050845567750219,0.031361863546504755,6.19680494449587e-36,1.61,0.544464609800363,6.5,3740.0,0.33
K2-24 b,0.02990586131505544,0.2591959937877634,0.08441523748461285,0.0,5.638,0.11470054446460981,52.0,5726.0,0.0498
TOI-782 b,0.029904174718023247,0.367833358040607,0.02147780092963273,2.626831339329986e-27,2.734,0.223125510576264,5.91,3370.0,0.19
Kepler-48 e,0.02986559321763916,0.3385669669933194,0.07020355826252314,0.8419294611366567,13.4,0.2722323049001815,0.1426,5194.0,0.003142
Kepler-1617 b,0.029853467905276987,0.0,0.0,0.0,1.2,1.0798548094373865,64.689,6167.0,0.0
Kepler-1633 b,0.029812956498609808,0.0,0.0,0.0,1.58,0.7894736842105263,26.258,6256.0,0.0
Kepler-270 c,0.029749927663297194,0.0,0.0,0.0,1.77,0.6805807622504537,62.241,6067.0,0.0
HIP 14810 c,0.02965375272722328,0.3218874303255648,0.07955334722442453,0.002084476756873873,13.6,0.16515426497277677,3.2423,5544.0,0.1566
Kepler-1965 b,0.0296453659476742,0.0,0.0,1.2450994555329172e-242,1.35415138,0.9637023593466424,13.8,5852.0,0.0
Kepler-1435 b,0.02950975783350961,0.0,0.0,0.0,0.86,0.8874773139745916,893.886,6356.0,0.0
Kepler-138 e,0.02944916463575844,0.6582392830150487,0.03405994550408371,0.7898023935363627,0.797,0.8475499092558983,1.73,3841.0,0.112
HIP 63242 b,0.02944679073112537,0.18521098955777307,0.06047977774215507,0.0,12.5,1.4900181488203268,133.6297,4830.0,0.23
Teegarden's Star c,0.0293732295202151,0.7297236690455837,0.012502003526205941,0.89411491956246,1.02,0.987295825771325,0.35,3034.0,0.04
Kepler-281 d,0.029327193864210867,0.0,0.0,0.3533133283530506,5.93747806,2.2323049001814885,2.51,5717.0,0.0
HD 174205 b,0.029322214629131194,0.17754600892538078,0.04653523534753917,0.0,13.0,0.6061705989110707,82.699,4308.0,0.4
Kepler-783 b,0.029321111051303493,0.0,0.0,0.0,0.78,0.838475499092559,229.104,5521.0,0.0
TOI-150.01,0.029287271219084775,0.11368445443264803,0.09854677565846962,0.0,14.067295,0.30490018148820325,750.922,6255.0,0.262
EPIC 249893012 d,0.029274599996254234,0.2417228145984348,0.07650798739112045,0.0,3.94,0.16515426497277677,53.0,5430.0,0.15
Kepler-1093 b,0.029224754305571227,0.0,0.0,0.0,1.95,0.6007259528130672,98.8,6166.0,0.0
GJ 422 b,0.02921387382975738,0.5217382873787809,0.02022225784046299,0.9887309170598549,3.33,0.29945553539019965,0.8928,3323.0,0.11
K2-285 d,0.029202910069293105,0.0,0.0,0.0,2.48,0.10173483963972313,24.61,4975.0,0.0
Kepler-221 e,0.029085942174100078,0.0,0.0,0.0,2.63,0.10344827586206896,25.156,5243.0,0.0
Kepler-37 c,0.029023825763132793,0.4005753193074482,0.07455788855051113,0.0,0.755,2.722323049001815,23.9,5357.0,0.099
TOI-5688 A b,0.028999691901354402,0.19012476912796666,0.030640594112297193,0.0,10.3,0.11070780399274048,50.3,3713.0,0.128
Kepler-1689 b,0.02894749356466105,0.0,0.0,0.0,0.94678642,0.9382940108892922,149.3,5731.43,0.0
HAT-P-21 b,0.02886737491499159,0.14688222199717174,0.08072874926536125,0.0,12.44199,0.6594883847549909,459.542,5588.0,0.23
TOI-5261 b,0.02883542924011399,0.1864498618384248,0.08612491318052524,0.0,11.60129502,2.341197822141561,159.592,5790.0,0.1585
BD+15 2940 b,0.028761004259701062,0.11522033409420691,0.05957151252870183,0.0,13.7,0.1368421052631579,352.2269,4796.0,0.26
Kepler-276 d,0.02873625414596862,0.0,0.0,3.5090916329295724e-150,2.8,0.13793103448275862,11.274,5693.0,0.0
Kepler-1283 b,0.028729725617812084,0.0,0.0,0.0,1.91,0.617059891107078,80.34,6175.0,0.0
HIP 39330 b,0.028716291683199176,0.2706712881473467,0.08500293850507572,0.687602734287926,13.5,0.2159709618874773,0.044,5748.0,0.078
TOI-4773 b,0.0287162459762384,0.125477251622362,0.11150291179139801,0.0,15.22179579,0.47731397459165154,3879.8071,6740.0,0.024
TOI-3785 b,0.028700919878928983,0.2648139093526441,0.026980819575780527,0.0,5.14,0.11070780399274048,19.1,3576.0,0.11
Kepler-1130 d,0.02866994015277205,0.0,0.0,0.0,0.64472273,0.7513611615245008,221.4,5450.0,0.0
HD 121504 b,0.028669010276659898,0.33200308393747036,0.09245605599185219,3.0767598970234463e-260,13.6,0.19056261343012706,14.2224,6027.0,0.03
HD 50499 b,0.02861075988559279,0.27372142835026747,0.09445958219797206,0.8680321929098793,13.5,0.21052631578947367,0.1619,6102.0,0.266
HD 27631 b,0.028538817331996428,0.27263272623277396,0.08470908799484439,0.7528600735095605,13.5,0.20145190562613433,0.0836,5737.0,0.141
HD 221585 b,0.028533012553132387,0.3748237387881693,0.08158358711329529,0.9999999574832013,13.5,0.20689655172413793,0.4965,5620.0,0.123
HD 16417 b,0.028505492885414985,0.184709896510083,0.0874873110006703,0.0,5.0,0.1764065335753176,141.5514,5841.0,0.2
HD 99283 b,0.02845727097488851,0.17002384673406368,0.061975743976046715,0.0,13.8,0.11705989110707805,55.3069,4886.0,0.2
Kepler-1868 b,0.0283954207651775,0.0,0.0,0.9876449524050235,3.14950109,0.32304900181488205,0.5,4658.0,0.0
Kepler-967 c,0.028317816260778925,0.0,0.0,0.9904173305246747,3.65,0.26497277676951,1.05,5178.0,0.0
Kepler-1318 b,0.02827884974836239,0.0,0.0,0.9871938132066876,3.11,0.3266787658802178,0.492,4598.0,0.0
Kepler-61 b,0.028257630380671035,0.5070511566953038,0.03876155366778283,0.9763946767221526,2.15,0.5281306715063522,1.69,4017.0,0.25
Kepler-208 e,0.028249044279873726,0.0,0.0,0.0,1.48,0.8584392014519058,106.345,6092.0,0.0
Kepler-403 c,0.028211793442286554,0.0,0.0,0.0,1.75,0.6896551724137931,45.154,6090.0,0.0
Kepler-11 f,0.028205472286542355,0.4040475674397983,0.08273227547147037,0.0,2.49,0.12522686025408347,19.53,5663.0,0.013
Kepler-1558 b,0.028198880705950235,0.0,0.0,0.0,0.68,0.7731397459165155,189.886,5101.0,0.0
HAT-P-49 b,0.028186040676459304,0.0,0.0,0.0,17.82231,0.13611615245009076,4392.03,6820.0,0.0
Kepler-14 b,0.028144064854775774,0.17221657217496575,0.10228669124324287,0.0,12.733,1.2885662431941924,1029.51,6395.0,0.035
Kepler-387 c,0.028123208034293,0.0,0.0,0.0,0.89,0.9056261343012705,144.963,5774.0,0.0
HD 28109 c,0.028085329350561468,0.290712552711739,0.09678367259707281,0.0,4.13,0.12704174228675136,29.9535,6189.0,0.0039
Kepler-1417 b,0.028075636866628128,0.0,0.0,0.0,1.0,0.9691470054446462,114.332,5839.0,0.0
Kepler-522 b,0.028027019837203133,0.0,0.0,0.0,6.91,0.11542649727767695,63.855,6392.0,0.0
TOI-2373 b,0.028018216432476633,0.23401035452778718,0.08241171127851182,0.0,10.42435205,2.6134301270417426,69.8726,5651.0,0.112
Kepler-444 c,0.027974293302722834,0.2264120590085784,0.06624993321578317,0.0,0.497,0.6442831215970962,165.73,5046.0,0.31
HD 10180 e,0.027964140109333867,0.3301678474687525,0.08935726879304896,0.0,5.39,0.15989110707803994,20.4541,5911.0,0.051
Kepler-1466 b,0.02795293133014027,0.0,0.0,0.0,1.55,0.809437386569873,21.875,5884.0,0.0
Kepler-1527 b,0.02787278981298724,0.0,0.0,1.9797524855293235e-59,4.77,0.1869328493647913,7.813,6224.0,0.0
HD 164922 c,0.027835883771940562,0.41033974619686886,0.07543944008119052,1.05848201660672e-32,3.66,0.26497277676951,6.29,5390.0,0.12
Kepler-970 b,0.027829221205863376,0.3354591111534234,0.046054389058067656,6.147501116247208e-145,2.609,0.4101633393829401,11.111,4290.0,0.34
Barnard e,0.02781180986369891,0.6946092936065785,0.01680290644868218,0.31089050294895787,0.637,0.7441016333938294,2.4456,3195.0,0.04
Kepler-271 d,0.027766502685351968,0.0,0.0,0.0,0.66,0.7604355716878404,189.343,5555.0,0.0
Kepler-452 b,0.02776129229759108,0.0,0.0,0.964576043831692,1.63,0.7568058076225046,1.1,5757.0,0.0
Kepler-271 c,0.027738555581744578,0.0,0.0,0.0,0.95,0.9401088929219601,119.631,5555.0,0.0
HD 108874 b,0.027725740505785093,0.38934246897255936,0.08104931345832879,0.9999998694863438,13.6,0.17894736842105263,0.923,5600.0,0.13
GJ 3293 d,0.027698598222372917,0.5308376939327513,0.024042314473469984,0.9832441011844728,2.67,0.397459165154265,0.59,3466.0,0.12
Kepler-1130 b,0.027681112646090453,0.0,0.0,0.0,0.8,0.8511796733212342,162.65,5403.0,0.0
Kepler-289 c,0.027678090557725042,0.0,0.0,3.724942569335822e-15,11.23,0.11978221415607987,4.882,5990.0,0.0
Kepler-1890 b,0.027664083469290328,0.0,0.0,0.0,0.86867375,0.8929219600725953,493.0,6046.0,0.0
HD 13808 c,0.02764454157258241,0.4184910182298257,0.06595608270554687,1.0513693121029065e-23,3.13,0.32304900181488205,5.6365,5035.0,0.156
HD 154345 b,0.02763137971584967,0.2521017033394378,0.07752310733555101,0.672231424091188,13.7,0.14627949183303088,0.0349,5468.0,0.058
Kepler-186 f,0.027603158562652094,0.7182543234367079,0.03176256878773023,0.927429800539753,1.17,1.0653357531760437,0.3,3755.0,0.04
Kepler-372 c,0.027599116280040675,0.0,0.0,0.0,2.09,0.5480943738656987,91.881,6509.0,0.0
HD 147513 b,0.02753752996943119,0.3137447597625216,0.08860928567609411,0.9999995081657959,13.7,0.14936479128856625,0.5609,5883.0,0.26
HAT-P-6 b,0.027529766283831688,0.0,0.0,0.0,16.58932,0.10127041742286752,1099.44,6570.0,0.0
Kepler-342 c,0.027422058703417813,0.0,0.0,0.0,1.96,0.5952813067150635,77.29,6175.0,0.0
K2-10 b,0.027408391679801466,0.25904135896475544,0.07925949671420077,0.0,3.773,0.4283121597096189,42.1,5533.0,0.31
HD 12661 c,0.027387466007202262,0.4261899718020118,0.08500293850508049,0.8465150994200079,13.2,0.39019963702359345,0.1459,5748.0,0.031
Kepler-1391 b,0.02733058798238366,0.0,0.0,0.0,1.68,0.7277676950998185,33.335,5840.0,0.0
HD 10442 b,0.027286914222086827,0.3592073513005314,0.06267029972750278,0.9999999096228023,13.6,0.1869328493647913,0.5054,4912.0,0.132
Kepler-31 c,0.027267417005668877,0.0,0.0,0.0,5.3,0.132486388384755,35.254,6340.0,0.0
Kepler-1611 b,0.027256655066705347,0.0,0.0,0.0,0.81,0.8584392014519058,146.22,5605.0,0.0
Kepler-1952 b,0.02722896824685464,0.0,0.0,0.0,1.23923346,1.0852994555353903,65.27,5973.0,0.0
K2-32 d,0.027228746942575165,0.37440126569903015,0.07226051183414078,2.3095948143880177e-285,3.484,0.15789473684210528,14.8,5271.0,0.05
TRAPPIST-1 g,0.027215854822172425,0.5477511434641025,0.0,0.8770057653932912,1.129,0.9176018148820326,0.252,2566.0,0.00208
Kepler-643 b,0.02720768611249831,0.1442585563767288,0.0625634449965147,0.0,10.16,0.30490018148820325,211.711,4908.0,0.37
HAT-P-11 b,0.027181313914615684,0.1956015771958823,0.055751455895697216,0.0,4.36,0.21270417422867513,100.77,4653.0,0.251
Kepler-141 b,0.027111016775973776,0.0,0.0,0.0,0.69,0.7803992740471869,228.663,4910.0,0.0
Kepler-46 b,0.02705811967386512,0.421697854353877,0.069161724635354,2.5011305087932876e-138,9.057,2.540834845735027,10.9,5155.0,0.01
HIP 10090 c,0.02702834758586173,0.3052191409257861,0.08267884810597105,0.9999935124372277,13.9,0.10036297640653359,1.9857,5661.0,0.188
tau Boo b,0.027014265384881057,0.17279783032651624,0.10419057541271133,0.0,12.8,0.8983666061705989,1333.7826,6466.27,0.011
Kepler-443 b,0.026965100422017666,0.6106126934378148,0.05762141368807971,0.9791717623373939,2.33,0.4754990925589837,0.86,4723.0,0.11
TOI-2010 b,0.026880169517041787,0.32271605648630997,0.08983811508252053,2.581267741096626e-08,11.81426566,0.24682395644283125,4.09,5929.0,0.212
HD 190007 b,0.02686285474565818,0.2951139630739411,0.05460276753752034,0.0,4.06,0.23049001814882034,24.6845,4610.0,0.136
Kepler-858 b,0.02679401776494161,0.0,0.0,2.027610461140374e-33,4.87,0.18148820326678766,6.338,5653.0,0.0
Kepler-1928 b,0.026754683377394506,0.2853215055166258,0.08425495538813406,0.0,1.992,0.5843920145190563,37.8,5720.0,0.43
Kepler-1472 b,0.026718876401455562,0.0,0.0,0.0,1.9,0.6206896551724138,57.079,6159.0,0.0
TOI-3235 b,0.026705836928378163,0.31088114815055673,0.021980018165300052,3.031981237208282e-246,11.39953337,0.1415607985480944,13.8883,3388.8,0.029
Kepler-444 b,0.02668845271285464,0.23033839831875705,0.06624993321578261,0.0,0.403,0.5698729582577133,225.735,5046.0,0.16
HD 5608 b,0.026661455110152717,0.31300315896274006,0.05986536303893152,3.2705900463185104e-11,13.7,0.14392014519056262,4.4568,4807.0,0.11
WASP-185 b,0.02662899916226761,0.10204530143265225,0.08906341828281777,0.0,14.01125,0.11978221415607987,662.3252,5900.0,0.24
Kepler-82 f,0.02662420943055895,0.34316040009464277,0.07573329059141942,4.513634029145884e-24,4.84,0.18330308529945555,5.6657,5401.0,0.0014
Kepler-262 c,0.026589221845480467,0.0,0.0,0.0,1.64,0.7531760435571688,25.26,5841.0,0.0
HAT-P-31 b,0.026579079309161723,0.12289578308284832,0.09347117593629548,0.0,12.21781,0.39564428312159716,746.9025,6065.0,0.25
Kepler-1308 b,0.02655948887899134,0.0,0.0,0.0,0.52,0.662431941923775,58.108,3468.0,0.0
Kepler-1086 c,0.026487396220811452,0.0,0.0,0.9859267480524068,2.94,0.35208711433756806,0.519,4350.0,0.0
Kepler-1636 b,0.02644388830847804,0.0,0.0,0.9879689107023272,3.23,0.3103448275862069,1.217,5797.0,0.0
HD 96063 b,0.026398104734476305,0.25527737545984436,0.06555537746431891,1.2780554957016632e-120,13.7,0.15662431941923777,10.3076,5020.0,0.17
K2-7 b,0.026379120732095435,0.1983717652636968,0.08372068173316265,0.0,4.03523305,0.23230490018148822,125.0,5700.0,0.24
TOI-5573 b,0.026330104472398124,0.27958368022183944,0.03269754768391582,7.042567020539313e-208,9.75,0.11996370235934666,12.92,3790.0,0.072
Kepler-1583 b,0.026319719284916325,0.0,0.0,0.0,0.6,0.7205081669691471,124.307,5645.0,0.0
TOI-1710 b,0.02629185864467835,0.300844020137508,0.08572420793928066,0.0,5.06,0.14519056261343014,33.0,5775.0,0.05
HD 147873 c,0.02624281936870753,0.33409465815226963,0.09098680344069873,0.002164579849880438,13.3,0.3103448275862069,3.2385,5972.0,0.23
Kepler-404 c,0.02621662046517704,0.0,0.0,0.0,1.72,0.7078039927404719,33.153,5654.0,0.0
Kepler-544 b,0.026215768152603725,0.0,0.0,0.0,2.12,0.5372050816696915,126.031,6206.0,0.0
gam Psc b,0.02618240093547068,0.19908103019799295,0.058128973660294014,0.0,13.6,0.16878402903811254,33.5227,4742.0,0.204
Kepler-1349 b,0.026174679898935557,0.0,0.0,0.0,0.7,0.7876588021778584,1862.33,6086.0,0.0
TRAPPIST-1 f,0.026164895421768322,0.7482264105965557,0.0,0.8897183393112479,1.045,0.9115978221415607,0.373,2566.0,0.01007
Kepler-50 c,0.02616017354510842,0.0,0.0,0.0,2.17,1.6786230490018148,388.444,6225.0,0.0
HD 188015 b,0.026073873006045297,0.3838128605672461,0.0849495111395799,0.9999999167728402,13.6,0.18874773139745918,0.7914,5746.0,0.137
Kepler-1424 b,0.0260705063227297,0.0,0.0,0.0,1.16,1.0544464609800364,58.6,5838.0,0.0
TOI-3135 b,0.02603442779212388,0.11126855876807037,0.08879628145533507,0.0,13.65253849,0.12704174228675136,464.0,5890.0,0.24
GJ 682 b,0.026028183269653747,0.5667913091145789,0.012341721429715664,0.9669535438823785,1.93,0.6098003629764065,0.3125,3028.0,0.08
K2-14 b,0.026012204079537422,0.3320189918951628,0.032670834001168596,2.878601134208682e-63,4.81,0.18511796733212343,8.0,3789.0,0.14
Kepler-1243 b,0.026004313366067247,0.0,0.0,0.0,1.75,0.6896551724137931,36.162,5667.0,0.0
TRAPPIST-1 d,0.02597521424848997,0.787407575820232,0.0,0.7738959149707664,0.788,0.7925197822141561,1.115,2566.0,0.00837
HD 99492 b,0.025943273161072866,0.33523462323638,0.0631244323342245,0.0,5.44,0.15789473684210528,23.2671,4929.0,0.034
alf Ari b,0.02593362032350707,0.18098941259074902,0.05308008762086802,0.0,13.4,0.23774954627949185,59.6537,4553.0,0.25
HD 238090 b,0.025920562560593472,0.36430345514671686,0.036517604316925655,2.2469740207386276e-65,2.52,0.4301270417422868,8.1,3933.0,0.3
HD 9174 b,0.025912991260595156,0.34965086073655,0.08043489875511589,0.9999990517402108,13.7,0.1368421052631579,0.4979,5577.0,0.12
Proxima Cen d,0.025896567763280157,0.0,0.0,0.7254078780034994,0.692,0.7822141560798548,1.814,2900.0,0.0
Kepler-341 d,0.025860889238041536,0.0,0.0,0.0,1.85,0.6424682395644283,45.423,6012.0,0.0
HIP 38594 b,0.02585036110213335,0.5178905794460813,0.04061281188223871,0.9842932481919737,2.77,0.3793103448275862,1.3216,4086.3,0.17
HD 21693 c,0.025837873576696677,0.39434215290995134,0.07650798739112114,1.4185540089873658e-92,4.34,0.21234119782214156,9.2712,5430.0,0.07
TOI-6420 b,0.025812196269644587,0.2393942535254331,0.09226906021263077,0.0,11.93756445,1.5245009074410165,106.619,6020.0,0.078
Kepler-795 b,0.025739750913985397,0.0,0.0,0.0,1.68,0.7277676950998185,28.9,5631.0,0.0
HD 118203 b,0.0257077246340793,0.1192793474505606,0.08484265640859437,0.0,12.778238,0.32486388384754994,593.4,5742.0,0.3136
TOI-5344 b,0.02567448506546968,0.2303898074505822,0.03154885932573913,0.0,10.60369574,0.10961887477313975,38.0,3747.0,0.054
TOI-5153 b,0.025672463388039617,0.2682259557391674,0.09974889138214663,0.0,11.88151954,0.6152450090744103,49.5559,6300.0,0.091
XO-2 S c,0.025627552139807504,0.32455751693507423,0.0737030507025486,0.0006311496719022342,13.6,0.17386569872958257,3.3572,5325.0,0.149
HD 185269 b,0.025608115778219365,0.09886720041915048,0.0896778329860288,0.0,13.8,0.12177858439201453,832.9821,5923.0,0.229
HD 163607 c,0.0256033367375548,0.4233191081846357,0.07896564620396478,0.9999999982039907,13.3,0.2958257713248639,0.4605,5522.0,0.08
Kepler-126 d,0.025602915340394355,0.49372360825006545,0.09811935673451262,1.55771983076331e-281,2.5,3.3391793103448277,14.714,6239.0,0.02
HD 20781 e,0.02558911580123848,0.4811827793582978,0.07185980659291848,5.917114211158073e-10,3.83,0.2486388384754991,4.3043,5256.0,0.06
HD 82943 b,0.025580619674776914,0.3856975835199603,0.08999839717900852,0.9999999710863154,13.5,0.2159709618874773,1.117,5935.0,0.162
TOI-4588 b,0.025451183641655186,0.0,0.0,0.0,2.92922558,0.35390199637023595,2310.43,7746.12,0.0
Kepler-204 c,0.0254419754420591,0.0,0.0,0.0,1.79,0.6715063520871144,36.886,5812.0,0.0
K2-419 A b,0.02543099833945342,0.39983483964097954,0.030587166746801075,0.0011592190707693556,10.55,0.1662431941923775,3.3,3711.0,0.042
Kepler-370 c,0.025420634491739962,0.0,0.0,0.0,1.91,0.617059891107078,54.197,5852.0,0.0
TOI-5916 b,0.025376789234757786,0.2090811537902405,0.027969225837468487,0.0,11.35469745,0.1560798548094374,51.7,3613.0,0.09
TOI-3523 A b,0.02537461003526008,0.0972053207414694,0.10375594379437897,0.0,15.9727975,0.10653357531760435,2590.0,6450.0,0.047
Kepler-390 b,0.025372247924526626,0.0,0.0,0.0,0.82,0.8620689655172414,99.972,5166.0,0.0
HD 169830 b,0.025277164017655847,0.27906929769201205,0.09974889138214083,4.173923911306083e-60,13.2,0.3484573502722323,7.8465,6300.0,0.294
BD+45 564 b,0.02527076423738778,0.3670798147979818,0.06512795854034541,0.9999998132090895,13.6,0.17132486388384754,0.579,5004.0,0.12
TOI-778 b,0.025265913836929412,0.11165053645551569,0.10891168456480585,0.0,15.4,0.23593466424682397,734.672,6643.0,0.21
TOI-2443 b,0.025247440794068838,0.3317064626586106,0.04832505209167246,2.723634123164167e-222,2.363,0.3629764065335753,13.2931,4375.0,0.301
Kepler-1580 b,0.025243601538260847,0.0,0.0,0.0,2.11,0.5408348457350273,83.088,6228.0,0.0
TOI-1899 b,0.0252262797748943,0.38931624614554905,0.03633060853768437,0.00039366613094242404,11.09689089,0.1542649727767695,3.4,3926.0,0.044
HIP 54373 c,0.025225998644069804,0.367027127589184,0.038868408398774326,3.899694055930716e-30,3.57,0.2722323049001815,6.1142,4021.0,0.2
DMPP-1 b,0.025195608864196407,0.20765405595584757,0.096970668376316,0.0,4.26,0.2159709618874773,103.0711,6196.0,0.2
Kepler-339 d,0.02518108341049579,0.0,0.0,0.0,1.17,9.147005444646098,58.651,5631.0,0.0
TOI-2145 b,0.025169255513028267,0.1516891116832718,0.09723780520381185,0.0,12.24020692,0.9691470054446462,515.939,6206.0,0.214
Kepler-1375 b,0.025104952447947127,0.0,0.0,0.0,1.74,0.6969147005444646,2948.362,6704.0,0.0
Kepler-747 b,0.025075783322627363,0.0,0.0,2.984604122777769e-117,5.27,0.16424682395644286,10.19,5096.0,0.0
Kepler-310 b,0.02507190208545517,0.0,0.0,0.0,1.19,1.0707803992740472,45.97,5797.0,0.0
CoRoT-9 b,0.025062045777183645,0.3335959271163414,0.08171715552703593,0.00023864186770584874,11.948794,0.1560798548094374,3.444,5625.0,0.133
HD 95089 b,0.02505481292470625,0.2884194864532381,0.06283058182399275,1.670803007851442e-49,13.7,0.15535390199637023,7.2989,4918.0,0.119
Kepler-149 d,0.025037831167582538,0.0,0.0,0.4476343541985052,3.96,0.23956442831215974,2.446,5381.0,0.0
Kepler-1306 b,0.02503329844515908,0.0,0.0,0.0,1.91,0.617059891107078,52.146,5727.0,0.0
Kepler-214 c,0.02502138703627008,0.0,0.0,0.0,2.13,0.5353901996370236,87.244,6169.0,0.0
Kepler-1396 b,0.02498187943038093,0.0,0.0,0.0,2.07,0.5553539019963702,71.816,6195.0,0.0
WASP-180 A b,0.02497994077175189,0.0,0.0,0.0,13.89916,0.11070780399274048,918.3877,6600.0,0.0
WASP-136 b,0.024970916573385023,0.0,0.0,0.0,16.81347105,0.10590326678765881,1843.4633,6250.0,0.0
gam Lib b,0.024940260377925537,0.1900011864886863,0.06178874819680947,0.0,13.7,0.13883847549909256,45.374,4879.0,0.16
Kepler-62 f,0.024898980310459253,0.0,0.0,0.9980654584419072,1.41,2.9807262832022547,0.5,4925.0,0.0
K2-321 b,0.024858927368828054,0.2389946611395233,0.031629000373988345,0.0,2.05124347,0.5607985480943739,68.5516,3750.0,0.44
Kepler-1647 b,0.024856530896974902,0.4676177545207749,0.09734465993479106,0.9999999786424383,11.8739,0.2885662431941924,0.5956,6210.0,0.0581
Kepler-1280 b,0.024855973322814494,0.0,0.0,0.0,1.87,0.6352087114337568,35.293,6227.0,0.0
Kepler-206 d,0.024853993535456354,0.0,0.0,0.0,1.19,1.0707803992740472,44.17,5764.0,0.0
Kepler-45 b,0.024843613346453474,0.19199539517001868,0.03349895816636561,0.0,10.76,0.14519056261343014,68.37,3820.0,0.11
Kepler-1125 b,0.02483595212544519,0.0,0.0,0.0,1.84,0.6460980036297641,41.04,5683.0,0.0
Kepler-372 b,0.024833721892183715,0.0,0.0,0.0,1.36,0.9600725952813067,384.627,6509.0,0.0
Kepler-123 b,0.024826409659138654,0.0,0.0,0.0,2.94,2.177858439201452,138.807,6089.0,0.0
K2-19 c,0.024782133014231662,0.2577124077437491,0.07362290965430446,0.0,4.1,0.1591651542649728,51.0,5322.0,0.1
Kepler-444 e,0.024747083836829577,0.33568950547836685,0.06624993321578443,0.0,0.546,0.8711433756805808,81.344,5046.0,0.1
Kepler-274 c,0.02473089280010819,0.0,0.0,0.0,1.84,0.6460980036297641,36.518,6023.0,0.0
HATS-58 A b,0.024715712371492646,0.1303270696369883,0.12312336378689476,0.0,12.273855,0.17422867513611615,382.7103,7175.0,0.168
Kepler-1618 b,0.02470721820402731,0.0,0.0,0.0,1.26,1.0617059891107077,903.908,6620.0,0.0
TOI-519 b,0.0246970748550414,0.1497220045824299,0.020195544157713463,0.0,11.54525012,0.1016333938294011,54.0,3322.0,0.33
Kepler-1370 b,0.0246945203237483,0.0,0.0,0.0,1.84,0.6460980036297641,132.587,6202.0,0.0
HATS-42 b,0.024678090859751693,0.08733963581847917,0.09333760752254712,0.0,15.6926,0.15063520871143377,1637.2058,6060.0,0.229
Kepler-1630 b,0.024675672884845436,0.0,0.0,0.9458915841617972,2.19,0.515426497277677,0.26,4736.0,0.0
TOI-5713 b,0.024659219863204837,0.5069718441891561,0.017604316931131073,0.7460946883698533,1.77,0.6805807622504537,2.2554,3225.0,0.24
TOI-4794 b,0.02465836737860345,0.10024750839156886,0.10215312282948065,0.0,14.35870428,0.10344827586206896,1310.0,6390.0,0.1
Kepler-1038 b,0.024639010163985606,0.0,0.0,0.9897112529113465,3.53,0.27586206896551724,1.512,5335.0,0.0
KOI-1599.01,0.024624429830562455,0.4658054041279298,0.08727360153869258,0.0,1.9,0.6696914700544465,44.8,5833.0,0.014
HD 47366 c,0.024610498246673992,0.2820256860514331,0.061441470321082665,2.3918305478003472e-57,13.5,0.1960072595281307,7.7091,4866.0,0.161
Kepler-1823 b,0.024604644875663034,0.0,0.0,0.0,2.0861268,0.5499092558983666,78.0,6000.0,0.0
Kepler-124 b,0.024590367186570056,0.0,0.0,0.0,0.73,0.8076225045372052,198.843,4984.0,0.0
Kepler-215 c,0.02457378913697425,0.0,0.0,0.0,1.77,0.6805807622504537,57.694,5739.0,0.0
HD 141399 c,0.024552545249750972,0.3913992950105769,0.08104931345832908,0.0006875044992148215,13.6,0.16751361161524503,3.3493,5600.0,0.048
HD 167768 b,0.024551751147293535,0.08489099992852522,0.06104076507985714,0.0,13.9,0.10036297640653359,2042.741,4851.0,0.149
HD 13908 b,0.024542321857839187,0.19127544231291138,0.09854677565845957,0.0,13.9,0.10199637023593468,168.6392,6255.0,0.02
Kepler-20 f,0.024510193762259793,0.41506914576070764,0.07824437676977318,0.0,0.952,1.5245009074410165,35.9,5495.0,0.094
TOI-5789 c,0.024504871053259655,0.42580734305856494,0.06996313511778894,3.505048671028373e-79,2.86,0.21052631578947367,8.7194,5185.0,0.067
Kepler-223 c,0.024494244241674505,0.16841670491018781,0.08647219105623326,0.0,3.44,0.12885662431941924,302.474,5803.0,0.15
HD 109271 b,0.02446314580236687,0.15957968114719173,0.0859379174012711,0.0,4.31,0.21415607985480944,320.4393,5783.0,0.25
Kepler-340 b,0.024462006915512438,0.0,0.0,0.0,2.53,0.426497277676951,274.318,6620.0,0.0
Kepler-1076 b,0.02445812830973604,0.0,0.0,0.0,0.8,0.8511796733212342,83.18,4868.0,0.0
TOI-2049 b,0.024458028243662448,0.09934972659368893,0.09611583052836685,0.0,16.64533634,0.10490018148820326,2032.0,6164.0,0.054
Kepler-1907 b,0.024452851736000876,0.0,0.0,0.0,0.86973029,0.8929219600725953,75.0,5159.0,0.0
Kepler-1619 b,0.02440490572580712,0.0,0.0,0.0,0.76,0.823956442831216,74.635,5852.0,0.0
HAT-P-7 b,0.024404200211234735,0.0,0.0,0.0,16.92559,0.12921960072595282,4353.408,6389.0,0.0
CoRoT-27 b,0.024367295001209443,0.19266562929416006,0.08906341828283841,0.0,11.287,2.2867513611615244,300.8697,5900.0,0.065
Kepler-891 b,0.024352648491588195,0.0,0.0,0.0,6.41,0.12722323049001816,44.326,5887.0,0.0
TOI-238 c,0.02434100926515764,0.24460195866532689,0.06659721109150717,0.0,2.18,0.33212341197822143,58.3,5059.0,0.36
HD 285507 b,0.024330449481233953,0.19609603037187945,0.05174440348345017,0.0,13.8,0.11814882032667877,53.0123,4503.0,0.09
Kepler-1348 b,0.024324492896366155,0.0,0.0,0.0,1.94,0.604355716878403,49.665,5911.0,0.0
TRAPPIST-1 e,0.024302301379966775,0.7275304685658907,0.0,0.847036212035906,0.92,0.8895834845735028,0.646,2566.0,0.0051
HD 205739 b,0.02429424931224381,0.29817767211314766,0.09643639472134606,0.05426644624791362,13.6,0.17259528130671506,2.8535,6176.0,0.27
Kepler-170 b,0.02424730003446869,0.0,0.0,0.0,3.2,2.5226860254083485,136.522,5679.0,0.0
Kepler-352 d,0.024239700302829566,0.0,0.0,0.0,0.80628032,0.8548094373865699,81.3,5208.0,0.0
Kepler-100 d,0.024233568338795274,0.2736955007300803,0.08705989207670414,0.0,1.61,0.4892780399274047,53.981,5825.0,0.38
HD 12235 b,0.0242334591406659,0.12376095120050928,0.09136079499917853,0.0,3.23,0.3103448275862069,1287.9273,5986.0,0.376
Kepler-111 c,0.02420571478798464,0.4509908164121175,0.08943740984130241,0.39788183502288704,7.0840758,0.6206896551724138,2.48,5914.0,0.176
HD 141399 d,0.024164207663599807,0.3672628963635067,0.08104931345832687,0.9999993955248404,13.7,0.14537205081669693,0.364,5600.0,0.074
HD 52265 b,0.024161520591549464,0.24907220682743075,0.09536784741141383,4.829078744124592e-50,13.7,0.14918330308529945,7.3281,6136.0,0.27
Kepler-1711 b,0.024112352856123207,0.0,0.0,0.0,1.923,0.6116152450090745,47.39,5706.0,0.0
HATS-48 A b,0.024095168433864243,0.15588657605453904,0.05289309184162668,0.0,8.9672,0.10689655172413792,137.6,4546.0,0.162
HD 33844 c,0.024065037857698205,0.353683611637038,0.06130790190734147,0.07243627567614155,13.5,0.2250453720508167,2.8101,4861.0,0.13
Kepler-1593 b,0.02406059825357259,0.0,0.0,0.9876978285360268,3.17,0.3194192377495463,0.889,4995.0,0.0
DMPP-9 b,0.02405664901690665,0.18573129162159857,0.09419244537049475,0.0,3.89,0.24500907441016337,176.6011,6092.0,0.25
HATS-55 b,0.02405254984129885,0.1335823995557988,0.09745151466578046,0.0,14.022459,0.10653357531760435,355.909,6214.0,0.092
K2-237 b,0.024021432198730083,0.11054282582252314,0.09654324945233946,0.0,16.06246934,0.10471869328493648,1860.0,6180.0,0.03
Kepler-1000 b,0.024019398230311875,0.0,0.0,0.0,4.76,0.1869328493647913,18.0,6453.0,0.0
Kepler-976 b,0.02400413718195094,0.0,0.0,0.17276922172701098,3.96,0.23956442831215974,2.661,5232.0,0.0
Kepler-516 b,0.023996749280543236,0.0,0.0,0.0,5.74,0.1471869328493648,174.58,7099.0,0.0
Kepler-909 b,0.023959268331902674,0.0,0.0,0.0,1.47,0.8656987295825771,127.24,6154.0,0.0
CoRoT-14 b,0.023954521805360715,0.0,0.0,0.0,12.22,1.32486388384755,1803.4781,6035.0,0.0
Kepler-1371 c,0.02394096190239779,0.0,0.0,0.0,0.64,0.7459165154264974,853.269,5361.0,0.0
Kepler-18 c,0.02392019155221911,0.0,0.0,0.0,5.49,0.10707803992740472,126.081,5345.0,0.0
Kepler-1947 b,0.023899638785375155,0.0,0.0,0.0,1.0101666,0.9764065335753176,229.4,6040.0,0.0
HD 48948 d,0.023895993772872236,0.5563242773675672,0.05414863493079975,0.4238771558308905,3.24,0.3103448275862069,2.46,4593.0,0.055
Kepler-262 b,0.023888828870582867,0.0,0.0,0.0,1.36,0.9600725952813067,50.169,5841.0,0.0
Kepler-371 b,0.023886524667344523,0.0,0.0,0.0,1.89,0.6243194192377496,41.737,5666.0,0.0
PH2 b,0.023886151004428844,0.3439121233150177,0.0846289469465964,0.9996538053645523,9.33708092,0.10526315789473684,1.2,5734.0,0.215
Kepler-279 e,0.02387936771991838,0.0,0.0,0.0,4.13,1.32486388384755,21.96,6689.45,0.0
EPIC 212737443 c,0.023866905287361462,0.4815393183342261,0.05657958006089569,0.7421523341431797,2.69,0.3938294010889292,2.2653,4684.0,0.2
KELT-3 b,0.02384465651712689,0.0,0.0,0.0,17.48604,0.13611615245009076,1704.57,6304.0,0.0
Kepler-384 c,0.023842134501630655,0.0,0.0,0.0,1.13,1.043557168784029,40.099,5577.0,0.0
TOI-2458 c,0.023789276920666052,0.20598910459012199,0.09186835497139485,0.0,3.18,0.3176043557168784,131.8551,6005.0,0.29
Kepler-1533 b,0.023781803267877977,0.0,0.0,3.249337426787381e-14,3.46,0.28493647912885667,4.786,6431.0,0.0
HD 43691 b,0.023756508008242617,0.24438033170174533,0.09421915905324517,0.0,13.2,0.35208711433756806,55.8272,6093.0,0.0796
K2-77 b,0.023737393558369513,0.2079770687903445,0.0692952930491032,0.0,2.4996027,9.230961172358555,58.0,5160.0,0.29
Kepler-87 b,0.02369572971517079,0.33052083441238733,0.08104931345832803,7.406855207833536e-91,13.49,0.13230490018148822,9.203,5600.0,0.036
TOI-6034 b,0.023692574092923753,0.24196410277985456,0.02855692685793085,0.0,11.92,0.14882032667876588,43.0,3635.0,0.04
Kepler-343 c,0.023576722768372704,0.0,0.0,0.0,2.02,0.573502722323049,57.932,5807.0,0.0
Kepler-1171 b,0.023517849460339815,0.0,0.0,0.0,2.56,0.42105263157894735,10171.005,7044.0,0.0
CI Tau c,0.023511767959673843,0.2120409412124893,0.033151680290640924,0.0,13.0,0.5190562613430127,19.2542,3807.0,0.58
Kepler-1755 b,0.023503647145776956,0.0,0.0,0.0,5.91688317,0.1415607985480944,37.43,6086.0,0.0
Kepler-1769 b,0.02346546099746844,0.0,0.0,1.950377534067606e-83,4.465,0.2032667876588022,8.9,6071.0,0.0
BD-13 2130 b,0.023444638619405805,0.2354684335670127,0.05286637815888952,0.0,12.5,1.588021778584392,40.0372,4545.0,0.21
Kepler-1764 b,0.023422440535974507,0.0,0.0,0.0,4.55527871,0.19782214156079858,16.17,6461.0,0.0
GJ 3323 b,0.023409894550580228,0.5403698280111578,0.015841213869743864,0.24683747633298436,1.23,1.0816696914700545,2.58,3159.0,0.23
Kepler-127 b,0.023408654415221497,0.23163900758130274,0.09456643692898077,0.0,1.4,0.9237749546279492,159.163,6106.0,0.47
HD 222076 b,0.023391644469069443,0.3826310053390027,0.05983864935618468,0.3140489247823624,13.5,0.20145190562613433,2.5381,4806.0,0.08
TOI-2285 b,0.023353308111487673,0.463211782957269,0.024710156542179215,4.506573230064118e-07,1.77,0.8395106365121066,3.91,3491.0,0.3
Kepler-193 b,0.023345509232370828,0.0,0.0,0.0,2.39,0.46098003629764067,117.303,6335.0,0.0
TOI-5349 b,0.02332472309667735,0.24839092893339146,0.031655714056732585,0.0,10.2,0.11978221415607987,44.5,3751.0,0.03
TOI-1295 b,0.02331093701177028,0.11716934152246855,0.09921461772716977,0.0,15.69257298,0.11796733212341198,1800.0,6280.0,0.024
Kepler-163 b,0.02329147026524621,0.0,0.0,0.0,1.05,1.0,115.612,5776.0,0.0
TOI-5350 b,0.023287810401692616,0.24280996551727999,0.09761179676228862,0.0,12.41955062,1.0943738656987296,321.879,6220.0,0.0165
HD 94890 b,0.023274978291110256,0.25632419932135775,0.061468184003833116,5.3628985980810366e-232,13.3,0.2867513611615245,13.5382,4867.0,0.22
K2-277 b,0.023239232087016972,0.201538110628768,0.0831864080782046,0.0,2.18575124,0.7259528130671506,195.0,5680.0,0.52
HD 5319 b,0.023231271388145985,0.3597612735370348,0.061575038734823874,0.0013889252140506997,13.5,0.19963702359346644,3.2825,4871.0,0.092
HD 211970 b,0.023215778335845566,0.40952440342310237,0.04170005877009351,3.1054346301026658e-09,3.66,0.26497277676951,4.2125,4127.0,0.15
Kepler-37 d,0.023207783542616194,0.41416307957164894,0.07455788855049632,4.6132026507544446e-123,2.03,0.23593466424682397,10.39,5357.0,0.1
HD 18143 b,0.023187029460206975,0.24604646624807813,0.06710477106372437,0.0,3.28,0.30490018148820325,61.873,5078.0,0.224
GJ 674 b,0.02318153605048079,0.33743681626847544,0.027621947961741784,9.913373955554627e-127,3.33,0.29945553539019965,10.5165,3600.0,0.2
Kepler-1126 c,0.02317327165278039,0.0,0.0,0.9450291796887834,1.45,0.883847549909256,2.06,5678.0,0.0
HD 132563 b,0.02314215717777789,0.31268984923468923,0.09945504087190238,0.9998875559451049,13.6,0.1869328493647913,0.3447,6289.0,0.22
HD 150010 b,0.023110240008336818,0.20388629292683794,0.04239461452155066,0.0,13.3,0.32304900181488205,48.9796,4153.0,0.2
K2-3 d,0.023082720281357966,0.6021246537442927,0.03414008655233214,0.9987957952210188,1.458,3.176043557168784,1.44,3844.0,0.091
Kepler-287 c,0.023047426854689735,0.0,0.0,1.1005074098542641e-190,3.26,2.7949183303085303,12.457,5806.0,0.0
HD 72490 b,0.023040755148373063,0.34659740039889997,0.06325800074796716,0.00014008664175753512,13.5,0.22867513611615245,3.4894,4934.0,0.124
Kepler-139 e,0.02303589918660482,0.3525545389985834,0.08163701447878863,0.7773972438498729,13.7,0.14664246823956445,0.0991,5622.0,0.013121
GJ 3082 b,0.023035441618493944,0.39864994608137444,0.03590318961371433,2.8618288520345696e-22,2.79,0.3756805807622504,5.521,3910.0,0.22
Kepler-100 e,0.02302523254236882,0.3497522958960314,0.08863599935884539,0.0,5.27,0.16442831215970963,25.4128,5884.0,0.026437
Kepler-1607 b,0.023006642438474292,0.0,0.0,0.0,0.92,0.9237749546279492,449.632,6116.0,0.0
Kepler-351 b,0.022972626991216622,0.0,0.0,7.034398845214146e-174,3.06,0.16715063520871146,11.983,5643.0,0.0
HN Lib b,0.022967311837317022,0.5916816448435048,0.020863386226422937,0.9771445338670874,2.2,0.5117967332123412,0.503,3347.0,0.079
Kepler-444 f,0.022938867939008997,0.302791702608512,0.06624993321578397,0.0,0.741,0.8130671506352088,59.915,5046.0,0.29
Kepler-1903 b,0.022871426390779822,0.0,0.0,0.0,2.28642395,0.4882032667876588,82.56,6347.0,0.0
Kepler-1995 b,0.022814142418306295,0.0,0.0,5.07347452267174e-13,4.28,0.21415607985480944,4.66,5029.0,0.0
GJ 27.1 b,0.022784301576071482,0.48415570232184324,0.02607255436234002,0.2969436425622106,3.66,0.26497277676951,2.5488,3542.0,0.08
K2-54 b,0.022720801559516515,0.39524394550556907,0.038040284233578386,6.1726632962783956e-30,2.6116925,0.4101633393829401,6.1,3990.0,0.24
TOI-700 e,0.02269496017342657,0.7728010682478793,0.02385531869423364,0.8672744701253058,0.953,0.9419237749546281,1.27,3459.0,0.059
TOI-5007 b,0.02269051275480379,0.19736652935166696,0.032777688732161844,0.0,11.07447293,0.1542649727767695,85.3,3793.0,0.074
Kepler-178 d,0.02266550415458215,0.0,0.0,7.864522302434298e-07,3.95,0.23956442831215974,3.874,5676.0,0.0
Kepler-122 d,0.022658071678961958,0.0,0.0,0.0,2.2,0.5136116152450091,77.14,6050.0,0.0
HIP 67851 b,0.0226025942277625,0.1755042147804362,0.06074691456962636,0.0,13.7,0.14174228675136116,83.22,4840.0,0.13
HD 173416 b,0.022594153693526336,0.1895203294931851,0.05655286637814655,0.0,13.4,0.24319419237749548,58.1544,4683.0,0.208
WASP-24 b,0.022592596088065364,0.0,0.0,0.0,15.46842,0.11288566243194192,934.465,6075.0,0.0
Kepler-352 b,0.02255473153813771,0.0,0.0,0.0,0.86,0.8874773139745916,50.389,5212.0,0.0
Kepler-1383 b,0.022539776044462213,0.0,0.0,0.0,1.41,0.9147005444646098,231.396,6370.0,0.0
HAT-P-8 b,0.022531927755395097,0.0,0.0,0.0,15.6926,0.12443629764065336,1519.9645,6200.0,0.0
Kepler-177 b,0.022516720510814367,0.0,0.0,0.0,3.5,0.13611615245009076,30.4,5732.0,0.0
K2-136 b,0.022507776050467616,0.33165079012362575,0.05166426243521991,0.0,1.014,4.355716878402904,33.5,4500.0,0.14
GJ 720 A b,0.022499351684301047,0.4165354673996601,0.033953090773087516,8.492735184809164e-10,3.77,0.2540834845735027,4.2846,3837.0,0.12
Kepler-1705 b,0.022494130175844135,0.36428553615600207,0.10006945557512537,0.0,2.03,0.5403544464609801,91.74,6312.0,0.033
Kepler-1201 b,0.022485784384132696,0.0,0.0,0.0,2.29,0.48638838475499097,89.431,6177.0,0.0
KOI-12 b,0.02247545042087263,0.12289721126409564,0.10869797510281332,0.0,13.78707,0.13303085299455536,196.507,6635.0,0.34
Kepler-827 b,0.022450301315512115,0.0,0.0,0.0,5.63,0.15081669691470054,23.602,5602.0,0.0
TOI-3837 b,0.022429414622512158,0.15421995242053668,0.08919698669655991,0.0,10.87271128,0.14882032667876588,138.065,5905.0,0.221
HD 177830 b,0.022415252169485284,0.35304740123445244,0.062376449217273214,6.699065045222165e-06,13.5,0.2177858439201452,3.7258,4901.0,0.1
HD 30856 b,0.022392151545894877,0.3923729073667023,0.06221616712078289,0.04129808706049838,13.5,0.19963702359346644,2.8926,4895.0,0.061
Kepler-1644 b,0.022374848610662783,0.0,0.0,0.0,1.88,0.6297640653357532,31.86,5499.0,0.0
TOI-3160 A b,0.02236123137011035,0.10358742533512531,0.09681038627982455,0.0,13.7646283,0.14337568058076225,933.0,6190.0,0.18
Kepler-1097 b,0.022353578139392725,0.0,0.0,0.9883546844459962,3.26,0.308529945553539,1.3,5211.0,0.0
TOI-2382 b,0.022350294180787843,0.1098125481080099,0.09261633808834104,0.0,12.25141591,0.12341197822141563,689.0,6033.0,0.18
TIC 147027702 b,0.02234639510458275,0.20445763197498074,0.10268739648445326,0.0,10.92875618,0.28431941923774956,90.5749,6410.0,0.127
Kepler-1620 b,0.022334983742909147,0.0,0.0,1.265460118912994e-61,1.61,0.7695099818511797,7.92,6157.0,0.0
Kepler-1277 b,0.022323389848771788,0.0,0.0,2.650809905493523e-178,1.6,0.7767695099818512,12.11,5578.0,0.0
Kepler-1441 b,0.022322901083139637,0.0,0.0,0.0,1.31,1.0072595281306715,33.046,5802.0,0.0
Kepler-434 b,0.02231490020149416,0.1900318710368387,0.09112037185444512,0.0,12.67,0.4355716878402904,158.285,5977.0,0.131
Kepler-1967 b,0.02230506003514194,0.0,0.0,0.0,0.73022577,0.8076225045372052,57.1,4970.0,0.0
nu Oct A b,0.02230404920396706,0.28653665566997394,0.06261687236200979,4.749801870730751e-76,13.3,0.2958257713248639,8.5848,4910.0,0.195
GJ 180 c,0.02228428409264762,0.5945335065183858,0.02150451461238197,0.9803148706720477,2.41,0.455535390199637,0.7812,3371.0,0.09
TOI-1231 b,0.02227662986422376,0.510186633126705,0.02636640487257161,0.9941577534518262,3.65,0.31578947368421056,1.93,3553.0,0.087
HD 28678 b,0.022275208318403954,0.2498590395849385,0.06427312069240226,0.0,13.5,0.19782214156079858,16.4464,4972.0,0.149
Kepler-1508 b,0.02226117504758071,0.0,0.0,0.0,1.33,0.987295825771325,116.145,6158.0,0.0
Kepler-1596 b,0.022259808875128444,0.0,0.0,0.0,1.9,0.6206896551724138,33.378,5706.0,0.0
HD 63433 d,0.02225824072310215,0.2609990206545369,0.08340011754019329,0.0,1.073,1.0090744101633393,296.4321,5688.0,0.16
Kepler-1218 b,0.022246867083786776,0.0,0.0,0.0,1.44,0.8911070780399275,84.83,5986.0,0.0
Kepler-301 d,0.022243423826013634,0.0,0.0,0.0,1.75,0.6896551724137931,68.931,5815.0,0.0
Proxima Cen b,0.022233146195882757,0.0,0.0,0.894623888780097,1.02,0.9909255898366607,0.641,2900.0,0.0
WASP-3 b,0.02221677317871527,0.0,0.0,0.0,15.91678,0.16152450090744103,1845.3,6400.0,0.0
TOI-3714 b,0.022211381830760078,0.24457962331299654,0.029224768926638382,0.0,11.32107051,0.1542649727767695,54.0,3660.0,0.03
Kepler-1421 b,0.022208876568668438,0.0,0.0,0.0,0.93,0.9292196007259529,649.151,6335.0,0.0
Kepler-50 b,0.022196820453855414,0.0,0.0,0.0,1.71,1.0979709618874773,494.705,6225.0,0.0
Kepler-138 b,0.022179370291278984,0.5472523188472769,0.03405994550408137,2.130929577674474e-109,0.64,0.308529945553539,9.9,3841.0,0.02
Kepler-1505 b,0.022170968391177034,0.0,0.0,0.0,0.93,0.9292196007259529,36.121,5686.0,0.0
Kepler-1752 b,0.022168502021322683,0.0,0.0,2.420610771796624e-49,4.54060463,0.19963702359346644,7.29,5446.0,0.0
HATS-66 b,0.022164629444565147,0.11569431066252168,0.10845755195809095,0.0,15.815899,0.4246823956442831,2637.0,6626.0,0.064
Kepler-1347 b,0.022160888186842573,0.0,0.0,0.0,1.03,0.985480943738657,34.32,5193.0,0.0
Kepler-405 b,0.022159290799544755,0.0,0.0,0.0,2.08,0.5517241379310345,55.623,5818.0,0.0
Kepler-610 c,0.02215667064289249,0.0,0.0,0.6946479924928516,3.3,0.30308529945553536,2.297,5943.0,0.0
TOI-2128 b,0.022153883455138294,0.0,0.0,0.0,2.08874836,0.48638838475499097,86.2315,5968.0,0.0
HD 179949 b,0.02213546791820113,0.13377884547371569,0.09622268525935981,0.0,13.9,0.10816696914700544,1020.1193,6168.0,0.022
HD 29399 b,0.02212914902197215,0.40786953993213715,0.060880482983368185,0.10957247748924633,13.5,0.20145190562613433,2.7435,4845.0,0.05
rho CrB b,0.022112502907195665,0.24929125283613185,0.08684618261470856,0.0,13.7,0.13502722323049002,34.7,5817.0,0.046
HD 33142 b,0.022104360202974422,0.3241023573664433,0.06569963135115957,3.3654391194773757e-78,13.7,0.15535390199637023,8.6781,5025.4,0.049
TOI-1246 d,0.022103579231564606,0.0,0.0,0.0,3.43139739,0.132486388384755,28.0,5213.0,0.0
Kepler-450 c,0.02210300588233346,0.322344813264882,0.09700299193245737,0.0,2.62,1.5970961887477315,213.731,6197.21,0.02
Kepler-377 c,0.022097513196814675,0.0,0.0,0.0,2.06,0.558983666061706,49.855,5949.0,0.0
Kepler-30 b,0.022091743780559902,0.3820751820839536,0.07832451781800455,0.0,3.9,0.18511796733212343,16.379,5498.0,0.042
TOI-858 B b,0.0220861480775778,0.10528979507353216,0.08751402468341728,0.0,14.06727078,0.12522686025408347,908.9,5842.0,0.15
Kepler-1624 b,0.022076490257121644,0.0,0.0,1.1609305682977392e-28,6.59,0.12304900181488204,6.01,3768.0,0.0
HD 126105 b,0.022074777088459334,0.335744493587687,0.061681893465817615,5.393772924281276e-15,13.5,0.2159709618874773,4.8659,4875.0,0.103
HD 180902 b,0.022051219897202618,0.33543964894326045,0.06397927018217099,2.632579160719727e-14,13.5,0.2177858439201452,4.7959,4961.0,0.107
Kepler-1371 b,0.022027631623898047,0.0,0.0,0.0,0.73,0.8076225045372052,414.765,5361.0,0.0
Kepler-454 b,0.022025858883115187,0.22424520066078998,0.0833734038574385,0.0,2.37,0.4047186932849365,117.7,5687.0,0.32
Kepler-399 b,0.02199360251510547,0.0,0.0,0.0,0.96,0.9473684210526315,35.63,5502.0,0.0
TOI-6383 A b,0.021985708474186072,0.24408516744020106,0.02345461345300714,0.0,11.29,0.22867513611615245,51.3,3444.0,0.05
CoRoT-11 b,0.0219613803897419,0.0,0.0,0.0,16.03,0.17967332123411978,1890.649,6440.0,0.0
Kepler-1992 b,0.021932305843676753,0.0,0.0,0.0,0.91,0.9165154264972777,38.99,5383.0,0.0
HD 33844 b,0.021929195716646574,0.31585292244896923,0.06130790190734259,1.6120972323486875e-25,13.4,0.26497277676951,5.7778,4861.0,0.15
K2-18 b,0.021915551970830283,0.5665503314832829,0.023801891328736585,0.9940860770597135,2.37,0.7459165154264974,1.005,3457.0,0.2
Kepler-286 e,0.021890323185461018,0.0,0.0,0.0,1.77,0.6805807622504537,20.6,5580.0,0.0
Kepler-1622 b,0.0218775769469731,0.0,0.0,0.0,1.47,0.8656987295825771,236.005,6436.0,0.0
Kepler-84 c,0.02187701282532,0.0,0.0,0.0,2.36,1.5317604355716878,132.23,6039.0,0.0
Kepler-277 b,0.02184029672573898,0.0,0.0,0.0,2.92,1.6696914700544463,198.245,5946.0,0.0
Kepler-345 b,0.021832314793696937,0.0,0.0,0.0,0.74,0.8711433756805808,35.37,4504.0,0.0
TOI-4487 A b,0.021828327273991917,0.10916689589399765,0.0972378052037964,0.0,14.60530185,0.12704174228675136,1203.0,6206.0,0.083
HD 155358 b,0.021823832497433603,0.27913635974782264,0.08919698669655621,1.3920277185917226e-16,13.8,0.11941923774954628,5.0212,5905.0,0.17
Kepler-1249 b,0.021798376352519213,0.0,0.0,0.0,2.38,0.4627949183303085,98.336,6202.0,0.0
Kepler-32 f,0.021792352870769714,0.0,0.0,0.0,0.82,0.2722323049001815,349.645,3900.0,0.0
Kepler-394 d,0.021791849816318334,0.0,0.0,0.0,1.50066814,0.8439201451905627,302.0,6398.0,0.0
TOI-628 b,0.021776486739358607,0.15757851773069004,0.09841320724473905,0.0,11.88154,1.1941923774954628,1052.9,6250.0,0.072
HD 200964 b,0.02176859858249992,0.3454854460080197,0.0645402575198849,1.1005305771805425e-13,13.5,0.20689655172413793,4.7312,4982.0,0.087
Kepler-1407 b,0.021767623532111972,0.0,0.0,0.0,2.25,0.4972776769509982,78.667,6010.0,0.0
Kepler-428 b,0.021765608787971704,0.14524915121874737,0.06902815622159948,0.0,12.11,0.18511796733212343,195.088,5150.0,0.22
Kepler-334 d,0.021756044735084627,0.0,0.0,0.0,1.41,0.9147005444646098,39.475,5828.0,0.0
Kepler-25 c,0.021742650465211868,0.1973661009584215,0.10119143025054096,0.0,5.217,0.10671506352087114,210.172,6354.0,0.0061
HD 164595 b,0.021670875173577176,0.33724077064677366,0.0861249131805078,0.0,4.16,0.22323049001814882,19.6697,5790.0,0.088
HATS-75 b,0.021665887324928718,0.22275779670447693,0.03270823315701628,0.0,9.90873894,0.15934664246823957,59.26,3790.4,0.064
K2-225 b,0.02164170141566242,0.20883603025114414,0.07891221883847052,0.0,3.60929179,0.26860254083484575,121.3934,5520.0,0.23
WASP-87 b,0.02163833219642053,0.0,0.0,0.0,15.524465,0.18511796733212343,4170.0965,6450.0,0.0
Kepler-758 c,0.021620638076765897,0.0,0.0,0.0,1.69,0.7223230490018149,1211.822,6228.0,0.0
KELT-24 b,0.021616339937102835,0.19063663850560644,0.1031148154084349,0.0,12.71098411,0.7078039927404719,624.0,6426.0,0.0319
Kepler-1135 b,0.021599897089899452,0.0,0.0,0.0,1.85,0.6424682395644283,25.76,5656.0,0.0
Kepler-1700 b,0.021573587273084605,0.0,0.0,0.8398146900551512,2.90129941,0.3575317604355717,2.2,6031.0,0.0
Kepler-390 c,0.021567917370253317,0.0,0.0,0.0,0.79,0.8457350272232306,41.351,5166.0,0.0
Kepler-378 c,0.021561744980608765,0.0,0.0,6.561493283969877e-67,0.7,0.7876588021778584,8.166,4661.0,0.0
K2-99 b,0.021552676959732477,0.12737210888916123,0.09357803066728139,0.0,11.88151954,0.1633393829401089,357.0,6069.0,0.22
TOI-6130 b,0.021544554180694002,0.1237608604587724,0.09467329165995948,0.0,14.3474953,0.11615245009074411,1150.0,6110.0,0.036
TOI-700 d,0.02149753192026218,0.8223561941460674,0.023855318694233702,0.9105000545928659,1.073,1.0090744101633393,0.85,3459.0,0.042
GJ 667 C e,0.021496646720310437,0.7501193534759295,0.020943527274668656,0.950013737479315,1.45,0.883847549909256,0.3022,3350.0,0.02
GJ 1061 d,0.02148155564272774,0.7683120562524333,0.010338195223593647,0.9351365219959505,1.16,1.0671506352087115,0.6,2953.0,0.04
HD 240237 b,0.02147909952139241,0.1651049617574372,0.03633060853769358,0.0,12.2,2.7767695099818512,83.8296,3926.0,0.4
Ross 128 b,0.02147880521668517,0.6759811604928719,0.01672276540043765,0.9203847506106305,1.11,1.0217785843920146,1.38,3192.0,0.116
HD 208897 b,0.021452803532056627,0.3449530925960916,0.061281188224591575,6.043644614603562e-138,13.7,0.1471869328493648,10.8876,4860.0,0.02
HATS-63 b,0.021427447742915554,0.11519720274262596,0.08177058289253374,0.0,13.529263,0.12159709618874774,634.1,5627.0,0.136
HD 27442 b,0.021396191345392584,0.3687319432530743,0.06090719666611668,1.1603966381786149e-10,13.5,0.20145190562613433,4.3915,4846.0,0.06
HD 87646 b,0.02139435942334993,0.1709471591315918,0.08559063952555926,0.0,12.4,2.0689655172413794,665.812,5770.0,0.05
Kepler-1345 b,0.02138857960865681,0.0,0.0,0.0,2.36,0.4682395644283122,68.469,6449.0,0.0
HD 159243 b,0.021384886940174416,0.22221663177569959,0.09502056953568719,0.0,13.7,0.13920145190562613,107.452,6123.0,0.02
HD 60532 b,0.021365857282939025,0.20880353506397925,0.09827963883097701,0.0,13.8,0.1277676950998185,16.9008,6245.0,0.26
Kepler-136 b,0.021362781555223982,0.0,0.0,0.0,2.05,2.2867513611615244,257.984,6165.0,0.0
omi CrB b,0.021347182296243907,0.16431619586951832,0.05885024309449754,0.0,13.7,0.13811252268602542,135.8368,4769.0,0.105
TOI-4087 b,0.021336795840033052,0.0,0.0,0.0,13.04725353,0.10344827586206896,753.9,6060.0,0.0
HD 40956 b,0.021304025779005455,0.2365306829901969,0.061521611369331236,0.0,13.2,0.3720508166969147,23.5561,4869.0,0.24
HAT-P-50 b,0.021293993597684496,0.0941669356261172,0.09921461772717141,0.0,14.437192,0.1415607985480944,2108.4362,6280.0,0.115
Kepler-1440 b,0.02129390775974283,0.0,0.0,0.0,1.26,1.0617059891107077,44.728,5698.0,0.0
Kepler-1568 b,0.021283587314353158,0.0,0.0,0.0,1.3,1.0163339382940109,72.568,5956.0,0.0
Kepler-1268 b,0.021276201692018003,0.0,0.0,0.0,2.03,0.5698729582577133,40.652,5904.0,0.0
Kepler-646 b,0.021272629816075517,0.0,0.0,0.0,1.99,0.5843920145190563,38.229,5634.0,0.0
Kepler-401 c,0.02126228946642572,0.0,0.0,0.0,2.15,0.5281306715063522,51.996,6117.0,0.0
Kepler-211 c,0.021244167694597388,0.0,0.0,0.0,1.29,8.493647912885661,95.436,5123.0,0.0
XO-4 b,0.02124326639442202,0.0,0.0,0.0,14.01125,0.15063520871143377,1112.27,6397.0,0.0
Kepler-308 c,0.02123094970502328,0.0,0.0,0.0,2.16,0.5263157894736842,58.679,5895.0,0.0
WASP-188 b,0.021229901399266365,0.0,0.0,0.0,14.81827249,0.1415607985480944,1278.0,6850.0,0.0
Wolf 503 b,0.021229395516605673,0.24635707173849017,0.05743441790884387,0.0,2.043,0.52994555353902,69.6,4716.0,0.41
HD 109246 b,0.021201661652926116,0.24893580476626814,0.08756745204890963,9.273054450637911e-160,13.9,0.10145190562613432,11.568,5844.0,0.12
HIP 9618 c,0.021199492549633832,0.0,0.0,3.4281018922082334e-164,3.42855926,0.18148820326678766,11.7,5649.0,0.0
TOI-5205 b,0.02117857549019299,0.2742085223714175,0.023080621894530896,0.0,11.6,0.21960072595281308,49.0,3430.0,0.02
OGLE-TR-56 b,0.021168032835786478,0.0,0.0,0.0,15.278,0.12341197822141563,3942.3204,6050.0,0.0
K2-45 b,0.021162376331189246,0.1921456276023676,0.041058930384132636,0.0,6.71,0.12014519056261344,100.0,4103.0,0.1
Kepler-411 d,0.021158140869476996,0.47339361100689364,0.06432654805790203,5.331426699354415e-07,3.319,0.4174228675136116,3.9,4974.0,0.128
HD 116029 b,0.021149189226300453,0.0,0.0,9.234479496281984e-09,13.6,0.1764065335753176,4.1506,4819.0,0.0
HD 109833 c,0.021140813435826297,0.24421428578755003,0.08855585831060779,0.0,2.59,0.41379310344827586,77.4842,5881.0,0.3
Kepler-1507 b,0.02111636331658384,0.0,0.0,0.0,0.84,0.8747731397459166,30.476,5410.0,0.0
Kepler-350 d,0.021093711911211163,0.0,0.0,0.0,2.8,0.4882032667876588,83.237,6492.3,0.0
Kepler-54 b,0.021091101598205493,0.4362090539722669,0.03042688465031105,3.685094917147119e-187,2.1,0.13793103448275862,12.357,3705.0,0.022
Kepler-164 e,0.02108501058444764,0.0,0.0,4.6424395811233963e-63,4.24,0.2177858439201452,7.99,5888.0,0.0
Barnard c,0.021076526886288197,0.5801950297214236,0.016802906448682382,8.847771382568756e-14,0.743,0.8148820326678766,4.7285,3195.0,0.08
Kepler-1483 b,0.021053309540625703,0.0,0.0,0.0,1.52,0.8294010889292197,265.018,6337.0,0.0
Kepler-320 b,0.021039211753687226,0.0,0.0,0.0,1.14,1.043557168784029,280.559,6435.0,0.0
NGTS-30 b,0.021025665594112737,0.15507733984194058,0.07717582945983166,0.0,10.40193409,0.27041742286751363,172.857,5455.0,0.294
HD 5278 c,0.021024511561037282,0.3067627505332546,0.09715766415555281,0.0,4.49,0.2032667876588022,32.6706,6203.0,0.07
GJ 887 c,0.021019001287005366,0.492287431357305,0.02997275204359262,0.3607791516983532,2.43,0.45190562613430135,2.5,3688.0,0.17
HD 93351 b,0.020989160084025432,0.16854038722505946,0.07592028637066821,0.0,1.69,0.7223230490018149,522.5845,5408.0,0.549
Kepler-1470 b,0.02096809765241224,0.0,0.0,0.0,1.07,1.0090744101633393,23.918,4961.0,0.0
Kepler-1984 b,0.02094388791263923,0.0,0.0,0.0,6.81,0.1177858439201452,48.82,3638.0,0.0
TOI-5181 A b,0.020941238508534073,0.10463027039042176,0.09333760752254612,0.0,13.34989601,0.13793103448275862,1053.0,6060.0,0.15
KELT-2 A b,0.020933617124136786,0.0,0.0,0.0,15.13215,0.16515426497277677,3108.45,6327.0,0.0
Kepler-1626 b,0.020927593799876788,0.0,0.0,0.0,2.02,0.573502722323049,1328.654,6826.0,0.0
WASP-28 b,0.02090717617766508,0.0,0.0,0.0,13.66374747,0.11817840290381126,695.65,6084.0,0.0
Kepler-1986 b,0.02089828686082887,0.0,0.0,0.0,1.89,0.6243194192377496,26.62,5549.0,0.0
K2-116 b,0.020884150469123286,0.36775474273021297,0.04761313244643378,0.0,0.69,0.7803992740471869,78.6,4348.35,0.06
Kepler-1907 c,0.02088014359615728,0.0,0.0,0.0,1.15547044,1.0544464609800364,20.6,5159.0,0.0
Kepler-813 b,0.02085929705719528,0.0,0.0,0.0,2.14,0.5317604355716878,56.04,5743.0,0.0
Kepler-117 c,0.02084763142820517,0.2945534500843134,0.09574183896989694,0.0,12.341,0.31578947368421056,41.863,6150.0,0.0323
Kepler-362 c,0.02084579089737194,0.0,0.0,0.0,1.45,0.883847549909256,36.667,5788.0,0.0
Kepler-1178 b,0.020818119382968646,0.0,0.0,0.0,1.07,1.0090744101633393,23.237,4990.0,0.0
Kepler-1159 b,0.020805816750798796,0.0,0.0,0.0,2.37,0.46460980036297644,80.984,6217.0,0.0
HATS-59 b,0.02080025561285123,0.14097323759637465,0.08291927125071018,0.0,12.621334,0.12704174228675136,269.0,5670.0,0.129
HD 4313 b,0.020782881699792297,0.28365056811519734,0.06349842389270283,3.2542141015479715e-127,13.4,0.2540834845735027,10.533,4943.0,0.147
Kepler-450 b,0.020781612040424256,0.26209294924488374,0.09700299193243768,0.0,6.14,0.13611615245009076,94.325,6197.21,0.02
TOI-5789 e,0.0207806357738788,0.4663449311672691,0.0699631351177905,6.593794416083404e-23,3.43,0.2867513611615245,5.5729,5185.0,0.071
Kepler-1771 b,0.02076310084827909,0.0,0.0,3.9303624875236056e-22,4.05537256,0.23230490018148822,5.51,5661.0,0.0
Kepler-58 c,0.02074856656580343,0.0,0.0,0.0,2.86,1.8148820326678767,64.389,5843.0,0.0
TOI-329 b,0.020736502410260624,0.1364038187776237,0.08142330501681261,0.0,4.94057819,0.3339382940108893,576.8749,5614.0,0.39
TOI-1758 b,0.02073479060393841,0.0,0.0,0.0,3.62,0.15063520871143377,21.05,5169.0,0.0
HD 210702 b,0.0207246601809378,0.31238137572990776,0.06267029972750414,8.572275569849671e-94,13.6,0.19056261343012706,9.3194,4912.0,0.071
TOI-1130 c,0.02072303263424865,0.26151746079829524,0.047924346850444874,0.0,13.0,0.15009836660617062,30.0,4360.0,0.0398
Kepler-266 c,0.020721954608331025,0.0,0.0,3.822894037086624e-23,3.89,0.24319419237749548,5.592,5885.0,0.0
Kepler-953 b,0.020719218740837177,0.0,0.0,2.4052152331446473e-26,4.21,0.22141560798548096,5.84,5416.0,0.0
Kepler-1599 b,0.02071426211774276,0.0,0.0,1.964562340511128e-67,1.62,0.764065335753176,8.196,5767.0,0.0
TOI-559 b,0.02069925208372217,0.17036098770094082,0.08973126035154054,0.0,12.22899794,1.0417422867513613,404.915,5925.0,0.151
WASP-175 b,0.020698580048312813,0.0,0.0,0.0,13.540472,0.13430127041742287,649.429,6229.0,0.0
Wendelstein-2 b,0.02069586385171254,0.1522869209600287,0.054095207565300445,0.0,12.9934728,0.11252268602540835,282.3101,4591.0,0.057
CoRoT-19 b,0.020694460851466267,0.1222417778687885,0.0941390180049944,0.0,14.46,0.12885662431941924,1103.809,6090.0,0.047
HAT-P-53 b,0.020689790862693687,0.10003560953979981,0.09055938451672417,0.0,14.773462,0.14519056261343014,1400.0226,5956.0,0.134
GJ 163 c,0.020689007918932655,0.58250486730561,0.02495057968691241,0.9813969869851081,2.5,0.43375680580762255,1.2457,3500.0,0.099
HAT-P-29 b,0.02067597779691156,0.13539290814465585,0.09405887695674896,0.0,13.11453,0.12900943738656986,433.0,6087.0,0.09
TOI-3629 b,0.020669885532108696,0.2558329132548113,0.03483464230378024,0.0,8.29464572,0.14519056261343014,39.0,3870.0,0.05
TOI-530 b,0.020669176557575546,0.0,0.0,8.54148995953548e-262,9.30345398,0.16878402903811254,14.259,3659.0,0.0
Kepler-130 b,0.0206609960478561,0.28079742197808283,0.0886359993588593,0.0,1.02,0.9782214156079855,221.731,5884.0,0.15
Kepler-76 b,0.020660401772057635,0.0,0.0,0.0,15.24424,0.19963702359346644,3583.673,6409.0,0.0
K2-238 b,0.020648722253471162,0.0,0.0,0.0,14.5717,0.1016333938294011,1082.6407,5630.0,0.0
WASP-75 b,0.020641220799663153,0.0,0.0,0.0,14.235,0.12522686025408347,1657.0,6100.0,0.0
Kepler-1550 b,0.020638532991833363,0.0,0.0,0.6799872477560469,3.02,0.33938294010889297,2.305,5991.0,0.0
TOI-2570 b,0.020629724086645988,0.0,0.0,0.0,13.64132951,0.10217785843920145,699.0,5771.0,0.0
WASP-68 b,0.02062376384553437,0.0,0.0,0.0,14.79588,0.1206896551724138,843.4794,5910.0,0.0
HD 220689 b,0.020617930695130415,0.316454348410398,0.08962440562052813,0.7902392194221747,13.7,0.14791288566243194,0.1074,5921.0,0.054
Kepler-1130 c,0.02059211153211083,0.0,0.0,0.0,0.79239584,0.8457350272232306,316.9,5450.0,0.0
Kepler-324 b,0.020588318032924942,0.0,0.0,0.0,1.14,0.544464609800363,194.34,5194.0,0.0
Kepler-1649 c,0.020562101123165817,0.0,0.0,0.9069044115854307,1.06,1.0054446460980038,0.75,3240.0,0.0
WASP-190 b,0.020556902891198228,0.0,0.0,0.0,12.89035,0.14791288566243194,747.132,6400.0,0.0
Kepler-371 c,0.02054691119117552,0.0,0.0,0.0,1.78,0.6751361161524502,17.063,5666.0,0.0
HD 34445 e,0.02050937341752815,0.31117112267329716,0.0873537425869293,0.0,4.26,0.2159709618874773,27.8395,5836.0,0.09
Kepler-1554 b,0.020508865515834678,0.0,0.0,0.9854995668383135,2.9,0.3575317604355717,1.014,5297.0,0.0
Kepler-355 b,0.020506441825029954,0.0,0.0,0.0,1.46,0.8747731397459166,154.803,6184.0,0.0
WASP-16 b,0.020501361883345358,0.0,0.0,0.0,13.67498,0.10381125226860254,481.917,5700.0,0.0
NGC 2682 Sand 1429 b,0.020496314292389822,0.0,0.0,0.0,13.4,0.23774954627949185,37.2589,6000.0,0.0
CoRoT-6 b,0.020480344947553575,0.20016213791855592,0.09413901800500225,0.0,13.068,0.42105263157894735,145.1436,6090.0,0.1
TOI-757 b,0.020450178772349198,0.3084544384174214,0.07244750761338743,0.0,2.5,0.6533575317604357,24.3644,5278.0,0.39
TOI-2107 b,0.020420336612034937,0.14660650938584155,0.08177058289253254,0.0,13.57407563,0.10471869328493648,508.468,5627.0,0.033
Kepler-276 c,0.020402354304347968,0.0,0.0,0.0,2.9,0.16152450090744103,19.793,5693.0,0.0
Kepler-1462 b,0.020397887095766253,0.0,0.0,1.970689600221606e-13,3.82,0.25045372050816694,4.704,5756.0,0.0
Kepler-1898 b,0.020392308737446223,0.0,0.0,0.0,0.93353523,0.9310344827586207,204.6,5702.0,0.0
HAT-P-42 b,0.02037898218204659,0.0,0.0,0.0,14.348,0.11070780399274048,684.0973,5743.0,0.0
Kepler-534 b,0.02034749363140931,0.0,0.0,0.0,2.24,0.5009074410163339,63.95,5884.0,0.0
WASP-119 b,0.020317083970582465,0.12131700383991091,0.08238499759574501,0.0,15.6926,0.12704174228675136,907.8624,5650.0,0.058
HD 143105 b,0.02031264294877235,0.10066140984096837,0.10188598600200136,0.0,13.7,0.14918330308529945,2502.0025,6380.0,0.07
TOI-5634 A b,0.020308036642245602,0.0,0.0,0.0,10.42,0.12407536454906691,77.0,3896.0,0.0
Kepler-865 c,0.020304271773899915,0.0,0.0,0.0,0.89,0.9056261343012705,164.98,5440.0,0.0
Kepler-1922 b,0.02028839327643231,0.0,0.0,0.0,2.29064904,0.48638838475499097,71.11,5931.0,0.0
Kepler-332 c,0.020268847754566874,0.0,0.0,0.0,1.09,1.0163339382940109,19.986,4955.0,0.0
WASP-72 b,0.020250134597183098,0.0,0.0,0.0,14.45961,0.15789473684210528,6233.7915,6250.0,0.0
TOI-4214 b,0.020232966031517377,0.10264454391178165,0.101618849174517,0.0,10.68215861,0.13430127041742287,1210.0,6370.0,0.17
Kepler-1341 b,0.020223977240822873,0.0,0.0,0.9863727507767,2.99,0.3448275862068966,1.141,4662.0,0.0
Kepler-1144 b,0.02018592246316881,0.0,0.0,0.0,1.99,0.5843920145190563,62.061,5753.0,0.0
TOI-2076 c,0.020181650076492707,0.3358885915445399,0.07001656248328449,0.0,3.54,0.15789473684210528,32.7,5187.0,0.036
Kepler-197 d,0.020169808368458327,0.4057807225099107,0.09184164128865534,0.0,1.22,1.087114337568058,109.091,6004.0,0.03
HD 28109 d,0.0201647170217519,0.3837209552375271,0.0967836725970761,0.0,3.11,0.19963702359346644,17.3745,6189.0,0.0054
tau Cet h,0.020163983975280596,0.4751967069636082,0.07330234546133524,1.5809198007379504e-71,1.19,1.0834845735027223,8.3829,5310.0,0.23
Kepler-1569 b,0.02013508223170949,0.0,0.0,0.0,1.68,0.7277676950998185,495.652,6319.0,0.0
Kepler-1327 b,0.020128561667159758,0.0,0.0,0.0,1.8,0.6660617059891107,79.9,5885.0,0.0
Kepler-853 b,0.0201253283239672,0.0,0.0,0.0,1.69,0.7223230490018149,499.301,6350.0,0.0
Kepler-798 b,0.020110223562040442,0.0,0.0,0.0,2.39,0.46098003629764067,141.888,6224.0,0.0
Kepler-58 b,0.020105622857271247,0.3287304921103572,0.0875407383661831,0.0,2.78,1.8330308529945554,112.992,5843.0,0.04
TOI-2207 b,0.020086309186576366,0.1284279899218449,0.09443286851522595,0.0,11.1529358,0.14519056261343014,406.0,6101.0,0.174
Kepler-1576 b,0.020076140910496188,0.0,0.0,0.0,1.04,0.9927404718693285,156.608,5876.0,0.0
HD 167042 b,0.02006966051848192,0.3655307597801627,0.0628572955067417,2.313095100813947e-56,13.6,0.17604355716878403,7.6592,4919.0,0.01
HD 20003 c,0.020063901076731283,0.3403564985174998,0.07821766308701325,0.0,3.89,0.24500907441016337,18.6659,5494.0,0.1
WASP-197 b,0.02003693182458223,0.0,0.0,0.0,14.44837612,0.13430127041742287,1276.0,6050.0,0.0
Kepler-1571 b,0.020021259137426473,0.0,0.0,0.0,1.52,0.8294010889292197,757.132,6297.0,0.0
GJ 433 d,0.02001150667520047,0.6294132156419914,0.02390874605972906,0.9762654410507944,2.14,0.5317604355716878,0.6312,3461.0,0.07
Kepler-20 e,0.020003083440495884,0.3059123064837482,0.0782443767697733,0.0,0.821,1.3611615245009074,169.8,5495.0,0.092
Kepler-920 c,0.020002471760153996,0.0,0.0,1.3941664066234112e-07,3.8,0.25045372050816694,3.986,5403.0,0.0
K2-181 b,0.019995020826956707,0.19017935414205586,0.07912592830045956,0.0,2.69,0.3938294010889292,192.0,5528.0,0.4
Kepler-1058 b,0.019991955637290042,0.0,0.0,0.9837991599596494,2.72,0.3883847549909256,0.77,4644.0,0.0
7 CMa b,0.019979645550146353,0.39061034373778425,0.06037292301115166,5.720494124021783e-06,13.4,0.24319419237749548,3.7372,4826.0,0.06
Kepler-405 c,0.01994723310735409,0.0,0.0,1.7595306573292212e-254,4.66,0.19237749546279492,14.086,5818.0,0.0
Kepler-1253 b,0.01994338954356045,0.0,0.0,0.0,1.33,0.987295825771325,21.624,5850.0,0.0
Kepler-328 b,0.019930722041923917,0.0,0.0,0.0,2.3,1.4156079854809438,57.079,6064.0,0.0
Kepler-904 b,0.019897702192989548,0.0,0.0,0.0,1.77,0.6805807622504537,875.419,6160.0,0.0
GJ 667 C b,0.019892499656300223,0.4286621158050227,0.02094352727466813,1.0571609203280962e-20,2.25,0.4972776769509982,5.3902,3350.0,0.2
K2-290 c,0.01986297552698778,0.0,0.0,0.0,11.276254,0.18330308529945555,28.2979,6302.0,0.0
Kepler-83 d,0.019839088957799282,0.0,0.0,0.0,1.94,0.1016333938294011,28.81,4648.0,0.0
GJ 1132 c,0.019838685245743126,0.5537498427900116,0.013997969760110774,0.9190748500837134,1.52,0.8257713248638838,2.1053,3090.0,0.19
TIC 87422071 b,0.019826021938968534,0.1944319877319924,0.09574183896989835,0.0,10.8615023,0.34092558983666066,140.925,6150.0,0.124
TOI-1468 c,0.019816941052588702,0.5415864616891243,0.021638083026123467,0.8974726504687245,2.126,0.4192377495462795,2.13,3376.0,0.111
HAT-P-5 b,0.01978647084448392,0.0,0.0,0.0,13.56289,0.12130725952813066,850.6754,5960.0,0.0
TOI-4364 b,0.01978491064974682,0.3545566226096944,0.02569856280386575,7.562481924263504e-224,2.01,0.5771324863883848,13.3328,3528.0,0.29
Kepler-1810 b,0.01978193741950565,0.0,0.0,1.9308230823204686e-15,3.91815325,0.2413793103448276,4.91,5492.0,0.0
Kepler-442 b,0.01976886468310686,0.8070744180336905,0.049046321525879275,0.9541758214701537,1.34,0.9782214156079855,0.66,4402.0,0.04
TOI-5616 b,0.019751171047059465,0.0,0.0,0.0,10.78,0.1189158372161765,137.0,3996.0,0.0
HD 23079 b,0.019749600878333648,0.4524983440401132,0.09157450446116129,0.9999999998000717,13.2,0.3666061705989111,0.5273,5994.0,0.07348
Kepler-297 b,0.019748977615419414,0.0,0.0,0.0,2.87,2.050816696914701,16.464,5619.0,0.0
HD 69830 c,0.019746332772100566,0.3429499574291003,0.07530587166745001,0.0,3.46,0.28493647912885667,17.417,5385.0,0.13
Kepler-257 d,0.019740080413998336,0.0,0.0,2.0504461003271545e-303,4.95,0.17840290381125226,15.2,5180.0,0.0
Kepler-1155 b,0.019739245167493907,0.0,0.0,0.0,2.03,0.5698729582577133,32.52,5842.0,0.0
Kepler-1780 b,0.019680051661171497,0.0,0.0,0.005471889641574075,3.60600667,0.27041742286751363,3.14,5403.0,0.0
HATS-9 b,0.01966900120156847,0.09701178181473075,0.08102259977558177,0.0,13.85,0.11361161524500908,2292.0839,5599.0,0.075
Kepler-341 e,0.019665126810982446,0.0,0.0,0.0,1.99,0.5843920145190563,25.667,6012.0,0.0
TOI-7510 c,0.01965005804070588,0.21684479087563452,0.08425495538812276,0.0,10.81,0.10399274047186932,92.4087,5720.0,0.0091
Kepler-299 e,0.019650029301822188,0.0,0.0,0.0,1.87,0.6352087114337568,20.174,5617.0,0.0
Kepler-1605 b,0.019642124485859915,0.0,0.0,0.0,1.08,1.012704174228675,16.734,5280.0,0.0
Kepler-122 e,0.019637108173929788,0.0,0.0,0.0,2.6,1.571687840290381,36.299,6050.0,0.0
TOI-2236 b,0.019629383658506805,0.0,0.0,0.0,14.36991326,0.16878402903811254,1356.0,6248.0,0.0
Kepler-885 b,0.019614978193183204,0.0,0.0,0.0,2.5,0.43375680580762255,124.646,6187.0,0.0
WASP-26 b,0.01961183383144903,0.0,0.0,0.0,13.56289,0.12758620689655173,1225.5264,6034.0,0.0
Kepler-215 d,0.019611056207665692,0.0,0.0,0.0,2.39,1.7241379310344829,21.404,5739.0,0.0
Kepler-350 b,0.019595045992583233,0.0,0.0,0.0,1.85,0.8892921960072596,257.721,6186.0,0.0
HD 154088 b,0.019567021961517418,0.27241773729217766,0.07501202115722186,0.0,2.46,0.4428312159709619,41.2119,5374.0,0.344
Kepler-53 c,0.019558555637861436,0.0,0.0,0.0,3.17,0.16696914700544466,23.176,5858.0,0.0
Kepler-378 b,0.019546376099473513,0.0,0.0,0.0,0.75,0.8203266787658802,17.819,4661.0,0.0
KELT-16 b,0.019532710695743617,0.0,0.0,0.0,15.860735,0.2177858439201452,6992.0328,6236.0,0.0
GJ 676 A e,0.01952174096991703,0.49295180218831935,0.03120158145001427,0.09281170953529905,2.47,0.44101633393829404,2.7678,3734.0,0.152
TOI-5542 b,0.019503026895591486,0.42077254209473214,0.08372068173316279,4.577231520350602e-101,11.30986153,0.29038112522686027,9.6,5700.0,0.018
Kepler-1003 b,0.019501370435565706,0.0,0.0,0.0,1.78,0.6751361161524502,814.925,6109.0,0.0
HD 206610 b,0.019496730362206376,0.33530859184915607,0.06080034193512508,5.387621092068118e-32,13.4,0.26860254083484575,6.2426,4842.0,0.1
TOI-1601 b,0.019494511723078457,0.0,0.0,0.0,14.19902343,0.13430127041742287,1071.42,5982.0,0.0
6 Lyn b,0.019486840307138355,0.42480282003521436,0.0634449965272056,0.0033088848526561785,13.4,0.2486388384754991,3.1949,4941.0,0.042
Kepler-1238 b,0.019485505283698672,0.0,0.0,0.0,1.93,0.6079854809437387,1195.201,6386.0,0.0
Kepler-1678 b,0.019466680868991466,0.0,0.0,0.08670721130898057,3.30422249,0.30127041742286753,2.78,5754.0,0.0
kap CrB b,0.01946620107972461,0.47746899650308156,0.06074691456962836,0.9999999979570073,13.3,0.29219600725952816,1.7376,4840.0,0.04
Kepler-55 c,0.01944057251086226,0.0,0.0,1.3140452551767086e-06,2.21,6.442831215970962,3.84,4362.0,0.0
K2-140 b,0.01943035857979481,0.0,0.0,0.0,13.56286665,0.11978221415607987,204.0,5585.0,0.0
TOI-1333 b,0.01942259718991564,0.12034543703300275,0.09905433563068393,0.0,15.647764,0.1960072595281307,1112.85,6274.0,0.073
Kepler-1181 c,0.01942181255457043,0.0,0.0,0.0,1.83,0.6533575317604357,377.25,6688.0,0.0
WASP-133 b,0.019396290816021587,0.09185377632800626,0.08372068173316179,0.0,13.56289,0.15970961887477314,2054.7956,5700.0,0.17
Teegarden's Star b,0.019372337124991302,0.8568971394404677,0.012502003526206052,0.9037083664753013,1.05,1.0,1.08,3034.0,0.03
24 Boo b,0.01935989624805698,0.10954569649731942,0.060105786183667034,0.0,13.9,0.10417422867513611,2001.2754,4816.0,0.032
HATS-52 b,0.01935138811547612,0.0942569100435521,0.09200192338513416,0.0,15.490838,0.19237749546279492,1310.22,6010.0,0.246
Kepler-31 b,0.01934800107405,0.0,0.0,0.0,5.5,0.1415607985480944,91.474,6340.0,0.0
TOI-6029 b,0.0193392551932294,0.12326513750461988,0.09769193781051973,0.0,14.39233122,0.17386569872958257,806.794,6223.0,0.091
TOI-4463 A b,0.0193198668878417,0.0,0.0,0.0,13.26022417,0.10798548094373865,633.0,5640.0,0.0
TOI-1136 f,0.019319303049168866,0.2495033335785842,0.08559063952553975,0.0,3.73591482,0.16152450090744103,26.4328,5770.0,0.001
K2-266 c,0.019304548286633944,0.4648541119224514,0.04592082064432898,0.0,0.705,0.8257713248638838,32.4,4285.0,0.042
HR 858 d,0.019248796326616774,0.0,0.0,0.0,2.001,0.8892921960072596,217.0,6354.0,0.0
HIP 90988 b,0.019246508141826248,0.373592302481986,0.061895602927805174,4.230773487833309e-09,13.4,0.2776769509981851,4.1955,4883.0,0.081
Kepler-1093 c,0.01923285466204109,0.0,0.0,0.0,1.96,0.5952813067150635,18.1,6166.0,0.0
HD 130322 b,0.019219815792112915,0.23328504314745888,0.07535929903294308,0.0,13.7,0.14174228675136116,67.9633,5387.0,0.029
Kepler-125 c,0.019214527206017094,0.0,0.0,0.0,0.74,0.8112522686025408,16.81,3810.0,0.0
TOI-6016 b,0.019175973951944147,0.0,0.0,0.0,13.67495645,0.14700544464609802,940.0,6110.0,0.0
Kepler-514 b,0.01917448956577521,0.0,0.0,0.0,1.72,0.7078039927404719,506.412,6106.0,0.0
XO-1 b,0.019173542150841775,0.0,0.0,0.0,12.77826,0.11615245009074411,321.85,5750.0,0.0
Kepler-527 b,0.019163433889353588,0.0,0.0,0.0,2.84,0.3684210526315789,147.046,6388.0,0.0
K2-118 b,0.019161325037338417,0.4459084003626855,0.057709301704321724,6.344182200444727e-10,2.54,0.4246823956442831,4.3,4726.29,0.2
Kepler-528 b,0.019159788757138394,0.0,0.0,0.0,2.08,0.5517241379310345,68.971,5807.0,0.0
Kepler-959 b,0.01913556472420152,0.0,0.0,0.0,4.38,0.2087114337568058,165.868,7005.0,0.0
Kepler-140 c,0.0191234806406587,0.0,0.0,9.977747592038105e-111,1.8,0.6660617059891107,9.957,6077.0,0.0
WASP-80 b,0.019118925024071073,0.1789874132532238,0.04212747769406463,0.0,11.197791,0.13012704174228676,72.442,4143.0,0.002
HD 4732 b,0.019113164595518654,0.25621857061126463,0.06229630816902969,1.9946087460398494e-120,13.4,0.2613430127041742,10.3009,4898.0,0.266
WASP-66 b,0.019097929689461852,0.0,0.0,0.0,15.6926,0.20762250453720507,1434.7739,6600.0,0.0
WASP-4 b,0.01906732561045161,0.11541807139859864,0.07666826948760976,0.0,15.12091496,0.11745626134301271,1188.6219,5436.0,0.0053
Barnard b,0.019050867849311832,0.6278860333940373,0.016802906448682396,3.2417430537690106e-40,0.72,0.7985480943738658,6.76,3195.0,0.03
WASP-155 b,0.019033458458973466,0.0,0.0,0.0,13.45077684,0.11252268602540835,771.0,5660.0,0.0
HATS-24 b,0.01902536039835587,0.0,0.0,0.0,15.636555,0.1869328493647913,2706.9606,6125.0,0.0
Kepler-19 b,0.018988970433344642,0.23878981553542677,0.07947320617618922,0.0,2.209,0.5626134301270418,87.6,5541.0,0.41
Kepler-231 c,0.018981043177675502,0.0,0.0,1.9348078454900405e-32,1.93,0.17604355716878403,6.267,3767.0,0.0
HD 216435 b,0.018969385732534056,0.3966362357084836,0.09170807287489634,0.9999996371773359,13.7,0.15535390199637023,0.5501,5999.0,0.07
Kepler-1615 b,0.01896459337193061,0.0,0.0,0.0,2.06,0.558983666061706,31.171,5865.0,0.0
WASP-85 A b,0.018943948468436802,0.0,0.0,0.0,13.89916,0.15970961887477314,640.3258,6112.0,0.0
Kepler-11 c,0.018932033947448183,0.2753271727005465,0.08273227547147105,0.0,2.87,0.11978221415607987,107.224,5663.0,0.026
BD+15 2375 b,0.018929426138317083,0.14046541129403436,0.055644601164701754,0.0,13.8,0.1279491833030853,111.9838,4649.0,0.001
Barnard d,0.0189118577967083,0.5592583920271195,0.016802906448682417,2.8373808870224487e-113,0.694,0.7840290381125228,10.0441,3195.0,0.04
Kepler-110 c,0.018877696900639958,0.0,0.0,0.0,2.21,0.5099818511796733,45.336,5960.0,0.0
Kepler-1997 b,0.018864705513978414,0.0,0.0,0.0,2.28,0.49001814882032674,44.86,6215.0,0.0
K2-22 b,0.01886179942239897,0.19489882421602317,0.035075065448526545,0.0,2.3,8.730734994828959,114.0,3879.0,0.19
Kepler-85 d,0.018853593220071494,0.0,0.0,0.0,1.2,0.7985480943738658,38.39,5436.0,0.0
Kepler-282 e,0.018818088727141555,0.0,0.0,0.0,3.1,1.8874773139745917,24.114,5656.0,0.0
GJ 338 B b,0.018803590305276122,0.4555559860737187,0.03868141261953652,3.4574866360849667e-07,3.25,0.308529945553539,3.9278,4014.0,0.109
WASP-158 b,0.018791280525398166,0.0,0.0,0.0,11.99363,0.5626134301270418,903.013,6350.0,0.0
Kepler-1070 b,0.01878924469873146,0.0,0.0,0.0,1.73,0.7005444646098004,380.134,6261.0,0.0
HD 112640 b,0.018776814505954906,0.1931154590917502,0.04244804188705026,0.0,12.9,0.7386569872958259,98.0969,4155.0,0.24
Kepler-388 c,0.018749087433778754,0.0,0.0,0.0,0.86,0.8874773139745916,16.64,4498.0,0.0
HATS-68 b,0.018745294992818358,0.1239953741983782,0.09566169792164886,0.0,13.809488,0.15535390199637023,1521.0,6147.0,0.036
Kepler-1478 b,0.018738750938110272,0.0,0.0,0.0,1.73,0.7005444646098004,85.282,5904.0,0.0
47 UMa b,0.018724009944260888,0.4822672496415654,0.08831543516586876,0.9999999996429672,13.2,0.3484573502722323,0.3576,5872.0,0.032
HIP 91258 b,0.018722527907146805,0.2026595826418862,0.07888550515571796,0.0,13.7,0.13430127041742287,166.6086,5519.0,0.02
K2-89 b,0.018719481983314804,0.3026884752760237,0.030052893091839318,0.0,0.615,0.7295825771324863,78.0,3691.0,0.15
Kepler-43 b,0.01870982821861633,0.18569383276366908,0.09283004755034276,0.0,13.663771,0.9074410163339384,1138.115,6041.0,0.017
HATS-77 b,0.018708411127458843,0.22078258631883807,0.0402040925361888,0.0,13.05846252,0.1954627949183303,78.37,4071.0,0.045
Kepler-1542 b,0.018689915205525515,0.0,0.0,0.0,0.76,0.823956442831216,518.437,5564.0,0.0
Wendelstein-1 b,0.01868054928593229,0.21461159399938576,0.04501255543088063,0.0,11.5609626,0.1306715063520871,113.6142,4251.0,0.012
HD 177565 b,0.01867425535906786,0.38531869503100863,0.08177058289253604,2.8865465891421653e-276,4.0,0.23593466424682397,14.5941,5627.0,0.0593
Kepler-430 c,0.01867281112640821,0.0,0.0,3.2608980400764955e-88,1.75,0.6896551724137931,9.096,5884.0,0.0
Kepler-852 b,0.018658192510010475,0.0,0.0,0.0,2.54,0.4246823956442831,92.131,6100.0,0.0
Gliese 48 b,0.018618506627815886,0.0,0.0,0.9844746213013943,2.77,0.38112522686025413,0.89,3450.0,0.0
HD 17674 b,0.0186130480017628,0.3464000876406907,0.0891702730138056,0.9999944101904414,13.9,0.1027223230490018,0.7946,5904.0,0.13
Kepler-1484 b,0.018609194054694685,0.0,0.0,0.0,2.11,0.5408348457350273,35.92,5730.0,0.0
HD 98219 b,0.018605031862860902,0.34031726732441164,0.06301757760323345,4.122092071768801e-45,13.4,0.2595281306715064,7.0547,4925.0,0.079
Kepler-1570 b,0.018598446636031774,0.0,0.0,0.0,1.07,1.0090744101633393,76.457,5550.0,0.0
Kepler-1457 b,0.018590366434834592,0.0,0.0,0.0,1.99,0.5843920145190563,23.468,5866.0,0.0
Kepler-217 c,0.018581000879106486,0.0,0.0,0.0,1.85,0.6424682395644283,730.808,6171.0,0.0
HAT-P-14 b,0.018565162438522183,0.11982090168655912,0.10776299620663105,0.0,15.91678,0.2831215970961888,1038.78,6600.0,0.11
K2-34 b,0.01855950994596025,0.0,0.0,0.0,13.75,0.1705989110707804,963.566,6168.0,0.0
TOI-216.01,0.01854585094594527,0.31623740809213635,0.06571565956080792,1.0561790435236363e-114,10.1,0.13793103448275862,10.1,5026.0,0.0046
K2-25 b,0.018538241247529955,0.3193790151044702,0.017123470641661694,2.0307089324080141e-109,3.44,0.6007259528130672,9.91,3207.0,0.428
Kepler-1489 b,0.018524181758935474,0.0,0.0,9.246718975576355e-171,1.77,0.6805807622504537,11.893,5655.0,0.0
K2-72 e,0.018519180359811344,0.6859482080061213,0.0212232195330438,0.951858143713432,1.29,1.0272232304900182,1.2,3360.47,0.11
Kepler-1690 b,0.018505968637765366,0.0,0.0,0.984676114948132,2.81109223,0.3720508166969147,1.2,5404.0,0.0
24 Sex b,0.018466955017704473,0.3257456227943151,0.0676390447186886,1.0220078626535222e-67,13.4,0.2613430127041742,8.2099,5098.0,0.09
HAT-P-68 b,0.01845500264817821,0.18125599007503526,0.05187797189719257,0.0,12.016048,0.13194192377495462,184.8,4508.0,0.041
WASP-120 b,0.01845383617115565,0.12757555943277749,0.10375594379439056,0.0,15.58048317,0.42361288566243194,1818.5489,6450.0,0.057
TOI-6054.02,0.01840652357786394,0.18182619821242108,0.0929903296468256,0.0,2.82,0.40834845735027225,285.0,6047.0,0.332
K2-204 b,0.018395699646802485,0.17814854019187826,0.08593791740127384,0.0,3.17214154,0.3194192377495463,290.0978,5783.0,0.28
WASP-61 b,0.018391800164877223,0.0,0.0,0.0,15.80469,0.25825771324863883,1062.0298,6250.0,0.0
TOI-5292 A b,0.018373674044096892,0.21971823454101216,0.036143612758447984,0.0,12.64373023,0.2032667876588022,102.0,3919.0,0.034
Kepler-1025 b,0.018366691597603298,0.0,0.0,0.0,1.98,0.5880217785843921,17.952,6089.0,0.0
CoRoT-23 b,0.0183539845406409,0.1507250489612044,0.08906341828282867,0.0,11.77,0.544464609800363,530.0221,5900.0,0.16
HATS-1 b,0.0183239465622344,0.13187985121462456,0.0882620078003721,0.0,14.594,0.1869328493647913,489.9461,5870.0,0.12
WTS-1 b,0.018317758103517497,0.13827646595341112,0.09841320724472762,0.0,16.7,0.29219600725952816,554.9183,6250.0,0.1
HD 152581 b,0.018310105335817804,0.39328173815726963,0.06574237324355915,6.808961303509228e-21,13.4,0.24682395644283125,5.4072,5027.0,0.04
HD 4917 b,0.018307027705874813,0.2755704074487769,0.059731794625192534,0.0,13.5,0.2087114337568058,20.9781,4802.0,0.066
HD 74698 b,0.018303385936711193,0.2131828349755359,0.08593791740126895,0.0,5.12,0.17096188747731397,123.0,5783.0,0.1
HD 219134 g,0.01829882551029748,0.0,0.0,0.8410158668354034,3.28,0.30490018148820325,2.2009,4913.0,0.0
TrES-2 b,0.018273730720074696,0.0,0.0,0.0,15.24424,0.1604355716878403,903.864,5850.0,0.0
Kepler-1276 b,0.018265988067580716,0.0,0.0,0.0,1.19,1.0707803992740472,139.77,6188.0,0.0
HD 217107 b,0.01824890206094684,0.15243853903177412,0.08163701447879446,0.0,13.6,0.18148820326678766,231.1546,5622.0,0.1284
Kepler-1364 b,0.018246732267645623,0.0,0.0,0.0,2.15,0.5281306715063522,672.06,6805.0,0.0
Kepler-311 c,0.018246133788621235,0.0,0.0,0.0,1.43,0.8965517241379312,72.456,5905.0,0.0
Kepler-1937 b,0.01823580285388886,0.0,0.0,0.0,3.0229133,0.33938294010889297,163.1,6457.0,0.0
Kepler-389 c,0.01823487707566858,0.0,0.0,0.0,1.46,0.8747731397459166,22.735,5376.0,0.0
TOI-2169 A b,0.018230621830105046,0.15006952411124846,0.09894748089968894,0.0,12.50922246,0.16696914700544466,577.0,6270.0,0.045
HATS-33 b,0.018223386896350897,0.12505637598169156,0.08262542074048039,0.0,13.78707,0.14337568058076225,757.1284,5659.0,0.08
HIP 9618 b,0.018215710264158975,0.0,0.0,0.0,3.82838127,0.14700544464609802,40.3,5649.0,0.0
Kepler-1584 b,0.018205935063802067,0.0,0.0,0.0,1.61,0.7695099818511797,162.544,6069.0,0.0
Kepler-1024 b,0.018186454890572433,0.0,0.0,2.33052845729466e-21,3.91,0.2413793103448276,5.446,5143.0,0.0
TOI-3688 A b,0.01818437512436375,0.0,0.0,0.0,13.08088048,0.13793103448275862,924.3,5950.0,0.0
TOI-4137 b,0.018172126828610323,0.0,0.0,0.0,13.57407563,0.18330308529945555,1013.0,6202.0,0.0
Kepler-634 b,0.018162045809406085,0.0,0.0,0.0,1.89,0.6243194192377496,808.844,6075.0,0.0
HD 102956 b,0.01816105690337564,0.1126416182744085,0.06462039856812928,0.0,13.8,0.11578947368421054,1781.1928,4985.0,0.037
TOI-2152 A b,0.01814938573099497,0.11840902552249757,0.10856440668908103,0.0,14.35870428,0.30308529945553536,2195.7879,6630.0,0.057
Kepler-122 f,0.018142624821570877,0.0,0.0,0.0,1.75,6.696914700544465,21.524,5917.0,0.0
TOI-201 b,0.01814251592761742,0.15861990879215365,0.10303467436017279,0.0,11.4,0.11070780399274048,68.4513,6423.0,0.275
Kepler-1691 b,0.018141516617010186,0.0,0.0,0.0,1.83470985,0.6497277676950999,641.53,6000.0,0.0
Kepler-229 c,0.01812902159743136,0.0,0.0,0.0,4.92,0.18003629764065338,21.637,5120.0,0.0
Kepler-1189 b,0.018126882397796078,0.0,0.0,0.0,1.77,0.6805807622504537,449.936,6012.0,0.0
Kepler-124 d,0.018120941879268965,0.0,0.0,3.039418631774568e-126,1.11,1.029038112522686,10.499,4984.0,0.0
WASP-11 b,0.018114312377231063,0.0,0.0,0.0,12.44199,0.11470054446460981,184.988,4800.0,0.0
Kepler-1326 b,0.018092736056136267,0.0,0.0,0.0,4.18,0.22323049001814882,47.84,6725.0,0.0
TOI-892 b,0.018081422990141642,0.1293414392498079,0.09870705775495468,0.0,11.99363,0.17459165154264972,571.007,6261.0,0.125
GJ 180 b,0.018079944815835112,0.6053173451697705,0.021504514612382057,0.9806994121485028,2.43,0.45190562613430135,1.5359,3371.0,0.07
Kepler-1256 b,0.018068399665050874,0.0,0.0,0.0,1.49,0.852994555353902,211.549,6129.0,0.0
Kepler-404 b,0.018067480382367145,0.0,0.0,0.0,1.27,1.0471869328493648,44.534,5654.0,0.0
Kepler-40 b,0.018066496444619908,0.0,0.0,0.0,13.11,0.30490018148820325,1187.965,6510.0,0.0
K2-295 b,0.01804382274987738,0.0,0.0,0.0,10.054473,0.11107078039927405,97.8595,4444.0,0.0
Kepler-626 b,0.01801463998750428,0.0,0.0,0.0,2.29,0.48638838475499097,69.795,5813.0,0.0
TOI-1836 c,0.01801110557997577,0.0,0.0,0.0,2.59987579,0.544464609800363,2981.98,6237.0,0.0
Kepler-135 b,0.01799689739486953,0.0,0.0,0.0,1.81,0.6606170598911071,496.678,6090.0,0.0
Kepler-300 c,0.017987582884404288,0.0,0.0,0.0,2.25,0.4972776769509982,43.248,5986.0,0.0
HD 224018 d,0.017986668933015336,0.56377898735543,0.0859646310840194,9.716043893335576e-14,2.4,0.308529945553539,4.7348,5784.0,0.04
HD 190360 d,0.017977141518008697,0.4560266627195948,0.07998076614840109,1.626906887006892e-57,3.48,0.2813067150635209,7.7173,5560.0,0.058
Kepler-1969 b,0.017941374960164253,0.0,0.0,0.0,1.68161001,0.7277676950998185,235.89,6046.0,0.0
Kepler-1972 b,0.017940050326952957,0.24156144317437706,0.08687289629748152,0.0,0.802,4.029038112522686,341.3,5818.0,0.067
WASP-14 b,0.017923812450092044,0.12509619774849956,0.10442378586309746,0.0,15.46842,0.40834845735027225,1356.33,6475.0,0.09
TOI-480 b,0.0179231517328193,0.0,0.0,0.0,2.85372018,0.8911070780399275,531.521,6174.0,0.0
Kepler-1881 b,0.01792064284150046,0.0,0.0,0.9861666180677429,2.98104391,0.3448275862068966,1.5,5135.0,0.0
Kepler-1511 b,0.017916913677139577,0.0,0.0,0.0,1.68,0.7277676950998185,228.219,6064.0,0.0
Kepler-888 b,0.017912564115794873,0.0,0.0,2.8451936690550766e-60,1.76,0.6860254083484574,7.854,5875.0,0.0
TOI-181 b,0.017894849310161536,0.18427389793392804,0.06486082171286353,0.0,6.9559,0.13724137931034483,102.43,4994.0,0.1543
GJ 3293 e,0.017894194413190637,0.5064318206292375,0.02404231447347149,0.0007327972804933027,1.63,0.7549909255898367,3.34,3466.0,0.21
HD 3167 d,0.017874590987956778,0.22881327621742417,0.07405032857828314,0.0,2.61,0.4101633393829401,88.9,5338.0,0.35
TOI-7510 d,0.017865424631491322,0.3045493719466001,0.08425495538812504,0.0,10.52,0.16152450090744103,20.6036,5720.0,0.04
Kepler-1538 b,0.017863688946089706,0.0,0.0,0.9849116117978881,2.82,0.3720508166969147,1.989,5837.0,0.0
Kepler-401 b,0.01786029245802219,0.0,0.0,0.0,1.71,0.7114337568058077,254.25,6117.0,0.0
TOI-157 b,0.017849296832239958,0.0,0.0,0.0,14.414774,0.12450090744101634,1062.0,5404.0,0.0
HAT-P-23 b,0.017846132697648683,0.09390732918788292,0.08919698669656334,0.0,15.334,0.18330308529945555,2796.2342,5905.0,0.106
Kepler-82 b,0.017840329232211,0.32624175169122593,0.07573329059141987,0.0,4.07,0.17785843920145192,19.558,5401.0,0.0033
HIP 74890 b,0.017810759551728617,0.3995144410193643,0.06101405139711214,7.377366980663745e-06,13.3,0.32304900181488205,3.7188,4850.0,0.07
HD 19994 b,0.017810141428531864,0.39888517705185883,0.09675695891432541,0.8057037048896838,13.6,0.17259528130671506,2.2324,6188.0,0.063
tau Cet g,0.017810077189203154,0.4805025168692785,0.07330234546133574,0.0,1.18,1.0617059891107077,27.9835,5310.0,0.06
Kepler-1428 b,0.017807900551876626,0.0,0.0,0.0,1.64,0.7531760435571688,817.579,6184.0,0.0
HATS-18 b,0.01780659512195026,0.08741093447285775,0.08104931345833416,0.0,14.896761,0.20270417422867515,2990.0,5600.0,0.166
Kepler-1862 b,0.017788534809180915,0.0,0.0,0.0,2.203,0.5117967332123412,41.04,5644.0,0.0
TOI-4336 A b,0.01778753313463146,0.0,0.0,0.9428576476977795,2.137,0.33938294010889297,1.53,3307.0,0.0
TOI-1749 b,0.01778164470999827,0.25747653137539267,0.037906715819845074,0.0,1.39,5.066894311649215,83.8379,3985.0,0.14
BD+20 274 b,0.01777807902822552,0.2180585293252963,0.04621467115455945,0.0,13.0,0.6061705989110707,53.9651,4296.0,0.21
Kepler-277 c,0.017743005992660845,0.0,0.0,0.0,3.36,1.4156079854809438,83.898,5946.0,0.0
Kepler-1251 b,0.01773940414709144,0.0,0.0,8.345099026140076e-242,1.84,0.6460980036297641,13.78,5545.0,0.0
TOI-6002 b,0.017731823624420787,0.5859579509539895,0.017711171662124364,0.965265237343999,1.65,0.7459165154264974,1.6823,3229.0,0.15
HD 88133 b,0.017730357716445946,0.12393850946157606,0.07549286744668521,0.0,13.8,0.12304900181488204,1368.0872,5392.0,0.031
HD 231701 b,0.017702461656710702,0.2705100868455356,0.09443286851522316,2.8138267268722917e-90,13.7,0.13938294010889293,9.1798,6101.0,0.13
Kepler-1936 b,0.017700797352204357,0.0,0.0,7.358774626430132e-96,3.16615594,0.32123411978221417,9.4,6501.0,0.0
Kepler-174 d,0.017691071261545635,0.0,0.0,0.9770403567577406,2.19,0.515426497277677,0.53,4880.0,0.0
HIP 54373 b,0.017686982556625465,0.33667529289013454,0.038868408398775464,8.897745997117391e-299,2.87,0.3629764065335753,15.0984,4021.0,0.2
TOI-1268 b,0.017668383693996148,0.1915393938539534,0.07303520863384104,0.0,9.1,0.12885662431941924,91.0972,5300.0,0.105
Kepler-341 c,0.01765566096403355,0.0,0.0,0.0,1.7,0.7168784029038113,237.43,6012.0,0.0
TOI-2986 b,0.017648398769685956,0.10866251380357168,0.08922370037930784,0.0,9.292245,0.11978221415607987,1156.0,5906.0,0.14
Kepler-1047 b,0.017644158174650634,0.0,0.0,0.0,2.09,0.5480943738656987,28.851,5754.0,0.0
Kepler-315 b,0.017630270447335568,0.0,0.0,1.1096874041046247e-38,3.77,0.2540834845735027,6.674,5796.0,0.0
55 Cnc B c,0.017626991629390673,0.0,0.0,0.9765186865411027,2.16,0.5245009074410164,0.4613,3286.0,0.0
Kepler-293 c,0.017610344192754212,0.0,0.0,2.7411716883565783e-49,3.83,0.2486388384754991,7.287,5804.0,0.0
Kepler-930 b,0.017605749703884236,0.0,0.0,0.0,2.13,0.5353901996370236,16.851,6335.0,0.0
Kepler-336 d,0.017591757292745314,0.0,0.0,0.0,2.37,0.46460980036297644,74.36,5867.0,0.0
Kepler-1488 b,0.01758110372017178,0.0,0.0,0.0,1.86,0.6388384754990926,73.335,5820.0,0.0
Kepler-1100 b,0.017569737651718424,0.0,0.0,0.0,1.75,0.6896551724137931,238.508,6247.0,0.0
K2-88 b,0.017568334740930336,0.44706312491286543,0.025938985948601643,3.4558001162065406e-59,1.23,1.0925589836660616,7.8,3537.0,0.26
HD 192699 b,0.017567678890246276,0.3276246635295484,0.06611636480203611,1.0531545087269983e-86,13.4,0.27586206896551724,9.0351,5041.0,0.082
HD 113996 b,0.01754686011264745,0.18843268245767647,0.04314259763850702,0.0,12.7,0.9745916515426498,113.6719,4181.0,0.28
Kepler-34 b,0.017526666177034203,0.36147658731300675,0.0894106961585411,0.9994291472864236,8.564,0.11125226860254084,1.2545,5913.0,0.182
WASP-114 b,0.01751689845774236,0.1156703143042386,0.09013196559275338,0.0,15.008851,0.17604355716878403,2978.2048,5940.0,0.012
Kepler-201 b,0.017503501017756568,0.0,0.0,0.0,2.46,0.4428312159709619,64.549,6065.0,0.0
Kepler-1499 b,0.017500153227330926,0.0,0.0,7.243851144989311e-51,1.19,1.0707803992740472,7.371,5097.0,0.0
Kepler-1015 b,0.017470214781261276,0.0,0.0,0.0,3.55,0.27404718693284935,172.112,6769.0,0.0
Kepler-1762 b,0.017466408085380324,0.0,0.0,0.0,2.76022913,0.38112522686025413,61.49,6572.0,0.0
Kepler-645 b,0.017465843904274254,0.0,0.0,0.0,2.1,0.544464609800363,1364.762,6170.0,0.0
Kepler-69 c,0.01743645583581093,0.5876356051498139,0.0820644334027735,0.14638246454729414,1.71,0.7114337568058077,2.687,5638.0,0.14
Kepler-220 d,0.017434952380815362,0.0,0.0,9.865011770866213e-68,0.98,0.958257713248639,8.208,4632.0,0.0
Kepler-513 b,0.017433766370886377,0.0,0.0,0.0,2.2,0.5136116152450091,36.527,5849.0,0.0
Kepler-147 c,0.017425005450463823,0.0,0.0,0.0,2.43,0.4500907441016334,61.287,6012.0,0.0
NGTS-6 b,0.017410567534318046,0.0,0.0,0.0,14.863134,0.12903811252268602,983.4246,4730.0,0.0
CoRoT-21 b,0.017404149397020303,0.0,0.0,0.0,14.5717,0.24682395644283125,2915.5997,6200.0,0.0
Kepler-171 d,0.01738052191879204,0.0,0.0,5.416261248844686e-299,1.89,0.6243194192377496,15.103,5642.0,0.0
Kepler-366 c,0.017377322269815393,0.0,0.0,0.0,1.79,0.6715063520871144,286.6,6209.0,0.0
WASP-157 b,0.01737459389159162,0.0,0.0,0.0,11.19,0.11615245009074411,482.1005,5772.0,0.0
Kepler-918 b,0.017374302316286446,0.0,0.0,0.0,1.74,0.6969147005444646,258.702,6028.0,0.0
Kepler-332 d,0.017356226368479805,0.0,0.0,1.0886535186648328e-48,1.18,1.0689655172413792,7.253,4955.0,0.0
HAT-P-62 b,0.017330342414751038,0.11942129067913808,0.08182401025803146,0.0,12.02723629,0.1397459165154265,867.2,5629.0,0.101
Kepler-966 b,0.017326597739689673,0.0,0.0,1.4438464892384302e-140,4.13,0.2268602540834846,10.972,5840.0,0.0
TOI-4201 b,0.017287950097431646,0.2665058692517462,0.03280440241491205,0.0,13.67495645,0.33030852994555354,45.2,3794.0,0.041
HD 112300 b,0.017264969411827424,0.1311967321827794,0.029144627878400556,0.0,12.2,2.7586206896551726,284.1257,3657.0,0.36
Kepler-1841 b,0.017264433733230024,0.0,0.0,0.0,1.48912557,0.8511796733212342,20.35,5190.0,0.0
Kepler-406 c,0.01724331107294234,0.0,0.0,0.0,0.85,4.426497277676951,349.769,5538.0,0.0
Kepler-1524 b,0.017237338018725443,0.0,0.0,7.6105008679163e-73,3.54,0.27586206896551724,8.443,6179.0,0.0
Kepler-1425 b,0.017216122122199626,0.0,0.0,0.0,0.94,0.9346642468239565,216.405,5718.0,0.0
Kepler-438 b,0.017205269725977086,0.8464670216156628,0.031575573008492404,0.9241448242738329,1.12,1.0362976406533575,1.4,3748.0,0.03
Kepler-184 c,0.017203238377251056,0.0,0.0,0.0,1.97,1.147005444646098,29.875,5788.0,0.0
HD 5278 b,0.017195421500995338,0.2886231366678022,0.09715766415556118,0.0,2.45,0.5263157894736842,132.0,6203.0,0.08
TOI-2449 b,0.017185926343399507,0.14721103478452366,0.09229577389536293,0.0,11.24,0.1558983666061706,362.642,6021.0,0.098
HAT-P-38 b,0.017172578932953868,0.16396139060314582,0.07383661911628916,0.0,9.247,0.10707803992740472,243.0337,5330.0,0.067
Kepler-1863 b,0.017165421083695082,0.0,0.0,0.0,2.26309256,0.4936479128856625,41.5,5871.0,0.0
HD 204313 c,0.017159480456674533,0.33148941532386583,0.08551049847729694,0.0,4.31,0.21415607985480944,28.2644,5767.0,0.059
TOI-4377 b,0.01713928914844784,0.15133180309897065,0.06432654805789918,0.0,15.10970598,0.15989110707803994,430.9826,4974.0,0.045
K2-329 b,0.01713791056847785,0.2359479911712581,0.07255436234437128,0.0,8.675766,0.12595281306715064,45.7,5282.0,0.0697
Kepler-1061 b,0.017133698618087806,0.0,0.0,0.0,1.98,0.5880217785843921,788.501,6067.0,0.0
TOI-700 c,0.01712996620973994,0.5548926939408995,0.023855318694232217,0.19089842184548272,2.6,0.411978221415608,2.64,3459.0,0.068
Kepler-1344 b,0.017127128453622915,0.0,0.0,0.0,1.84,0.6460980036297641,425.169,5981.0,0.0
Kepler-1598 b,0.017114324634387022,0.0,0.0,0.0,0.95,0.9401088929219601,308.46,5940.0,0.0
Kepler-1225 b,0.017103697903054896,0.0,0.0,0.0,1.82,0.6569872958257714,324.282,6140.0,0.0
K2-30 b,0.017100682879838167,0.0,0.0,0.0,11.646151,0.11615245009074411,299.0,5425.0,0.0
Kepler-1949 b,0.017085149660164875,0.0,0.0,0.0,2.21964541,0.5063520871143375,2016.25,6028.0,0.0
Kepler-1002 b,0.017081291732887516,0.0,0.0,0.0,1.71,0.7114337568058077,981.68,6144.0,0.0
Kepler-274 b,0.017080698363995665,0.0,0.0,0.0,1.54,0.8166969147005445,147.812,6023.0,0.0
Kepler-1279 b,0.017070946812651977,0.0,0.0,0.0,1.75,0.6896551724137931,190.851,6221.0,0.0
HD 22532 b,0.01706591727977748,0.4197149992164042,0.06603622375379106,1.331902419928829e-18,13.4,0.279491833030853,5.2078,5038.0,0.03
TOI-178 f,0.017060551860937606,0.4085771079416295,0.04674894480952234,0.9743448482871703,2.417,0.4022638838475499,0.6071,4316.0,0.00045
Kepler-1229 b,0.01706047622552965,0.0,0.0,0.9566722641015678,1.4,0.9237749546279492,0.524,3784.0,0.0
Kepler-824 b,0.017052276031520184,0.0,0.0,0.0,1.87,0.6352087114337568,454.604,6035.0,0.0
HD 82886 b,0.01704823314526656,0.37318378748709957,0.06376556072018658,7.667273972354038e-23,13.3,0.3139745916515427,5.568,4953.0,0.07
Kepler-758 e,0.017047577601395244,0.0,0.0,0.0,1.53,0.823956442831216,588.402,6228.0,0.0
Kepler-1122 b,0.01703449959006925,0.0,0.0,0.0,2.04,0.5662431941923776,23.263,5544.0,0.0
Kepler-215 e,0.017020295564916674,0.0,0.0,3.1685031440790827e-52,1.75,0.6896551724137931,7.444,5739.0,0.0
Kepler-1406 b,0.017011921678929596,0.0,0.0,0.0,1.1,1.0272232304900182,125.89,5892.0,0.0
WASP-56 b,0.016995514511039568,0.0,0.0,0.0,10.53646,0.10580762250453721,447.82,5600.0,0.0
Kepler-1996 c,0.016993939629529463,0.0,0.0,0.9848286211573916,2.81,0.3738656987295826,1.38,4580.0,0.0
WASP-95 b,0.016985775776039318,0.0,0.0,0.0,13.78707,0.15245009074410162,2841.0562,5830.0,0.0
Kepler-1818 b,0.01697476241437306,0.0,0.0,0.0,1.71360684,0.7096188747731398,504.23,6047.0,0.0
Kepler-1360 b,0.01697440407042767,0.0,0.0,0.0,3.4,0.29219600725952816,82.564,6778.0,0.0
HD 28471 d,0.016970451613883972,0.3006754932561483,0.08548378479455605,0.0,2.06,0.5607985480943739,115.259,5766.0,0.093
Kepler-830 b,0.016939407341630932,0.0,0.0,0.0,1.7,0.7168784029038113,160.18,6037.0,0.0
TOI-2184 b,0.016934437483602523,0.11319864504822287,0.09082652134420668,0.0,11.39953337,0.13793103448275862,1429.0,5966.0,0.08
TOI-2076 d,0.016929793008411822,0.4200550777980543,0.07001656248328561,0.0,3.27,0.2032667876588022,16.5,5187.0,0.027
Kepler-1512 b,0.016929723239057004,0.0,0.0,0.9388431669582133,1.18,1.0689655172413792,1.6,4372.0,0.0
Kepler-349 c,0.016909993982854834,0.0,0.0,0.0,1.96,0.5952813067150635,94.491,5956.0,0.0
HD 216520 b,0.016909080793137854,0.42294073610676236,0.06777261313243109,4.532355818053042e-86,3.18,0.3176043557168784,9.0089,5103.0,0.09
HD 100655 b,0.016907081759493237,0.1959381673262009,0.06210931238979138,0.0,13.5,0.20689655172413793,92.9931,4891.0,0.09
TOI-4438 b,0.016899189233989722,0.4682809066989674,0.024977293369660234,1.5278457900784856e-28,2.4,0.29945553539019965,6.0,3501.0,0.07
Kepler-1463 b,0.016895164991887795,0.0,0.0,0.0,1.86,0.6388384754990926,57.634,5679.0,0.0
HD 20794 b,0.016871746376841648,0.4241803148132114,0.07485173906073618,0.0,1.45,0.883847549909256,43.4733,5368.0,0.064
GJ 667 C f,0.016858758504860738,0.7805780564122738,0.020943527274668746,0.9587360525066468,1.45,0.883847549909256,0.5633,3350.0,0.03
HD 60292 b,0.016854049591141285,0.192177696020367,0.04760378265747309,0.0,12.7,1.0054446460980038,110.1333,4348.0,0.27
Kepler-996 b,0.016844579607221348,0.0,0.0,0.0,1.98,0.5880217785843921,723.081,6014.0,0.0
Kepler-850 b,0.016821496633067902,0.0,0.0,0.0,1.78,0.6751361161524502,329.283,5932.0,0.0
Kepler-771 b,0.016819398903922332,0.0,0.0,0.0,1.82,0.6569872958257714,339.296,5906.0,0.0
Kepler-383 c,0.016816832590477743,0.0,0.0,5.388974044502042e-35,1.24,1.0834845735027223,6.44,4710.0,0.0
GJ 273 b,0.01680473136705664,0.6832987697743063,0.021798365122614335,0.9607478797981196,1.51,0.8366606170598911,1.06,3382.0,0.1
Kepler-906 b,0.016770483641710843,0.0,0.0,0.0,2.11,0.5408348457350273,21.987,6035.0,0.0
WASP-132 b,0.016770072767138728,0.26281542309339045,0.05663300742638855,0.0,10.09929161,0.132486388384755,58.5,4686.0,0.0163
HATS-7 b,0.016769023396930517,0.16202321038962816,0.06462039856812972,0.0,6.310667,0.15063520871143377,211.6178,4985.0,0.17
TOI-169 b,0.016757335358707937,0.0,0.0,0.0,12.172974,0.13793103448275862,1443.0,5880.0,0.0
Kepler-230 b,0.01674914115382274,0.0,0.0,4.1028105461879464e-168,4.26,0.2159709618874773,11.816,5588.0,0.0
WASP-98 b,0.016748091260489262,0.0,0.0,0.0,12.823096,0.1386569872958258,269.8828,5473.0,0.0
Kepler-1473 b,0.016731914978418742,0.0,0.0,0.0,1.19,1.0707803992740472,111.011,6046.0,0.0
HATS-74 A b,0.01673120656942662,0.225927840697007,0.03234759843991608,0.0,11.56766808,0.29764065335753176,106.9,3776.9,0.044
TOI-3819 b,0.016718914568830234,0.0,0.0,0.0,13.13692538,0.1542649727767695,1186.0,5859.0,0.0
Kepler-965 b,0.01671450697105224,0.0,0.0,3.7015988407332426e-16,3.38,0.29401088929219604,4.98,5886.0,0.0
Kepler-284 b,0.016702490298345637,0.0,0.0,0.0,2.24,0.5009074410163339,38.366,5615.0,0.0
Kepler-77 b,0.016691714148483194,0.0,0.0,0.0,10.761,0.10943738656987297,432.871,5520.0,0.0
Kepler-791 b,0.016672621056961483,0.0,0.0,0.0,3.05,0.3357531760435572,140.057,6383.0,0.0
OGLE-TR-111 b,0.01666528948255227,0.0,0.0,0.0,11.421971,0.11796733212341198,204.9529,5040.0,0.0
Qatar-6 b,0.01665709467225963,0.0,0.0,0.0,11.903958,0.12558983666061704,174.9015,5052.0,0.0
KOBE-1 c,0.01665375381617977,0.0,0.0,4.5523131213349824e-07,3.56,0.27404718693284935,3.91,4135.0,0.0
Kepler-396 b,0.01664962237078775,0.0,0.0,8.627674807311018e-240,3.5,1.7568058076225046,13.731,5656.0,0.0
BD+20 594 b,0.01664071175809506,0.0,0.0,3.494014969006627e-301,2.57807,1.4319419237749547,15.1513,5766.0,0.0
Kepler-1016 c,0.01662927801971794,0.0,0.0,2.109821369822033e-45,3.68,0.2613430127041742,7.071,5821.0,0.0
TOI-5624 d,0.01662624165815367,0.0,0.0,0.0,3.584,0.10707803992740472,157.055,5327.0,0.0
GJ 251 c,0.01662353616646843,0.0,0.0,0.969116474426619,1.8,0.6642468239564429,0.404,3342.0,0.0
Kepler-364 c,0.016622140284323454,0.0,0.0,0.0,2.15,0.5281306715063522,22.234,6108.0,0.0
HD 149143 b,0.01661694741843582,0.1578055184193276,0.08788801624189548,0.0,13.6,0.16751361161524503,796.9815,5856.0,0.0167
LHS 1678 c,0.016610418930285583,0.5287136952629606,0.024683442859432716,1.7244610007258463e-230,0.941,1.9237749546279492,13.5,3490.0,0.039
Kepler-240 c,0.016602782976931817,0.0,0.0,0.0,2.2,9.582577132486389,59.838,4985.0,0.0
Kepler-1540 b,0.016595772872084233,0.0,0.0,0.9814107882840746,2.49,0.4373865698729583,0.849,4540.0,0.0
Kepler-1255 b,0.016593589195656983,0.0,0.0,0.0,2.32,0.4791288566243195,39.671,6018.0,0.0
Kepler-1185 b,0.016588455573080786,0.0,0.0,1.4170811366030318e-93,1.33,0.987295825771325,9.31,5622.0,0.0
NGTS-15 b,0.01658582739676521,0.0,0.0,0.0,12.32987877,0.13430127041742287,425.0,5600.0,0.0
Kepler-782 b,0.016580730093871635,0.0,0.0,1.3679191198593316e-07,3.21,0.3139745916515427,3.987,5867.0,0.0
TrES-1 b,0.016571537612381976,0.0,0.0,0.0,12.66617,0.12921960072595282,318.4582,5230.0,0.0
Kepler-340 c,0.016556035282817606,0.0,0.0,0.0,3.37,0.29401088929219604,154.653,6620.0,0.0
WASP-41 b,0.01655343689912482,0.0,0.0,0.0,12.3299,0.13466424682395645,344.149,5545.0,0.0
Kepler-92 d,0.016530716554311306,0.388299956116466,0.08917935566596105,0.0,2.067,1.3535156079854809,46.844,5904.34,0.07
Kepler-399 c,0.01653067068562134,0.0,0.0,0.0,1.43,0.8965517241379312,15.69,5502.0,0.0
TOI-1266 b,0.016527130397361423,0.5245239501976958,0.026633541700054473,1.3417946355810177e-13,2.52,0.279491833030853,4.72,3563.0,0.039
TOI-2524 b,0.01652160286877107,0.0,0.0,0.0,11.2089807,0.14337568058076225,210.609,5831.0,0.0
K2-72 c,0.016515987458560904,0.6421900344395002,0.021223219533043933,0.7957907819035631,1.16,1.0544464609800364,2.2,3360.47,0.11
Kepler-524 b,0.016464733300688893,0.0,0.0,0.0,1.91,0.617059891107078,434.237,6014.0,0.0
Kepler-560 b,0.016439164699731425,0.5448653791265311,0.026446545920818236,0.41494618754352613,1.72,0.7078039927404719,2.46,3556.0,0.17
Kepler-1637 b,0.016435739058874986,0.0,0.0,0.0,0.89,0.9056261343012705,337.78,5789.0,0.0
TOI-1232 b,0.01642294557527356,0.21232156261958338,0.08700646471120045,0.0,10.92875618,0.1680580762250454,90.0659,5823.0,0.065
Kepler-229 d,0.01641428621736097,0.0,0.0,8.025334272835008e-31,3.85,0.2486388384754991,6.162,5120.0,0.0
Kepler-1883 b,0.016395408848750244,0.0,0.0,1.460599874880645e-45,3.25107395,0.308529945553539,7.08,6208.0,0.0
TOI-6330 b,0.01639218700146775,0.26306950687686764,0.02599241331410001,4.496706870587381e-111,10.89,2.462794918330309,9.97,3539.0,0.34
TOI-3693 b,0.01639195647206874,0.0,0.0,0.0,12.59889431,0.16152450090744103,68.6,5321.0,0.0
Kepler-375 b,0.016386256597776743,0.0,0.0,0.0,1.45,0.883847549909256,64.444,5826.0,0.0
Kepler-268 b,0.016380143522286054,0.0,0.0,0.0,2.55,0.4228675136116153,64.933,6081.0,0.0
Kepler-1840 b,0.016374406789729977,0.0,0.0,0.9843223814653498,2.77771129,0.37749546279491836,1.3,4898.0,0.0
Kepler-244 d,0.01637181821214421,0.0,0.0,0.0,2.31,1.2304900181488205,31.267,5554.0,0.0
Kepler-1861 b,0.016366721522163192,0.0,0.0,0.0,2.20677414,0.5099818511796733,31.5,5855.0,0.0
Kepler-1126 b,0.016360245130905032,0.0,0.0,4.893473980976821e-12,1.73,0.7005444646098004,4.55,5798.0,0.0
Kepler-1498 b,0.016346437728432285,0.0,0.0,4.54203710702048e-108,1.33,0.987295825771325,9.86,5256.0,0.0
Kepler-814 b,0.01634331032796622,0.0,0.0,0.0,2.12,0.5372050816696915,935.124,6162.0,0.0
TOI-2374 b,0.01634293352560704,0.18285926535164074,0.06507453117485029,0.0,7.48759911,0.1457350272232305,122.9,5002.0,0.13
Kepler-1672 b,0.016336894388382577,0.0,0.0,9.722425404532395e-11,2.97022762,0.3466424682395644,4.4,6131.95,0.0
Kepler-1087 b,0.01632424618200329,0.0,0.0,0.0,0.61,0.7241379310344829,3496.493,5589.0,0.0
Kepler-356 c,0.016319740819772756,0.0,0.0,0.0,1.81,0.6606170598911071,209.368,6133.0,0.0
Kepler-217 b,0.016304254090879128,0.0,0.0,0.0,2.23,0.5027223230490019,1366.477,6171.0,0.0
TRAPPIST-1 c,0.01628376474614747,0.7280731618319239,0.0,0.7609049679833285,1.097,0.991650272232305,2.214,2566.0,0.00654
Kepler-1244 b,0.016283511617790153,0.0,0.0,0.0,1.35,0.9691470054446462,4756.325,6680.0,0.0
Kepler-886 b,0.016283428795065016,0.0,0.0,0.0,1.52,0.8294010889292197,231.432,6098.0,0.0
WASP-73 b,0.016276286455848,0.0,0.0,0.0,15.91678,0.2896551724137931,2242.3605,6030.0,0.0
Kepler-1502 b,0.016275314845556353,0.0,0.0,0.0,3.18,0.31578947368421056,77.324,6666.0,0.0
WASP-57 b,0.016257973487763915,0.0,0.0,0.0,11.76945,0.12577132486388384,702.385,5600.0,0.0
HAT-P-37 b,0.01625184269363441,0.1525537457707982,0.07837794518350209,0.0,13.204,0.16152450090744103,412.3914,5500.0,0.058
Kepler-1401 b,0.016239451393043898,0.0,0.0,0.0,1.68,0.7277676950998185,100.91,5964.0,0.0
HAT-P-54 b,0.0162339132364184,0.21048801099085987,0.0487257573328953,0.0,10.581296,0.20290381125226864,88.6713,4390.0,0.074
Kepler-300 b,0.016222003412051093,0.0,0.0,0.0,1.67,0.73502722323049,265.186,5986.0,0.0
WASP-71 b,0.016211854330726864,0.0,0.0,0.0,13.22662,0.19963702359346644,3384.6097,6050.0,0.0
Kepler-291 c,0.016209857932273523,0.0,0.0,0.0,1.88,0.6297640653357532,332.737,6002.0,0.0
Kepler-1232 b,0.016203554481193316,0.0,0.0,1.5609990413997524e-276,1.93,0.6079854809437387,14.6,5471.0,0.0
Kepler-367 c,0.016182484359841917,0.0,0.0,3.867176423090513e-06,1.2,1.0798548094373865,3.761,4710.0,0.0
HD 47366 b,0.01616064967187207,0.29408927156351533,0.06144147032108471,0.0,13.4,0.27404718693284935,17.9154,4866.0,0.071
Kepler-883 b,0.016158071083607645,0.0,0.0,0.0,1.78,0.6751361161524502,163.052,6116.0,0.0
LHS 1903 d,0.016151903764391753,0.4438450046394143,0.02933162365763325,1.3097205833709283e-33,2.5,0.3793103448275862,6.35,3664.0,0.112
Kepler-344 c,0.01614667290343607,0.0,0.0,0.16108362490234168,2.95,0.3502722323049002,2.673,5774.0,0.0
Kepler-526 b,0.016114587310045912,0.0,0.0,0.0,1.99,0.5843920145190563,584.354,5894.0,0.0
TOI-1266 c,0.016110527037016976,0.5808627767633927,0.026633541700055163,0.4671191761519038,1.98,0.40834845735027225,2.42,3563.0,0.071
Kepler-825 c,0.016106834481800558,0.0,0.0,0.0,1.84,0.6460980036297641,261.628,5976.0,0.0
Kepler-1260 b,0.0160980561949761,0.0,0.0,0.0,1.77,0.6805807622504537,171.926,5961.0,0.0
WASP-36 b,0.016096364328409503,0.0,0.0,0.0,14.874343,0.22867513611615245,1422.6075,5959.0,0.0
Kepler-1751 b,0.016090045896359883,0.0,0.0,0.0,1.82417378,0.6533575317604357,221.46,6052.0,0.0
Kepler-339 c,0.016085427473746777,0.0,0.0,0.0,1.15,4.791288566243194,101.841,5631.0,0.0
TOI-2088 b,0.016075296119648058,0.0,0.0,0.9963979658746956,3.6831179,0.3629764065335753,1.7338,5081.0,0.0
Kepler-84 f,0.01606703891482892,0.0,0.0,0.0,2.2,0.5136116152450091,25.3,6031.0,0.0
Kepler-1449 b,0.0160487472991244,0.0,0.0,0.0,1.68,0.7277676950998185,271.885,5979.0,0.0
YZ Cet d,0.016040502041070777,0.6790716615891716,0.01562750440775736,0.1264639122972833,1.03,0.9945553539019965,2.7,3151.0,0.07
TrES-3 b,0.016035642428800283,0.0,0.0,0.0,14.975,0.18039927404718695,1025.5022,5650.0,0.0
Kepler-131 b,0.01602159960613464,0.0,0.0,0.0,2.41,1.088929219600726,66.122,5685.0,0.0
HD 6860 b,0.016008922891191026,0.11657324906777912,0.033018111876906175,0.0,11.9,5.317604355716878,406.4355,3802.0,0.28
TOI-700 b,0.016003236074817045,0.6086230840944339,0.023855318694233817,3.182608099065846e-16,0.914,0.9201451905626136,4.98,3459.0,0.075
Kepler-1504 b,0.016001356117122563,0.0,0.0,0.0,2.13,0.5353901996370236,25.17,5393.0,0.0
Kepler-521 b,0.01600057191519687,0.0,0.0,0.0,3.18,0.31578947368421056,160.612,6406.0,0.0
Kepler-872 b,0.015997686073072503,0.0,0.0,0.0,1.99,0.5843920145190563,553.056,5902.0,0.0
GJ 1061 c,0.015994066423304358,0.8533399702592815,0.010338195223593711,0.9407077592891748,1.19,1.0707803992740472,1.4,2953.0,0.02
HD 86081 b,0.015972117465332333,0.12871430884045001,0.09010525191000529,0.0,13.6,0.1869328493647913,2003.7697,5939.0,0.0119
Kepler-1362 b,0.01596560645377617,0.0,0.0,0.9825404012667919,2.6,0.411978221415608,1.011,4857.0,0.0
Kepler-1177 b,0.01596378435083748,0.0,0.0,1.0745428905643633e-169,1.9,0.6206896551724138,11.862,5712.0,0.0
TOI-5232 b,0.015960284041739048,0.1506225916430855,0.10509162793180354,0.0,12.778238,0.35571687840290384,1193.86,6500.0,0.035
G 261-6 b,0.01594743107728581,0.0,0.0,0.9188550858032594,1.1,1.0272232304900182,1.8,2907.0,0.0
HR 858 c,0.015946730644322168,0.0,0.0,0.0,1.979,0.5263157894736842,512.0,6354.0,0.0
K2-292 b,0.01592993448392528,0.3817785429329562,0.08438852380188146,0.0,2.63,1.3430127041742288,67.0,5725.0,0.04
TOI-1298 b,0.01592101551641561,0.0,0.0,0.0,9.65807033,0.1088929219600726,732.0077,5752.0,0.0
Kepler-1941 b,0.015918027231903577,0.0,0.0,0.0,2.64976949,0.40290381125226865,46.53,6404.0,0.0
HR 858 b,0.01591345648615536,0.0,0.0,0.0,2.004,0.4428312159709619,989.7,6354.0,0.0
TOI-3464 b,0.01587742845187018,0.09077557529057631,0.1016188491745181,0.0,13.7646283,0.15063520871143377,1370.0,6370.0,0.25
Kepler-1111 b,0.015870292019895614,0.0,0.0,0.0,2.0,0.5807622504537205,118.52,6077.0,0.0
Wolf 1061 c,0.015862952260736436,0.6404872483110335,0.020729817812682193,0.9659278418206871,1.66,0.7441016333938294,1.3,3342.0,0.11
HAT-P-20 b,0.01585507047719211,0.29069406805298814,0.0542020622963067,0.0,9.718,2.500907441016334,85.1168,4595.0,0.015
TOI-1478 b,0.015852489128890958,0.17149682051170287,0.08096917241008629,0.0,11.99360935,0.15970961887477314,261.013,5597.0,0.055
Kepler-33 e,0.015850718416429356,0.0,0.0,0.0,4.02,0.14519056261343014,74.72,5904.0,0.0
TOI-4010 d,0.015848551466634973,0.28239746518061526,0.06395255649942193,0.0,6.18,0.1633393829401089,30.0,4960.0,0.07
K2-129 b,0.01584443231440465,0.5707567158154594,0.023857722925681297,1.2501660402162308e-11,1.04,0.9927404718693285,4.5,3459.09,0.13
Kepler-1187 b,0.015821799784343504,0.0,0.0,0.0,2.61,0.4101633393829401,72.957,5975.0,0.0
75 Cet b,0.015818091339249316,0.30297129728626765,0.05991879040443273,3.140726026984697e-258,13.3,0.3339382940108893,14.175,4809.0,0.093
Kepler-1046 b,0.015805897734684087,0.0,0.0,0.0,1.71,0.7114337568058077,101.4,5913.0,0.0
WASP-29 b,0.015804077719284722,0.2153724672368862,0.05967836725969378,0.0,8.63093,0.11796733212341198,121.7724,4800.0,0.03
Kepler-1954 b,0.015800325948580343,0.0,0.0,0.0,1.80235934,0.6642468239564429,192.09,5840.0,0.0
WASP-64 b,0.015792138678569934,0.0,0.0,0.0,14.247,0.14936479128856625,1563.6374,5400.0,0.0
HATS-49 b,0.015790724491284748,0.2198004887156597,0.049126462574119185,0.0,8.574885,0.17894736842105263,80.45,4405.0,0.071
Kepler-289 e,0.015782892979579827,0.0,0.0,0.9954800684210462,2.94,0.52994555353902,1.58,5990.0,0.0
Kepler-342 d,0.01576205086155697,0.0,0.0,0.0,2.49,0.4373865698729583,44.828,6175.0,0.0
Kepler-376 c,0.015757655914693434,0.0,0.0,0.0,1.79,0.6715063520871144,168.29,5900.0,0.0
Kepler-24 b,0.015738879819794466,0.324014743523915,0.0924827696746133,0.0,2.348,0.8505578947368422,252.246,6028.0,0.023
TIC 46432937 b,0.015719800559776863,0.23867147290995502,0.026873964844790717,0.0,13.31626907,0.4301270417422868,115.1312,3572.0,0.009
Kepler-1051 b,0.015719238565594755,0.0,0.0,0.0,3.4,0.29219600725952816,87.457,6675.0,0.0
Kepler-880 c,0.015714661284620117,0.0,0.0,0.0,2.87,0.3629764065335753,926.72,6900.0,0.0
TOI-4961 b,0.015700975389016804,0.1811179356737717,0.07517230325371,0.0,12.34108775,0.30308529945553536,115.0,5380.0,0.182
Kepler-74 b,0.015683503489164932,0.0,0.0,0.0,10.76,0.15970961887477314,337.682,6000.0,0.0
Kepler-765 b,0.01568193845714659,0.0,0.0,0.0,2.43,0.4500907441016334,48.947,5901.0,0.0
TOI-5218 b,0.01568155615532571,0.0,0.0,0.0,9.86,0.1636236270434175,62.0,4230.0,0.0
HD 212771 b,0.0156635716823541,0.3285843026122845,0.06510124485760177,1.4899725536815977e-137,13.3,0.32123411978221417,10.8749,5003.0,0.076
HD 31527 c,0.01563410645920701,0.4029457537967204,0.08900999091732419,0.0,3.85,0.24682395644283125,16.9215,5898.0,0.04
Kepler-168 c,0.015614829103980305,0.0,0.0,0.0,2.69,0.3938294010889292,169.002,6282.0,0.0
Kepler-987 b,0.015597590301273523,0.0,0.0,1.0718229652580126e-06,3.26,0.308529945553539,3.853,5637.0,0.0
Kepler-1444 b,0.015566219456304976,0.0,0.0,0.0,2.18,0.5190562613430127,25.942,5810.0,0.0
Kepler-1442 b,0.015556488853842408,0.0,0.0,0.0,3.93,0.2413793103448276,25.972,6394.0,0.0
Kepler-151 c,0.015548520124459642,0.0,0.0,0.0,2.09,0.5480943738656987,21.407,5460.0,0.0
HD 195019 b,0.01554511727840165,0.26882492736275004,0.0850830795533319,0.0,13.0,0.573502722323049,109.862,5751.0,0.01
HD 180053 b,0.015542850360217617,0.2940801040194289,0.06852059624938338,0.0,13.3,0.2958257713248639,17.673,5131.0,0.081
HIP 94235 b,0.015532800763822577,0.18264336714298915,0.0914943634129361,0.0,3.0,3.351095746212686,219.2841,5991.0,0.32
Kepler-1052 c,0.015532705921866606,0.0,0.0,0.9786564374477399,2.3,0.4827586206896552,1.96,5818.0,0.0
Kepler-1382 b,0.015518753420838057,0.0,0.0,0.0,1.88,0.6297640653357532,198.471,6161.0,0.0
CoRoT-28 b,0.015515008902459392,0.14103239293750064,0.06902815622159779,0.0,10.704595,0.12522686025408347,672.7522,5150.0,0.047
Kepler-467 b,0.015506906831808694,0.0,0.0,0.0,2.25,0.4972776769509982,72.749,5809.0,0.0
Kepler-1487 b,0.015505028142349116,0.0,0.0,0.0,2.13,0.5353901996370236,323.294,6541.0,0.0
HD 1461 c,0.015495791207040449,0.24327922872723334,0.08545707111180695,0.0,2.23,0.5027223230490019,99.8365,5765.0,0.305
Kepler-1121 b,0.015464718936861266,0.0,0.0,0.0,1.91,0.617059891107078,205.272,6231.0,0.0
TOI-5788 c,0.015444005508188719,0.38955579934347495,0.0814500186995627,0.0,2.272,0.5503609800362976,49.8,5615.0,0.046
Kepler-644 b,0.015439317745405624,0.0,0.0,0.0,3.15,0.32304900181488205,2381.77,6747.0,0.0
Kepler-1645 b,0.015428575758548235,0.0,0.0,0.0,1.78,0.6751361161524502,138.538,5812.0,0.0
Kepler-265 b,0.015419599755109288,0.0,0.0,0.0,1.86,0.6388384754990926,220.328,5835.0,0.0
Kepler-348 c,0.01541148768816081,0.0,0.0,0.0,1.33,0.987295825771325,133.259,6177.0,0.0
Kepler-1972 c,0.015404951683202687,0.29913706913646526,0.08687289629747992,0.0,0.868,3.3393829401088926,198.4,5818.0,0.043
Kepler-1876 b,0.01539330752754238,0.21801842281444356,0.09451300956349458,0.0,0.853,3.4482758620689657,475.0,6104.0,0.098
Kepler-414 c,0.015392558082717195,0.0,0.0,0.0,3.01,1.0925589836660616,137.086,5536.0,0.0
eps Tau b,0.015388393206703094,0.330425740023619,0.06173532083132296,0.0,12.7,1.1125226860254083,22.147,4877.0,0.076
K2-95 b,0.015383100227474014,0.36651712762639377,0.026713682748299654,2.8661517566009776e-72,3.31,0.30308529945553536,8.4172,3566.0,0.16
Kepler-386 c,0.015373487748562094,0.0,0.0,0.0,1.58,0.7894736842105263,16.657,5178.0,0.0
TOI-6255 b,0.01536902848068365,0.0,0.0,0.0,1.079,1.1433756805807622,588.9944,3421.0,0.0
Kepler-106 e,0.015345855870337495,0.0,0.0,0.0,2.56,0.5626134301270418,20.294,5858.0,0.0
Kepler-1900 b,0.015340737298967682,0.0,0.0,0.0,1.62314676,0.7622504537205083,798.35,6173.0,0.0
TOI-4641 b,0.015315356475002215,0.22220100979938648,0.1066944488967034,0.0,8.18255591,0.5359794300180533,192.5802,6560.0,0.074
HD 10647 b,0.015315062130267447,0.3072600440614327,0.09755836939676948,0.9999631610925626,13.8,0.1134301270417423,0.3471,6218.0,0.15
Kepler-1496 b,0.015299527070991628,0.0,0.0,0.0,2.22,0.5063520871143375,18.383,6182.0,0.0
Kepler-159 c,0.015293872768223539,0.0,0.0,2.9050223103389275e-14,3.41,0.2885662431941924,4.791,4625.0,0.0
Kepler-1092 b,0.01528880567092577,0.0,0.0,0.0,2.07,0.5553539019963702,17.016,5862.0,0.0
K2-290 b,0.015283977457976394,0.0,0.0,0.0,3.06,0.7441016333938294,308.9946,6302.0,0.0
Kepler-1403 b,0.015282579697540554,0.0,0.0,0.0,2.14,0.5317604355716878,699.644,6060.0,0.0
HD 24064 b,0.015281374527336314,0.1460870482426287,0.03969653256397911,0.0,12.3,2.196007259528131,211.3995,4052.0,0.35
Kepler-1128 b,0.015278715843618835,0.0,0.0,3.800928489000691e-35,3.65,0.26497277676951,6.451,5543.0,0.0
Kepler-33 f,0.015276033095424052,0.0,0.0,0.0,4.46,0.1633393829401089,53.183,5904.0,0.0
HATS-54 b,0.015275792603503617,0.0,0.0,0.0,11.37711541,0.1397459165154265,476.965,5621.0,0.0
K2-17 b,0.015256074399187797,0.4589802305984561,0.046855799540517044,1.903569453852434e-15,2.23,0.5027223230490019,4.91,4320.0,0.18
Kepler-402 e,0.015241254693470166,0.0,0.0,0.0,1.46,0.8747731397459166,157.481,6090.0,0.0
Kepler-129 b,0.015234290184813532,0.3389830911698147,0.08559063952555597,0.0,2.4,1.47005444646098,158.306,5770.0,0.01
Kepler-1452 b,0.015228096662479243,0.0,0.0,0.0,2.7,0.3920145190562614,73.501,6101.0,0.0
Kepler-367 b,0.015215451024442267,0.0,0.0,2.465952188066438e-28,1.3,1.0163339382940109,5.985,4710.0,0.0
Kepler-110 b,0.015206754326013615,0.0,0.0,0.0,1.83,0.6533575317604357,153.881,5960.0,0.0
Kepler-519 b,0.015205435984993455,0.0,0.0,0.0,2.1,0.544464609800363,19.87,5260.0,0.0
Kepler-1464 b,0.015204217110235885,0.0,0.0,0.0,1.66,0.7386569872958259,89.473,5828.0,0.0
Kepler-44 b,0.015200058831724749,0.12597723371410605,0.08639205000799123,0.0,12.22,0.16878402903811254,1109.223,5800.0,0.066
GJ 273 c,0.015183542978035196,0.5063115216506276,0.021798365122614887,1.7082775953634164e-38,1.06,0.987295825771325,6.66,3382.0,0.17
Kepler-1514 c,0.015175724932317551,0.2449308771118108,0.09560827055616554,0.0,1.1758241,1.0671506352087115,193.0,6145.0,0.32
Kepler-985 b,0.015172928176188212,0.0,0.0,0.5199854125125787,2.98,0.3448275862068966,2.4,5434.0,0.0
Kepler-311 d,0.01516354989727152,0.0,0.0,0.12976320407639128,2.05,0.5626134301270418,2.71,5903.0,0.0
NGTS-25 b,0.015159321929255242,0.0,0.0,0.0,11.46678726,0.13430127041742287,339.4356,5321.0,0.0
Qatar-3 b,0.015145547735079526,0.0,0.0,0.0,12.285064,0.7259528130671506,1330.0,6007.0,0.0
Kepler-194 c,0.015140908878267856,0.0,0.0,0.0,2.59,0.41379310344827586,56.955,6089.0,0.0
Kepler-1884 b,0.015140382263704443,0.0,0.0,0.0,1.81406781,0.6606170598911071,131.92,5984.0,0.0
HD 20781 d,0.015133053482789703,0.35759010518087647,0.07185980659292043,0.0,3.25,0.308529945553539,18.0638,5256.0,0.11
Kepler-1549 b,0.015096925109861322,0.0,0.0,0.982301193381203,2.57,0.4192377495462795,1.184,5324.0,0.0
Kepler-163 c,0.015077284759218266,0.0,0.0,0.0,2.26,0.49546279491833034,30.238,5776.0,0.0
TOI-712 c,0.015077079313740348,0.5302167466509802,0.054923331730501436,0.009259346220868069,2.701,0.3920145190562614,3.08,4622.0,0.089
Kepler-1474 b,0.015050437439126535,0.0,0.0,0.0,2.16,0.5263157894736842,21.392,5870.0,0.0
Kepler-1831 b,0.015046499347071526,0.0,0.0,0.0,1.97019818,0.5916515426497277,288.69,6063.0,0.0
Kepler-1839 b,0.01504255933044234,0.0,0.0,0.0,1.9493759,0.6007259528130672,286.32,5926.0,0.0
Kepler-1649 b,0.015041403293193818,0.0,0.0,0.750037202482113,1.017,0.9764065335753176,2.208,3240.0,0.0
Kepler-1545 b,0.01504113211937076,0.0,0.0,0.9835846674338602,2.7,0.3920145190562614,1.408,5201.0,0.0
TOI-2368 b,0.01503906037530399,0.18804831209192135,0.07463802959874033,0.0,10.83908434,0.15970961887477314,162.7267,5360.0,0.061
HD 68988 b,0.015035268681753975,0.15191601725634496,0.08991825613076855,0.0,13.4,0.2595281306715064,340.126,5932.0,0.12
Kepler-1381 b,0.015012782030286003,0.0,0.0,0.0,2.25,0.4972776769509982,29.701,5747.0,0.0
Kepler-1262 b,0.015010207814689454,0.0,0.0,0.0,1.82,0.6569872958257714,142.545,5771.0,0.0
Kepler-1518 b,0.015001177096158391,0.0,0.0,0.0,3.05,0.3357531760435572,1079.458,6846.0,0.0
Kepler-1621 b,0.014992633102436537,0.0,0.0,3.449917153866822e-253,2.16,0.5263157894736842,14.055,6158.0,0.0
Kepler-348 b,0.014967763140133431,0.0,0.0,0.0,1.52,0.8294010889292197,438.942,6177.0,0.0
WASP-44 b,0.014967013584971815,0.0,0.0,0.0,12.3299,0.1471869328493648,533.0,5420.0,0.0
Kepler-625 b,0.014959658693327696,0.0,0.0,0.0,1.99,0.5843920145190563,407.833,5789.0,0.0
TOI-2379 b,0.014956423495125565,0.24129533565601616,0.030480312015813023,0.0,11.72459381,1.1270417422867514,25.3,3707.0,0.342
NGTS-9 b,0.014948397262373033,0.16483506575981086,0.10055030186459621,0.0,11.99363,0.5317604355716878,729.0,6330.0,0.06
Kepler-142 d,0.014939595307751824,0.0,0.0,0.0,2.16,0.5263157894736842,22.072,5790.0,0.0
Kepler-1551 b,0.014922201368114412,0.0,0.0,0.0,2.66,0.4010889292196007,60.421,6136.0,0.0
LHS 3154 b,0.014912434841590093,0.44724174087953034,0.007880536410749086,7.870567756161965e-06,3.69,0.2613430127041742,3.7134,2861.0,0.076
HD 96127 b,0.014892439198688254,0.1364904969024598,0.03678474114441037,0.0,13.0,0.5480943738656987,364.3861,3943.0,0.3
HD 6061 b,0.014888827197772077,0.0,0.0,0.0,2.42763557,0.6932849364791288,339.1,5934.0,0.0
DMPP-1 e,0.014887215259473004,0.2415861533053298,0.09697066837632548,0.0,1.86,0.6406533575317604,492.4756,6196.0,0.07
XO-2 N b,0.014882719036000523,0.0,0.0,0.0,11.130537,0.1297640653357532,428.036,5290.0,0.0
mu Leo b,0.014870252308892672,0.23473628370134061,0.05268472511619451,0.0,13.3,0.32304900181488205,51.7863,4538.2,0.09
TOI-1107 b,0.01486750062296017,0.17991071117298937,0.10004274189237485,0.0,14.57167491,0.3430127041742287,532.0,6311.0,0.025
HAT-P-27 b,0.014866309033116455,0.0,0.0,0.0,11.43,0.13793103448275862,336.0384,5316.0,0.0
Kepler-206 c,0.014865757456070907,0.0,0.0,0.0,1.77,0.6805807622504537,95.51,5764.0,0.0
LP 791-18 c,0.014861240851467563,0.27640977924945803,0.010525191002831176,0.19410152578169504,2.488,0.46460980036297644,2.637,2960.0,0.0001
Kepler-983 b,0.014855623501973959,0.0,0.0,0.0,2.36,0.4682395644283122,30.997,6052.0,0.0
Kepler-1339 b,0.014848292964488755,0.0,0.0,0.0,0.71,0.79491833030853,3094.817,5586.0,0.0
Kepler-1289 b,0.014825139333374995,0.0,0.0,0.0,1.52,0.8294010889292197,223.442,6080.0,0.0
Kepler-403 d,0.014809996162470251,0.0,0.0,0.0,1.42,0.9056261343012705,285.295,6209.0,0.0
TOI-257 b,0.01480166992185985,0.0,0.0,0.0,7.16253867,0.11796733212341198,186.0,6095.0,0.0
YZ Cet b,0.014798263560621267,0.5714366098466015,0.015627504407757373,8.637885813601346e-68,0.913,0.9165154264972777,8.21,3151.0,0.06
Kepler-291 b,0.0147684113217503,0.0,0.0,0.0,2.16,0.5263157894736842,627.374,6002.0,0.0
Kepler-631 b,0.014768147427758557,0.0,0.0,0.0,2.9,0.3575317604355717,94.137,6185.0,0.0
HATS-14 b,0.014764665554814984,0.1350182699617633,0.07426403804026666,0.0,11.646151,0.21615245009074413,505.884,5346.0,0.142
Kepler-1119 b,0.014750439268307557,0.0,0.0,0.0,1.92,0.6134301270417423,182.69,6083.0,0.0
Kepler-360 b,0.014740805179483665,0.0,0.0,0.0,1.65,0.7459165154264974,415.434,6053.0,0.0
Kepler-1847 b,0.014738735511090058,0.0,0.0,0.0,2.74516914,0.38475499092558985,119.44,6122.0,0.0
WASP-135 b,0.01473516630563988,0.0,0.0,0.0,14.5717,0.21052631578947367,917.4101,5675.0,0.0
Kepler-1036 b,0.014720777868784856,0.0,0.0,0.06655078438274858,3.01,0.3411978221415608,2.821,5533.0,0.0
Kepler-557 b,0.014714216741077193,0.0,0.0,0.0,2.67,0.3992740471869329,2885.663,6068.0,0.0
TOI-6324 b,0.0147098661909963,0.0,0.0,0.0,1.059,0.9818511796733213,284.211,3247.0,0.0
Kepler-812 b,0.01470551029054791,0.0,0.0,0.0,3.55,0.27404718693284935,421.917,6761.0,0.0
Kepler-134 b,0.014692280527761049,0.0,0.0,0.0,2.0,0.5807622504537205,301.367,5983.0,0.0
Kepler-1319 b,0.014670332935067459,0.31696076618512736,0.029091200512901108,0.0,1.34,0.9782214156079855,38.452,3655.0,0.33
Kepler-333 c,0.014663813781517114,0.0,0.0,4.781114723479696e-45,1.11,1.029038112522686,7.049,4259.0,0.0
Kepler-880 b,0.014657157916911889,0.0,0.0,0.0,2.66,0.4010889292196007,586.169,6761.0,0.0
Kepler-1548 b,0.014640584131005493,0.0,0.0,0.9830627796096509,2.64,0.4047186932849365,1.933,5706.0,0.0
LHS 1140 b,0.014636265593773054,0.6983640490262103,0.014158251856600714,0.9876479138832859,1.73,1.0707803992740472,0.43,3096.0,0.043
Kepler-1980 b,0.014636001148982326,0.0,0.0,0.0,2.21,0.5099818511796733,23.95,5819.0,0.0
WASP-84 b,0.014630216058288749,0.0,0.0,0.0,10.72,0.17785843920145192,34.6952,5280.0,0.0
TOI-1823 b,0.014618245142509511,0.0,0.0,3.1377368887239776e-93,7.5406241,0.1560798548094374,9.2972,4927.0,0.0
K2-57 b,0.014614490479954162,0.32070656060136543,0.04934017203610903,0.0,2.30905002,0.4809437386569873,24.1,4413.0,0.25
HD 149026 b,0.014613251987548388,0.0,0.0,0.0,8.29466,0.13611615245009076,1095.91,6179.0,0.0
Kepler-1857 b,0.014606806597026659,0.0,0.0,0.0,1.96065412,0.5952813067150635,217.4,6074.0,0.0
HD 131496 b,0.014600267704903734,0.3437684736279174,0.060907196666117255,0.4843817354024122,13.4,0.23774954627949185,2.4257,4846.0,0.181
HD 224018 b,0.014595665144486545,0.307205866448849,0.08596463108403705,0.0,0.91,3.1034482758620694,146.7499,5784.0,0.06
WASP-156 b,0.014593598786641565,0.18181663720784325,0.06598279638829353,0.0,6.15,0.17967332123411978,150.0,5036.0,0.16
Kepler-1272 b,0.014584452063053106,0.0,0.0,0.0,2.37,0.46460980036297644,34.433,5926.0,0.0
HD 181342 b,0.014577390960606833,0.4427717356473069,0.06355185125820081,2.739097310804818e-26,13.2,0.3502722323049002,5.836,4945.0,0.022
HD 25171 b,0.014571651375217563,0.34791354564325205,0.09507399690117763,0.9287838155067443,13.9,0.10798548094373865,0.2141,6125.0,0.042
8 UMi b,0.014570477864396124,0.17196154194062327,0.060933910348866936,0.0,13.5,0.21234119782214156,247.8402,4847.0,0.062
Kepler-1480 b,0.014560014052711722,0.0,0.0,0.0,1.67,0.73502722323049,16.317,5156.0,0.0
HD 108863 b,0.014526647114145025,0.3816207725951783,0.06176203451406483,3.557781031374081e-102,13.3,0.32486388384754994,9.6419,4878.0,0.032
Kepler-26 b,0.014521813960379989,0.50478312519282,0.03601004434470615,3.1765931321350777e-55,2.78,0.22867513611615245,7.6,3914.0,0.021
KOI-351 h,0.014517058929330045,0.4743244553040227,0.09256638350160024,0.9999960767966313,11.252,0.16548620689655172,1.849,6031.13,0.0276
TOI-4633 c,0.014515407160018094,0.6145794972668538,0.08639205000799884,0.99965369314965,3.2,0.8961208191056728,1.56,5800.0,0.117
HD 81688 b,0.014479233515106162,0.20444033527502953,0.05959822621145194,0.0,13.5,0.21234119782214156,143.6043,4797.0,0.04
K2-72 d,0.01447655244678744,0.5689584090057623,0.021223219533043933,7.372958629525874e-21,1.01,0.9782214156079855,5.4,3360.47,0.11
K2-27 b,0.014471653078653996,0.20184298663229952,0.07159266976543846,0.0,4.74,0.3103448275862069,116.0,5246.0,0.251
Kepler-100 c,0.01444823482026932,0.30343807973554915,0.08705989207670184,0.0,2.2,0.31235970961887477,208.657,5825.0,0.02
Kepler-154 b,0.01444651680291234,0.0,0.0,0.0,2.26,0.49546279491833034,28.11,5690.0,0.0
Kepler-357 d,0.014444762488247833,0.0,0.0,1.2014228753227414e-12,3.43,0.2867513611615245,4.619,5036.0,0.0
Kepler-191 c,0.014444501010270934,0.0,0.0,0.0,1.86,0.6388384754990926,23.2,5282.0,0.0
Kepler-184 b,0.014442411855934664,0.0,0.0,0.0,2.36,0.4682395644283122,70.361,5788.0,0.0
Kepler-1931 b,0.014441940679817565,0.0,0.0,0.0,2.65323514,0.40290381125226865,51.7,6167.0,0.0
TOI-2196 b,0.014440557252800044,0.0,0.0,0.0,3.51,0.6007259528130672,2000.0,5634.0,0.0
Kepler-591 b,0.014435021851343731,0.0,0.0,1.9651179502533584e-23,3.39,0.29219600725952816,5.615,5677.0,0.0
Kepler-311 b,0.014419809850964653,0.0,0.0,0.0,1.7,0.7168784029038113,201.362,5905.0,0.0
Kepler-281 b,0.014414250032997292,0.0,0.0,0.0,2.82,9.437386569872958,118.246,5723.0,0.0
WASP-47 b,0.0144139549760654,0.10790862382022176,0.08011433456214193,0.0,12.86,0.18021778584392015,409.0,5565.0,0.0006
TOI-837 b,0.014407055517276841,0.0,0.0,0.0,9.16894621,0.16152450090744103,164.0,5995.0,0.0
WASP-99 b,0.014404843757237008,0.0,0.0,0.0,11.43318,0.5063520871143375,2005.426,6150.0,0.0
Kepler-529 b,0.014397703781811287,0.0,0.0,0.0,1.86,0.6388384754990926,1808.41,6087.0,0.0
Kepler-1321 b,0.014392310813121693,0.0,0.0,2.367019538588071e-232,4.92,0.18003629764065338,13.547,4094.0,0.0
TOI-1749 d,0.014391660726373665,0.3937749632452956,0.037906715819835256,1.2446253979297257e-259,2.52,0.22376957004380957,14.2074,3985.0,0.062
TOI-712 d,0.014378494751458824,0.6170522282891534,0.05492333173050168,0.9810272647450963,2.474,0.43920145190562615,1.6,4622.0,0.073
GJ 876 d,0.014363979616950925,0.301883030844694,0.019440615483248824,0.0,2.51,0.4301270417422868,28.6429,3293.74,0.207
Kepler-238 c,0.014362165725212822,0.0,0.0,0.0,2.39,0.5807622504537205,592.298,5751.0,0.0
Kepler-1275 b,0.014347247760304296,0.0,0.0,0.0,1.48,0.8584392014519058,822.484,6296.0,0.0
TOI-2364 b,0.014342363709032888,0.0,0.0,0.0,8.60849718,0.11070780399274048,237.0,5306.0,0.0
BD+20 2457 b,0.014334561057700366,0.12458209830048639,0.04196719559758689,0.0,12.1,3.82940108892922,703.4998,4137.0,0.15
GJ 1061 b,0.014331315347301098,0.672186148410769,0.010338195223593711,2.114822679342165e-06,1.04,0.9836660617059891,3.8,2953.0,0.05
Kepler-649 b,0.014316261016750646,0.0,0.0,0.0,2.26,0.49546279491833034,25.147,5871.0,0.0
Kepler-653 c,0.014295802240839466,0.0,0.0,0.0,0.78,0.838475499092559,3743.275,5665.0,0.0
TOI-1937 A b,0.014288780094545237,0.0,0.0,0.0,13.97759893,0.23230490018148822,3230.0,5814.0,0.0
Kepler-1154 b,0.014276727970855774,0.0,0.0,0.0,2.34,0.47368421052631576,652.966,6327.0,0.0
Kepler-326 c,0.014273417379469546,0.0,0.0,0.0,1.4,6.315789473684211,303.62,5105.0,0.0
Kepler-1869 c,0.014272201550902794,0.0,0.0,0.0,0.74,0.8112522686025408,1056.84,5808.0,0.0
Kepler-398 d,0.014267601405884876,0.0,0.0,0.0,0.88,0.9001814882032668,40.831,4557.0,0.0
Kepler-1725 b,0.01426329067973535,0.0,0.0,0.0,2.8125177,0.3720508166969147,84.1,6020.0,0.0
Kepler-280 c,0.014249872402825924,0.0,0.0,0.0,2.01,0.5771324863883848,279.085,5744.0,0.0
GJ 3378 b,0.014248427333140763,0.0,0.0,0.9533427456554318,1.32,0.9981851179673321,0.91,3340.0,0.0
Kepler-139 c,0.014246754664060165,0.0,0.0,0.015205072626656586,3.38,1.5794332123411978,3.023,5594.0,0.0
Kepler-1479 b,0.014245474300181322,0.0,0.0,0.0,1.83,0.6533575317604357,98.574,5796.0,0.0
K2-123 b,0.01423912650595759,0.5576208477538755,0.03924239995725133,0.03854507157430356,2.76,0.38112522686025413,2.9,4035.0,0.06
HAT-P-16 b,0.014238508281556705,0.13851640917486757,0.09547470214241913,0.0,14.68376472,0.4500887477313975,1597.59,6140.0,0.0462
K2-147 b,0.014230505279628922,0.21773059172212456,0.030026179409091663,0.0,1.47286006,0.8638838475499092,200.1,3690.0,0.38
CoRoT-2 b,0.014230139107788831,0.15660574934561716,0.08171715552704273,0.0,16.432,0.26678765880217786,932.9076,5625.0,0.0143
Kepler-1454 b,0.014230045347770618,0.0,0.0,8.106510608474505e-88,1.88,0.6297640653357532,9.08,5448.0,0.0
Kepler-999 b,0.014219136503354842,0.0,0.0,0.0,2.34,0.47368421052631576,740.173,6237.0,0.0
Kepler-325 c,0.014196620058447204,0.0,0.0,0.0,2.54,0.4246823956442831,53.044,5752.0,0.0
Kepler-347 b,0.014196214316316987,0.0,0.0,0.0,1.97,0.5916515426497277,180.549,6088.0,0.0
Kepler-23 d,0.01418902434288434,0.31973047284627865,0.08714003312494847,0.0,2.206,0.41026914700544465,161.038,5828.0,0.01
Kepler-1219 b,0.014188616387358688,0.0,0.0,0.0,2.12,0.5372050816696915,430.691,5944.0,0.0
TOI-2158 b,0.01418730576610868,0.22202623753503653,0.08299941229895777,0.0,10.76062147,0.20689655172413793,81.4989,5673.0,0.07
Kepler-17 b,0.014184880408113434,0.13999168106553359,0.08588449003577647,0.0,14.68,0.24500907441016337,1481.766,5781.0,0.011
Kepler-839 b,0.01417665626238068,0.0,0.0,0.0,2.57,0.4192377495462795,46.303,6058.0,0.0
Kepler-1402 b,0.014134028702763266,0.0,0.0,0.0,0.76,0.823956442831216,2491.119,5416.0,0.0
HIP 107773 b,0.014130670352592255,0.1873445767326096,0.06355185125820072,0.0,13.4,0.2613430127041742,142.9997,4945.0,0.09
HAT-P-36 b,0.014125594285337438,0.11580402462393682,0.08158358711330012,0.0,14.313893,0.2132486388384755,1821.0,5620.0,0.063
Kepler-810 b,0.01412209054974846,0.0,0.0,0.0,1.93,0.6079854809437387,350.597,5803.0,0.0
Kepler-1916 b,0.014093113687257016,0.0,0.0,0.0,2.61757235,0.40834845735027225,38.54,6246.0,0.0
Kepler-1923 b,0.014092254331902022,0.0,0.0,4.237747555227715e-77,1.95958179,0.5970961887477314,8.63,5881.0,0.0
Kepler-1539 b,0.01408953141329704,0.0,0.0,0.9835846674338602,2.7,0.3920145190562614,1.572,5176.0,0.0
K2-85 b,0.014086482573925302,0.18574403333641024,0.04450499545867111,0.0,1.4,1.0707803992740472,800.0,4232.0,0.24
GJ 1252 b,0.014085698927834154,0.0,0.0,0.0,1.193,0.7622504537205083,233.0,3458.0,0.0
K2-125 b,0.01408154884468414,0.5983375087287188,0.029077042261042466,0.9769311468893188,2.18,0.5190562613430127,2.0,3654.47,0.08
TOI-815 b,0.014069717505146634,0.28036544548685977,0.06152161136933022,0.0,2.94,0.29764065335753176,36.9,4869.0,0.2
Kepler-265 c,0.014060355502598872,0.0,0.0,0.0,2.63,0.4065335753176044,65.359,5835.0,0.0
Kepler-361 c,0.014055059822966532,0.0,0.0,0.0,2.52,0.4301270417422868,33.948,6169.0,0.0
HD 18438 b,0.014049931759594302,0.16929147082548127,0.034567505476306694,0.0,12.1,3.7568058076225044,210.6576,3860.0,0.1
Kepler-1307 b,0.014033609854338684,0.0,0.0,0.0,2.47,0.44101633393829404,41.185,5884.0,0.0
Kepler-1112 b,0.014023262323903623,0.0,0.0,0.0,3.02,0.33938294010889297,254.963,6496.0,0.0
Kepler-750 c,0.014015297514676657,0.0,0.0,0.0,1.62,0.764065335753176,778.592,6160.0,0.0
Kepler-792 b,0.01401279502426693,0.0,0.0,0.0,1.96,0.5952813067150635,176.032,5971.0,0.0
Kepler-805 b,0.014000805965336264,0.0,0.0,0.0,2.89,0.35934664246823955,86.473,6112.0,0.0
TOI-1278 b,0.013997461001312769,0.4199782462076083,0.03293797082865907,1.5517746132375287e-36,12.21778896,3.266787658802178,6.5402,3799.0,0.013
Kepler-136 c,0.013994753463326575,0.0,0.0,0.0,1.99,0.5843920145190563,162.044,6165.0,0.0
TYC 3318-01333-1 b,0.013993174617651176,0.3512045789679635,0.059037238873740475,1.3051292063943607e-65,13.1,0.4827586206896552,8.1115,4776.0,0.098
Kepler-457 d,0.01398146335370047,0.0,0.0,0.0,2.98467257,0.3448275862068966,244.47,6474.0,0.0
Kepler-1811 b,0.013974300513014803,0.0,0.0,5.4746642079828e-115,3.84829873,0.24682395644283125,10.11,5561.0,0.0
Kepler-62 e,0.013961260513632726,0.0,0.0,0.9972333250535784,1.61,2.0593789219950316,1.352,4925.0,0.0
GJ 625 b,0.013946011192878974,0.6068698116931124,0.024923866004165518,0.9363785924158,1.49,0.8493647912885662,2.0787,3499.0,0.13
Kepler-1566 b,0.013944800248258228,0.0,0.0,0.0,0.79,0.8457350272232306,2340.984,5254.0,0.0
Kepler-1180 b,0.013916108608571502,0.0,0.0,0.0,1.99,0.5843920145190563,175.855,6077.0,0.0
HD 25463 b,0.013914014418578844,0.0,0.0,0.0,2.54535814,0.5208711433756806,461.4,6353.0,0.0
Kepler-196 b,0.013908278352047212,0.0,0.0,0.0,1.9,0.6206896551724138,20.735,5128.0,0.0
Kepler-52 d,0.013901298936113977,0.0,0.0,0.02809446729575417,1.95,3.266787658802178,2.945,4263.0,0.0
TOI-2322 b,0.013899234026184728,0.0,0.0,0.0,0.994,2.313974591651543,22.04,4664.0,0.0
Kepler-1192 b,0.01389568320099269,0.0,0.0,0.0,2.36,0.4682395644283122,34.742,5438.0,0.0
HD 4760 b,0.013887211289301163,0.12504660526639094,0.04033766094993888,0.0,12.3,2.3593466424682394,654.9231,4076.0,0.23
TOI-1811 b,0.013878154400160268,0.24743938213026653,0.05877010204625462,0.0,11.14172682,0.22323049001814882,55.9743,4766.0,0.052
HD 220074 b,0.013864724035410869,0.1535765351840588,0.03261740663568001,0.0,12.2,2.9038112522686026,305.7049,3787.0,0.14
Kepler-754 b,0.013859045157928363,0.0,0.0,0.0,2.01,0.5771324863883848,216.473,5935.0,0.0
TOI-1266 d,0.013844250402338856,0.6629950281372571,0.02663354170005618,0.9678400569051876,1.74,0.6969147005444646,1.3,3563.0,0.087
HD 164922 e,0.013843522610317861,0.3966937411650255,0.07553106801301858,8.6227252522756e-226,3.23,0.3121597096188748,13.3822,5393.43,0.086
WASP-192 b,0.013842938697655063,0.0,0.0,0.0,13.78707,0.29401088929219604,471.142,5910.0,0.0
TOI-3884 b,0.013838842044776502,0.3458847596520644,0.016402201207455412,1.064971923098152e-32,6.43,0.12159709618874774,6.29,3180.0,0.06
TRAPPIST-1 b,0.013833648835225653,0.6562343973444104,0.0,8.130589964480631e-09,1.116,0.9876477313974591,4.153,2566.0,0.00622
Kepler-183 b,0.013832668723820576,0.0,0.0,0.0,2.06,0.558983666061706,281.845,5888.0,0.0
HD 81817 b,0.013823907065690531,0.1737832451900755,0.04204733664583187,0.0,12.0,4.428312159709619,174.402,4140.0,0.097
TOI-4458 b,0.01382325461552456,0.1421316435054083,0.09576855265264697,0.0,12.40834163,0.2885662431941924,1595.0,6151.0,0.03
Kepler-84 e,0.013820654932624835,0.0,0.0,0.0,2.6,0.411978221415608,48.29,6031.0,0.0
Kepler-1775 b,0.013814099262974115,0.0,0.0,3.7890382986520907e-109,3.64762153,0.26497277676951,9.9,5818.0,0.0
Kepler-616 c,0.013806557215373785,0.0,0.0,9.199486562618717e-42,3.41,0.2885662431941924,6.86,5753.0,0.0
HD 81817 c,0.013801736124762171,0.15452001056152156,0.04204733664583185,0.0,12.0,4.1560798548094375,337.2228,4140.0,0.095
TOI-2981 b,0.013801273423628097,0.16778165030481537,0.09013196559275537,0.0,13.4,0.26497277676951,556.616,5940.0,0.035
Kepler-549 c,0.013794463182133896,0.0,0.0,0.3483203220132931,2.93,0.35390199637023595,2.51,5360.0,0.0
NGTS-8 b,0.013784251081903934,0.16409907650794253,0.07145910135169395,0.0,12.21781,0.16152450090744103,503.0,5241.0,0.01
Kepler-1638 b,0.013779205355968082,0.0,0.0,0.0963518331582309,1.87,0.6352087114337568,2.76,5710.0,0.0
Kepler-294 b,0.013778195397631324,0.0,0.0,0.0,1.77,0.6805807622504537,329.801,5913.0,0.0
Kepler-165 c,0.0137696607512707,0.0,0.0,0.0,2.23,0.5027223230490019,25.931,5211.0,0.0
Kepler-1305 b,0.013737411130971133,0.0,0.0,0.0,1.88,0.6297640653357532,103.51,5701.0,0.0
HD 11755 b,0.013735081544789435,0.196611881273998,0.04664209007853374,0.0,12.8,0.8511796733212342,124.3021,4312.0,0.19
Kepler-1422 b,0.013733094112287137,0.0,0.0,0.0,2.02,0.573502722323049,156.9,6194.0,0.0
Kepler-630 b,0.013723724663657032,0.0,0.0,7.571704347174977e-23,3.18,0.31578947368421056,5.568,5829.0,0.0
Kepler-270 b,0.01372216807731863,0.0,0.0,0.0,2.01,0.5771324863883848,178.362,6067.0,0.0
Kepler-250 d,0.013716661255334588,0.0,0.0,0.0,2.18,0.5190562613430127,21.463,5160.0,0.0
Kepler-379 c,0.013709189128201411,0.0,0.0,0.0,2.29,0.48638838475499097,19.793,6054.0,0.0
TOI-451 d,0.013708323021726717,0.0,0.0,0.0,3.93,0.16696914700544466,43.2,5490.0,0.0
HD 62509 b,0.01370452736182247,0.36876035552329967,0.06215285569267237,3.6435279493249825e-304,13.3,0.3103448275862069,15.2164,4892.63,0.02
Kepler-220 e,0.013703707680918893,0.0,0.0,9.915830297184207e-10,1.33,0.987295825771325,4.274,4632.0,0.0
HD 1502 b,0.013702149256180513,0.41345155585746596,0.0636052786236979,3.206501785915474e-49,13.2,0.3793103448275862,7.2835,4947.0,0.031
TOI-762 A b,0.013697461707273404,0.26850337431948784,0.018699577923809222,0.0,8.33948164,0.13793103448275862,17.0012,3266.0,0.083
Kepler-355 c,0.013697188712222464,0.0,0.0,0.0,2.71,0.39019963702359345,49.973,6184.0,0.0
Kepler-226 b,0.01369348940762984,0.0,0.0,0.0,1.55,6.424682395644283,270.402,5571.0,0.0
Kepler-1509 b,0.013688084531680338,0.0,0.0,0.0,1.85,0.6424682395644283,83.081,5780.0,0.0
Kepler-1547 b,0.013681326343988581,0.0,0.0,0.0,0.9,0.911070780399274,5760.944,6078.0,0.0
Kepler-1609 b,0.01367485254837195,0.0,0.0,5.571319005040079e-210,2.22,0.5063520871143375,12.975,6132.0,0.0
Kepler-1067 b,0.013674118201021511,0.0,0.0,0.0,0.8,0.8511796733212342,2761.757,5592.0,0.0
Kepler-1559 b,0.013661009779761105,0.0,0.0,0.0,0.72,0.7985480943738658,1620.063,5316.0,0.0
Kepler-212 b,0.013660400685379073,0.0,0.0,0.0,1.09,1.0163339382940109,133.866,5852.0,0.0
HD 217786 c,0.013653224609451883,0.13122010064523473,0.09082652134421465,0.0,2.61,0.4101633393829401,1308.8643,5966.0,0.399
HD 106315 b,0.013646343627090494,0.25691430625454015,0.10047016081635425,0.0,2.44,0.852994555353902,277.0,6327.0,0.093
LTT 1445 A c,0.01363792300409868,0.4367728407573853,0.02067639044718639,2.3179402892696095e-138,1.147,1.0108892921960073,10.9,3340.0,0.223
HAT-P-52 b,0.013635185344812136,0.18411903286673809,0.06852059624938173,0.0,11.309881,0.17785843920145192,227.759,5131.0,0.047
Kepler-592 b,0.01361475685811218,0.0,0.0,0.0,2.39,0.46098003629764067,935.827,5913.0,0.0
TOI-620 b,0.013595822833483704,0.2803850630289603,0.030507025698557635,0.0,3.76,0.2558983666061706,20.8,3708.0,0.22
Kepler-400 c,0.013595759407586179,0.0,0.0,0.0,1.49,0.852994555353902,76.86,5886.0,0.0
Kepler-1677 b,0.01359324294834636,0.0,0.0,0.0,2.70216183,0.3920145190562614,59.4,6013.72,0.0
Kepler-1837 b,0.013588523818432695,0.0,0.0,0.0,2.06673842,0.5553539019963702,247.83,5966.0,0.0
Kepler-254 d,0.013580435837117471,0.0,0.0,0.0,2.5,0.43375680580762255,38.844,5957.0,0.0
WASP-32 b,0.013577483346424139,0.0,0.0,0.0,10.76064,0.5880217785843921,616.33,6140.0,0.0
Kepler-15 b,0.013572911701413032,0.15745904923160528,0.07877865042472681,0.0,10.76,0.16878402903811254,430.677,5515.0,0.06
Kepler-1127 b,0.013570043012677063,0.0,0.0,0.0,1.96,0.5952813067150635,160.765,5664.0,0.0
HD 189733 b,0.013568322180253308,0.0,0.0,0.0,12.66617,0.17114337568058077,356.0,5052.0,0.0
Kepler-1717 b,0.013547475039693465,0.0,0.0,0.0,2.98929758,0.3430127041742287,87.69,6200.0,0.0
Kepler-313 c,0.01354090453659912,0.0,0.0,0.0,2.57,0.4192377495462795,51.1,5727.0,0.0
Kepler-529 c,0.013540821815133074,0.0,0.0,0.0,2.0,0.5807622504537205,149.42,6087.0,0.0
DMPP-3 A b,0.013533764374922666,0.23862016115521356,0.06870759202862835,0.0,1.44,0.8911070780399275,142.7812,5138.0,0.42
WASP-154 b,0.013528353029938356,0.0,0.0,0.0,10.76062147,0.15970961887477314,162.0,4774.0,0.0
pi Men c,0.013525537454398787,0.0,0.0,0.0,2.0189,0.5081669691470054,309.0,5998.0,0.0
Kepler-946 b,0.013520053883444289,0.0,0.0,0.0,1.93,0.6079854809437387,124.072,5665.0,0.0
Kepler-770 b,0.013507962270430702,0.0,0.0,0.0,2.3,0.4827586206896552,27.736,5598.0,0.0
Kepler-780 b,0.01349857728427862,0.0,0.0,0.0,0.89,0.9056261343012705,4572.56,5769.0,0.0
Kepler-164 d,0.01348876406408165,0.0,0.0,0.0,2.45,0.4446460980036298,35.89,5888.0,0.0
Kepler-1166 b,0.013479050018494537,0.0,0.0,8.549962069162093e-259,1.69,0.7223230490018149,14.188,5446.0,0.0
TOI-1696 b,0.01346963597172961,0.0,0.0,1.8122207929363424e-230,3.09,1.7132486388384756,13.5,3185.0,0.0
WASP-38 b,0.01346534342079439,0.18541513894340064,0.09654324945234963,0.0,13.78707,0.4174228675136116,501.5014,6180.0,0.03
Kepler-1446 b,0.013460275090624788,0.0,0.0,0.0,0.82,0.8620689655172414,1213.333,4865.0,0.0
Kepler-1879 b,0.013456420530473046,0.0,0.0,0.0,2.06512018,0.5571687840290381,242.6,5865.0,0.0
Kepler-1787 b,0.013453090994105207,0.0,0.0,0.0,2.31898181,0.4791288566243195,20.04,6060.0,0.0
Kepler-1606 b,0.013447527733580489,0.0,0.0,0.9750333087385211,2.07,0.5553539019963702,1.29,5422.0,0.0
TOI-1470 b,0.013445826466884454,0.2827360291949352,0.03053373938130855,0.0,2.18,0.7005444646098004,46.3,3709.0,0.3
Kepler-59 c,0.013432518449001762,0.0,0.0,0.0,1.98,0.29401088929219604,107.741,6074.0,0.0
Kepler-310 c,0.01342949127973534,0.0,0.0,4.4834535684065585e-46,3.38,0.29401088929219604,7.109,5797.0,0.0
Kepler-789 b,0.013429000106079843,0.0,0.0,0.0,2.12,0.5372050816696915,312.34,5870.0,0.0
GJ 341 b,0.013426312294170604,0.0,0.0,1.1758679358718811e-242,0.88,1.4012749732217498,13.8,3770.0,0.0
Kepler-794 b,0.013421439591289443,0.0,0.0,0.0,2.11,0.5408348457350273,299.97,5839.0,0.0
TYC 4282-00605-1 b,0.013420641852906534,0.13504595341015826,0.04632152588555729,0.0,12.4,1.791288566243194,456.431,4300.0,0.28
Kepler-122 c,0.013408986998520438,0.0,0.0,0.0,5.87,0.14301270417422868,160.499,6050.0,0.0
GJ 3090 b,0.013406728825852289,0.2763017709024466,0.030480312015810796,0.0,2.18,0.4355716878402904,45.4,3707.0,0.25
K2-146 b,0.013406661138631521,0.3827201868082625,0.021878506170859305,0.0,2.05,0.6696914700544465,20.7,3385.0,0.129
GJ 3473 c,0.01338234657061483,0.0,0.0,0.9829363171663225,2.63,0.4065335753176044,1.95,3347.0,0.0
TOI-3288 b,0.01335910722102922,0.2153989560510196,0.040230806218938674,0.0,12.24020692,0.29038112522686027,213.8,4072.0,0.021
Kepler-682 b,0.013358943594418596,0.0,0.0,0.0,7.37,0.10617059891107078,306.102,5559.0,0.0
DMPP-6 b,0.013347092053610671,0.18416452176776668,0.09659908104929436,0.0,2.28,0.4882032667876588,340.697,6182.09,0.34
Kepler-105 b,0.013345799595723544,0.29868806245765134,0.08994496981352351,0.0,2.53,0.6678765880217786,341.809,5933.0,0.02
Kepler-1031 b,0.013333991192376613,0.0,0.0,0.0,0.87,0.8929219600725953,3973.86,6011.0,0.0
HAT-P-3 b,0.01332690698100034,0.0,0.0,0.0,10.53646,0.15517241379310345,176.587,5185.0,0.0
Kepler-299 d,0.013326013527789374,0.0,0.0,0.0,1.86,0.6388384754990926,69.96,5617.0,0.0
XO-5 b,0.013315171653620027,0.0,0.0,0.0,12.78,0.19237749546279492,397.4799,5430.0,0.0
Kepler-1486 b,0.013307127641471933,0.0,0.0,0.0,2.32,0.4791288566243195,22.372,5965.0,0.0
Kepler-654 b,0.01329415732165513,0.0,0.0,0.0,2.07,0.5553539019963702,229.311,5865.0,0.0
Kepler-607 b,0.013293089614544663,0.0,0.0,0.0,0.87,0.8929219600725953,2302.613,5196.0,0.0
WASP-2 b,0.0132928781349706,0.1520695640445188,0.06982956670404811,0.0,12.116929,0.16588021778584394,492.0,5180.0,0.0054
TOI-1685 b,0.01328646095757882,0.0,0.0,0.0,1.421,0.9618874773139746,213.0,3470.0,0.0
HATS-76 b,0.01328606887118053,0.22026223085701094,0.038734839985035414,0.0,12.09449018,0.4682395644283122,129.8,4016.0,0.062
xi Aql b,0.013278317253801701,0.19767798663604455,0.060773628252377886,0.0,13.4,0.2558983666061706,149.8624,4841.0,0.059
TOI-270 b,0.013277526677086208,0.383161062733329,0.025110861783403955,0.0,1.28,0.705989110707804,131.7935,3506.0,0.0167
Kepler-290 b,0.013272421703812112,0.0,0.0,0.0,2.25,0.4972776769509982,22.637,5147.0,0.0
HIP 41378 b,0.013265532057469862,0.28971614581785804,0.09948175455466028,0.0,2.64,0.3756805807622504,140.0,6290.0,0.05
Kepler-195 c,0.013264975743834877,0.0,0.0,2.2285775874378903e-150,1.55,0.809437386569873,11.281,5329.0,0.0
TOI-1224 c,0.013263751215446264,0.0,0.0,0.9854649667659651,2.884,0.36116152450090744,1.9952,3326.0,0.0
Kepler-535 b,0.013258701497144405,0.0,0.0,0.0,2.36,0.4682395644283122,601.891,6123.0,0.0
Kepler-114 b,0.013254805277847882,0.0,0.0,0.0,1.26,0.4591651542649728,92.535,4605.0,0.0
Kepler-1016 b,0.013251498537653362,0.0,0.0,0.0,2.18,0.5190562613430127,1445.204,5821.0,0.0
HD 13189 b,0.013247369854856864,0.14944789160231897,0.04298231554201959,0.0,12.4,1.8148820326678767,277.0528,4175.0,0.27
Kepler-1338 b,0.013220783686673461,0.0,0.0,0.0,0.92,0.9237749546279492,4712.111,5909.0,0.0
Kepler-1510 b,0.013213061060888173,0.0,0.0,2.179104757929741e-252,3.36,0.29401088929219604,14.036,6200.0,0.0
HD 240210 b,0.013210941784671743,0.2757752141474478,0.04624138483730848,0.0,12.8,0.7876588021778584,26.3684,4297.0,0.15
Kepler-395 c,0.013209734481204204,0.0,0.0,0.9082997889601715,1.32,0.9981851179673321,2.11,4262.0,0.0
HD 159243 c,0.013190930754166663,0.41943647918718135,0.09502056953568924,0.9960388578286552,13.4,0.25045372050816694,2.0315,6123.0,0.075
Kepler-627 b,0.013178582788793441,0.0,0.0,0.0,3.73,0.2577132486388385,39.303,6424.0,0.0
TOI-942 b,0.013169076507258397,0.16541561444077163,0.06419297964417298,0.0,3.89,3.351435168070564,261.858,4969.0,0.34
Kepler-1871 b,0.01316637954769092,0.0,0.0,0.0,2.42172881,0.45190562613430135,917.15,5741.0,0.0
Kepler-624 b,0.01315329005148329,0.0,0.0,0.0,2.31,0.4809437386569873,130.757,6117.0,0.0
Kepler-546 b,0.013148784884867327,0.0,0.0,0.0,7.0,0.11361161524500908,690.13,5967.0,0.0
TOI-2431 b,0.013138096831680646,0.0,0.0,0.0,1.534,1.705989110707804,2649.15,4109.0,0.0
GJ 2030 b,0.013136839048489182,0.12798421784637515,0.07797723994228666,0.0,2.03,0.5680580762250453,3542.7587,5485.0,0.239
Kepler-604 b,0.013122598853343702,0.0,0.0,0.0,2.59,0.41379310344827586,46.982,5890.0,0.0
Kepler-26 c,0.013119205937621134,0.5679169764327877,0.036010044344706754,1.485144900042244e-14,2.72,0.29219600725952816,4.82,3914.0,0.013
Kepler-705 b,0.013115844492306268,0.0,0.0,0.9756677848406441,2.11,0.5408348457350273,0.729,3722.0,0.0
GJ 1265 b,0.013093637357235169,0.5309529882597065,0.017898167441361752,1.2366699893862749e-20,2.63,0.4065335753176044,5.3846,3236.0,0.04
Kepler-1203 b,0.013091855172812736,0.0,0.0,0.0,1.06,1.0054446460980038,723.806,4105.0,0.0
TOI-2000 c,0.013088603824379154,0.19938469833059624,0.08134316396856164,0.0,8.14,0.15045372050816697,149.0,5611.0,0.063
Kepler-1314 b,0.013086398486637427,0.0,0.0,0.0,5.11,0.17114337568058077,36.05,4188.0,0.0
Kepler-1066 b,0.013083513713050674,0.0,0.0,0.0,2.36,0.4682395644283122,710.019,5762.0,0.0
EPIC 212737443 b,0.013077756228129336,0.3413950546250483,0.05657958006089675,0.0,2.586,0.41560798548094374,18.4919,4684.0,0.2
Kepler-385 b,0.013073490207726584,0.0,0.0,0.0,2.73,0.6279491833030854,143.919,6326.0,0.0
Kepler-732 c,0.013058343050998705,0.0,0.0,0.0,1.27,1.0471869328493648,199.846,3631.0,0.0
TOI-2000 b,0.01305797511562571,0.0,0.0,0.0,2.7,0.5571687840290381,628.0,5611.0,0.0
HD 145457 b,0.013055253491944158,0.21588627735133561,0.058529678901522705,0.0,13.2,0.38475499092558985,77.8446,4757.0,0.111
Kepler-758 d,0.013054767195327941,0.0,0.0,0.0,2.12,0.5372050816696915,173.171,6228.0,0.0
DMPP-1 c,0.013053165142470412,0.1924891674532062,0.09697066837631914,0.0,3.31,0.30127041742286753,220.4556,6196.0,0.22
GJ 3998 d,0.013043196010345821,0.0,0.0,0.9792145241694954,2.34,0.47186932849364793,1.2,3726.0,0.0
Kepler-1158 b,0.013038388499948978,0.0,0.0,0.0,2.34,0.47368421052631576,449.699,6203.0,0.0
Kepler-916 b,0.013036346705003135,0.0,0.0,3.517180229559088e-280,1.76,0.6860254083484574,14.683,5248.0,0.0
LTT 3780 c,0.013034491611704918,0.6750706257996227,0.021157236736654705,0.09813637850703708,2.39,0.5880217785843921,2.76,3358.0,0.024
K2-146 c,0.013020641204086593,0.4510452577201552,0.021878506170859353,4.710335563521539e-252,2.19,0.7114337568058077,14.028,3385.0,0.075
K2-211 b,0.013007700525137106,0.16586604863605134,0.06814660469091585,0.0,1.33162691,0.9836660617059891,2056.0589,5117.0,0.19
Kepler-829 b,0.013001815340199709,0.0,0.0,0.0,2.11,0.5408348457350273,247.47,5698.0,0.0
Kepler-216 b,0.013000803608375617,0.0,0.0,0.0,2.35,0.47005444646098005,540.034,6091.0,0.0
Kepler-1040 b,0.012992172284463494,0.0,0.0,0.9197288755484766,2.08,0.5517241379310345,2.121,5694.0,0.0
TOI-375 b,0.012991756211560483,0.14093312517564083,0.0719639899556377,0.0,10.77183045,0.1882032667876588,593.3,5259.9,0.087
Kepler-1459 b,0.01299067224845719,0.0,0.0,0.00010324146677626213,1.36,0.9600725952813067,3.511,4828.0,0.0
TOI-2136 b,0.012989738643242368,0.0,0.0,1.1076294815634475e-07,2.19,0.6061705989110707,4.0,3342.0,0.0
TOI-4791 b,0.012989361530155556,0.0,0.0,0.0,12.44196858,0.3793103448275862,783.2,6058.0,0.0
TOI-2202 b,0.012978595659994494,0.2949281670672344,0.06953571619381728,0.0,10.95117414,0.2177858439201452,42.7254,5169.0,0.022
Kepler-52 c,0.012978168543506148,0.5355815124081797,0.04031094726719065,2.9558749788449774e-75,1.84,3.6297640653357535,8.55,4075.0,0.012
Kepler-1942 b,0.012964866808827592,0.0,0.0,0.0,2.1170287,0.5390199637023594,247.34,5834.0,0.0
Kepler-445 c,0.012961572877901353,0.0,0.0,3.2437550118161687e-90,2.51,0.4319419237749546,9.177,3157.0,0.0
Kepler-1666 b,0.012956736811863894,0.0,0.0,0.0,2.88273782,0.36116152450090744,48.23,6293.0,0.0
Kepler-1233 b,0.012953041365126858,0.0,0.0,0.0,2.6,0.411978221415608,30.061,6198.0,0.0
TOI-2040 b,0.012951824492090482,0.17176486538180638,0.06854730993213132,0.0,10.32347122,0.2250453720508167,216.0,5132.0,0.109
Kepler-106 d,0.012936443438770744,0.0,0.0,0.0,0.95,2.255410477989828,45.357,5858.0,0.0
TOI-2977 b,0.012935958974986655,0.0,0.0,0.0,13.15934334,0.23230490018148822,947.8,5691.0,0.0
Kepler-401 d,0.012932432035425347,0.0,0.0,8.571500273152871e-74,2.27,0.49183303085299457,8.485,6184.0,0.0
Kepler-1258 b,0.012930169256737102,0.0,0.0,0.0,0.86,0.8874773139745916,2775.0,5839.0,0.0
Kepler-243 c,0.01291902208870378,0.0,0.0,0.0,1.99,0.5843920145190563,21.72,5228.0,0.0
LTT 3780 b,0.012892968906332344,0.0,0.0,0.0,1.325,1.0526315789473684,111.0,3358.0,0.0
Kepler-745 b,0.012890552119798978,0.0,0.0,0.0,2.16,0.5263157894736842,286.026,5849.0,0.0
Kepler-342 e,0.012884804191766772,0.0,0.0,0.0,0.88,0.9001814882032668,3111.322,6366.0,0.0
GJ 367 b,0.01287778108812462,0.0,0.0,0.0,0.736,1.252268602540835,579.0,3535.0,0.0
GJ 581 c,0.012871784111045632,0.6374899332172791,0.024950579686912517,0.5199684067771663,2.5,0.43375680580762255,2.3985,3500.0,0.032
Kepler-509 b,0.01286243859896546,0.0,0.0,0.0,2.49,0.4373865698729583,28.481,6060.0,0.0
Kepler-1312 b,0.012852091884453997,0.0,0.0,0.0,2.1,0.544464609800363,219.117,5719.0,0.0
Kepler-338 c,0.0128482934153611,0.3394567135483518,0.08967783298603745,0.0,2.34,0.47368421052631576,119.648,5923.0,0.03
TOI-4552 b,0.012844646956155843,0.0,0.0,0.0,1.11,1.4047186932849365,263.0,3258.0,0.0
Kepler-929 b,0.012844453688694673,0.0,0.0,0.0,1.11,1.029038112522686,8159.933,5869.0,0.0
Kepler-402 c,0.012840798265585714,0.0,0.0,0.0,1.56,0.8003629764065336,353.973,6090.0,0.0
AU Mic c,0.012836979235963423,0.4233504886045349,0.02601912699684566,1.590707325381877e-49,2.79,0.7078039927404719,7.3,3540.0,0.18
Kepler-290 d,0.012836943557183775,0.0,0.0,0.0,0.86,0.8874773139745916,1503.79,5142.0,0.0
Kepler-910 b,0.012823581677104387,0.0,0.0,0.0,0.82,0.8620689655172414,2108.073,6230.0,0.0
Kepler-1359 b,0.012822996098332573,0.0,0.0,0.4366054691336835,2.83,0.37023593466424687,2.451,4709.0,0.0
Kepler-193 c,0.012820112079855133,0.0,0.0,0.0,2.75,0.38294010889292196,16.026,6335.0,0.0
Kepler-1316 b,0.012813882466124487,0.0,0.0,1.2163583957044335e-132,3.54,0.27586206896551724,10.714,5884.0,0.0
Kepler-1373 b,0.012812071143979871,0.0,0.0,0.0,1.16,1.0544464609800364,8385.9,6299.0,0.0
Kepler-1154 c,0.012804838287706236,0.0,0.0,0.0,2.36,0.4682395644283122,339.573,6327.0,0.0
Kepler-1777 b,0.012799627893737899,0.0,0.0,0.0,2.13189678,0.5335753176043557,71.3,5771.0,0.0
Kepler-336 c,0.012791047866061011,0.0,0.0,0.0,2.1,0.544464609800363,206.91,5867.0,0.0
GJ 536 c,0.012786032780845393,0.0,0.0,0.9786564374477399,2.3,0.4827586206896552,1.692,3641.0,0.0
WASP-104 b,0.012781017265871728,0.0,0.0,0.0,12.745,0.19491833030852995,867.7365,5475.0,0.0
Kepler-201 c,0.012767671835163396,0.0,0.0,5.472021007714342e-29,2.85,0.3666061705989111,6.033,6065.0,0.0
Kepler-1490 b,0.012767196899281763,0.0,0.0,2.7572593997091526e-06,3.04,0.3357531760435572,3.788,5515.0,0.0
Kepler-365 b,0.012756852820941356,0.0,0.0,0.0,2.04,0.5662431941923776,132.15,6012.0,0.0
Kepler-653 b,0.01274830881834116,0.0,0.0,0.0,1.95,0.6007259528130672,90.384,5665.0,0.0
Kepler-1346 b,0.012742101045806023,0.0,0.0,0.0,1.58,0.7894736842105263,545.575,6133.0,0.0
Kepler-1567 b,0.012741513122405774,0.0,0.0,0.12158468866013827,2.73,0.38656987295825773,2.723,5655.0,0.0
GJ 1214 b,0.012741279407588912,0.41925706296654464,0.014291820270341498,0.0,2.733,0.4101633393829401,17.2,3101.0,0.0062
HD 141004 b,0.012738959356225864,0.2128301402774512,0.08867286424104225,0.0,3.77,0.2540834845735027,144.73,5885.38,0.16
HIP 14810 b,0.012733476501426063,0.18323812795350122,0.0795533472244347,0.0,13.0,0.5626134301270418,201.7351,5544.0,0.14399
Wolf 327 b,0.012731902623106875,0.0,0.0,0.0,1.24,1.3139745916515428,233.9,3542.0,0.0
Kepler-168 b,0.012725350605242004,0.0,0.0,0.0,1.46,0.8747731397459166,725.064,6282.0,0.0
Kepler-804 b,0.012723358031501498,0.0,0.0,0.0,1.94,0.604355716878403,83.427,5817.0,0.0
TOI-1451 b,0.01271921442637957,0.0,0.0,0.0,2.61143902,0.8475499092558983,53.0216,5801.0,0.0
Kepler-60 c,0.012717000429798923,0.30086088948713957,0.08919698669656963,0.0,1.9,0.5553539019963702,236.0,5905.0,0.039
LTT 1445 A b,0.012715934122951175,0.4995082142162142,0.026606828017309153,1.5941237681193958e-24,1.34,1.1252268602540836,5.7,3562.0,0.18
TOI-1670 c,0.012708433242417968,0.27780726208754647,0.0962761126248561,2.1334433690847873e-274,11.06326395,0.14700544464609802,14.5514,6170.0,0.09
K2-117 c,0.012706038238297876,0.36669159370198945,0.032376983490940425,0.0,2.06,0.558983666061706,21.4,3778.0,0.15
Kepler-68 c,0.012705648920842293,0.2979030852672472,0.0876475930971745,0.0,0.979,1.3611615245009074,204.0,5847.0,0.099
WASP-141 b,0.01269744548969826,0.0,0.0,0.0,13.56289,0.35934664246823955,1061.5542,5900.0,0.0
Kepler-680 b,0.012695181459569892,0.0,0.0,0.0,2.42,0.4537205081669692,706.62,5890.0,0.0
Kepler-1556 b,0.012693665846197603,0.0,0.0,0.0,1.96,0.5952813067150635,92.138,5608.0,0.0
Kepler-1094 b,0.012681374074329147,0.0,0.0,1.90535682445132e-121,3.18,0.31578947368421056,10.336,6112.0,0.0
HD 134606 c,0.012678303916553195,0.4242929594547702,0.08040818507237439,7.3623151635567525e-205,3.37,0.29401088929219604,12.84,5576.0,0.055
Kepler-642 b,0.01267265361775273,0.0,0.0,0.0,2.9,0.3575317604355717,719.373,6570.0,0.0
GJ 676 A d,0.012671527142912314,0.2993587715498094,0.031201581450015982,0.0,1.78,0.6751361161524502,59.6154,3734.0,0.192
HD 73344 b,0.012661396757755634,0.32902765451300303,0.09848266281987525,0.0,2.884,0.4448275862068966,111.9729,6252.6,0.03
HD 36384 b,0.012659389181727192,0.1733267663190877,0.03670460009616716,0.0,12.7,1.0217785843920146,229.7515,3940.0,0.2
WASP-37 b,0.012656562607003947,0.0,0.0,0.0,13.002,0.2776769509981851,545.3338,5800.0,0.0
K2-370 b,0.012655668670433365,0.0,0.0,0.0,2.67,0.5807622504537205,428.205,5662.0,0.0
Kepler-1267 b,0.012649463135433713,0.0,0.0,0.0,3.01,0.3411978221415608,86.469,6096.0,0.0
NGTS-21 b,0.012648133779611784,0.0,0.0,0.0,14.90794433,0.2268602540834846,514.2853,4660.0,0.0
HD 93963 A c,0.012643527467570553,0.0,0.0,0.0,3.11976057,0.6007259528130672,543.8,5908.0,0.0
TOI-669 b,0.012641805440333036,0.0,0.0,0.0,2.58606487,0.5753176043557169,388.2,5597.0,0.0
BD+20 2457 c,0.012635910005985978,0.14966253858400702,0.041967195597584675,0.0,12.4,2.0689655172413794,366.1069,4137.0,0.18
Kepler-1416 b,0.012624370586963498,0.0,0.0,0.0,0.88,0.9001814882032668,2658.55,6019.0,0.0
Kepler-351 d,0.012614304248076472,0.0,0.0,0.9837991599596494,2.72,0.3883847549909256,1.989,5225.0,0.0
Kepler-1188 b,0.012611416740428242,0.0,0.0,0.0,2.08,0.5517241379310345,165.573,5913.0,0.0
Kepler-258 c,0.012608345577797643,0.0,0.0,5.883255143339372e-63,3.61,0.26860254083484575,7.985,4942.0,0.0
Kepler-433 b,0.012601997988439672,0.1018959154276554,0.1013517123470379,0.0,16.25,0.20508166969147004,1682.66,6360.0,0.119
Kepler-122 b,0.012594968692031944,0.0,0.0,0.0,2.34,0.47368421052631576,448.102,6050.0,0.0
Kepler-759 b,0.012594615308772317,0.0,0.0,0.0,2.27,0.49183303085299457,19.02,5860.0,0.0
TOI-2529 b,0.012588263059231466,0.3029150315307639,0.08644547737349356,0.0,11.54525012,0.4827586206896552,70.9731,5802.0,0.021
Kepler-998 b,0.01258601341029664,0.0,0.0,0.0,2.32,0.4791288566243195,409.917,6058.0,0.0
GJ 433 b,0.012575910456072743,0.5603127056257888,0.023908746059729202,1.4790406969759696e-18,2.33,0.47731397459165154,5.2029,3461.0,0.04
Kepler-1014 b,0.012570110910025824,0.0,0.0,0.0,2.39,0.46098003629764067,33.479,5388.0,0.0
TOI-500 b,0.012569122223943791,0.22330770523142332,0.050061441470316784,0.0,1.166,0.8874773139745916,1138.0,4440.0,0.063
Kepler-54 c,0.012562808220764277,0.0,0.0,0.008444946892620835,1.23,0.43128275862068965,3.07,3705.0,0.0
TOI-4860 b,0.012557922431122906,0.2542042708603121,0.01853929582731954,0.0,8.7,0.13611615245009076,42.5,3260.0,0.008
Kepler-66 b,0.012553683896006326,0.0,0.0,0.0,2.8,0.3756805807622504,62.845,5962.0,0.0
Kepler-126 c,0.012543085182699908,0.2512995271261767,0.09811935673449546,0.0,1.58,0.3077197822141561,112.128,6239.0,0.19
WASP-97 b,0.012531484631649284,0.0,0.0,0.0,12.77826,0.21960072595281308,1414.87,5640.0,0.0
KOI-351 f,0.012527412656264645,0.0,0.0,1.0856691653552116e-40,2.88,0.36116152450090744,6.796,6080.0,0.0
TYC 1422-614-1 b,0.012493422119563011,0.25887771008986166,0.0598386493561884,0.0,13.3,0.3375680580762251,47.0221,4806.0,0.06
Kepler-60 d,0.012486510293793617,0.26085024236477033,0.08919698669656903,0.0,1.99,0.5281306715063522,161.0,5905.0,0.002
Kepler-1772 b,0.0124719525141496,0.0,0.0,0.0,2.68609988,0.39564428312159716,1485.0,5541.0,0.0
Kepler-92 c,0.01244883089682778,0.3545201314328259,0.08860928567610973,0.0,2.6,0.8615471869328494,106.207,5883.0,0.04
WASP-173 A b,0.012446273390352109,0.0,0.0,0.0,13.4508,0.515426497277677,1920.0,5800.0,0.0
Kepler-1544 b,0.012438002699796037,0.0,0.0,0.9687279870663713,1.78,0.6751361161524502,0.833,4886.0,0.0
Kepler-360 c,0.012436080538190515,0.0,0.0,0.0,2.1,0.544464609800363,146.5,6053.0,0.0
HATS-16 b,0.012428769878261784,0.0,0.0,0.0,14.5717,0.3375680580762251,994.8095,5738.0,0.0
Kepler-881 b,0.012424292820800424,0.0,0.0,0.0,1.78,0.6751361161524502,538.569,5961.0,0.0
K2-28 b,0.012419744751781649,0.0,0.0,0.0,2.32,0.4791288566243195,30.1,3214.0,0.0
GJ 3929 c,0.012414500389961154,0.0,0.0,0.9780321308290683,2.26,0.4936479128856625,1.68,3384.0,0.0
Kepler-1353 b,0.012407045737400167,0.0,0.0,2.92722393525834e-134,1.8,0.6660617059891107,10.767,4776.0,0.0
HD 158996 b,0.012403995038521711,0.17005528329516795,0.04015066517070052,0.0,12.3,2.3774954627949185,234.6259,4069.0,0.13
tau Gem b,0.012403297829578271,0.20064890148133344,0.04867232996741026,0.0,12.1,3.68421052631579,241.3109,4388.0,0.031
TOI-1386 b,0.012397937631012344,0.0,0.0,0.0,6.2163865,0.18874773139745918,34.68,5735.0,0.0
Kepler-984 b,0.012395431395342788,0.0,0.0,1.6249296466081108e-250,2.12,0.5372050816696915,13.991,5610.0,0.0
TOI-1408 c,0.01238772888331249,0.1609168268556676,0.09486028743921152,0.0,2.22,0.6896551724137931,2005.35,6117.0,0.1353
CoRoT-24 b,0.012383329797856267,0.0,0.0,0.0,3.7,0.1633393829401089,79.826,4950.0,0.0
Qatar-1 b,0.012381770698061696,0.0,0.0,0.0,12.811887,0.19528130671506355,382.328,5013.0,0.0
Kepler-1173 b,0.012367033390107356,0.0,0.0,0.0,0.89,0.9056261343012705,1462.098,5252.0,0.0
WASP-77 A b,0.012364814185885684,0.1455975211803037,0.08150344606505594,0.0,13.56,0.2413793103448276,1440.0,5617.0,0.01353
HD 47536 b,0.012360492383647805,0.23681076020605907,0.04845862050541892,0.0,12.6,1.161524500907441,47.5699,4380.0,0.2
Kepler-666 b,0.012360273358838677,0.0,0.0,0.0,2.4,0.4573502722323049,575.644,5887.0,0.0
GJ 3779 b,0.012351606756833083,0.4130456087589159,0.020248971523212058,2.596575097108683e-204,2.75,0.38294010889292196,12.8254,3324.0,0.07
Kepler-1917 b,0.012340812356259112,0.0,0.0,0.0,1.88971288,0.6243194192377496,48.99,5530.0,0.0
LHS 3844 b,0.012336841180155503,0.0,0.0,0.0,1.286,1.1161524500907443,73.67,3080.0,0.0
Kepler-1482 b,0.012326931431379699,0.0,0.0,0.0,1.01,0.9782214156079855,86.499,5381.0,0.0
Kepler-602 b,0.012325849856883666,0.0,0.0,0.0,2.09,0.5480943738656987,128.783,6062.0,0.0
Kepler-865 b,0.012323415923747043,0.0,0.0,0.0,2.49,0.4373865698729583,46.362,5570.0,0.0
HAT-P-59 b,0.012321506830769135,0.17930688252875676,0.08313298071270135,0.0,12.58768533,0.24446460980036297,441.4,5678.0,0.03
BD+03 2562 b,0.012319471269006411,0.16569160128033533,0.0408452209221536,0.0,12.7,0.9909255898366607,296.5605,4095.0,0.2
TOI-286 c,0.012312889201377568,0.0,0.0,0.0,1.88,0.5607985480943739,22.4437,5152.0,0.0
Kepler-1589 b,0.012311014978932085,0.0,0.0,0.0,1.09,1.0163339382940109,5228.785,6166.0,0.0
Kepler-846 b,0.012308666520839059,0.0,0.0,0.0,2.48,0.43920145190562615,35.276,5579.0,0.0
Kepler-196 d,0.012304713122732033,0.0,0.0,0.983327419434939,2.66065673,0.4010889292196007,1.8,5132.0,0.0
TOI-2015 c,0.0123023175624152,0.28711290900311587,0.01952770208900778,8.819682483318368e-39,2.93,0.35390199637023595,6.68,3297.0,0.00033
Kepler-1385 b,0.012301507152285509,0.0,0.0,0.0,0.85,0.8820326678765881,1591.477,5732.0,0.0
TOI-2015 b,0.01228631050403938,0.36781124691560096,0.019527702089007355,4.613526940039503e-218,3.309,0.2540834845735027,13.185,3297.0,0.0789
TOI-5624 f,0.012280683667522923,0.0,0.0,2.7502464880157373e-78,3.66,0.26497277676951,8.6817,5327.0,0.0
HD 12648 b,0.012270921085175367,0.19914274684282499,0.06061334615588825,0.0,13.4,0.2577132486388385,194.0796,4835.0,0.04
Kepler-1543 b,0.012268765966639375,0.0,0.0,0.0,2.71,0.39019963702359345,375.651,6561.0,0.0
K2-36 c,0.012264197950986098,0.25936628375599163,0.06277715445849931,0.0,3.2,0.23593466424682397,89.0,4916.0,0.089
KOI-94 b,0.012261733383546651,0.16426718030776585,0.09659667681785784,0.0,1.71,1.8330308529945554,1053.181,6182.0,0.25
Kepler-651 b,0.012239723558967911,0.0,0.0,0.0,2.37,0.46460980036297644,27.223,5522.0,0.0
Kepler-1778 b,0.012237364595246127,0.0,0.0,0.0,3.01665969,0.33938294010889297,186.14,6310.0,0.0
TOI-1634 b,0.01223572195095724,0.0,0.0,0.0,1.759,0.9586286751361162,121.0,3550.0,0.0
TOI-270 d,0.01222514801323363,0.5213677760243354,0.02511086178340292,3.91210072389973e-91,2.0,0.5263157894736842,9.2135,3506.0,0.0066
YZ Cet c,0.012210658195798425,0.0,0.0,1.2662455638919278e-13,1.05,0.9818511796733213,4.72,3151.0,0.0
Kepler-445 b,0.012208740723279817,0.0,0.0,0.0,1.58,0.7894736842105263,17.657,3157.0,0.0
Kepler-85 b,0.012202548936359973,0.35795613941337884,0.07851685633379694,0.0,1.778,0.33021651542649727,107.028,5505.2,0.02
Kepler-1054 b,0.012187136109834556,0.0,0.0,0.0,2.63,0.4065335753176044,760.524,6209.0,0.0
Qatar-5 b,0.012185591009964395,0.0,0.0,0.0,12.408363,0.7168784029038113,669.0,5747.0,0.0
Kepler-864 c,0.01218303524459809,0.0,0.0,0.0,1.62,0.764065335753176,1305.04,6213.0,0.0
WASP-106 b,0.012177453226847674,0.20771325856797385,0.09178821392315112,0.0,12.10569916,0.3375680580762251,327.8307,6002.0,0.023
Kepler-637 b,0.012177366857759045,0.0,0.0,0.0,4.75,0.18874773139745918,63.805,6096.0,0.0
Kepler-78 b,0.012167404841130977,0.0,0.0,0.0,1.201,0.9673321234119783,4070.0,5058.0,0.0
G 9-40 b,0.012155703792480241,0.0,0.0,2.0503301449784137e-32,1.9,0.5807622504537205,6.27,3395.0,0.0
Kepler-524 c,0.012146423925617223,0.0,0.0,0.0,0.96,0.9473684210526315,2959.338,6014.0,0.0
Gl 686 b,0.012138638999472621,0.5706637013276183,0.02911791419564712,5.539655616839465e-05,2.46,0.4446460980036298,3.5638,3656.0,0.05
Kepler-1736 b,0.012137572441623258,0.0,0.0,0.0,3.8765856,0.24500907441016337,24.27,6085.0,0.0
Kepler-1443 b,0.012136022382107682,0.0,0.0,0.0,0.97,0.9509981851179674,2809.165,6289.0,0.0
Kepler-292 f,0.012134244448667888,0.0,0.0,0.0,2.35,0.47005444646098005,24.325,5299.0,0.0
Kepler-1531 b,0.012128519069214267,0.0,0.0,0.0,1.11,1.029038112522686,4457.2,6260.0,0.0
HD 25723 b,0.01212094815548327,0.2840873339565257,0.05877010204625647,0.0,13.3,0.3375680580762251,39.6333,4766.0,0.04
Kepler-961 b,0.012120420550452423,0.0,0.0,0.0,2.55,0.4228675136116153,40.4,5582.0,0.0
Kepler-359 b,0.012119860068421284,0.0,0.0,0.0,3.53,0.27586206896551724,23.9,6248.0,0.0
Kepler-273 c,0.012117918574376338,0.0,0.0,0.0,1.98,0.5880217785843921,74.887,5626.0,0.0
Kepler-1408 b,0.01211601890832489,0.0,0.0,0.0,0.89,0.9056261343012705,1982.268,6170.0,0.0
TOI-1437 b,0.01210505009710236,0.2931751775636204,0.09194849601964532,0.0,2.24,0.7096188747731398,82.0,6008.0,0.17
Kepler-1141 b,0.01210198873123545,0.0,0.0,0.0,0.82,0.8620689655172414,1146.953,5791.0,0.0
HATS-12 b,0.01209206630336986,0.15342861196127372,0.10127157129879212,0.0,7.76,0.2032667876588022,566.4817,6357.0,0.085
Kepler-1632 b,0.012087123628069973,0.0,0.0,2.1307554538624583e-29,2.47,0.44101633393829404,6.062,6137.0,0.0
Kepler-540 b,0.012059262734333779,0.0,0.0,8.2654141873175e-12,2.71,0.39019963702359345,4.525,5946.0,0.0
GJ 163 b,0.012055940882830928,0.45610746652638734,0.024950579686911983,7.714567991081101e-20,3.25,0.308529945553539,5.3165,3500.0,0.073
Kepler-937 b,0.012054706903462824,0.0,0.0,0.0,3.72,0.2595281306715064,20.627,6095.0,0.0
Kepler-1352 b,0.012052735869808793,0.0,0.0,0.0,0.89,0.9056261343012705,1892.586,6118.0,0.0
Kepler-53 d,0.012048318650706942,0.0,0.0,0.0,2.12,0.2540834845735027,144.852,6085.0,0.0
Kepler-128 c,0.012046527837079097,0.3718277075692283,0.09365817171553872,0.0,1.521,0.9506234119782215,130.979,6072.0,0.037
Kepler-1297 b,0.012045656768544402,0.0,0.0,0.0,0.97,0.9509981851179674,2760.593,5818.0,0.0
TOI-1075 b,0.012032859253858934,0.0,0.0,0.0,1.791,1.6914700544464611,509.2,3875.0,0.0
Kepler-1812 b,0.012032747107072847,0.0,0.0,0.0,2.3249424,0.47731397459165154,270.34,6174.0,0.0
Kepler-1920 b,0.012031056910068701,0.0,0.0,0.0,2.95415848,0.3484573502722323,44.87,6277.0,0.0
Kepler-483 b,0.012029069252299445,0.0,0.0,0.0,3.21,0.3139745916515427,61.495,6346.0,0.0
WASP-171 b,0.01202749195584129,0.0,0.0,0.0,10.98482,0.2722323049001815,1200.24,5965.0,0.0
K2-104 b,0.012026135458074783,0.3388991373016653,0.030613880429553403,0.0,1.79,0.6715063520871144,62.1,3712.0,0.09
HAT-P-15 b,0.012024768194280746,0.200001441017965,0.08019447561039038,0.0,11.88154,0.35571687840290384,79.7578,5568.0,0.19
K2-141 b,0.012019182362216729,0.0,0.0,0.0,1.51,1.4392014519056262,3260.0,4570.0,0.0
K2-229 b,0.01201791510535424,0.0,0.0,0.0,1.0,1.3793103448275863,2290.0,5315.0,0.0
Kepler-1212 b,0.012009929391525308,0.0,0.0,0.0,2.14,0.5317604355716878,142.096,6051.0,0.0
Kepler-761 b,0.011995803131423328,0.0,0.0,0.0,2.03,0.5698729582577133,95.447,5706.0,0.0
Kepler-25 b,0.01198945702338796,0.20095524376890597,0.10119143025055305,0.0,2.748,0.42105263157894735,542.96,6354.0,0.0029
Kepler-1394 b,0.0119839011550308,0.0,0.0,0.0,1.39,0.9328493647912885,2023.005,6481.0,0.0
LHS 1903 c,0.011973377416957842,0.4191805242986362,0.029331623657634212,0.0,2.046,0.5281306715063522,16.2,3664.0,0.089
HD 49674 b,0.011965842876428781,0.1722316557502706,0.08110274082382647,0.0,6.2,0.13303085299455536,264.2871,5602.0,0.09
Kepler-268 c,0.011964038493420337,0.0,0.0,5.434102628093967e-237,3.38,0.29401088929219604,13.662,6081.0,0.0
Kepler-200 b,0.011962141906454902,0.0,0.0,0.0,2.13,0.5353901996370236,159.069,5678.0,0.0
TOI-2969 b,0.011958980617557416,0.0,0.0,0.0,12.32987877,0.19963702359346644,382.0,4738.0,0.0
HD 19615 b,0.011952039029702675,0.16463369934110342,0.04533311962386898,0.0,12.6,1.3466424682395646,270.2479,4263.0,0.2
TOI-1695 b,0.011951663852135194,0.3759730193785285,0.030026179409091445,0.0,1.9,0.9074410163339384,39.0,3690.0,0.097
Kepler-562 b,0.011949800211508517,0.0,0.0,0.0,5.21,0.16715063520871146,67.435,5575.0,0.0
Kepler-212 c,0.011929187635412996,0.0,0.0,0.0,2.74,0.38475499092558985,54.662,5852.0,0.0
Kepler-79 b,0.011916651751780194,0.2538693775538345,0.1021264091467355,0.0,3.51,0.17604355716878403,205.404,6389.0,0.022
bet UMi b,0.011909386306089937,0.16923195125085805,0.041673345087350704,0.0,12.7,0.9437386569872959,273.9958,4126.0,0.19
Kepler-1333 b,0.011896791898498946,0.0,0.0,0.0011656182551439277,2.81,0.3738656987295826,3.298,5628.0,0.0
Kepler-973 b,0.011894596573848603,0.0,0.0,4.794449704059832e-61,1.96,0.5952813067150635,7.892,5213.0,0.0
Kepler-269 b,0.01189097790799138,0.0,0.0,0.0,2.47,0.44101633393829404,604.9,5847.0,0.0
TOI-411 c,0.011882926842844917,0.25185913647483016,0.09624939894211987,0.0,2.328,0.5716878402903811,156.75,6169.0,0.16
Kepler-1239 b,0.011879341658575465,0.0,0.0,0.0,2.9,0.3575317604355717,462.91,6564.0,0.0
Kepler-1412 b,0.01187866724137323,0.0,0.0,0.0,0.83,0.869328493647913,1087.781,5880.0,0.0
K2-33 b,0.011871018314337884,0.0,0.0,0.0,5.04,2.19288770878324,89.6695,3540.0,0.0
Kepler-275 b,0.01186706046857256,0.0,0.0,0.0,2.34,0.47368421052631576,266.3,6165.0,0.0
Kepler-843 b,0.011864235966200655,0.0,0.0,0.0,2.59,0.41379310344827586,890.333,5830.0,0.0
GJ 667 C c,0.011863205481492604,0.8180216471231399,0.020943527274668396,0.9688613900625693,1.77,0.6842105263157895,0.8774,3350.0,0.02
Kepler-1564 b,0.011862392568375658,0.0,0.0,0.0,1.47,0.8656987295825771,41.514,5528.0,0.0
Kepler-1934 b,0.011860677448404976,0.0,0.0,0.0,0.91307734,0.9201451905626136,1835.6,5925.0,0.0
K2-222 b,0.011860213783759347,0.3894597834616213,0.09018539295825745,0.0,2.275,0.6753428312159709,95.0,5942.0,0.021
Kepler-149 c,0.011858222373221327,0.0,0.0,2.8685931418111635e-114,1.61,0.7695099818511797,10.084,5381.0,0.0
TOI-521 b,0.011847610249297839,0.0,0.0,0.0,1.98,0.6896551724137931,66.0,3544.0,0.0
TOI-122 b,0.011846416351984093,0.0,0.0,4.632325565782962e-81,2.72,0.3883847549909256,8.8,3403.0,0.0
Kepler-1641 b,0.01184442057953146,0.0,0.0,0.0,3.11,0.3266787658802178,82.828,6152.0,0.0
Kepler-1027 b,0.011838097738397377,0.0,0.0,0.0,0.89,0.9056261343012705,1162.51,5436.0,0.0
Kepler-480 b,0.011837537477518272,0.0,0.0,0.0,2.78,0.37749546279491836,764.078,6322.0,0.0
Kepler-518 b,0.011834423091325107,0.0,0.0,0.0,2.11,0.5408348457350273,133.317,5842.0,0.0
Kepler-1958 b,0.011834322165498156,0.0,0.0,0.0,2.05124311,0.5607985480943739,99.6,5749.0,0.0
Kepler-981 b,0.011833989426276814,0.0,0.0,0.0,2.31,0.4809437386569873,337.471,5718.0,0.0
TOI-1798.02,0.011829028991852213,0.0,0.0,0.0,1.464,2.0272232304900184,3345.44,5165.0,0.0
Kepler-1866 b,0.011826875175797993,0.0,0.0,0.0,2.08215108,0.5517241379310345,114.36,5791.0,0.0
Kepler-449 b,0.011811782279020973,0.33060311645376544,0.08236309237590028,0.0,2.056,0.5607985480943739,167.41,5649.18,0.03
Kepler-1236 b,0.01178704658895591,0.0,0.0,2.5247496425767217e-233,2.14,0.5317604355716878,13.571,5337.0,0.0
rho CrB e,0.011785171168855111,0.30467060542120405,0.08684618261472077,0.0,1.75,0.6896551724137931,151.5473,5817.0,0.082
Kepler-1133 b,0.011783463688608357,0.0,0.0,0.0,1.97,0.5916515426497277,55.758,5569.0,0.0
Kepler-982 b,0.011781438682322284,0.0,0.0,0.0,2.25,0.4972776769509982,185.203,6139.0,0.0
Kepler-864 b,0.011780517932604383,0.0,0.0,0.0,2.4,0.4573502722323049,464.765,5754.0,0.0
Kepler-185 c,0.011775227561068424,0.0,0.0,0.0,2.02,0.573502722323049,16.029,5208.0,0.0
Kepler-1801 c,0.011770002722498604,0.0,0.0,2.4850546604079802e-11,2.91,0.35571687840290384,4.47,5738.0,0.0
G 192-15 b,0.011758378064832709,0.0,0.0,2.964799502584223e-45,1.02,0.9673321234119783,7.06,2999.0,0.0
Kepler-1826 b,0.011757391037096889,0.0,0.0,0.0,1.47519116,0.8638838475499092,99.32,3821.0,0.0
TOI-2992 b,0.011755616344570535,0.12667427940819823,0.09173478655765684,0.0,13.75341932,0.4047186932849365,1484.0,6000.0,0.089
TOI-178 g,0.011752525881859426,0.22907724238004176,0.04674894480952028,0.0,2.939,0.1741141560798548,19.4978,4316.0,0.00043
Lupus-TR-3 b,0.01174920108803426,0.0,0.0,0.0,9.976,0.2540834845735027,15.9599,5000.0,0.0
Kepler-1774 b,0.011738855410212691,0.0,0.0,0.0,3.18179549,0.31578947368421056,16.4,6214.0,0.0
L 98-59 f,0.01172777152246839,0.7853468457898258,0.022679916653308374,0.9637592802272072,1.48,0.9074410163339384,1.1,3415.0,0.044
Kepler-595 b,0.011714907833781554,0.0,0.0,0.0,3.708,0.22323049001814882,17.382,5138.5,0.0
Kepler-1393 b,0.011713706416143445,0.0,0.0,0.0,0.8,0.8511796733212342,574.37,5697.0,0.0
HD 137496 b,0.011710685326105221,0.0,0.0,0.0,1.31,1.9038112522686026,3114.3366,5799.0,0.0
K2-3 b,0.011710349992228477,0.44571811865558353,0.034140086552327975,3.009412575543513e-126,2.078,0.5644283121597096,10.5,3844.0,0.107
KOI-1599.02,0.011705730881991587,0.4156210156509266,0.08727360153869752,0.0,1.9,1.308529945553539,76.81,5833.0,0.0114
Kepler-439 b,0.01170244449516141,0.7260840988418937,0.07653470107387383,0.9778747462857434,2.24,0.5009074410163339,1.83,5431.0,0.03
K2-124 b,0.011686353583261087,0.4299555456704142,0.026820537479293208,1.0273993039985413e-78,2.9,0.3575317604355717,8.7,3570.0,0.08
Kepler-566 b,0.011676998580144355,0.0,0.0,0.0,2.15,0.5281306715063522,16.879,5132.0,0.0
Kepler-1331 b,0.011665778534148956,0.0,0.0,0.0,1.05,1.0,547.294,4508.0,0.0
Kepler-1286 b,0.011664018411664276,0.0,0.0,0.0,2.15,0.5281306715063522,151.77,5753.0,0.0
Kepler-407 b,0.011661438793311243,0.0,0.0,0.0,1.19,1.066529764065336,4102.008,5487.0,0.0
TOI-5800 b,0.011660942920152937,0.1989872362150817,0.06101405139711709,0.0,2.46,0.6279491833030854,274.163,4850.0,0.3
Kepler-962 b,0.011658414685175068,0.0,0.0,0.0,1.97,0.5916515426497277,53.823,5478.0,0.0
TOI-2384 b,0.01165301855252095,0.0,0.0,0.0,11.48920522,0.4101633393829401,104.3,3943.0,0.0
Kepler-732 b,0.011645520089523501,0.0,0.0,1.8014985946714997e-75,2.18,0.5190562613430127,8.559,3631.0,0.0
Kepler-342 b,0.01163702016470207,0.0,0.0,0.0,2.25,0.4972776769509982,160.261,6175.0,0.0
WASP-23 b,0.011636715173313357,0.1717351441774051,0.0690281562216005,0.0,10.783,0.21234119782214156,317.4314,5150.0,0.062
Kepler-244 c,0.011634176513014313,0.0,0.0,0.0,2.05,0.5626134301270418,81.574,5554.0,0.0
Kepler-758 b,0.011630788419666308,0.0,0.0,0.0,2.48,0.43920145190562615,349.193,6228.0,0.0
GJ 436 b,0.011630782402628515,0.290443345417887,0.02725089490836833,0.0,4.17,0.3266787658802178,29.4322,3586.11,0.13827
Kepler-1109 b,0.011624018807560406,0.0,0.0,1.2027323263363182e-153,2.19,0.515426497277677,11.382,5893.0,0.0
Kepler-1768 b,0.011621450051759769,0.0,0.0,0.0,2.23346338,0.5027223230490019,179.16,6050.0,0.0
TOI-431 b,0.011621105793055444,0.0,0.0,0.0,1.28,1.4519056261343013,2120.4475,4850.0,0.0
Wolf 1061 b,0.01161873421593904,0.49830804666163686,0.020729817812683037,2.7443059594141156e-50,1.21,1.074410163339383,7.34,3342.0,0.15
Kepler-103 b,0.011612171351478531,0.213394959392756,0.09299032964682227,0.0,3.4857,0.27586206896551724,150.536,6047.0,0.171
Kepler-116 c,0.011611368932051775,0.0,0.0,0.0,2.3,0.4827586206896552,208.982,6142.0,0.0
Kepler-213 c,0.011607337952106821,0.0,0.0,0.0,2.34,0.47368421052631576,339.536,5696.0,0.0
GJ 480 b,0.011598522879239556,0.0,0.0,1.5024425393748848e-27,2.91,0.35571687840290384,5.929,3509.0,0.0
Kepler-838 b,0.011598520230862174,0.0,0.0,0.0,2.73,0.38656987295825773,61.089,5770.0,0.0
Kepler-655 b,0.011583170593662505,0.0,0.0,0.0,2.71,0.39019963702359345,28.767,6170.0,0.0
Kepler-1601 b,0.011580767074806495,0.0,0.0,0.0,0.82,0.8620689655172414,999.752,5869.0,0.0
Kepler-1398 b,0.011573555908923117,0.0,0.0,0.0,0.9,0.911070780399274,1249.488,6126.0,0.0
Kepler-326 d,0.011573172451212754,0.0,0.0,0.0,1.21,3.8838475499092557,180.644,5105.0,0.0
EPIC 220674823 b,0.011564047869203573,0.0,0.0,0.0,1.606,1.9391716878402905,4467.0,5578.0,0.0
GJ 581 b,0.011563568950019538,0.4141760133144553,0.02495057968691101,1.6748051391441585e-58,4.79,0.18511796733212343,7.7669,3500.0,0.0342
Kepler-593 b,0.011559933777904817,0.0,0.0,0.0,2.87,0.3629764065335753,61.02,5967.0,0.0
Kepler-579 b,0.011555082517176992,0.0,0.0,0.0,2.0,0.5807622504537205,60.609,5636.0,0.0
Kepler-937 c,0.011553111715584046,0.0,0.0,5.899374279340511e-43,2.67,0.3992740471869329,6.93,6095.0,0.0
Kepler-1176 b,0.011549439397049851,0.0,0.0,0.0,2.45,0.4446460980036298,26.087,5844.0,0.0
11 UMi b,0.011545522991175684,0.21232868709126623,0.04399743548645586,0.0,12.3,2.50453720508167,114.8502,4213.0,0.08
Kepler-598 c,0.011538880068225238,0.0,0.0,9.412369560097055e-06,3.02420941,0.33938294010889297,3.7,5245.0,0.0
Kepler-1807 b,0.011537418068612802,0.0,0.0,0.0,2.70393215,0.3920145190562614,356.24,6455.0,0.0
Kepler-24 c,0.011535125518389948,0.3511118171607619,0.09248276967461064,0.0,2.514,0.6204068965517242,144.827,6028.0,0.014
Kepler-1475 b,0.011528969219323133,0.0,0.0,5.5740909378314726e-241,2.92,0.35390199637023595,13.76,6214.0,0.0
Kepler-1322 c,0.011515440661617561,0.0,0.0,0.0,2.15492527,0.5263157894736842,144.06,5704.0,0.0
Kepler-399 d,0.011514314172087836,0.0,0.0,7.034004013115564e-23,1.89,0.6243194192377496,5.57,5502.0,0.0
TOI-654.01,0.011514244236724716,0.0,0.0,0.0,2.378,0.6515426497277677,65.0,3521.0,0.0
HD 164922 d,0.011510305293219317,0.32929910384021027,0.07543944008119716,0.0,1.83,0.6515426497277677,66.9243,5390.0,0.12
TOI-1411 b,0.011498138100324164,0.0,0.0,0.0,1.19880592,1.1542649727767695,266.85,4115.0,0.0
Kepler-787 b,0.011495564554303376,0.0,0.0,0.0,1.28,1.0362976406533575,493.553,4248.0,0.0
Kepler-1075 b,0.011488555241682505,0.0,0.0,0.0,1.42,0.9056261343012705,143.968,3959.0,0.0
Kepler-617 b,0.011486164871115825,0.0,0.0,0.0,1.32,0.9981851179673321,100.295,3712.0,0.0
TOI-4602.01,0.011483842798336554,0.0,0.0,0.0,2.45,0.39564428312159716,664.0,5966.0,0.0
Kepler-1409 b,0.011482893786041632,0.0,0.0,0.0,1.04,0.9927404718693285,1552.133,5160.0,0.0
Kepler-106 b,0.011481858051197117,0.0,0.0,0.0,0.82,2.2948045544546805,277.216,5858.0,0.0
Kepler-717 b,0.011474324771504393,0.0,0.0,0.0,2.42,0.4537205081669692,398.0,5485.0,0.0
Kepler-991 b,0.0114738306072185,0.0,0.0,0.981853933187158,2.54,0.4246823956442831,1.371,4392.0,0.0
Kepler-1712 b,0.011473125956570799,0.0,0.0,2.9257462836652204e-22,2.28372556,0.4882032667876588,5.52,3732.0,0.0
HD 108236 c,0.011469142401577714,0.3266106873061456,0.08265213442323677,0.0,2.071,0.5553539019963702,162.1675,5660.0,0.034
LHS 1678 b,0.011468586849036887,0.3832522389654392,0.02468344285943193,0.0,0.685,1.088929219600726,94.3,3490.0,0.033
Kepler-870 b,0.011467093764173925,0.0,0.0,0.0,2.78,0.37749546279491836,54.869,5857.0,0.0
WASP-46 b,0.011465260510579122,0.0,0.0,0.0,13.159366,0.2662431941923775,1281.2408,5600.0,0.0
HD 18599 b,0.011460430940804133,0.22437018511898887,0.06889458780786878,0.0,2.6,1.3611615245009074,145.0,5145.0,0.34
Kepler-1082 b,0.011457331798444315,0.0,0.0,0.0,1.12,1.0362976406533575,2949.557,5923.0,0.0
L 168-9 b,0.01145525365032796,0.0,0.0,0.0,1.63,0.9401088929219601,149.3748,3842.0,0.0
Kepler-969 b,0.011451063919930664,0.0,0.0,1.4054578780572315e-116,2.07,0.5553539019963702,10.166,5214.0,0.0
Kepler-194 d,0.011450855547458358,0.0,0.0,9.908270371707745e-206,2.4,0.4573502722323049,12.863,6089.0,0.0
TOI-1444 b,0.011442118652642021,0.0,0.0,0.0,1.41792246,1.2413793103448276,5028.6263,5460.0,0.0
Kepler-1666 c,0.011436887873994491,0.0,0.0,0.0,3.23564749,0.308529945553539,26.34,6293.0,0.0
Kepler-926 b,0.01142921856046623,0.0,0.0,0.0,2.31,0.4809437386569873,17.883,5806.0,0.0
GJ 3634 b,0.01142216495855877,0.35745096142088734,0.025404712293633676,0.0,2.83,0.37023593466424687,24.2793,3517.0,0.08
Kepler-1427 b,0.011421267368036907,0.0,0.0,0.0,1.1,1.0272232304900182,2730.51,5793.0,0.0
Kepler-308 b,0.011418308592814588,0.0,0.0,0.0,2.12,0.5372050816696915,108.64,5895.0,0.0
TOI-561 b,0.011412152871143808,0.0,0.0,0.0,1.397,0.7441016333938294,4709.0,5342.0,0.0
Kepler-1200 b,0.011405481090565231,0.0,0.0,0.0,1.06,1.0054446460980038,544.534,4612.0,0.0
Kepler-312 b,0.011403223631340349,0.0,0.0,0.0,1.29,1.0272232304900182,4124.022,6115.0,0.0
Kepler-254 c,0.011399118228231125,0.0,0.0,0.0,2.15,0.32123411978221417,67.225,5957.0,0.0
Kepler-1089 b,0.011394778787583047,0.0,0.0,0.0,1.83,0.6533575317604357,26.266,3753.0,0.0
Kepler-171 b,0.011392481025980528,0.0,0.0,0.0,2.34,0.47368421052631576,304.178,5642.0,0.0
Kepler-374 b,0.011390946154910462,0.0,0.0,0.0,1.03,0.985480943738657,2014.661,5977.0,0.0
TOI-2485 b,0.011389968241635209,0.2117011831150317,0.0921728909547282,0.0,12.1393261,0.4283121597096189,275.6,6016.4,0.0341
Kepler-1797 b,0.011389847435281592,0.0,0.0,0.0,3.05774442,0.3339382940108893,51.68,6244.0,0.0
GJ 3473 b,0.011388399534245452,0.0,0.0,0.0,1.264,0.912885662431942,59.4,3347.0,0.0
TOI-4495 b,0.011382013403340089,0.19139934254786764,0.09734465993480008,0.0,2.483,0.49183303085299457,1001.28,6210.0,0.078
Pr0211 b,0.011381017943790556,0.1787260950921789,0.07303520863384583,0.0,13.4,0.24682395644283125,457.3078,5300.0,0.011
Kepler-225 c,0.011376804352434117,0.0,0.0,3.0704405574504717e-109,1.84,0.6460980036297641,9.903,3682.0,0.0
Kepler-919 b,0.011367532528028688,0.0,0.0,0.0,2.25,0.4972776769509982,153.915,6113.0,0.0
HD 108236 f,0.011364358174346135,0.4560970426895319,0.08265213442323587,0.0,2.017,0.573502722323049,22.9084,5660.0,0.051
Kepler-507 b,0.011363966920211736,0.0,0.0,0.0,1.3,2.6911952813067153,877.327,6113.0,0.0
Kepler-994 b,0.011362974462553804,0.0,0.0,0.0,1.6,0.7767695099818512,243.984,3934.0,0.0
Kepler-203 b,0.01135409611767389,0.0,0.0,0.0,2.57,0.4192377495462795,668.215,5821.0,0.0
Kepler-897 b,0.011349619594756279,0.0,0.0,0.0,2.39,0.46098003629764067,354.221,5839.0,0.0
alf Tau b,0.01134728938358948,0.1988562234750702,0.039776673612221564,0.0,12.7,1.0018148820326678,220.442,4055.0,0.1
Kepler-127 c,0.011343452191701015,0.3700792943916284,0.0945664369289739,0.0,2.66,0.4010889292196007,61.688,6106.0,0.03
WASP-140 b,0.011341351670844844,0.16413873913264876,0.07303520863384676,0.0,14.23540549,0.28642014519056264,491.326,5300.0,0.047
Kepler-1679 b,0.011338776715725281,0.0,0.0,0.0,2.0692036,0.5553539019963702,103.3,5501.0,0.0
Kepler-1561 b,0.011333760802114132,0.0,0.0,0.0,1.09,1.0163339382940109,2364.807,5957.0,0.0
Kepler-756 b,0.011333074211019478,0.0,0.0,0.0,1.12,1.0362976406533575,2174.33,5282.0,0.0
Kepler-68 b,0.01132756871432321,0.22950174187386344,0.08764759309716952,0.0,2.357,0.6116152450090745,441.0,5847.0,0.09
K2-72 b,0.01132455422046843,0.5226487256917766,0.02122321953304406,3.668690510024907e-74,1.08,1.012704174228675,8.5,3360.47,0.11
HD 80653 b,0.011322048540664972,0.0,0.0,0.0,1.621,1.3139745916515428,6130.0,5959.0,0.0
Kepler-1377 b,0.01131784207973581,0.0,0.0,0.0,1.25,1.0725952813067152,2909.21,5218.0,0.0
Kepler-908 b,0.011313384211012384,0.0,0.0,0.0,1.22,1.087114337568058,3304.101,5973.0,0.0
WASP-50 b,0.011306082593449996,0.16091555716474545,0.07570657690867542,0.0,13.069694,0.24047186932849365,690.3398,5400.0,0.009
TOI-1694 b,0.011293119179398164,0.18799397842362986,0.06515467222309688,0.0,5.27,0.19274047186932852,195.2882,5005.0,0.122
HATS-36 b,0.011290074723421792,0.15035332774703686,0.09039910242024105,0.0,12.92,0.38475499092558985,561.0,5950.0,0.105
DMPP-1 d,0.01128754606475122,0.15109601076484733,0.0969706683763251,0.0,2.02,0.5716878402903811,1045.9594,6196.0,0.36
Kepler-691 b,0.011277603597815392,0.0,0.0,9.586997363022612e-211,2.09,0.5480943738656987,12.995,3715.0,0.0
WASP-164 b,0.011276792635530117,0.0,0.0,0.0,12.643752,0.35571687840290384,1043.2122,5806.0,0.0
EPIC 201757695.02,0.011275889106771263,0.0,0.0,0.0,0.90819,0.9165154264972777,494.202,4520.0,0.0
GJ 3998 c,0.01126401042606533,0.0,0.0,8.131074689981983e-21,2.5,0.4355716878402904,5.4,3726.0,0.0
K2-131 b,0.011260674814403564,0.0,0.0,0.0,1.69,1.5970961887477315,4070.0,5120.0,0.0
Kepler-1684 b,0.011260503866843562,0.0,0.0,0.0003095494045421219,2.87084792,0.3629764065335753,3.42,4706.54,0.0
Kepler-104 b,0.011257506440291564,0.0,0.0,0.0,3.1,0.7377219600725953,119.907,5711.0,0.0
Kepler-1312 c,0.011255073125087386,0.0,0.0,0.0,1.02732734,0.9836660617059891,1770.2,5721.0,0.0
TOI-270 c,0.01125267251607473,0.3490043733604079,0.025110861783403066,0.0,2.33,0.49001814882032674,47.0639,3506.0,0.0044
Kepler-1597 b,0.011252173974608797,0.0,0.0,0.0,1.06,1.0054446460980038,1431.311,6377.0,0.0
Kepler-267 b,0.011250576793569037,0.0,0.0,0.0,1.98,4.86388384754991,45.843,4258.0,0.0
Kepler-1350 c,0.011248708706053368,0.0,0.0,0.0,1.73,0.7005444646098004,94.054,3827.0,0.0
TrES-5 b,0.011247990330249974,0.0,0.0,0.0,13.383546,0.23774954627949185,442.993,5171.0,0.0
Kepler-1763 b,0.011241283158679054,0.0,0.0,0.0,1.14651332,1.0526315789473684,2597.27,5897.0,0.0
EPIC 201595106 b,0.011236213662816207,0.0,0.0,0.0,1.565,2.014519056261343,2852.0,5679.0,0.0
81 Cet b,0.011233518118391928,0.3729734322919754,0.05791526419831206,3.388722415349545e-211,13.1,0.4664246823956443,13.0071,4734.0,0.037
Kepler-1284 b,0.011232312401577134,0.0,0.0,0.0,1.21,1.0816696914700545,2190.082,5123.0,0.0
Kepler-261 c,0.011231226908363508,0.0,0.0,1.0788729699805573e-272,2.0,0.5807622504537205,14.512,5098.0,0.0
Kepler-1744 b,0.01123053725185495,0.0,0.0,0.0,3.76754004,0.2540834845735027,21.0,5986.0,0.0
Kepler-613 b,0.011228170432751,0.0,0.0,0.0,2.29,0.48638838475499097,66.269,5723.0,0.0
Kepler-1103 b,0.011223237729003133,0.0,0.0,0.0,2.27,0.49183303085299457,160.282,6092.0,0.0
TOI-1201 b,0.011222780300815301,0.0,0.0,0.0,2.415,0.4446460980036298,40.6,3476.0,0.0
GJ 536 b,0.011220832738014625,0.0,0.0,3.749820678367995e-109,2.41,0.4537205081669692,9.9,3641.0,0.0
TOI-1801 b,0.011220815004886569,0.0,0.0,4.6827355253473095e-133,2.079,0.6716878402903812,10.7276,3863.0,0.0
Kepler-336 b,0.011218450085392885,0.0,0.0,0.0,1.02,0.9782214156079855,1652.5,5867.0,0.0
TOI-3364 b,0.011218120064844506,0.0,0.0,0.0,12.22899794,0.29038112522686027,425.0,5706.0,0.0
Kepler-1224 b,0.011207788646229726,0.0,0.0,0.0,1.33,0.987295825771325,132.663,6155.0,0.0
Kepler-1828 b,0.01119881011246659,0.0,0.0,0.0,2.11598626,0.5408348457350273,96.27,5806.0,0.0
Kepler-618 b,0.011197140120744329,0.0,0.0,0.0,2.6,0.411978221415608,677.569,5860.0,0.0
HD 208527 b,0.011191906414607638,0.20784980278300813,0.039242399957256965,0.0,12.5,1.6061705989110708,165.4934,4035.0,0.08
Qatar-9 b,0.011186191489227408,0.0,0.0,0.0,11.309881,0.2595281306715064,210.669,4309.0,0.0
Kepler-903 b,0.011185477703020393,0.0,0.0,0.0,2.01,0.5771324863883848,274.845,5682.0,0.0
Kepler-974 b,0.011183991822140943,0.0,0.0,0.0,1.57,0.7967332123411978,28.511,3687.0,0.0
Kepler-1535 b,0.011178580644017328,0.0,0.0,1.2557337459021519e-20,2.55,0.4228675136116153,5.384,6021.0,0.0
GJ 9827 b,0.011171394659036245,0.0,0.0,0.0,1.44,1.4261343012704175,318.0,4236.0,0.0
Kepler-687 b,0.011170096726445493,0.0,0.0,5e-324,3.52,0.279491833030853,15.648,4841.0,0.0
Kepler-1834 c,0.011168288255375495,0.0,0.0,0.0,1.22,1.087114337568058,1334.22,4821.0,0.0
Kepler-640 b,0.01114512255751317,0.0,0.0,0.0,2.56,0.42105263157894735,35.062,5653.0,0.0
Kepler-1278 b,0.011144678419625435,0.0,0.0,0.0,1.01,0.9782214156079855,1314.67,6074.0,0.0
TOI-238 b,0.01113680048339058,0.1966628836832687,0.06659721109151526,0.0,1.559,1.234119782214156,753.1,5059.0,0.18
Kepler-1047 c,0.011136719182853166,0.0,0.0,0.0,0.99,0.9637023593466424,1323.065,5754.0,0.0
Kepler-174 c,0.011133989737187404,0.0,0.0,1.2892120461402426e-19,1.49,0.852994555353902,5.296,4880.0,0.0
K2-117 b,0.011133002538054453,0.29536589751659986,0.032376983490940904,0.0,2.03,0.5698729582577133,145.8,3778.0,0.06
Kepler-411 e,0.011132159006130548,0.5398940980593604,0.0643265480579007,1.3104853989274257e-55,3.28,0.30490018148820325,7.6205,4974.0,0.016
Kepler-1653 b,0.011130550790359238,0.0,0.0,0.9768168694147288,2.17,0.5226860254083484,0.98,4807.0,0.0
Kepler-1366 b,0.011129897463016996,0.0,0.0,0.0,1.43,0.8965517241379312,134.981,4070.0,0.0
Kepler-1918 b,0.011129561936961923,0.0,0.0,3.874043185630192e-269,2.29763023,0.4845735027223231,14.43,5889.0,0.0
HD 285968 b,0.011125017100915142,0.0,0.0,7.584508658094865e-17,2.83,0.37023593466424687,5.0456,3703.49,0.0
GJ 685 b,0.011121247126676656,0.0,0.0,0.00838466195878322,2.95,0.3502722323049002,3.0917,3816.0,0.0
Kepler-1293 b,0.011121114704159338,0.0,0.0,0.0,0.97,0.9509981851179674,929.122,6241.0,0.0
Kepler-639 b,0.011111179042923797,0.0,0.0,0.0,2.38,0.4627949183303085,295.826,5896.0,0.0
Kepler-568 b,0.011105368844673148,0.0,0.0,3.1705767384397603e-71,2.26,0.49546279491833034,8.37,3768.0,0.0
Kepler-1340 b,0.011104954532111938,0.0,0.0,0.0,1.55,0.809437386569873,4793.001,6331.0,0.0
Kepler-632 b,0.01110275826900522,0.0,0.0,8.269395503652205e-282,2.21,0.5099818511796733,14.72,5322.0,0.0
Kepler-588 b,0.011100856720813086,0.0,0.0,0.0,2.63,0.4065335753176044,718.075,5835.0,0.0
Kepler-1323 b,0.01110019803082465,0.0,0.0,0.0,1.52,0.8294010889292197,5067.603,6169.0,0.0
TOI-481 b,0.011096096392821064,0.16801508995930012,0.0846556606293564,0.0,11.09691,0.35571687840290384,253.126,5735.0,0.153
TOI-451 c,0.011094036405648277,0.0,0.0,0.0,2.93,0.14700544464609802,93.0,5490.0,0.0
Kepler-1578 b,0.011093232926830416,0.0,0.0,0.0,1.04,0.9927404718693285,1486.438,5545.0,0.0
GJ 3138 c,0.01108974559102311,0.43082258798287154,0.030747448843294414,9.670861968876075e-247,1.88,0.6279491833030854,13.9,3717.0,0.11
Kepler-971 b,0.011081024427246466,0.0,0.0,0.0,2.13,0.5353901996370236,82.766,5431.0,0.0
LP 791-18 d,0.011080669705789333,0.4654989002980199,0.010525191002831707,2.8704422525273e-26,1.032,0.8275862068965517,5.83,2960.0,0.0011
HD 191939 c,0.011075666187613908,0.40430877569552043,0.07431746540576227,0.0,3.195,0.24500907441016337,21.0,5348.0,0.034
Kepler-1300 b,0.011075507817984626,0.0,0.0,0.0,1.37,0.9509981851179674,149.409,6130.0,0.0
Kepler-2001 b,0.011071750945616837,0.0,0.0,0.0,1.04,0.9927404718693285,911.28,5081.0,0.0
GJ 3942 b,0.011064606516228762,0.3592336519398119,0.034754501255538174,0.0,2.57,0.4192377495462795,20.5207,3867.0,0.121
Kepler-1084 b,0.011063483247796206,0.0,0.0,0.0,1.11,1.029038112522686,1766.593,6113.0,0.0
KOI-1831 d,0.011052618430875504,0.0,0.0,1.4114592221778239e-167,1.13,1.8058076225045372,11.8,5233.0,0.0
Kepler-112 c,0.011041861294118306,0.0,0.0,0.0,2.4,0.4573502722323049,24.255,5544.0,0.0
Kepler-1264 b,0.011040017236422818,0.0,0.0,0.0,1.18,1.0689655172413792,2367.804,5791.0,0.0
GJ 3090 c,0.011039034092038859,0.0,0.0,2.698270104660239e-12,3.14,0.32123411978221417,4.58,3707.0,0.0
Kepler-323 b,0.011036083404191726,0.18354767406494205,0.09184164128865943,0.0,1.381,1.4882032667876588,1900.0,6004.0,0.095
Kepler-1160 b,0.011028379777518712,0.0,0.0,0.0,2.14,0.5317604355716878,93.308,5519.0,0.0
Kepler-992 b,0.01102500841912601,0.0,0.0,1.2899865753440438e-307,1.62,0.764065335753176,15.291,4944.0,0.0
Kepler-990 c,0.011023932993625455,0.0,0.0,0.0,1.53,0.823956442831216,5272.4,5948.0,0.0
TOI-2407 b,0.011021197290157408,0.2788168947570092,0.025751990169360528,0.0,4.26,0.2159709618874773,41.0,3530.0,0.08
Kepler-219 d,0.011003068234545702,0.0,0.0,0.0,2.81,0.8584392014519058,20.01,5786.0,0.0
Kepler-1685 b,0.011001066081298002,0.0,0.0,0.0,2.57673985,0.4174228675136116,36.01,5484.0,0.0
Kepler-1214 b,0.010987636086583983,0.0,0.0,0.0,2.36,0.4682395644283122,23.18,5130.0,0.0
Kepler-21 b,0.010972381143810508,0.0,0.0,0.0,1.639,1.6878402903811254,2749.0,6305.0,0.0
Kepler-1652 b,0.01096084188132669,0.0,0.0,0.9637904968388026,1.6,0.7767695099818512,0.81,3638.0,0.0
L 98-59 d,0.010960443735753306,0.5641941044154426,0.022679916653307132,4.2640645760920335e-16,1.627,0.3992740471869329,4.97,3415.0,0.006
Kepler-1056 b,0.010958989715006875,0.0,0.0,0.0,3.01,0.3411978221415608,56.91,6127.0,0.0
Kepler-65 d,0.010955454836359457,0.3221186528089056,0.09737137361755342,0.0,1.52,1.0344827586206897,394.549,6211.0,0.014
Kepler-1013 b,0.010952537681863744,0.0,0.0,0.0,2.15,0.5281306715063522,16.101,4954.0,0.0
Kepler-748 b,0.010952354264316769,0.0,0.0,0.0,2.52,0.4301270417422868,439.778,5934.0,0.0
Kepler-208 b,0.010951361595063809,0.0,0.0,0.0,1.63,0.7568058076225046,639.576,6092.0,0.0
Kepler-583 b,0.010949878387553623,0.0,0.0,0.0,2.28,0.49001814882032674,178.699,5523.0,0.0
Kepler-1432 b,0.010948615334969797,0.0,0.0,0.0,2.22,0.5063520871143375,119.237,6031.0,0.0
Kepler-1715 b,0.01094267842293115,0.0,0.0,0.0,4.14042267,0.2250453720508167,53.0,6212.0,0.0
Kepler-1365 c,0.010938185443250549,0.0,0.0,0.0,0.8,0.8511796733212342,864.037,5770.0,0.0
HD 25463 c,0.010937957296105656,0.0,0.0,0.0,1.36354953,1.6497277676950999,1413.5,6353.0,0.0
Kepler-788 b,0.010935709732917192,0.0,0.0,0.0,2.55,0.4228675136116153,357.191,6159.0,0.0
K2-226 b,0.010930235725291846,0.22460780296161784,0.07271464444087292,0.0,1.53899305,0.8148820326678766,332.7564,5288.0,0.22
Kepler-1946 b,0.010924768847695925,0.0,0.0,0.0,2.48812698,0.4373865698729583,403.53,5505.0,0.0
Kepler-757 b,0.010915129086475734,0.0,0.0,0.0,1.36,0.9600725952813067,3345.453,6014.0,0.0
TOI-5300 b,0.010912137769929733,0.0,0.0,0.0,9.86390302,0.19963702359346644,198.0,4610.0,0.0
Kepler-529 d,0.010911022203153467,0.0,0.0,0.0,2.79502603,0.3756805807622504,37.92,6078.0,0.0
Kepler-319 d,0.010908767446049659,0.0,0.0,0.0,2.29,0.48638838475499097,17.962,5526.0,0.0
Kepler-1698 b,0.010907318754163144,0.0,0.0,0.0,1.07315686,1.0090744101633393,697.6,4975.03,0.0
TOI-2458 b,0.010905562991561224,0.19494708933555294,0.09186835497140054,0.0,2.83,0.5862068965517242,865.0,6005.0,0.087
Kepler-221 d,0.010889490220465604,0.0,0.0,0.0,2.73,0.1633393829401089,56.293,5243.0,0.0
TOI-1238 c,0.010887324401615764,0.31581558932848863,0.040684938825662945,0.0,2.11,0.8892921960072596,63.0,4089.0,0.15
bet Cnc b,0.01088128142985214,0.1937659402232008,0.04076775124218423,0.0,12.6,1.2359346642468239,274.8541,4092.1,0.08
Kepler-505 b,0.010874295722319963,0.0,0.0,2.062229439489781e-05,2.6,0.411978221415608,3.641,3931.0,0.0
Kepler-988 b,0.01087285775964702,0.0,0.0,7.3592998196868435e-37,2.07,0.5553539019963702,6.56,4005.0,0.0
Kepler-808 b,0.010864796739238358,0.0,0.0,0.0,1.46,0.8747731397459166,1428.3,4653.0,0.0
Kepler-1464 c,0.010856758348300747,0.0,0.0,0.0,1.0,0.9691470054446462,968.555,5828.0,0.0
Kepler-9 d,0.010841347021009164,0.0,0.0,0.0,1.64,2.458650816696915,1339.658,5777.0,0.0
K2-4 b,0.0108356727045399,0.4346932437365689,0.03870091360794489,4.8e-322,2.1,0.544464609800363,15.6,4014.73,0.08
Kepler-1311 c,0.010834794478237366,0.0,0.0,0.0,1.22,1.087114337568058,2144.553,5748.0,0.0
HD 1461 b,0.010825656552021829,0.21069199336470484,0.08545707111180692,0.0,2.42,0.4537205081669692,309.8969,5765.0,0.172
TOI-674 b,0.010825087409271229,0.0,0.0,0.0,5.25,0.16515426497277677,38.4,3514.0,0.0
Kepler-1415 b,0.010823090945420657,0.0,0.0,0.0,1.29,1.0272232304900182,2138.079,5267.0,0.0
HD 23472 e,0.010818109238934184,0.4059504004457457,0.05657958006090236,0.0,0.818,1.3611615245009074,46.7,4684.0,0.07
TOI-1136 b,0.010817132712501933,0.2874807668786441,0.08559063952554923,0.0,1.9,0.5081669691470054,360.5506,5770.0,0.027
Kepler-993 b,0.010813319977898136,0.0,0.0,2.2970492134078294e-07,2.97,0.3466424682395644,3.954,3843.0,0.0
Kepler-1259 b,0.010812617858050952,0.0,0.0,0.0,1.43,0.8965517241379312,2460.582,5053.0,0.0
Kepler-969 c,0.010808404092474964,0.0,0.0,0.0,0.99,0.9637023593466424,564.581,5214.0,0.0
Kepler-1525 b,0.010806594118774559,0.0,0.0,0.0,0.91,0.9165154264972777,715.106,5748.0,0.0
Kepler-1288 b,0.010806396855633362,0.0,0.0,0.0,1.12,1.0362976406533575,1342.5,6132.0,0.0
Kepler-288 c,0.01080208692824985,0.0,0.0,0.0,2.85,0.3666061705989111,53.148,5918.0,0.0
Kepler-381 b,0.01080076169617079,0.0,0.0,0.0,0.99,0.9637023593466424,716.085,6152.0,0.0
WASP-65 b,0.010796221592420222,0.0,0.0,0.0,12.464,0.2722323049001815,957.0053,5600.0,0.0
Kepler-36 c,0.010791320127079097,0.0,0.0,0.0,3.679,0.1428312159709619,191.0,5979.0,0.0
Kepler-658 b,0.010787719909725949,0.0,0.0,0.0,1.63,0.7568058076225046,223.745,4103.0,0.0
Kepler-1107 b,0.010784136784990503,0.0,0.0,0.0,1.34,0.9782214156079855,2387.261,5268.0,0.0
TOI-7166 b,0.010783547776181427,0.0,0.0,0.9739083877721493,2.01,0.5771324863883848,1.07,3099.0,0.0
Kepler-722 c,0.010783056117941815,0.0,0.0,9.025633266741162e-22,2.82,0.3720508166969147,5.48,5863.0,0.0
Kepler-1616 b,0.010777255004047998,0.0,0.0,0.0,1.02,0.9782214156079855,724.861,6266.0,0.0
Kepler-217 d,0.010776140912019025,0.0,0.0,0.0,1.32,0.9981851179673321,2099.752,6341.0,0.0
Kepler-1732 b,0.01077391270996467,0.0,0.0,0.0,4.09903273,0.2268602540834846,27.05,5821.0,0.0
Kepler-1321 d,0.01077215575758101,0.0,0.0,0.0,2.62843782,0.4065335753176044,15.84,3640.0,0.0
Kepler-803 b,0.01076808017617972,0.0,0.0,0.0,3.79,0.25226860254083483,20.882,5919.0,0.0
Kepler-10 b,0.010767373394862199,0.0,0.0,0.0,1.47,1.0054446460980038,3741.78,5708.0,0.0
Kepler-1204 b,0.010763431120255742,0.0,0.0,1.5820251193198165e-44,3.05,0.3357531760435572,7.021,5825.0,0.0
Kepler-1855 b,0.0107632726635843,0.0,0.0,0.0,1.216205,1.087114337568058,86.97,3460.0,0.0
HATS-2 b,0.010762327795413147,0.0,0.0,0.0,12.57647635,0.21902722323049,950.0563,5227.0,0.0
Kepler-1742 b,0.010762087745784705,0.0,0.0,3.9306055985230844e-133,2.1782413,0.5190562613430127,10.73,5776.0,0.0
GJ 3470 b,0.010757848763117084,0.3396385307397502,0.027621947961740338,0.0,4.57,0.14519056261343014,29.6584,3600.0,0.017
Kepler-322 b,0.010754661120014681,0.0,0.0,0.0,1.01,0.9782214156079855,735.179,5388.0,0.0
Kepler-1139 b,0.010747443752607597,0.0,0.0,0.0,1.19,1.0707803992740472,1717.276,5550.0,0.0
Kepler-115 b,0.010745286305307602,0.0,0.0,0.0,1.09,1.0163339382940109,1215.757,5979.0,0.0
Kepler-775 b,0.010745131573096138,0.0,0.0,0.0,1.19,1.0707803992740472,1496.75,5468.0,0.0
Kepler-1613 b,0.010742189519570414,0.0,0.0,0.0,2.08,0.5517241379310345,6797.623,6005.0,0.0
HD 109833 b,0.01073277228979225,0.26944523654965796,0.08855585831060667,0.0,2.888,0.35934664246823955,63.4589,5881.0,0.18
OGLE-TR-113 b,0.010730689455200901,0.0,0.0,0.0,12.251,0.2177858439201452,528.4147,4790.0,0.0
Kepler-106 c,0.010728909313027002,0.0,0.0,0.0,2.5,0.5952813067150635,96.905,5858.0,0.0
Kepler-173 c,0.010724702004753018,0.0,0.0,0.0,2.43,0.4500907441016334,258.418,6031.0,0.0
Kepler-1368 b,0.010707547184340974,0.0,0.0,0.0,1.65,0.7459165154264974,4849.257,5906.0,0.0
Kepler-1468 c,0.010700248767441727,0.0,0.0,0.0,1.15,1.0490018148820328,1479.567,5893.0,0.0
Kepler-1372 b,0.01069594250794754,0.0,0.0,0.0,1.27,1.0471869328493648,2176.358,5677.0,0.0
Kepler-1836 b,0.010689921074403447,0.0,0.0,0.0,2.55303229,0.4228675136116153,338.15,6123.0,0.0
Kepler-146 c,0.010682601398001795,0.0,0.0,8.58369453079016e-109,3.13,0.32304900181488205,9.887,5948.0,0.0
Kepler-1991 c,0.010679479175942653,0.0,0.0,0.0,2.57,0.4192377495462795,38.27,5478.0,0.0
Kepler-676 b,0.010675009905552393,0.0,0.0,2.1424820232745e-68,3.04,0.3357531760435572,8.241,3701.0,0.0
Kepler-1663 b,0.010664766636765724,0.0,0.0,3.5589219775494036e-08,3.30395896,0.30127041742286753,4.07,3844.0,0.0
Kepler-1434 b,0.010664177007116405,0.0,0.0,0.0,1.11,1.029038112522686,925.289,6291.0,0.0
Kepler-1641 c,0.010658554707737375,0.0,0.0,0.0,2.95,0.3502722323049002,42.145,6152.0,0.0
Kepler-1398 c,0.010654733412643384,0.0,0.0,0.0,1.03,0.985480943738657,738.183,6126.0,0.0
Kepler-533 b,0.010653123734353863,0.0,0.0,2.505195554227191e-80,3.38,0.29401088929219604,8.769,4758.0,0.0
WASP-129 b,0.010650680505390345,0.16786422143645102,0.0890634182828239,0.0,10.42437,0.29038112522686027,345.7201,5900.0,0.096
Kepler-207 b,0.01064493188583301,0.0,0.0,0.0,1.57,0.7967332123411978,4097.318,5920.0,0.0
Kepler-625 c,0.010644358910520815,0.0,0.0,0.0,1.05,1.0,932.132,5789.0,0.0
Kepler-182 c,0.010632100672731454,0.0,0.0,0.0,3.43,0.2867513611615245,88.852,6250.0,0.0
Kepler-512 b,0.01062598043173926,0.0,0.0,0.0,2.69,0.3938294010889292,32.329,5997.0,0.0
Kepler-1798 b,0.010622520949593995,0.0,0.0,3.158484794214522e-36,2.30911251,0.4809437386569873,6.52,3967.0,0.0
Kepler-664 b,0.01060983314390157,0.0,0.0,0.0,2.66,0.4010889292196007,652.435,5754.0,0.0
Kepler-1781 b,0.010605090424866606,0.0,0.0,0.0,2.38091029,0.4627949183303085,239.11,5568.0,0.0
Kepler-1687 b,0.01060508551792486,0.0,0.0,0.0,1.65623882,0.7422867513611615,30.22,4132.0,0.0
HD 20329 b,0.010604106217325021,0.0,0.0,0.0,1.72,1.4627949183303086,3474.0,5596.0,0.0
Kepler-1853 b,0.010602071036259547,0.0,0.0,7.227212871410618e-19,1.51862272,0.8312159709618875,5.23,4821.0,0.0
Kepler-1379 b,0.01059883666185644,0.0,0.0,0.0,1.3,1.0163339382940109,1600.049,5188.0,0.0
Kepler-738 b,0.010591914309198116,0.0,0.0,0.0,2.5,0.43375680580762255,27.644,5327.0,0.0
Kepler-1646 b,0.01058462908387629,0.0,0.0,3.7091374740870733e-09,1.23,1.0925589836660616,4.2,3299.0,0.0
TOI-1775 b,0.01058383965330199,0.0,0.0,0.0,8.04728896,0.18330308529945555,55.4426,5284.0,0.0
Kepler-1418 b,0.010581419330156404,0.0,0.0,2.3515672112098676e-49,1.66,0.7386569872958259,7.29,4770.0,0.0
TOI-2096 b,0.010575870458547566,0.47436408013252934,0.019607843137254447,7.075121758449885e-96,1.243,1.0798548094373865,9.4,3300.0,0.15
TOI-4551 b,0.01057252788742527,0.12549503895656414,0.062242880803536106,0.0,11.85910158,0.31578947368421056,1247.74,4896.0,0.101
Kepler-1181 b,0.010569876653711108,0.0,0.0,0.0,1.57,0.7967332123411978,831.143,6176.0,0.0
Kepler-1351 b,0.010565112275035956,0.0,0.0,0.0,0.65,0.7549909255898367,421.965,4439.0,0.0
Kepler-10 c,0.010562984549268652,0.41584146871492245,0.08393439119515668,0.0,2.355,0.8620689655172414,18.3,5708.0,0.136
Kepler-1163 b,0.010561247432442349,0.0,0.0,0.0,1.03,0.985480943738657,511.757,6302.0,0.0
Kepler-889 b,0.010553747713603654,0.0,0.0,0.0,1.09,1.0163339382940109,954.588,5961.0,0.0
Kepler-797 b,0.010545965773322874,0.0,0.0,0.0,2.17,0.5226860254083484,90.1,5680.0,0.0
Kepler-236 c,0.010543319151883487,0.0,0.0,2.2256348784190615e-06,2.0,0.5807622504537205,3.802,3750.0,0.0
Kepler-374 c,0.010538381488305847,0.0,0.0,0.0,1.1,1.0272232304900182,966.591,5977.0,0.0
K2-360 c,0.01053613745716905,0.23261728164726336,0.08315969439544847,0.0,4.02,0.2341197822141561,115.0,5679.0,0.11
Kepler-1310 b,0.0105317269281608,0.0,0.0,0.0,1.44,0.8911070780399275,2830.91,5549.0,0.0
Kepler-1399 b,0.010531033214544225,0.0,0.0,0.0,1.25,1.0725952813067152,1707.252,5735.0,0.0
Kepler-406 b,0.01052926362774343,0.0,0.0,0.0,1.43,2.1451905626134304,826.933,5538.0,0.0
Kepler-107 c,0.010528671581872973,0.21937577492525087,0.08783458887641736,0.0,1.597,2.4500907441016335,602.0,5854.0,0.08
Kepler-596 b,0.010528552141237468,0.0,0.0,0.0,3.46,0.28493647912885667,82.302,6267.0,0.0
Kepler-1932 b,0.010528312796481934,0.0,0.0,0.0,1.51482218,0.8348457350272231,2799.9,5278.0,0.0
HD 95127 b,0.010518642539872489,0.2100727629147933,0.04413100390019617,0.0,12.4,1.767695099818512,116.3001,4218.0,0.11
Kepler-1217 b,0.010511850286521874,0.0,0.0,0.0,1.99,0.5843920145190563,1302.948,5905.0,0.0
TIC 88785435 b,0.010507197498908827,0.26243737858961597,0.03825399369556254,0.0,5.03,0.17477313974591652,28.3253,3998.0,0.131
Kepler-1921 c,0.010506981857526378,0.0,0.0,0.0,1.41,0.9147005444646098,2436.47,6120.0,0.0
Kepler-445 d,0.010506031486937187,0.0,0.0,4.741260669660448e-10,1.25,1.0725952813067152,4.314,3157.0,0.0
Kepler-65 b,0.010505737405571043,0.21470129498565987,0.09737137361755262,0.0,1.42,0.7985480943738658,2316.095,6211.0,0.028
HD 28471 b,0.010498540059863847,0.1956140157559171,0.0854837847945585,0.0,1.75,0.691470054446461,653.3957,5766.0,0.195
TOI-1820 b,0.010490311658721233,0.1966223839011637,0.08462894694660834,0.0,12.778238,0.3629764065335753,292.245,5734.0,0.043
Kepler-264 c,0.010482917513795646,0.0,0.0,3.3757634962638e-310,2.83,0.37023593466424687,15.347,6158.0,0.0
TOI-1269 b,0.010482194580654974,0.0,0.0,0.0,2.40144286,0.4591651542649728,231.2034,5499.0,0.0
Kepler-844 b,0.010479461475183267,0.0,0.0,0.0,1.68,0.7277676950998185,89.652,4128.0,0.0
Kepler-413 b,0.010478610191136144,0.4991429718905605,0.05700699898487032,0.028391192264770344,4.347,0.5807622504537205,2.9436,4700.0,0.1181
Kepler-763 b,0.01047099622411937,0.0,0.0,0.0,1.22,1.087114337568058,974.089,5166.0,0.0
Kepler-1573 b,0.01047028747808445,0.0,0.0,0.0,1.2,1.0798548094373865,1343.114,5808.0,0.0
Kepler-226 c,0.010462331278363301,0.0,0.0,0.0,2.27,3.8475499092558985,180.513,5571.0,0.0
HD 93963 A b,0.01046184727431445,0.0,0.0,0.0,1.46954368,0.8729582577132486,2898.0,5908.0,0.0
Kepler-1537 b,0.010460144484611404,0.0,0.0,0.0,1.18,1.0689655172413792,713.168,5079.0,0.0
K2-36 b,0.010459133140801935,0.23539846675831133,0.06277715445850911,0.0,1.43,1.4519056261343013,519.0,4916.0,0.093
Kepler-948 b,0.010458754911509549,0.0,0.0,0.0,1.85,0.6424682395644283,126.203,5679.0,0.0
Kepler-1518 c,0.01045855287545993,0.0,0.0,0.0,2.9,0.3575317604355717,338.33,6432.0,0.0
Kepler-673 b,0.010452107625008296,0.0,0.0,0.0,6.54,0.12413793103448277,253.456,5355.0,0.0
Kepler-1960 b,0.01044810428163396,0.0,0.0,0.0,1.30749704,1.0090744101633393,1352.14,6371.0,0.0
Kepler-358 c,0.010447995697965963,0.0,0.0,1.7815446401937125e-37,2.85,0.3666061705989111,6.599,5908.0,0.0
Kepler-1035 b,0.010446664427697115,0.0,0.0,0.0,1.17,1.0653357531760437,1180.064,5763.0,0.0
Kepler-1948 b,0.010443579522006145,0.0,0.0,2.725646054351387e-28,1.03283226,0.987295825771325,5.98,3872.0,0.0
Kepler-408 b,0.010439597114341573,0.0,0.0,0.0,0.82,2.1649099570327177,1503.581,6104.0,0.0
Kepler-304 e,0.010438610240313853,0.0,0.0,0.0,1.2,1.0798548094373865,397.254,4817.0,0.0
Kepler-84 b,0.010433615959256822,0.0,0.0,0.0,2.23,3.5934664246823957,222.19,6039.0,0.0
Kepler-1604 b,0.010432389436277653,0.0,0.0,0.0,1.41,0.9147005444646098,1391.4,4976.0,0.0
Kepler-1317 b,0.010422519866942767,0.0,0.0,0.0,1.56,0.8003629764065336,2413.261,5144.0,0.0
Kepler-997 b,0.010415453673020434,0.0,0.0,0.0,1.36,0.9600725952813067,1900.131,6150.0,0.0
Kepler-1594 b,0.010412058228269232,0.0,0.0,0.0,1.06,1.0054446460980038,672.414,5946.0,0.0
Kepler-1565 b,0.010408712724549803,0.0,0.0,0.0,1.19,1.0707803992740472,510.566,4940.0,0.0
Kepler-182 b,0.010407207118091863,0.0,0.0,0.0,2.58,0.4174228675136116,239.787,6250.0,0.0
Kepler-704 b,0.010406861282169772,0.0,0.0,0.0,2.61,0.4101633393829401,514.124,5616.0,0.0
Kepler-255 d,0.010397552774729975,0.0,0.0,0.0,1.32,0.9981851179673321,1686.09,5431.0,0.0
TOI-4342 b,0.010397254412564203,0.0,0.0,0.0,2.329,0.5771324863883848,27.8,3866.0,0.0
Kepler-1072 b,0.010396256494845952,0.0,0.0,0.0,1.58,0.7894736842105263,2944.0,6199.0,0.0
Kepler-1019 b,0.010393643917110023,0.0,0.0,0.0,1.46,0.8747731397459166,330.249,4433.0,0.0
Kepler-376 b,0.01038241152489685,0.0,0.0,0.0,1.07,1.0090744101633393,689.912,5900.0,0.0
Kepler-1328 b,0.010381361420000845,0.0,0.0,0.0,0.98,0.958257713248639,545.672,5780.0,0.0
Kepler-1037 b,0.010377262819151304,0.0,0.0,0.0,1.28,1.0362976406533575,1015.434,5105.0,0.0
Kepler-828 b,0.010376433942556721,0.0,0.0,0.0,1.51,0.8366606170598911,1835.159,5039.0,0.0
17 Sco b,0.010376257920616711,0.2483243417460391,0.04250146925254632,0.0,12.9,0.6370235934664247,85.4316,4157.0,0.06
Kepler-612 b,0.010375438840385096,0.0,0.0,0.0,2.84,0.3684210526315789,997.089,5693.0,0.0
CoRoT-7 b,0.01037264590827988,0.0,0.0,0.0,1.68135,1.6978221415607986,1773.7952,5275.0,0.0
Kepler-363 b,0.010372528357714362,0.0,0.0,0.0,1.16,1.0544464609800364,1000.243,5593.0,0.0
TOI-1807 b,0.010371280916541888,0.0,0.0,0.0,1.49681583,0.7223230490018149,1407.22,4914.0,0.0
Kepler-1104 b,0.010370573222681874,0.0,0.0,0.0,1.23,1.0925589836660616,813.524,6417.0,0.0
TOI-3331 A b,0.010369317291054243,0.0,0.0,0.0,12.97999965,0.33030852994555354,818.5,5609.0,0.0
TOI-756 b,0.010367910224730492,0.0,0.0,0.0,2.81,0.43920145190562615,127.0,3657.0,0.0
Kepler-101 c,0.010367815133357362,0.0,0.0,0.0,1.25,1.9056261343012706,596.069,5667.0,0.0
Kepler-416 b,0.010362153796731402,0.0,0.0,0.0,2.48,3.811252268602541,224.089,5718.0,0.0
Kepler-1776 b,0.01035825955041516,0.0,0.0,0.0,2.61157023,0.4101633393829401,29.9,5872.0,0.0
Kepler-879 b,0.010357856496743234,0.0,0.0,0.0,2.57,0.4192377495462795,29.128,5792.0,0.0
Kepler-674 b,0.010351823584140947,0.0,0.0,0.0,1.69,0.7223230490018149,146.511,4192.0,0.0
Kepler-1572 b,0.010351265895315997,0.0,0.0,0.0,0.94,0.9346642468239565,583.523,5618.0,0.0
Kepler-149 b,0.010343931398290734,0.0,0.0,0.0,4.21,0.22141560798548096,23.64,5381.0,0.0
Kepler-874 b,0.01034159418185117,0.0,0.0,0.0,3.94,0.23956442831215974,31.624,6020.0,0.0
Kepler-305 c,0.010339828713358697,0.0,0.0,0.0,3.3,0.16642468239564429,65.1,5080.0,0.0
Kepler-1315 b,0.01033306194059385,0.0,0.0,0.0,1.38,0.9419237749546281,897.9,4861.0,0.0
Kepler-1603 b,0.01033274547367875,0.0,0.0,0.0,1.29,1.0272232304900182,1269.46,6241.0,0.0
Kepler-287 b,0.010324655005483366,0.0,0.0,0.0,2.33,4.954627949183304,35.75,5806.0,0.0
Kepler-1701 b,0.010323538830553662,0.0,0.0,0.9776029816166067,2.22186207,0.5063520871143375,1.3,5146.0,0.0
Kepler-1356 b,0.010321670411436466,0.0,0.0,0.0,1.53,0.823956442831216,1966.057,5106.0,0.0
K2-100 b,0.010315835817244618,0.0,0.0,0.0,3.88,0.37023593466424687,1915.0,5945.0,0.0
Kepler-199 c,0.010315322492068565,0.0,0.0,6.772621947103448e-61,3.25,0.308529945553539,7.885,5644.0,0.0
TOI-4342 c,0.010312353923490059,0.0,0.0,7.692214933077378e-161,2.349,0.36479128856624315,11.6,3866.0,0.0
Kepler-1802 b,0.010312185811444791,0.0,0.0,0.0,1.671,0.7332123411978222,26.91,4245.0,0.0
Kepler-1197 b,0.010308443893581761,0.0,0.0,0.0,1.25,1.0725952813067152,267.142,4708.0,0.0
Kepler-288 b,0.010308355294658515,0.0,0.0,0.0,1.67,0.73502722323049,247.301,5918.0,0.0
HD 134606 e,0.010307792274607954,0.22813523565281701,0.08040818507238405,0.0,1.33,0.9927404718693285,418.0334,5576.0,0.2
Kepler-1388 e,0.0103072406002081,0.0,0.0,1.7774856238574133e-07,2.46,0.4428312159709619,3.97,4098.0,0.0
Kepler-1873 b,0.010305801566852527,0.0,0.0,0.0,1.62573811,0.7604355716878404,2412.15,5151.0,0.0
Kepler-1009 b,0.010299515771834966,0.0,0.0,1.547575789465108e-159,2.17,0.5226860254083484,11.561,4027.0,0.0
Kepler-1785 b,0.010298707392101205,0.0,0.0,0.0,2.70422447,0.3920145190562614,47.3,5618.0,0.0
TOI-1238 b,0.010297905082361168,0.19353968459025697,0.040684938825666254,0.0,1.21,2.1234119782214154,442.0,4089.0,0.25
GJ 3998 b,0.010294022503551374,0.0,0.0,0.0,1.39,0.9292196007259529,48.0,3726.0,0.0
LHS 1678 d,0.010290922347693056,0.6200035474644029,0.024683442859431293,2.3586667087326138e-88,0.981,0.958257713248639,9.1,3490.0,0.036
Kepler-690 b,0.01028520276624489,0.0,0.0,0.0,5.95,0.14010889292196008,225.701,5913.0,0.0
WASP-47 e,0.010284064911389158,0.0,0.0,0.0,1.83,1.1415607985480944,3740.0,5565.0,0.0
Kepler-1060 b,0.010279225286356091,0.0,0.0,0.0,2.38,0.4627949183303085,17.416,5797.0,0.0
TOI-286 b,0.010276031052977284,0.0,0.0,0.0,1.42,1.5662431941923778,889.5827,5152.0,0.0
K2-265 b,0.01027578263565916,0.20639238175601307,0.07624085056365194,0.0,1.70824866,1.4337568058076227,592.0,5420.0,0.16
TOI-132 b,0.01026806277304807,0.2001527297886345,0.0756264358604357,0.0,3.42,0.558983666061706,860.0,5397.0,0.059
Kepler-381 d,0.010267383579812843,0.0,0.0,0.0,1.0667865,1.0108892921960073,436.7,6197.0,0.0
Kepler-922 b,0.010265339574833148,0.0,0.0,0.0,1.42,0.9056261343012705,2142.634,5671.0,0.0
Kepler-1532 b,0.010262892105644423,0.0,0.0,0.0,1.35,0.9691470054446462,1705.762,5559.0,0.0
Kepler-1935 b,0.010260510188961297,0.0,0.0,0.0,2.50271696,0.43375680580762255,324.78,5570.0,0.0
Kepler-650 b,0.010257453553762489,0.0,0.0,0.0,2.96,0.3484573502722323,1218.88,5849.0,0.0
Kepler-205 b,0.010252736762938381,0.0,0.0,0.0,1.51,0.8366606170598911,102.562,4321.0,0.0
Kepler-1354 b,0.010251858504024387,0.0,0.0,0.0,2.97,0.3466424682395644,18.86,6168.0,0.0
Kepler-1438 b,0.010250928258275803,0.0,0.0,0.0,0.94,0.9346642468239565,561.12,5530.0,0.0
Kepler-224 e,0.010247412779071,0.0,0.0,0.0,1.97,0.5916515426497277,18.732,5018.0,0.0
HD 134060 c,0.010245839001063264,0.3756858820570678,0.0908265213442014,0.958515406771181,5.91,0.1415607985480944,0.2515,5966.0,0.11
Kepler-2000 b,0.010245394853808007,0.0,0.0,0.0,2.73,0.38656987295825773,18.73,3757.0,0.0
Kepler-251 e,0.010244924950029016,0.0,0.0,6.765783388211546e-05,2.77,0.3793103448275862,3.548,5526.0,0.0
55 Cnc e,0.010243179635791093,0.18625307470205332,0.06961585724207356,0.0,1.875,1.208711433756806,2657.8322,5172.0,0.05
Kepler-1814 c,0.010240122964187748,0.0,0.0,0.0,1.76,0.6860254083484574,2011.27,4922.0,0.0
TOI-1347 b,0.010238070742286526,0.0,0.0,0.0,1.8,1.7967332123411979,1876.1315,5464.0,0.0
Kepler-157 b,0.010237246827250458,0.0,0.0,0.0,1.32,0.9981851179673321,1572.309,5774.0,0.0
TOI-251 b,0.01023637988951345,0.0,0.0,0.0,2.74,3.6885407869099276,277.7462,5875.0,0.0
Kepler-446 b,0.010235509020266716,0.0,0.0,0.0,1.5,0.8457350272232306,16.213,3359.0,0.0
KOI-351 e,0.010231582532490877,0.0,0.0,2.4309247923352455e-118,2.66,0.4010889292196007,10.228,6080.0,0.0
Kepler-125 b,0.010231182102508295,0.0,0.0,0.0,2.37,0.46460980036297644,33.184,3810.0,0.0
Kepler-896 b,0.010227993384181936,0.0,0.0,0.9816987035563466,2.53,0.426497277676951,1.99,5262.0,0.0
Gl 378 b,0.010225399341863551,0.286766470425509,0.035075065448516615,0.0,3.66,0.26497277676951,38.5823,3879.0,0.109
Qatar-4 b,0.010223554924756632,0.0,0.0,0.0,12.722215,0.925589836660617,614.0,5215.0,0.0
TOI-3071 b,0.010221735554068405,0.11241930306658643,0.0964631084040994,0.0,7.16,0.18511796733212343,2579.61,6177.0,0.09
Kepler-895 b,0.010215915867176446,0.0,0.0,0.0,1.54,0.8166969147005445,106.585,4315.0,0.0
WASP-59 b,0.010209501077817469,0.2772634706315786,0.055671314847455224,0.0,8.687,0.4355716878402904,38.0328,4650.0,0.1
TOI-5817 b,0.010201423589482304,0.2277461496849623,0.0855906395255461,0.0,3.08,0.3502722323049002,126.8632,5770.0,0.2
Kepler-366 b,0.010195139090661864,0.0,0.0,0.0,1.46,0.8747731397459166,1873.311,6209.0,0.0
Kepler-1146 b,0.010192980552563515,0.0,0.0,0.0,1.23,1.0925589836660616,227.962,4692.0,0.0
HD 207496 b,0.010191135155330973,0.27211045874970535,0.06018592723191888,0.0,2.25,0.5753176043557169,72.9,4819.0,0.231
Kepler-375 c,0.010190619915379142,0.0,0.0,0.0,2.65,0.40290381125226865,33.152,5826.0,0.0
K2-35 c,0.01018548493039185,0.3162182016442876,0.04906528824063032,0.0,1.93,0.6079854809437387,68.0,4402.71,0.12
K2-250 b,0.01018015145872084,0.21742181183255177,0.06510124485760393,0.0,2.71257333,0.39019963702359345,169.218,5003.0,0.21
Kepler-924 b,0.010176739397372106,0.0,0.0,0.0,3.07,0.33212341197822143,19.997,6167.0,0.0
TOI-332 b,0.010176109946134578,0.0,0.0,0.0,3.2,1.7422867513611615,4180.32,5251.0,0.0
Qatar-2 b,0.010175866406419395,0.0,0.0,0.0,14.056,0.285480943738657,447.4134,4645.0,0.0
Kepler-847 b,0.010173896089445255,0.0,0.0,0.0,1.18,1.0689655172413792,292.31,4940.0,0.0
HD 213885 b,0.010173829292543657,0.0,0.0,0.0,1.745,1.6606170598911072,1882.94,5978.0,0.0
Kepler-185 b,0.01017322636075341,0.0,0.0,0.0,1.17,1.0653357531760437,475.507,5208.0,0.0
Kepler-1298 b,0.010172896050473028,0.0,0.0,0.0,1.31,1.0072595281306715,1003.027,6339.0,0.0
gam1 Leo b,0.01017277472398791,0.180126002031087,0.04712293636800523,0.0,12.5,1.4246823956442831,228.5105,4330.0,0.144
Kepler-380 b,0.010172237080166397,0.0,0.0,0.0,1.19,1.0707803992740472,808.093,6045.0,0.0
Kepler-1824 b,0.010168185251957595,0.0,0.0,2.469861268675838e-52,2.38127597,0.4627949183303085,7.45,6002.0,0.0
Kepler-1165 c,0.010167503886609941,0.0,0.0,0.0,3.36093385,0.29401088929219604,40.76,6249.0,0.0
HD 153557 b,0.010167259611023001,0.2667618833470232,0.06066677352138268,0.0,4.77,0.1869328493647913,59.2234,4837.0,0.065
Kepler-1228 b,0.010166636285239908,0.0,0.0,0.0,1.54,0.8166969147005445,1598.664,5063.0,0.0
Kepler-1322 b,0.010162913554491445,0.0,0.0,0.0,1.61,0.7695099818511797,2651.424,5488.0,0.0
Kepler-940 b,0.010161944754893645,0.0,0.0,8.36057589565838e-127,3.34,0.29764065335753176,10.519,5769.0,0.0
HD 28109 b,0.010160390728527143,0.3891816708901461,0.09678367259708041,0.0,2.69,0.3266787658802178,33.4501,6189.0,0.0071
Kepler-1825 b,0.010145334123269416,0.0,0.0,0.0,1.42200732,0.9056261343012705,1264.7,5123.0,0.0
Kepler-329 c,0.010142695482573927,0.0,0.0,6.188310876590763e-170,1.93,0.6079854809437387,11.869,4257.0,0.0
Kepler-1796 b,0.010137285559527084,0.0,0.0,0.0,2.75047868,0.38294010889292196,30.3,6036.0,0.0
Kepler-52 b,0.010135574322434771,0.0,0.0,0.0,2.1,0.6079854809437387,22.72,4075.0,0.0
Kepler-964 b,0.010134252142091864,0.0,0.0,0.0,2.12,0.5372050816696915,43.916,5427.0,0.0
Kepler-1182 b,0.010131099461633538,0.0,0.0,0.0,2.41,0.455535390199637,197.882,5924.0,0.0
Kepler-770 c,0.010130612930001438,0.0,0.0,0.0,1.2,1.0798548094373865,833.588,5598.0,0.0
Kepler-1987 b,0.010130358792516867,0.0,0.0,0.0,1.23,1.0925589836660616,233.38,4769.0,0.0
TOI-201 d,0.010130044182462033,0.1955057946298012,0.10303467436019785,0.0,1.39,1.9963702359346642,389.669,6423.0,0.3
Kepler-157 c,0.010126453436069358,0.0,0.0,0.0,2.24,0.5009074410163339,101.754,5774.0,0.0
K2-203 b,0.010123682860870882,0.33595762239320753,0.06571565956081933,0.0,1.26549392,1.0526315789473684,49.6336,5026.0,0.23
TOI-1194 b,0.010122477214712594,0.0,0.0,0.0,8.71664516,0.17967332123411978,203.685,5394.0,0.0
WASP-5 b,0.010109889264309982,0.14016005014392063,0.08372068173316591,0.0,12.184,0.29764065335753176,1559.4762,5700.0,0.038
Kepler-696 b,0.010108016439295788,0.0,0.0,0.0,6.14,0.13484573502722325,607.525,5903.0,0.0
Kepler-323 c,0.010101835930335985,0.2164320423863397,0.09184164128865994,0.0,1.57,1.7422867513611615,700.0,6004.0,0.095
Kepler-1579 b,0.010099329195301866,0.0,0.0,0.0,0.84,0.8747731397459166,396.64,4584.0,0.0
Kepler-1193 b,0.01008315762409547,0.0,0.0,0.0,1.32,0.9981851179673321,1286.386,5908.0,0.0
HD 110082 b,0.01007740717007886,0.20237135382925006,0.09707752310731257,0.0,3.2,0.3139745916515427,198.3948,6200.0,0.2
Kepler-1350 b,0.010075861982692651,0.0,0.0,0.0,2.52,0.4301270417422868,27.176,3827.0,0.0
Kepler-228 c,0.01007420472984863,0.0,0.0,0.0,2.7,0.3920145190562614,457.318,6043.0,0.0
HD 17092 b,0.010072180802271923,0.2513847301622444,0.04701608163701193,0.0,12.5,1.6442831215970963,33.1963,4326.0,0.17
Kepler-343 b,0.0100709907490679,0.0,0.0,0.0,2.41,0.455535390199637,206.072,5807.0,0.0
Kepler-338 e,0.010069618138735564,0.2563000856619174,0.09170807287491992,0.0,1.56,2.2323049001814885,428.524,5999.0,0.05
Kepler-1183 b,0.010066295057652533,0.0,0.0,0.0,2.82,0.3720508166969147,61.663,5765.0,0.0
Kepler-746 b,0.010065752795391866,0.0,0.0,0.0,1.11,1.029038112522686,421.61,5418.0,0.0
Kepler-56 c,0.010060590152327027,0.0,0.0,0.0,9.8,0.19237749546279492,317.206,4840.0,0.0
Kepler-331 c,0.010058579568957653,0.0,0.0,3.0265967260449915e-246,1.84,0.6460980036297641,13.888,4347.0,0.0
TOI-198 b,0.010057795883710665,0.4932902377912529,0.03299139819415313,1.0351957841321942e-47,1.36,1.250453720508167,7.2,3801.0,0.15
Kepler-1592 b,0.010055282942724345,0.0,0.0,0.0,1.54,0.8166969147005445,1918.34,6213.0,0.0
TOI-411 b,0.010050785234897738,0.20338508621420737,0.09624939894213418,0.0,1.362,3.441016333938294,495.139,6169.0,0.126
Kepler-1091 b,0.010050486251839803,0.0,0.0,0.0,1.46,0.8747731397459166,1740.858,5851.0,0.0
Kepler-506 b,0.010049402645810281,0.0,0.0,0.0,2.73,0.38656987295825773,330.547,6236.0,0.0
HD 155918 b,0.010047567692582651,0.15354360545922136,0.08563979270180519,0.0,2.67,0.3992740471869329,1153.7389,5771.84,0.194
Kepler-264 b,0.010041505802908069,0.0,0.0,0.0,3.33,0.29945553539019965,79.478,6158.0,0.0
Kepler-298 d,0.01003769957281649,0.0,0.0,0.9813969869851081,2.5,0.43375680580762255,1.715,4465.0,0.0
Kepler-286 b,0.010036676596471063,0.0,0.0,0.0,1.24,1.0834845735027223,850.1,5580.0,0.0
Kepler-1560 b,0.010034507173175836,0.0,0.0,0.0,0.89,0.9056261343012705,593.919,5815.0,0.0
Kepler-826 b,0.010033996794411155,0.0,0.0,0.0,1.25,1.0725952813067152,827.221,6079.0,0.0
K2-113 b,0.010032614462890395,0.0,0.0,0.0,12.14,0.3575317604355717,277.39,5660.0,0.0
Kepler-887 c,0.010029419170263586,0.0,0.0,0.0,1.13,1.043557168784029,407.977,6194.0,0.0
Kepler-49 c,0.010023274425510448,0.507775323672864,0.04086124913179978,1.6901395248493244e-186,2.444,0.5643700544464609,12.341,4095.6,0.008
TOI-2096 c,0.010021868766800215,0.5408892227892247,0.01960784313725346,9.272571578024352e-06,1.914,0.6152450090744103,3.7,3300.0,0.1
Kepler-1073 b,0.010020708530274846,0.0,0.0,0.0,2.3,0.4827586206896552,128.55,5792.0,0.0
Kepler-1106 b,0.010014274424753594,0.0,0.0,0.0,1.65,0.7459165154264974,2399.974,6104.0,0.0
Kepler-446 c,0.010010751352167167,0.0,0.0,3.224142963245787e-39,1.11,1.029038112522686,6.705,3359.0,0.0
Kepler-833 b,0.009994457265123416,0.0,0.0,5.690797331750575e-70,2.02,0.573502722323049,8.313,4339.0,0.0
Kepler-11 b,0.00999148898015654,0.30102549095470155,0.08273227547147775,0.0,1.8,0.3121597096188748,146.36,5663.0,0.045
TOI-2095 c,0.00998684241260344,0.0,0.0,0.9266163634829344,1.33,0.7509105179932297,1.84,3759.0,0.0
Kepler-1213 b,0.009977767978021572,0.0,0.0,0.0,1.19,1.0707803992740472,595.424,6050.0,0.0
Kepler-796 b,0.009975757855668932,0.0,0.0,0.0,1.3,1.0163339382940109,962.264,5475.0,0.0
Kepler-1240 b,0.009974410119077775,0.0,0.0,0.0,1.15,1.0490018148820328,539.129,5682.0,0.0
K2-233 b,0.00997129281850205,0.0,0.0,0.0,1.315,1.0344827586206897,269.0,4796.0,0.0
Kepler-1875 b,0.009970290667484692,0.0,0.0,0.0,3.22686692,0.3121597096188748,23.05,6161.0,0.0
Kepler-1523 b,0.009967472061729822,0.0,0.0,0.0,1.58,0.7894736842105263,2218.145,5708.0,0.0
NGTS-13 b,0.00996445058076078,0.14850832426278116,0.0868996099802191,0.0,12.800678,0.7295825771324863,1096.0,5819.0,0.086
Kepler-573 b,0.009964402273851484,0.0,0.0,0.0,2.79,0.3756805807622504,46.44,5746.0,0.0
Kepler-1369 b,0.00996380846133109,0.0,0.0,0.0,2.69,0.3938294010889292,37.158,5761.0,0.0
Kepler-120 b,0.009962324994951421,0.0,0.0,0.0,2.15,0.852994555353902,42.692,4096.0,0.0
HD 224018 c,0.00996108420228354,0.4979103134427884,0.08596463108402636,0.0,2.42,0.7259528130671506,28.2444,5784.0,0.02
Kepler-633 c,0.009960794261099894,0.0,0.0,0.0,2.296,0.4845735027223231,115.4,5877.0,0.0
HD 51608 b,0.009960136764547574,0.29222323786778015,0.07458460223324624,0.0,3.62,0.26860254083484575,50.8256,5358.0,0.09
Kepler-309 c,0.00995525641886329,0.0,0.0,0.9055011275238417,2.51,0.4319419237749546,2.142,4713.0,0.0
HIP 113103 b,0.009955190511711993,0.31774961206704877,0.06315114601698037,0.0,1.829,0.6515426497277677,55.7356,4930.0,0.17
Kepler-80 d,0.009953314770436178,0.31096997447135205,0.052732809745147505,0.0,1.53,1.2776769509981851,164.625,4540.0,0.0041
Kepler-49 d,0.0099444617289548,0.0,0.0,0.0,1.6,3.6297640653357535,64.39,4252.0,0.0
HD 3167 b,0.009944033789358899,0.0,0.0,0.0,1.601,1.177858439201452,1650.0,5338.0,0.0
Kepler-402 b,0.009943978103855953,0.0,0.0,0.0,1.22,1.087114337568058,619.844,6090.0,0.0
Kepler-54 d,0.009943211134444716,0.0,0.0,0.00029464004212247465,1.53,1.6696914700544463,3.425,4252.0,0.0
Kepler-1099 b,0.00994320241880773,0.0,0.0,0.0,2.83,0.37023593466424687,766.344,5837.0,0.0
TOI-1468 b,0.009943069311679275,0.4711401724880305,0.021638083026125545,0.0,1.401,1.1070780399274047,36.4,3376.0,0.0099
K2-35 b,0.009942675583356868,0.2759471892341744,0.04906528824063261,0.0,1.32,0.9981851179673321,211.0,4402.71,0.13
Kepler-594 b,0.009941126052857295,0.0,0.0,0.0,2.18,0.5190562613430127,59.396,5485.0,0.0
K2-216 b,0.009940226702106224,0.0,0.0,0.0,1.75,1.4882032667876588,248.0,4503.0,0.0
Kepler-337 c,0.009939323827772748,0.0,0.0,0.0,2.05,0.5626134301270418,376.21,5684.0,0.0
Kepler-1039 b,0.009934824800856104,0.0,0.0,0.0,1.46,0.8747731397459166,668.128,4870.0,0.0
K2-43 b,0.009933635084529786,0.2723300653323448,0.03404926003098132,0.0,4.51,0.20145190562613433,49.0,3840.6,0.07
Kepler-606 b,0.009932744048388202,0.0,0.0,0.0,3.31,0.30308529945553536,71.843,6161.0,0.0
Kepler-589 c,0.009928986026203006,0.0,0.0,0.0,1.11727238,1.0362976406533575,344.61,5372.0,0.0
Kepler-1098 b,0.009926688464049085,0.0,0.0,0.0,1.3,1.0163339382940109,995.67,5794.0,0.0
Kepler-126 b,0.00992106270972278,0.2862541957733977,0.09811935673450568,0.0,1.52,1.0458321234119783,298.088,6239.0,0.07
Kepler-722 b,0.009920307245754942,0.0,0.0,0.0,2.63,0.4065335753176044,414.601,5863.0,0.0
Kepler-403 b,0.009918145165203009,0.0,0.0,0.0,1.25,1.0725952813067152,689.457,6090.0,0.0
Kepler-1205 b,0.009914923323932453,0.0,0.0,0.0,1.41,0.9147005444646098,1038.493,5226.0,0.0
Kepler-392 b,0.009914674111245508,0.0,0.0,0.0,1.0,0.9691470054446462,450.654,5938.0,0.0
Kepler-107 b,0.009911514801628524,0.20984123817269087,0.08783458887641188,0.0,1.536,1.0526315789473684,1073.0,5854.0,0.1
CoRoT-13 b,0.00991064024493962,0.0,0.0,0.0,9.92,0.4246823956442831,546.5339,5945.0,0.0
Kepler-1667 b,0.009904823651544627,0.0,0.0,2.628858118527588e-93,2.98385261,0.3448275862068966,9.3,5941.54,0.0
Kepler-207 c,0.009904373522184859,0.0,0.0,0.0,1.5,0.8457350272232306,1742.715,5920.0,0.0
Kepler-338 b,0.009904141385650274,0.2790262255077657,0.08967783298604849,0.0,2.44,2.1052631578947367,256.606,5923.0,0.04
TOI-406.01,0.009903631438144054,0.6234098523178147,0.022065501950097297,0.018092011481473384,2.08,0.7441016333938294,3.0,3392.0,0.056
Kepler-1669 c,0.00989489745664991,0.0,0.0,0.0,1.90120972,0.6188747731397459,199.28,4224.0,0.0
Kepler-1186 b,0.009894699567417101,0.0,0.0,0.0,2.23,0.5027223230490019,85.385,5635.0,0.0
Kepler-570 b,0.009890316085755477,0.0,0.0,0.0,2.45,0.4446460980036298,214.04,5496.0,0.0
Kepler-586 b,0.009886005707120057,0.0,0.0,0.0,2.79,0.3756805807622504,705.051,5575.0,0.0
TOI-6054.01,0.00988495751206085,0.19463361875057217,0.09299032964682973,0.0,2.64,0.6715063520871144,570.0,6047.0,0.164
Kepler-622 b,0.009882288612007104,0.0,0.0,9.463055342671289e-192,2.13,0.5353901996370236,12.486,4201.0,0.0
Kepler-1237 b,0.009875668415167639,0.0,0.0,5.622276607138482e-08,2.86,0.36479128856624315,4.042,5472.0,0.0
CoRoT-17 b,0.009862623119944836,0.0,0.0,0.0,11.43,0.5117967332123412,640.9232,5740.0,0.0
WASP-144 b,0.009862552867922503,0.0,0.0,0.0,9.52765,0.1724137931034483,775.8849,5200.0,0.0
Kepler-1055 b,0.009860880904046136,0.0,0.0,0.0,1.23,1.0925589836660616,647.256,5723.0,0.0
Kepler-806 b,0.009855579138671937,0.0,0.0,0.0,1.14,1.043557168784029,413.603,5770.0,0.0
Kepler-298 c,0.009849857098098946,0.0,0.0,1.2558512313061014e-78,1.93,0.6079854809437387,8.696,4465.0,0.0
Kepler-783 c,0.009846262511907188,0.0,0.0,0.0,2.33153725,0.4754990925589837,113.3,5411.49,0.0
Kepler-400 b,0.009843735418266629,0.0,0.0,0.0,1.65,0.7459165154264974,183.39,5886.0,0.0
HD 145934 b,0.009835888042944352,0.4504652233767405,0.06031281722496797,0.9999999963786954,13.4,0.2722323049001815,0.9461,4823.75,0.078
TOI-178 c,0.00983507161334168,0.21323354611298803,0.046748944809526835,0.0,1.754,0.8705709618874774,97.6159,4316.0,0.00032
Kepler-266 b,0.009834835701740001,0.0,0.0,0.0,2.48,0.43920145190562615,230.403,5885.0,0.0
Kepler-1162 b,0.009834566770660892,0.0,0.0,4.52735192643115e-183,2.21,0.5099818511796733,12.245,5390.0,0.0
Kepler-289 b,0.00983411925126974,0.0,0.0,0.0,2.49,0.2631578947368421,27.371,5990.0,0.0
Kepler-541 b,0.009831056004833232,0.0,0.0,0.0,3.36,0.29401088929219604,1452.904,6166.0,0.0
NGTS-10 b,0.009830272000982056,0.0,0.0,0.0,13.506845,0.2595281306715064,3716.1785,4600.0,0.0
Kepler-1894 b,0.009829256022606404,0.0,0.0,0.0,1.20117759,1.0762250453720508,544.05,5772.0,0.0
Kepler-774 b,0.009827479523755341,0.0,0.0,0.0,3.17,0.3194192377495463,451.177,6403.0,0.0
Kepler-755 c,0.009817159626959462,0.0,0.0,0.0,1.26,1.0617059891107077,302.574,5043.0,0.0
K2-126 b,0.009813942815637106,0.4004910209482798,0.047363359512735945,0.0,1.97,0.5916515426497277,35.3,4339.0,0.06
Kepler-1651 b,0.009812572368813515,0.49466411663003773,0.030640594112301103,6.970759256216112e-24,1.84,0.6460980036297641,5.65,3713.0,0.13
Kepler-187 c,0.009812330607628183,0.0,0.0,0.0,2.67,0.3992740471869329,324.134,6105.0,0.0
Kepler-55 d,0.009811859795946978,0.0,0.0,0.0,1.59,0.7822141560798548,195.005,4503.0,0.0
Kepler-341 b,0.009800741290653215,0.0,0.0,0.0,1.18,1.0689655172413792,422.097,6012.0,0.0
TOI-1416 b,0.009794599238886594,0.0,0.0,0.0,1.62,0.8166969147005445,883.0,4884.0,0.0
Kepler-1821 b,0.009785445464597052,0.0,0.0,0.0,2.59248115,0.41379310344827586,40.61,5475.0,0.0
Kepler-589 b,0.00978168703558584,0.0,0.0,0.0,2.27,0.49183303085299457,32.142,5296.0,0.0
Kepler-1367 b,0.009773043078346701,0.0,0.0,0.0,0.92,0.9237749546279492,225.233,4106.0,0.0
HD 21520 b,0.009772967754919247,0.0,0.0,0.0,2.697,0.24500907441016337,25.7431,5871.0,0.0
Kepler-331 b,0.009771309375387088,0.0,0.0,0.0,1.82,0.6569872958257714,35.984,4347.0,0.0
L 98-59 b,0.009770983631396122,0.5042331770323146,0.022679916653308572,0.0,0.837,0.7803992740471869,24.5,3415.0,0.031
TOI-1749 c,0.009768201710316353,0.42390296350711465,0.03790671581983688,0.0,2.12,0.3507775929258929,36.1539,3985.0,0.019
TOI-2018 b,0.009759996710630674,0.0,0.0,0.0,2.268,0.7858439201451906,26.0758,4174.0,0.0
GJ 3929 b,0.009758321725095331,0.0,0.0,0.0,1.09,1.32486388384755,17.3,3384.0,0.0
Kepler-1575 b,0.009753344086889229,0.0,0.0,0.0,1.31,1.0072595281306715,803.679,5667.0,0.0
Kepler-1436 b,0.009749845308686712,0.0,0.0,0.0,1.31,1.0072595281306715,772.079,5972.0,0.0
TOI-1776 b,0.009748733124411768,0.0,0.0,0.0,1.21612741,0.7495462794918331,560.3349,5785.0,0.0
CoRoT-18 b,0.009747025943705846,0.14268221511632598,0.0767751242186105,0.0,14.68,0.3992740471869329,823.7009,5440.0,0.08
TOI-1742 b,0.009746722478935347,0.2813594180043152,0.08679275524922397,0.0,2.36507598,0.7259528130671506,58.618,5815.0,0.3
Kepler-55 e,0.009743454514186803,0.0,0.0,0.0,1.55,0.809437386569873,73.157,4503.0,0.0
WASP-132 c,0.009741713720486444,0.0,0.0,0.0,1.841,0.9927404718693285,791.0,4686.0,0.0
Kepler-337 b,0.00973540637423239,0.0,0.0,0.0,1.54,0.8166969147005445,1589.012,5684.0,0.0
LHS 1903 b,0.009735245290513447,0.4389324035020353,0.02933162365763646,0.0,1.382,1.2377495462794919,66.66,3664.0,0.015
Kepler-821 b,0.009734682349939381,0.0,0.0,0.0,1.31,1.0072595281306715,496.82,5191.0,0.0
Ross 176 b,0.009734174154692686,0.3188835257211914,0.03940268205374382,0.0,1.84,0.7313974591651543,36.2,4041.0,0.25
HIP 41378 c,0.009734050530779354,0.3410100802569127,0.09948175455465755,0.0,2.74,0.29038112522686027,54.0,6290.0,0.044
Kepler-1370 c,0.009733162496692205,0.0,0.0,0.0,1.27,1.0471869328493648,503.722,6202.0,0.0
TOI-5789 b,0.00973189633001494,0.0,0.0,0.0,1.26,1.0562613430127044,360.2797,5185.0,0.0
Kepler-945 b,0.00973094558128709,0.0,0.0,0.0,2.63,0.4065335753176044,31.702,5718.0,0.0
Kepler-556 b,0.00972984274044948,0.0,0.0,0.0,2.24,0.5009074410163339,81.641,5740.0,0.0
K2-32 c,0.009725377925972008,0.3718618817514638,0.07226051183414403,0.0,3.134,0.2595281306715064,26.2,5271.0,0.049
TOI-1759 b,0.00972488795572134,0.0,0.0,3.2837668491724516e-34,3.14,0.3466424682395644,6.39,4065.0,0.0
Kepler-1274 b,0.00972456231899644,0.0,0.0,0.0,1.42,0.9056261343012705,975.81,6179.0,0.0
Kepler-1718 b,0.009722758720437114,0.0,0.0,9.370852937444435e-06,2.5685207,0.4192377495462795,3.7,5731.0,0.0
HIP 113103 c,0.009720991529308057,0.23186983287719318,0.06315114601697912,0.0,2.4,0.4573502722323049,180.487,4930.0,0.17
Kepler-743 b,0.009709247289995712,0.0,0.0,0.0,1.21,1.0816696914700545,397.252,5486.0,0.0
Kepler-166 b,0.009705502685554637,0.0,0.0,0.0,2.27,0.49183303085299457,77.543,5413.0,0.0
Kepler-158 c,0.009701208121917566,0.0,0.0,9.724935565657311e-39,1.9,0.6206896551724138,6.677,4623.0,0.0
TOI-1235 b,0.009697792070149838,0.38725882767407593,0.03822728001282058,0.0,1.69,1.3157894736842106,60.3,3997.0,0.049
Kepler-920 b,0.009696749790078436,0.0,0.0,0.0,2.42,0.4537205081669692,153.138,5403.0,0.0
Kepler-713 b,0.009695341306143818,0.0,0.0,0.0,2.48,0.43920145190562615,228.283,5785.0,0.0
Kepler-1990 c,0.00969146747821607,0.0,0.0,0.0,0.98,0.958257713248639,442.08,5751.0,0.0
Kepler-1896 b,0.009684036385283297,0.0,0.0,0.0,3.09935997,0.3284936479128857,19.5,6122.0,0.0
TOI-6303 b,0.009681952461891368,0.411961855263169,0.037693006357854865,1.0872965265370351e-262,11.59,1.6007259528130673,14.28,3977.0,0.02
Kepler-198 d,0.009681950714393652,0.0,0.0,0.0,1.53,0.823956442831216,1444.516,5636.0,0.0
K2-199 b,0.00968114585665419,0.38653267759468257,0.051423839290480805,0.0,1.73,1.3067150635208713,116.2,4491.0,0.02
Kepler-1552 b,0.009681099895704152,0.0,0.0,0.9810664283135114,2.47,0.44101633393829404,1.854,5202.0,0.0
Kepler-1167 b,0.009674403401525436,0.0,0.0,0.0,1.71,0.7114337568058077,1039.697,4971.0,0.0
Kepler-173 b,0.009671804940366034,0.0,0.0,0.0,1.29,1.0272232304900182,599.495,6031.0,0.0
HIP 41378 g,0.009670811244494645,0.4210825796082026,0.09948175455466014,0.0,2.5,0.43375680580762255,22.3,6290.0,0.055
Kepler-256 d,0.009670082116972423,0.0,0.0,0.0,2.48,0.43920145190562615,221.1,5551.0,0.0
Kepler-611 b,0.009667442951116476,0.0,0.0,0.0,1.65,0.7459165154264974,1825.301,5761.0,0.0
Kepler-1363 b,0.009666670714587239,0.0,0.0,0.0,1.25,1.0725952813067152,191.919,4839.0,0.0
Kepler-283 c,0.009663261293601493,0.0,0.0,0.969816637480068,1.82,0.6569872958257714,0.949,4351.0,0.0
Kepler-49 b,0.009659485713604254,0.0,0.0,0.0,2.579,0.5593667876588022,21.481,4095.6,0.0
Kepler-187 b,0.009659259387673064,0.0,0.0,0.0,1.41,0.9147005444646098,902.239,6105.0,0.0
Kepler-587 b,0.009658602950046622,0.0,0.0,0.0,2.23,0.5027223230490019,70.965,5549.0,0.0
Kepler-487 d,0.009657921710389811,0.0,0.0,0.0,2.77513568,0.3793103448275862,550.8,5422.0,0.0
Kepler-520 c,0.009653897381706144,0.0,0.0,0.0,1.07,1.0090744101633393,351.69,6112.0,0.0
Kepler-1136 b,0.009651989484811913,0.0,0.0,0.0,1.64,0.7531760435571688,150.055,4512.0,0.0
GJ 740 b,0.009650424902784773,0.28487361294913877,0.03598333066196211,0.0,1.53,0.823956442831216,79.0,3913.0,0.24
Kepler-1832 b,0.00964939283820018,0.0,0.0,0.0,1.22719556,1.0907441016333939,257.32,5242.0,0.0
Kepler-80 e,0.00964410762495691,0.33090163248166526,0.05273280974514468,0.0,1.6,0.6805807622504537,94.781,4540.0,0.0035
Kepler-363 d,0.009643356036514549,0.0,0.0,0.0,2.05,0.5626134301270418,203.761,5593.0,0.0
Kepler-113 b,0.009639007326458567,0.0,0.0,0.0,1.82,1.9473684210526316,105.333,4725.0,0.0
Kepler-912 b,0.00963495636769897,0.0,0.0,0.0,2.8,0.3756805807622504,519.95,5998.0,0.0
Kepler-96 b,0.009634690992773427,0.0,0.0,0.0,2.67,0.4101633393829401,57.524,5690.0,0.0
Kepler-1987 c,0.009633901421259547,0.0,0.0,0.0,1.33,0.987295825771325,129.44,4769.0,0.0
Kepler-842 b,0.009631556535475498,0.0,0.0,0.0,1.6,0.7767695099818512,588.95,4848.0,0.0
Kepler-1355 b,0.009627231098681317,0.0,0.0,0.0,1.46,0.8747731397459166,944.873,5352.0,0.0
Kepler-247 d,0.009627212386664079,0.0,0.0,0.0,3.94,0.23956442831215974,19.21,5100.0,0.0
Kepler-172 d,0.009620215480559198,0.0,0.0,0.0,2.25,0.4972776769509982,75.29,5526.0,0.0
Kepler-1320 b,0.009617638873303136,0.0,0.0,0.0,1.7,0.7168784029038113,672.113,4817.0,0.0
Kepler-1610 c,0.009611061526997785,0.0,0.0,1.4529698393582837e-70,2.09,0.5480943738656987,8.34,5295.0,0.0
Kepler-1938 b,0.009610849133726097,0.0,0.0,0.0,1.82828927,0.6533575317604357,18.25,4522.0,0.0
Kepler-252 c,0.009609016584370548,0.0,0.0,0.0,2.15,0.5281306715063522,20.507,4208.0,0.0
TOI-1824 b,0.009605616393340226,0.0,0.0,8.84900486985993e-278,2.7438269,0.7695099818511797,14.6287,5165.0,0.0
LP 791-18 b,0.009602121551379007,0.0,0.0,0.0,1.212,1.087114337568058,24.14,2960.0,0.0
Kepler-901 b,0.009600974256456285,0.0,0.0,0.0,1.37,0.9509981851179674,68.723,4184.0,0.0
Kepler-1095 b,0.009600273140559078,0.0,0.0,0.0,1.21,1.0816696914700545,356.54,5658.0,0.0
Kepler-652 b,0.009598841574073072,0.0,0.0,0.0,2.49,0.4373865698729583,211.884,5490.0,0.0
Kepler-1528 b,0.009597315769342325,0.0,0.0,0.0,1.46,0.8747731397459166,1106.851,5857.0,0.0
Kepler-1388 d,0.009594103508461575,0.0,0.0,8.708932139644464e-78,2.86,0.36479128856624315,8.66,4098.0,0.0
TOI-672 b,0.009588890963298033,0.0,0.0,0.0,5.31,0.3375680580762251,39.8,3810.0,0.0
HD 23472 d,0.009588583863228481,0.33540768296000295,0.0565795800609027,0.0,0.75,1.3611615245009074,117.0,4684.0,0.07
Kepler-267 c,0.009588092348867906,0.0,0.0,0.0,2.13,0.5353901996370236,17.583,4258.0,0.0
Kepler-1591 b,0.009585545689899812,0.0,0.0,0.0,1.27,1.0471869328493648,439.434,6082.0,0.0
Kepler-707 b,0.009584597214026698,0.0,0.0,0.0,1.33,0.987295825771325,336.673,5099.0,0.0
TOI-1751 b,0.009582954174023254,0.2120276104083159,0.09093337607521099,0.0,2.9507845,0.7495462794918331,192.521,5970.0,0.327
Kepler-411 b,0.009582718197754265,0.23837599958714936,0.0643265480579114,0.0,2.401,1.869328493647913,201.3,4974.0,0.146
Kepler-1429 b,0.009580310541307742,0.0,0.0,0.0,1.29,1.0272232304900182,551.156,5902.0,0.0
Kepler-393 b,0.00957688449119726,0.0,0.0,0.0,1.29,1.0272232304900182,429.813,6189.0,0.0
HATS-15 b,0.009570149466610015,0.10988835441555383,0.07332905914408008,0.0,12.385945,0.3575317604355717,2201.3363,5311.0,0.126
Kepler-299 b,0.00956994250046999,0.0,0.0,0.0,1.32,0.9981851179673321,622.067,5617.0,0.0
Kepler-484 b,0.00956853857072869,0.0,0.0,0.0,2.28,0.49001814882032674,90.629,5668.0,0.0
Kepler-1842 b,0.009568111822824086,0.0,0.0,0.0,2.35388681,0.47005444646098005,108.07,5970.0,0.0
HD 73583 c,0.00956795409203567,0.4833009063017193,0.05195811294544341,1.5461585065909935e-117,2.39,0.7041742286751361,10.2,4511.0,0.08
Kepler-197 b,0.009567763368014678,0.3321740903453185,0.09184164128865542,0.0,1.02,0.9782214156079855,431.256,6004.0,0.02
Kepler-1271 b,0.009564388724480163,0.0,0.0,0.0,1.48,0.8584392014519058,975.181,6143.0,0.0
Kepler-466 c,0.009558055577378884,0.0,0.0,0.0,1.25,1.0725952813067152,410.4,5927.0,0.0
Kepler-1248 b,0.00955681260610639,0.0,0.0,0.0,1.18,1.0689655172413792,271.25,6149.0,0.0
HD 35843 b,0.009554441907808731,0.0,0.0,0.0,2.29,0.4845735027223231,96.8492,5666.0,0.0
Kepler-183 c,0.009554105711506165,0.0,0.0,0.0,2.27,3.049001814882033,108.717,5888.0,0.0
Kepler-619 c,0.009553165925724057,0.0,0.0,0.0,1.69,0.7223230490018149,1652.907,5980.0,0.0
55 Cnc B b,0.009551362778035432,0.0,0.0,7.028032994803229e-08,1.69,0.7223230490018149,4.0271,3286.0,0.0
TOI-125 b,0.009551035827953552,0.2235254401277495,0.07356948228881495,0.0,2.726,0.4664246823956443,185.0,5320.0,0.194
KOI-7913 b,0.009545725394610172,0.0,0.0,4.982600096906484e-69,2.34,0.47368421052631576,8.27,4324.0,0.0
Kepler-753 b,0.00954143274476084,0.0,0.0,0.0,1.91,0.617059891107078,41.674,4346.0,0.0
Kepler-1833 b,0.009539350769535535,0.0,0.0,0.0,1.30027362,1.0163339382940109,439.2,6164.0,0.0
Kepler-132 b,0.009538974302052024,0.0,0.0,0.0,1.21,1.0816696914700545,284.8,6003.0,0.0
TOI-1648 b,0.009538267833682373,0.32938797346108023,0.06101405139711452,0.0,2.54,0.45190562613430135,27.4026,4850.0,0.178
Kepler-1639 b,0.009538073258329406,0.0,0.0,0.0,2.58,0.4174228675136116,187.848,6150.0,0.0
Kepler-374 d,0.009537491287187123,0.0,0.0,0.0,1.31,1.0072595281306715,548.099,5977.0,0.0
HIP 116454 b,0.009537335138088025,0.2971132304594725,0.06630336058127934,0.0,2.469,0.6406533575317604,51.2858,5048.0,0.215
Kepler-112 b,0.009534991639501752,0.0,0.0,0.0,2.36,0.4682395644283122,123.818,5544.0,0.0
Kepler-265 d,0.009534819062753197,0.0,0.0,0.0,2.49,0.4373865698729583,18.941,5835.0,0.0
Kepler-1726 b,0.009532769773439474,0.0,0.0,0.0,2.50861954,0.4319419237749546,24.0,5316.0,0.0
Kepler-1120 b,0.009528971925906238,0.0,0.0,0.0,1.38,0.9419237749546281,206.874,4904.0,0.0
Kepler-1729 b,0.009527821767833872,0.0,0.0,0.0,3.89404186,0.24319419237749548,29.68,3837.0,0.0
Kepler-1674 b,0.009527668974885595,0.0,0.0,1.8947794194973895e-46,3.2057749,0.3139745916515427,7.13,5473.91,0.0
Kepler-801 b,0.009525110774547877,0.0,0.0,1.167986902775637e-269,2.0,0.5807622504537205,14.442,4435.0,0.0
Kepler-1414 b,0.00952423401041971,0.0,0.0,0.0,1.23,1.0925589836660616,209.464,4951.0,0.0
Kepler-1206 b,0.009523257193149726,0.0,0.0,0.0,1.64,0.7531760435571688,588.021,4877.0,0.0
Kepler-150 b,0.009522666228951595,0.0,0.0,0.0,1.25,1.0725952813067152,367.262,5560.0,0.0
Kepler-932 b,0.009520426680659557,0.0,0.0,0.0,1.37,0.9509981851179674,562.217,5331.0,0.0
Kepler-248 c,0.009516656377209809,0.0,0.0,0.0,4.07,0.23049001814882034,22.459,5190.0,0.0
Kepler-1520 b,0.009516417825927924,0.0,0.0,0.0,5.77,0.14591651542649728,1134.386,4677.0,0.0
Kepler-1357 b,0.009511557928481358,0.0,0.0,0.0,1.28,1.0362976406533575,449.975,5597.0,0.0
Kepler-301 b,0.00950691486006303,0.0,0.0,0.0,1.35,0.9691470054446462,665.437,5815.0,0.0
K2-291 b,0.009503803830369655,0.0,0.0,0.0,1.589,1.6043557168784028,633.0,5520.0,0.0
Kepler-236 b,0.00949972216791087,0.0,0.0,1.5e-323,1.57,0.7967332123411978,15.632,3750.0,0.0
Kepler-1460 b,0.009498617115848876,0.0,0.0,1.2102987348635238e-21,1.96,0.5952813067150635,5.469,4422.0,0.0
Kepler-214 b,0.009496494095298734,0.0,0.0,0.0,2.61,0.4101633393829401,196.402,6169.0,0.0
Kepler-903 c,0.009496413201446983,0.0,0.0,0.0,2.53,0.426497277676951,24.791,5682.0,0.0
Kepler-295 b,0.009496049538828582,0.0,0.0,0.0,1.22,1.087114337568058,287.5,5603.0,0.0
Kepler-1388 c,0.009491751202802498,0.0,0.0,0.0,2.26,0.49546279491833034,51.044,4098.0,0.0
TOI-2095 b,0.009491608238407088,0.0,0.0,0.00023921050377371378,1.25,0.50114708480776,3.43,3759.0,0.0
Kepler-1392 b,0.009491338040576886,0.0,0.0,0.0,1.96,0.5952813067150635,61.42,5479.0,0.0
Kepler-292 b,0.009490865678791347,0.0,0.0,0.0,1.32,0.9981851179673321,394.301,5299.0,0.0
TOI-836 b,0.009488384379450022,0.3754558907153505,0.053053373938125425,0.0,1.704,0.911070780399274,78.838,4552.0,0.053
TOI-2498 b,0.009484297512028686,0.14329342030885736,0.08919698669656127,0.0,6.06,0.1560798548094374,790.4759,5905.0,0.089
Kepler-1756 b,0.009482990485750999,0.0,0.0,0.0,1.47199944,0.8656987295825771,338.4,4915.0,0.0
Kepler-882 b,0.00948096543954385,0.0,0.0,0.0,1.23,1.0925589836660616,259.029,5476.0,0.0
HD 13808 b,0.009478693370469625,0.33737891586225055,0.06595608270554724,0.0,3.35,0.29764065335753176,33.2278,5035.0,0.071
Kepler-975 b,0.009478470412572992,0.0,0.0,0.0,1.48,0.8584392014519058,328.698,4897.0,0.0
TOI-1011 b,0.009477559671110901,0.0,0.0,0.0,1.45,1.3212341197822142,575.597,5475.0,0.0
Kepler-194 b,0.009473397053333665,0.0,0.0,0.0,1.51,0.8366606170598911,953.173,6089.0,0.0
Kepler-1028 b,0.009468356043859063,0.0,0.0,0.0,1.33,0.987295825771325,519.636,5522.0,0.0
Kepler-256 b,0.009466611024893833,0.0,0.0,0.0,1.59,0.7822141560798548,1225.934,5551.0,0.0
Kepler-1856 b,0.009465645079896194,0.0,0.0,0.0,1.73447868,0.6987295825771326,772.73,4948.0,0.0
Kepler-1886 b,0.009463325244491982,0.0,0.0,0.0,2.58158428,0.41560798548094374,26.68,5745.0,0.0
Kepler-238 d,0.009459841133922106,0.0,0.0,0.0,3.07,0.5353901996370236,213.48,5751.0,0.0
Kepler-1640 b,0.009454871872534812,0.0,0.0,0.0,4.82,0.18511796733212343,537.4,6324.0,0.0
Kepler-575 b,0.009454292282879277,0.0,0.0,0.0,2.39,0.46098003629764067,141.987,5710.0,0.0
Kepler-1161 b,0.009452979492417773,0.0,0.0,0.0,2.13,0.5353901996370236,26.229,4253.0,0.0
Kepler-605 c,0.009452835968165079,0.0,0.0,0.0,0.86,0.8874773139745916,513.03,5462.0,0.0
HD 219134 b,0.009451763581391243,0.0,0.0,0.0,1.602,1.1506352087114338,176.2,4699.0,0.0
Kepler-282 d,0.00944765401092262,0.0,0.0,0.0,2.46,4.083484573502722,52.348,5656.0,0.0
Kepler-1215 b,0.009445881274280508,0.0,0.0,0.0,1.22,1.087114337568058,253.964,5616.0,0.0
Kepler-915 b,0.009439267400867046,0.0,0.0,0.0,1.5,0.8457350272232306,844.751,6173.0,0.0
Kepler-380 c,0.009436399969080526,0.0,0.0,0.0,1.27,1.0471869328493648,333.565,6045.0,0.0
Kepler-755 b,0.009435880087775878,0.0,0.0,0.0,1.76,0.6860254083484574,889.888,5043.0,0.0
Kepler-327 d,0.009435250244996165,0.0,0.0,5.036248579939788e-55,1.73,0.7005444646098004,7.59,3799.0,0.0
Kepler-181 b,0.009432716518285915,0.0,0.0,0.0,1.27,1.0471869328493648,255.584,5333.0,0.0
Kepler-1179 b,0.009431210069962278,0.0,0.0,0.0,1.32,0.9981851179673321,288.57,5212.0,0.0
Kepler-1773 b,0.009430739265478745,0.0,0.0,0.0,3.50469499,0.279491833030853,39.2,6183.0,0.0
Kepler-1311 b,0.009426964696264759,0.0,0.0,0.0,1.24,1.0834845735027223,296.92,5748.0,0.0
Kepler-1304 b,0.009426208107106024,0.0,0.0,0.0,2.29,0.48638838475499097,61.87,5259.0,0.0
Kepler-1105 b,0.009423631528804228,0.0,0.0,0.0,2.01,0.5771324863883848,47.18,4299.0,0.0
Kepler-1430 b,0.00942271337461453,0.0,0.0,0.0,1.18,1.0689655172413792,208.54,4796.0,0.0
Kepler-1909 b,0.009421614001725052,0.0,0.0,0.0,1.09217411,1.0181488203266789,266.01,4935.0,0.0
K2-284 b,0.009421100587423818,0.33005566821889576,0.04204733664582322,0.0,2.78,0.37749546279491836,42.6,4140.0,0.078
Kepler-415 c,0.009420785341074456,0.0,0.0,0.0,2.01,0.5771324863883848,26.237,4362.0,0.0
Kepler-603 d,0.009419960398686787,0.0,0.0,0.0,1.32,0.9981851179673321,497.4,5808.0,0.0
Kepler-1148 b,0.009417890079922712,0.0,0.0,0.0,1.69,0.7223230490018149,815.407,5054.0,0.0
Kepler-283 b,0.009417013881896797,0.0,0.0,0.0,2.13,0.5353901996370236,16.26,4351.0,0.0
Kepler-310 d,0.009416877120353877,0.0,0.0,1.5350720909333762e-05,2.47,0.5989110707803993,3.664,5797.0,0.0
Kepler-81 d,0.009414695937627508,0.0,0.0,1.9584741854228132e-53,1.21,1.0816696914700545,7.507,4500.0,0.0
Kepler-615 b,0.009414625479790025,0.0,0.0,0.0,1.74,0.6969147005444646,19.18,4655.0,0.0
Kepler-1388 b,0.009414534625285902,0.0,0.0,0.0,2.59,0.41379310344827586,17.674,4098.0,0.0
Kepler-584 b,0.009413838067169743,0.0,0.0,0.0,4.21,0.22141560798548096,76.339,6195.0,0.0
HD 32518 b,0.00941357434179584,0.23977586246919477,0.053801357055074474,0.0,13.2,0.3920145190562614,131.2791,4580.0,0.028
TOI-1728 b,0.009413395176191167,0.26965215406068105,0.03777314740609393,0.0,5.05,0.20689655172413793,57.78,3980.0,0.057
Kepler-793 b,0.009407895724355195,0.0,0.0,0.0,1.37,0.9509981851179674,617.407,5745.0,0.0
K2-66 b,0.009407613304769491,0.0,0.0,0.0,2.49,1.4156079854809438,840.0,5887.0,0.0
TOI-4311 c,0.009407549880800895,0.3359123679871854,0.06670406582250574,0.0,2.47,0.9600725952813067,33.8,5063.0,0.22
Kepler-237 b,0.009407460425356009,0.0,0.0,0.0,1.41,0.9147005444646098,124.961,4861.0,0.0
K2-266 e,0.009406329838468933,0.48790018165880483,0.04592082064432603,1.4296708753283648e-100,2.73,0.4010889292196007,9.581,4285.0,0.043
TOI-544 b,0.009405770221918332,0.0,0.0,0.0,2.018,0.3502722323049002,240.195,4169.0,0.0
Kepler-84 d,0.009401138476865821,0.0,0.0,0.0,1.38,0.9419237749546281,584.24,6031.0,0.0
Kepler-1848 b,0.009400207921535526,0.0,0.0,0.0,1.4088539,0.9165154264972777,94.3,4847.0,0.0
Kepler-280 b,0.0093979544872888,0.0,0.0,0.0,1.45,0.883847549909256,821.894,5744.0,0.0
Kepler-1522 b,0.009397711845726256,0.0,0.0,0.0,1.73,0.7005444646098004,1513.457,5706.0,0.0
Kepler-285 b,0.009395907195764337,0.0,0.0,0.0,1.34,0.9782214156079855,428.407,5411.0,0.0
Kepler-549 d,0.009389971041561258,0.0,0.0,0.0,4.2,0.22141560798548096,27.93,5312.0,0.0
Kepler-1250 b,0.009389691222622095,0.0,0.0,0.0,1.92,0.6134301270417423,1866.193,5717.0,0.0
Kepler-334 b,0.009389035925947328,0.0,0.0,0.0,1.12,1.0362976406533575,300.982,5828.0,0.0
Kepler-144 b,0.009385013303967295,0.0,0.0,0.0,1.33,0.987295825771325,426.719,6075.0,0.0
Kepler-1073 d,0.009382945090422883,0.0,0.0,0.0,1.48770949,0.8548094373865699,828.59,5509.0,0.0
Kepler-344 b,0.009382363609355559,0.0,0.0,0.0,2.61,0.4101633393829401,27.327,5774.0,0.0
Kepler-1365 b,0.009376920582994525,0.0,0.0,0.0,0.92,0.9237749546279492,456.25,5770.0,0.0
HIP 8152 b,0.009376107204678935,0.0,0.0,0.0,2.53625843,0.5390199637023594,88.9,5618.0,0.0
Kepler-1671 b,0.00937582278948335,0.0,0.0,0.0,1.32557381,0.9927404718693285,205.0,5135.55,0.0
GJ 9827 d,0.009374853861772552,0.0,0.0,0.0,1.98,0.455535390199637,34.9,4236.0,0.0
Kepler-162 b,0.009373364302927643,0.0,0.0,0.0,1.26,1.0617059891107077,305.946,5816.0,0.0
Kepler-197 c,0.009369715465707126,0.27776028999231156,0.09184164128866265,0.0,1.23,2.8493647912885662,189.965,6004.0,0.08
HD 156668 b,0.009366972913350292,0.0,0.0,0.0,1.87,0.633393829401089,679.2975,4850.0,0.0
Kepler-834 b,0.009364307132929956,0.0,0.0,4.1146368228580777e-169,2.02,0.573502722323049,11.845,4554.0,0.0
Kepler-26 e,0.00936403304897921,0.0,0.0,0.9803148706720477,2.41,0.455535390199637,1.753,4486.0,0.0
Kepler-1850 b,0.009357775206892757,0.0,0.0,0.0,0.72909663,0.8058076225045373,245.15,4239.0,0.0
Kepler-361 b,0.009356313500638177,0.0,0.0,0.0,1.45,0.883847549909256,411.905,6169.0,0.0
Kepler-1048 b,0.00935452164687892,0.0,0.0,0.0,1.61,0.7695099818511797,96.976,4651.0,0.0
Kepler-1461 b,0.009353912101141055,0.0,0.0,5.759980872080535e-83,2.03,0.5698729582577133,8.88,4919.0,0.0
Kepler-1834 b,0.009353012969398613,0.0,0.0,0.0,1.4593834,0.8765880217785844,105.2,4821.0,0.0
Kepler-240 b,0.00934995223101523,0.0,0.0,0.0,1.37,0.9509981851179674,142.736,4985.0,0.0
Kepler-1374 b,0.00934674027439676,0.0,0.0,0.0,2.29,0.48638838475499097,59.789,5323.0,0.0
HD 88986 b,0.009345476690774115,0.4417507211319145,0.0880215846556473,1.5746115270115204e-50,2.49,1.1070780399274047,7.3543,5861.0,0.24
HD 20781 c,0.00934332971465401,0.3492418128655559,0.07185980659292392,0.0,2.17,0.5208711433756806,48.6103,5256.0,0.09
GJ 486 b,0.009342748467182211,0.3088952088567415,0.02006197574397593,0.0,1.289,1.208711433756806,39.2,3317.0,0.00086
Kepler-418 c,0.009342058812483355,0.0,0.0,0.0,5.22108654,0.16606170598911071,107.6,5822.0,0.0
Kepler-968 c,0.009341227671102015,0.0,0.0,0.0,1.69,0.7223230490018149,58.15,4598.0,0.0
Kepler-224 b,0.00933922947052293,0.0,0.0,0.0,1.39,0.9328493647912885,201.489,5018.0,0.0
Kepler-914 b,0.009338903542170774,0.0,0.0,0.0,1.38,0.9419237749546281,568.378,5877.0,0.0
Kepler-911 b,0.009338265952994359,0.0,0.0,0.0,2.6,0.411978221415608,198.725,6112.0,0.0
Kepler-235 e,0.009337426927471713,0.0,0.0,0.9775188556601869,2.22,0.5063520871143375,1.33,4255.0,0.0
Kepler-777 b,0.009336403287290108,0.0,0.0,0.0,1.47,0.8656987295825771,33.953,4043.0,0.0
Kepler-1062 b,0.009336188279961622,0.0,0.0,0.0,1.76,0.6860254083484574,33.76,4597.0,0.0
Kepler-1096 b,0.009336029446465045,0.0,0.0,0.0,1.24,1.0834845735027223,124.866,4306.0,0.0
HD 15906 c,0.009334430321026765,0.455916902612918,0.058529678901521505,2.611208566974349e-225,2.93,0.35390199637023595,13.37,4757.0,0.04
Kepler-635 b,0.009332674856885534,0.0,0.0,0.0,2.64,0.4047186932849365,193.927,6174.0,0.0
Kepler-1859 b,0.009325974561520012,0.0,0.0,0.0,1.58313575,0.7858439201451906,1056.15,5887.0,0.0
Kepler-298 b,0.00932539312606658,0.0,0.0,0.0,1.96,0.5952813067150635,24.707,4465.0,0.0
Kepler-202 c,0.009325010876632362,0.0,0.0,0.0,1.85,0.6424682395644283,17.07,4668.0,0.0
TOI-1260 b,0.00932441986484017,0.0,0.0,0.0,2.41,0.6079854809437387,95.58,4227.0,0.0
Kepler-1766 b,0.009324126996294542,0.0,0.0,3.563625906744553e-59,2.27904508,0.49001814882032674,7.8,5868.0,0.0
Kepler-309 b,0.009323975113445536,0.0,0.0,0.0,1.56,0.8003629764065336,99.493,4713.0,0.0
Kepler-1802 c,0.009323374891739747,0.0,0.0,9.568709974061932e-07,2.322,0.47731397459165154,3.86,4245.0,0.0
Kepler-228 b,0.009323307531202486,0.0,0.0,0.0,1.53,0.823956442831216,863.776,6043.0,0.0
Kepler-1321 c,0.009322694469288566,0.0,0.0,0.0,2.4,0.4573502722323049,115.909,4094.0,0.0
Kepler-147 b,0.009320054617282802,0.0,0.0,0.0,1.53,0.823956442831216,224.61,6012.0,0.0
Kepler-1085 c,0.009318661444443922,0.0,0.0,1.4330243467341424e-167,3.26817741,0.30490018148820325,11.8,5816.0,0.0
TOI-1260 c,0.009317580230725663,0.0,0.0,0.0,2.76,0.6261343012704175,29.81,4227.0,0.0
Kepler-97 b,0.009317564336167412,0.0,0.0,0.0,1.48,0.987295825771325,767.964,5779.0,0.0
Kepler-385 c,0.009311666737546919,0.0,0.0,0.0,3.04,0.4682395644283122,83.155,6326.0,0.0
HD 28471 c,0.009311449253901826,0.2483078566507819,0.0854837847945557,0.0,2.26,0.4936479128856625,272.8024,5766.0,0.088
Kepler-1709 b,0.00931122458989032,0.0,0.0,3.49447649865302e-164,3.12424875,0.32486388384754994,11.7,5918.0,0.0
Kepler-1086 b,0.009311121840786704,0.0,0.0,1.0201960332386176e-89,2.44,0.4482758620689656,9.157,4350.0,0.0
Kepler-382 b,0.009309815240321371,0.0,0.0,0.0,1.32,0.9981851179673321,381.465,5600.0,0.0
Kepler-928 b,0.009308208682012743,0.0,0.0,0.0,1.59,0.7822141560798548,111.11,4700.0,0.0
KOI-351 b,0.00930782007333728,0.0,0.0,0.0,1.31,1.0072595281306715,316.442,6080.0,0.0
Kepler-1124 b,0.009305558426705454,0.0,0.0,0.0,1.28,1.0362976406533575,50.777,3658.0,0.0
Kepler-1324 b,0.009303399141833337,0.0,0.0,0.0,1.51,0.8366606170598911,98.414,4776.0,0.0
Kepler-1894 c,0.00930316900203403,0.0,0.0,0.0,1.21,1.0816696914700545,243.06,5772.0,0.0
Kepler-202 b,0.009302797080393613,0.0,0.0,0.0,1.63,0.7568058076225046,108.504,4668.0,0.0
Kepler-132 c,0.009302323440556405,0.0,0.0,0.0,1.28,1.0362976406533575,271.0,6003.0,0.0
Kepler-220 c,0.009297896939737677,0.0,0.0,0.0,1.57,0.7967332123411978,37.321,4632.0,0.0
Kepler-1194 b,0.0092971974026378,0.0,0.0,0.0,1.51,0.8366606170598911,49.35,5590.0,0.0
Kepler-875 b,0.009289449813577716,0.0,0.0,0.0,2.9,0.3575317604355717,41.431,5958.0,0.0
Kepler-898 b,0.009289441010430381,0.0,0.0,0.0,1.49,0.852994555353902,37.11,4223.0,0.0
Kepler-1753 b,0.009287820321308086,0.0,0.0,0.0,2.22678077,0.5045372050816697,27.41,5180.0,0.0
Kepler-902 b,0.009287502891163596,0.0,0.0,0.0,2.54,0.4246823956442831,24.875,5647.0,0.0
Kepler-1631 b,0.00928568724753075,0.0,0.0,0.0,1.35,0.9691470054446462,446.918,5679.0,0.0
Kepler-831 b,0.009285090237483636,0.0,0.0,0.0,1.27,1.0471869328493648,266.249,5732.0,0.0
Kepler-496 b,0.009281488171290351,0.0,0.0,0.0,2.32,0.4791288566243195,62.926,5293.0,0.0
Kepler-356 b,0.009280117533451468,0.0,0.0,0.0,1.57,0.7967332123411978,844.979,6133.0,0.0
Kepler-1957 b,0.009279729304962354,0.0,0.0,0.0,0.94374867,0.9364791288566244,345.07,4904.0,0.0
Kepler-1149 b,0.00927159574208728,0.0,0.0,0.0,1.44,0.8911070780399275,653.831,5833.0,0.0
Kepler-314 b,0.00927117331477136,0.0,0.0,0.0,0.83,0.869328493647913,488.674,5378.0,0.0
Kepler-716 c,0.009269364756736596,0.0,0.0,0.0,1.39281536,0.9292196007259529,151.8,5012.0,0.0
Kepler-866 b,0.009268050133165118,0.0,0.0,0.0,1.63,0.7568058076225046,196.127,4751.0,0.0
Kepler-1034 b,0.00926622204137355,0.0,0.0,0.0,2.26,0.49546279491833034,36.787,5198.0,0.0
Kepler-1574 b,0.009265552266706348,0.0,0.0,0.0,1.29,1.0272232304900182,289.778,5892.0,0.0
Kepler-763 c,0.009264897642851417,0.0,0.0,0.0,1.42,0.9056261343012705,182.9,4999.0,0.0
GJ 251 b,0.009261814373404405,0.0,0.0,0.5603653818706215,1.79,0.6696914700544465,2.37,3342.0,0.0
KOI-351 d,0.009260533861225146,0.0,0.0,0.0,2.87,0.3629764065335753,18.168,6080.0,0.0
Kepler-373 b,0.00925863408505324,0.0,0.0,0.0,1.36,0.9600725952813067,453.872,5787.0,0.0
K2-38 c,0.009256133655324955,0.27505881654717906,0.0845488058983671,0.0,2.29,0.6896551724137931,117.0,5731.0,0.161
Kepler-1145 b,0.009252757870148284,0.0,0.0,0.0,1.4,0.9237749546279492,198.43,5064.0,0.0
Kepler-730 c,0.009248040685712208,0.0,0.0,0.0,1.56926,0.7967332123411978,903.77,5620.0,0.0
Kepler-1813 b,0.009245989357776908,0.0,0.0,0.0,1.413,0.912885662431942,298.2,5167.0,0.0
Kepler-1334 b,0.009242152218696733,0.0,0.0,0.0,2.29,0.48638838475499097,78.355,5614.0,0.0
TOI-1203 b,0.00924121853591995,0.2559337785327684,0.08470908799486022,0.0,1.52,0.9945553539019965,572.2,5737.0,0.067
Kepler-130 c,0.009239203230689157,0.0,0.0,0.0,2.9,0.3575317604355717,46.011,5879.0,0.0
Kepler-20 b,0.009238213058704904,0.2535929037616921,0.07824437676977512,0.0,1.773,1.705989110707804,331.0,5495.0,0.083
Kepler-1899 b,0.009230079276119258,0.0,0.0,0.0,1.55098292,0.8076225045372052,124.3,4791.0,0.0
K2-111 b,0.009228164303703351,0.22750813965207867,0.08572420793929496,0.0,1.837,0.9193029038112523,490.0,5775.0,0.134
TOI-532 b,0.00922686658194386,0.0,0.0,0.0,5.82,0.3121597096188748,94.1,3927.0,0.0
TOI-1062 b,0.00922672109184243,0.24108891944459984,0.07378319175080514,0.0,2.265,0.8802177858439201,232.0,5328.0,0.177
CoRoT-29 b,0.009225332284393664,0.15502825263770884,0.07196666132391447,0.0,10.0881,0.2631578947368421,540.3673,5260.0,0.082
TOI-431 c,0.009224790521859327,0.0,0.0,0.0,1.49,0.852994555353902,100.6717,4850.0,0.0
Kepler-188 b,0.009222956710707587,0.0,0.0,0.0,1.68,0.7277676950998185,1069.235,6021.0,0.0
Kepler-1378 b,0.009221062295427195,0.0,0.0,2.4176930402960683e-288,2.2,0.5136116152450091,14.867,4407.0,0.0
Kepler-1335 b,0.009213398524300241,0.0,0.0,0.0,1.45,0.883847549909256,80.741,4903.0,0.0
Kepler-1030 b,0.00921080958912951,0.0,0.0,0.0,2.48,0.43920145190562615,16.881,4983.0,0.0
Kepler-822 b,0.009200708228017444,0.0,0.0,0.0,1.77,0.6805807622504537,535.188,5928.0,0.0
Kepler-316 b,0.009200312419119522,0.0,0.0,0.0,1.06,1.0054446460980038,164.776,4204.0,0.0
Kepler-1933 b,0.009198009375299344,0.0,0.0,0.0,1.17984089,1.0689655172413792,250.5,5661.0,0.0
Kepler-393 c,0.009196940141905724,0.0,0.0,0.0,1.33,0.987295825771325,231.213,6189.0,0.0
K2-138 b,0.009196428109449517,0.2734899439671056,0.07453918897258238,0.0,1.51,0.8892921960072596,486.0,5356.3,0.048
Kepler-256 e,0.009191066563021532,0.0,0.0,0.0,2.35,0.47005444646098005,98.9,5551.0,0.0
Kepler-825 b,0.009187555007353524,0.0,0.0,0.0,1.53,0.823956442831216,734.464,5976.0,0.0
Kepler-140 b,0.00918539324210257,0.0,0.0,0.0,1.61,0.7695099818511797,848.695,6077.0,0.0
Kepler-102 d,0.009177739087769182,0.3932344524168542,0.0625901586792713,0.0,1.154,1.9419237749546279,36.9,4909.0,0.092
TOI-1472 c,0.009177631865887416,0.31879598782886526,0.06769247208418998,0.0,3.334,0.5698729582577133,32.7735,5100.0,0.172
Kepler-170 c,0.009176390015847415,0.0,0.0,0.0,2.86,0.36479128856624315,50.682,5679.0,0.0
Kepler-574 b,0.009175941719589896,0.0,0.0,0.0,2.39,0.46098003629764067,120.47,5612.0,0.0
Kepler-235 b,0.00917194883099458,0.0,0.0,0.0,2.23,0.5027223230490019,44.0,4255.0,0.0
Kepler-1809 b,0.009170940684637995,0.0,0.0,0.0,1.513,0.8348457350272231,158.2,4901.0,0.0
KOI-351 c,0.009170295696076022,0.0,0.0,0.0,1.19,1.0707803992740472,236.315,6080.0,0.0
Kepler-923 b,0.009168365281638408,0.0,0.0,0.0,1.38,0.9419237749546281,390.636,5988.0,0.0
Kepler-1723 b,0.009165241686086557,0.0,0.0,0.0,2.88046569,0.36116152450090744,24.54,6072.0,0.0
Kepler-1943 b,0.00916387948884858,0.0,0.0,0.0,1.54869189,0.8112522686025408,724.2,6032.0,0.0
Kepler-1830 b,0.009162181761717196,0.0,0.0,0.0,3.32992941,0.29945553539019965,35.8,6160.0,0.0
Kepler-190 b,0.0091615478056318,0.0,0.0,0.0,1.56,0.8003629764065336,417.238,5106.0,0.0
Kepler-823 b,0.009158820379370807,0.0,0.0,0.0,1.57,0.7967332123411978,803.353,5643.0,0.0
Kepler-1557 b,0.009157709668334924,0.0,0.0,0.0,1.53,0.823956442831216,645.543,6099.0,0.0
HD 152843 b,0.009157570176188496,0.2495707182049961,0.10001602820962596,0.0,3.05,0.3448275862068966,265.4,6310.0,0.046
Kepler-1012 b,0.009155378111991134,0.0,0.0,0.0,1.29,1.0272232304900182,191.811,5556.0,0.0
Kepler-275 d,0.009155030258292743,0.0,0.0,0.0,3.33,0.29945553539019965,50.7,6165.0,0.0
EPIC 229004835 b,0.00915261228475244,0.28992388608512926,0.08820858043488462,0.0,2.332,0.8148820326678766,69.7,5868.0,0.23
Kepler-760 c,0.00914974777709016,0.0,0.0,0.0,1.48,0.8584392014519058,453.648,5322.0,0.0
Kepler-1467 b,0.009148467854742125,0.0,0.0,1.4957393383357052e-61,3.3,0.30308529945553536,7.917,5332.0,0.0
Kepler-286 c,0.009142752010368727,0.0,0.0,0.0,1.37,0.9509981851179674,353.0,5580.0,0.0
Kepler-1880 b,0.009141364765571229,0.0,0.0,0.0,2.11686218,0.5390199637023594,31.73,4380.0,0.0
Kepler-184 d,0.009140934052974056,0.0,0.0,0.0,2.49,0.4373865698729583,18.557,5788.0,0.0
CoRoT-30 b,0.009136740144834132,0.276593383444962,0.08238499759575438,0.0,11.309881,0.6261343012704175,89.2872,5650.0,0.007
Kepler-231 b,0.009136593392050994,0.0,0.0,7.183042385018899e-289,1.73,2.50453720508167,14.879,3767.0,0.0
Kepler-1216 b,0.009136422973916425,0.0,0.0,0.0,1.39,0.9328493647912885,415.553,5743.0,0.0
Kepler-461 b,0.009135373218135852,0.0,0.0,0.0,2.58,0.4174228675136116,254.906,5634.0,0.0
Kepler-1542 d,0.009132494079583319,0.0,0.0,0.0,0.87,0.8929219600725953,297.806,5564.0,0.0
TOI-1260 d,0.009129175806240524,0.0,0.0,5.557923990244172e-121,3.12,0.3883847549909256,10.32,4227.0,0.0
Kepler-1623 b,0.009128798811892484,0.0,0.0,0.0,1.31,1.0072595281306715,243.08,5772.0,0.0
Kepler-773 b,0.009128577892024575,0.0,0.0,0.0,1.43,0.8965517241379312,490.707,5850.0,0.0
Kepler-1282 b,0.009126908883836014,0.0,0.0,0.0,1.55,0.809437386569873,672.532,5504.0,0.0
EPIC 249893012 b,0.009126649128975158,0.21957637558129756,0.07650798739113396,0.0,1.95,1.159709618874773,1037.0,5430.0,0.06
Kepler-876 b,0.009122313910348607,0.0,0.0,0.0,1.43,0.8965517241379312,152.746,5060.0,0.0
GJ 3988 b,0.009120690941823507,0.0,0.0,0.43062701470666537,1.74,0.6987295825771326,2.45,3273.0,0.0
Kepler-481 b,0.009119725064359416,0.0,0.0,0.0,2.5,0.43375680580762255,183.842,5802.0,0.0
Kepler-1827 b,0.009118678638081017,0.0,0.0,0.0,1.85644292,0.6388384754990926,1113.4,5423.0,0.0
Kepler-128 b,0.009117856846177965,0.0,0.0,0.0,1.421,1.3108597096188748,227.398,6072.0,0.0
Kepler-537 b,0.00911777105139469,0.0,0.0,0.0,1.41,0.9147005444646098,442.522,5763.0,0.0
Kepler-81 b,0.009117551310879893,0.0,0.0,0.0,2.42,1.2105263157894737,39.95,4385.0,0.0
KPS-1 b,0.009116632510851565,0.0,0.0,0.0,11.54527,0.23774954627949185,729.0,5165.0,0.0
K2-263 b,0.009110096195722703,0.5273657456736844,0.07485173906073624,7.36098958103454e-67,2.513,1.0254725952813069,8.17,5368.0,0.08
Kepler-1905 b,0.009108207450079342,0.0,0.0,0.0,1.4460734,0.8874773139745916,508.75,5788.0,0.0
HATS-61 b,0.009107552958101986,0.1690194915553199,0.07949991985893702,0.0,13.394755,0.4482758620689656,374.2,5542.0,0.092
Kepler-1587 b,0.009107405799403253,0.0,0.0,0.0,1.33,0.987295825771325,254.701,5933.0,0.0
Kepler-1290 b,0.009106289870520333,0.0,0.0,0.0,1.42,0.9056261343012705,443.221,5660.0,0.0
K2-266 d,0.00910533777780296,0.43934760565976294,0.045920820644325844,8.338075653525238e-249,2.93,0.3684210526315789,13.95,4285.0,0.047
Kepler-267 d,0.009101919586092636,0.0,0.0,0.1833441844572851,2.27,0.49183303085299457,2.647,4258.0,0.0
Kepler-1032 b,0.009100722551706523,0.0,0.0,0.0,1.87,0.6352087114337568,176.144,4647.0,0.0
Kepler-1506 b,0.00909783852065493,0.0,0.0,0.0,1.32,0.9981851179673321,235.807,5676.0,0.0
Kepler-93 b,0.009097695906779155,0.0,0.0,0.0,1.478,1.4392014519056262,275.0,5669.0,0.0
Kepler-1614 b,0.009097617483550879,0.0,0.0,0.0,1.49,0.852994555353902,276.373,5121.0,0.0
Kepler-1245 c,0.0090970831732498,0.0,0.0,0.0,1.44,0.8911070780399275,328.984,5306.0,0.0
TOI-836.01,0.009094648152149934,0.38923118200934825,0.053053373938122976,0.0,2.587,0.5553539019963702,26.707,4552.0,0.078
Kepler-1433 b,0.009093651115006124,0.0,0.0,0.0,1.56,0.8003629764065336,535.42,6097.0,0.0
Kepler-213 b,0.009090604928850932,0.0,0.0,0.0,1.62,0.764065335753176,833.469,5696.0,0.0
Kepler-497 b,0.009087000791977365,0.0,0.0,0.0,6.04,0.13756805807622505,1129.272,5834.0,0.0
K2-81 b,0.009085223931328292,0.36066629111466697,0.056315916012173124,0.0,1.97,0.5916515426497277,62.9,4674.13,0.06
HD 15906 b,0.00908359187244859,0.35634994681715737,0.05852967890152349,0.0,2.24,0.5009074410163339,33.14,4757.0,0.11
Kepler-431 d,0.009082268080761177,0.0,0.0,0.0,1.11,1.029038112522686,272.838,6004.0,0.0
Kepler-354 b,0.00907296108654592,0.0,0.0,0.0,1.84,0.6460980036297641,64.845,4648.0,0.0
Kepler-208 c,0.009071741677085448,0.0,0.0,0.0,1.39,0.9328493647912885,300.165,6092.0,0.0
Kepler-155 c,0.009070612063821499,0.0,0.0,0.9778747462857434,2.24,0.5009074410163339,1.28,4508.0,0.0
TOI-540 b,0.009068125122923888,0.0,0.0,0.0,0.903,0.912885662431942,23.4,3216.0,0.0
Kepler-251 b,0.00906781237402062,0.0,0.0,0.0,1.33,0.987295825771325,203.169,5526.0,0.0
Kepler-351 c,0.00906494326867472,0.0,0.0,2.6617236280582028e-39,3.19,0.3411978221415608,6.712,5643.0,0.0
HD 48948 b,0.009064739817952873,0.3077358261263383,0.05414863493080377,0.0,2.06,0.5571687840290381,138.85,4593.0,0.055
Kepler-1257 b,0.009059747230636902,0.0,0.0,0.0,1.52,0.8294010889292197,546.908,5502.0,0.0
Kepler-143 b,0.009057360152022144,0.0,0.0,0.0,2.41,0.455535390199637,118.334,5848.0,0.0
Kepler-204 b,0.009055685429310727,0.0,0.0,0.0,2.53,0.426497277676951,79.703,5812.0,0.0
Kepler-1465 b,0.009054184227643449,0.0,0.0,4.6490963021391405e-32,1.77,0.6805807622504537,6.246,4726.0,0.0
Kepler-656 b,0.009052670583709965,0.0,0.0,0.0,3.12,0.32486388384754994,924.374,5281.0,0.0
Kepler-1065 c,0.009049931594698619,0.0,0.0,0.0,1.6,0.7767695099818512,734.619,5635.0,0.0
Kepler-616 d,0.009045996308648269,0.0,0.0,1.7548392870403792e-280,2.653,0.4010889292196007,14.69,6004.0,0.0
Kepler-218 b,0.009045766120952745,0.0,0.0,0.0,1.48,0.8584392014519058,460.656,5502.0,0.0
Kepler-397 b,0.00904556782203378,0.0,0.0,0.0,2.46,0.4428312159709619,20.01,5307.0,0.0
Kepler-190 c,0.009042933759789762,0.0,0.0,0.0,1.46,0.8747731397459166,181.699,5106.0,0.0
Kepler-164 b,0.009041387793295996,0.0,0.0,0.0,1.41,0.9147005444646098,370.922,5888.0,0.0
Kepler-306 b,0.009039967227400848,0.0,0.0,0.0,1.52,0.8294010889292197,127.255,4954.0,0.0
Kepler-235 d,0.009039187952707708,0.0,0.0,6.762798254380271e-08,2.05,0.5626134301270418,4.03,4255.0,0.0
KOBE-1 b,0.009038702302514676,0.0,0.0,0.0,2.91,0.35571687840290384,20.56,4135.0,0.0
Kepler-144 c,0.009038304273501222,0.0,0.0,0.0,1.35,0.9691470054446462,207.247,6075.0,0.0
Kepler-1491 c,0.009037115912281074,0.0,0.0,0.0,2.44,0.4482758620689656,18.66,5626.0,0.0
Kepler-111 b,0.009036886913493861,0.0,0.0,0.0,1.58,0.7894736842105263,677.503,5952.0,0.0
Kepler-1786 b,0.009032993503657005,0.0,0.0,3.217256081663597e-132,3.16305828,0.3176043557168784,10.7,5808.0,0.0
Kepler-567 b,0.009031468987912687,0.0,0.0,0.0,2.25,0.4972776769509982,26.137,5148.0,0.0
Kepler-845 b,0.009031092353145597,0.0,0.0,0.0,2.04,0.5662431941923776,772.498,4913.0,0.0
Kepler-1806 b,0.009030168341551351,0.0,0.0,0.0,2.35560189,0.47005444646098005,66.89,5311.0,0.0
HD 110113 b,0.009026293400340477,0.20616037602273307,0.08457551958111464,0.0,2.05,0.5263157894736842,735.49,5732.0,0.093
Kepler-1964 b,0.00902509073258297,0.0,0.0,0.0,1.7810587,0.676950998185118,223.8,4803.0,0.0
TOI-1117 b,0.009024178216733039,0.0,0.0,0.0,2.46,0.5989110707803993,928.0,5635.0,0.0
Kepler-155 b,0.009023397235715477,0.0,0.0,0.0,2.09,0.5480943738656987,23.5,4508.0,0.0
Kepler-1694 b,0.009022757138957577,0.0,0.0,0.0,1.17986031,1.0689655172413792,197.66,4954.0,0.0
Kepler-1296 b,0.0090217195217864,0.0,0.0,0.0,0.91,0.9165154264972777,399.015,5359.0,0.0
HD 15337 b,0.009019074822583465,0.2678623768425074,0.06852059624939225,0.0,1.77,1.1720508166969148,404.5595,5131.0,0.058
Kepler-321 c,0.009017350171643498,0.0,0.0,0.0,2.32,0.4791288566243195,80.103,5740.0,0.0
Kepler-1431 b,0.009012508716671048,0.0,0.0,0.0,1.47,0.8656987295825771,469.819,5806.0,0.0
TOI-776 b,0.009010801962412667,0.5268415536730878,0.030961158305281563,1.6302144984473376e-157,1.798,0.8711433756805808,11.5,3725.0,0.052
Kepler-301 c,0.009010027822728856,0.0,0.0,0.0,1.35,0.9691470054446462,238.481,5815.0,0.0
Kepler-186 e,0.009008460304246107,0.0,0.0,3.064328124198581e-05,1.27,1.0471869328493648,3.608,3788.0,0.0
K2-38 b,0.009007951488943785,0.20733830122431607,0.0845488058983749,0.0,1.54,1.9963702359346642,426.0,5731.0,0.197
Kepler-1977 b,0.009005956448080258,0.0,0.0,0.0,1.66,0.7386569872958259,95.61,4805.0,0.0
Kepler-286 d,0.009003909746527245,0.0,0.0,0.0,1.33,0.987295825771325,173.9,5580.0,0.0
Kepler-1846 b,0.009003061593966428,0.0,0.0,0.0,1.76378826,0.6842105263157895,24.5,4825.0,0.0
Kepler-1254 c,0.009001364502349186,0.0,0.0,0.0,1.3,1.0163339382940109,132.391,4985.0,0.0
Kepler-1337 b,0.008999165500545546,0.0,0.0,2.2952021149382646e-90,2.41,0.455535390199637,9.183,4523.0,0.0
TOI-1279 b,0.008997096088280117,0.0,0.0,0.0,2.66146528,0.5535390199637024,74.7359,5457.0,0.0
Kepler-158 b,0.00899621659780057,0.0,0.0,7.284677856303838e-236,2.12,0.5372050816696915,13.634,4623.0,0.0
Kepler-230 c,0.00899347973353704,0.0,0.0,0.021576787134503984,2.04,0.5662431941923776,2.976,5588.0,0.0
Kepler-638 b,0.008992584374819356,0.0,0.0,0.0,1.83,0.6533575317604357,872.567,5382.0,0.0
Kepler-416 c,0.00899211431544897,0.0,0.0,0.0,2.352,0.47005444646098005,93.072,5718.0,0.0
Kepler-1885 b,0.008990466579400714,0.0,0.0,0.0,1.51110555,0.8348457350272231,499.07,5591.0,0.0
Kepler-142 b,0.008990094810518023,0.0,0.0,0.0,1.99,0.5843920145190563,1247.908,5790.0,0.0
Kepler-115 c,0.0089884881079279,0.0,0.0,0.0,2.6,0.411978221415608,209.101,5979.0,0.0
Kepler-727 b,0.008987202749769422,0.0,0.0,0.0,2.53,0.426497277676951,176.685,5441.0,0.0
Kepler-1888 b,0.008984673866322228,0.0,0.0,0.0,1.32578716,0.9927404718693285,145.67,5557.0,0.0
HD 95338 b,0.008983876644874857,0.40631193011761135,0.06761233103594567,9.288379076396691e-52,4.27174254,0.7223230490018149,7.42,5097.0,0.197
Kepler-1174 b,0.008981929145731685,0.0,0.0,0.0,1.59,0.7822141560798548,641.814,5936.0,0.0
Kepler-1488 c,0.008978413645036952,0.0,0.0,0.0,1.65156749,0.7459165154264974,760.6,5710.0,0.0
Kepler-605 b,0.008976812767648949,0.0,0.0,0.0,1.44,0.8911070780399275,316.718,5462.0,0.0
K2-55 b,0.008976585859611157,0.25816582190106224,0.04632152588555225,0.0,4.43,0.5081669691470054,141.3,4300.0,0.07
Kepler-402 d,0.008976200562104733,0.0,0.0,0.0,1.38,0.9419237749546281,214.277,6090.0,0.0
Kepler-1471 b,0.008970160276674502,0.0,0.0,0.0,1.41,0.9147005444646098,314.233,5660.0,0.0
Kepler-1038 c,0.008970102626423641,0.0,0.0,0.0,1.4162338,0.9092558983666061,89.24,5159.0,0.0
K2-136 c,0.008965663947185357,0.49097190890711434,0.051664262435211994,2.4789300345637117e-171,3.0,0.6696914700544465,11.91,4500.0,0.047
Kepler-1405 b,0.008963648202170105,0.0,0.0,0.0,3.96,0.23956442831215974,33.802,5925.0,0.0
Kepler-1968 b,0.008962027907132563,0.0,0.0,0.0,1.50004034,0.8457350272232306,72.16,5008.0,0.0
Kepler-154 e,0.008961444530332097,0.0,0.0,0.0,1.5,0.8457350272232306,480.405,5769.0,0.0
Kepler-741 b,0.008961271845719133,0.0,0.0,0.0,2.97,0.3466424682395644,461.993,6129.0,0.0
TOI-4600 c,0.008958874015918088,0.25060663992651216,0.06956242987657316,0.0,9.42,0.841455449962456,48.3867,5170.0,0.21
Kepler-249 c,0.008958529017718826,0.0,0.0,2.508075413485967e-193,1.51,0.8366606170598911,12.529,3568.0,0.0
Kepler-616 b,0.00895542833713391,0.0,0.0,0.0,2.43,0.4500907441016334,129.18,5753.0,0.0
Kepler-1912 b,0.008954247167123062,0.0,0.0,0.0,1.35670508,0.9618874773139746,201.8,5734.0,0.0
Kepler-1153 b,0.008953765437612842,0.0,0.0,0.0,1.73,0.7005444646098004,761.808,5470.0,0.0
Kepler-551 b,0.008947852274221282,0.0,0.0,3.0710133740792513e-267,2.73,0.38656987295825773,14.386,4286.0,0.0
Kepler-1455 b,0.0089465445408935,0.0,0.0,0.976697486385851,2.16,0.5263157894736842,1.533,4075.0,0.0
Kepler-1859 c,0.008945973901463553,0.0,0.0,0.0,1.66,0.7386569872958259,732.82,5887.0,0.0
Kepler-1865 b,0.008945298159936176,0.0,0.0,0.0,1.57686072,0.7912885662431943,495.14,5420.0,0.0
Kepler-848 b,0.008942880100407688,0.0,0.0,0.0,1.7,0.7168784029038113,794.778,5695.0,0.0
Kepler-166 d,0.008929575904826502,0.0,0.0,0.0,1.73,0.7005444646098004,651.409,5350.0,0.0
Kepler-141 c,0.00892709928146137,0.0,0.0,0.0,1.41,0.9147005444646098,77.412,4910.0,0.0
Kepler-1745 b,0.008922881266002651,0.0,0.0,0.0,1.92872921,0.6079854809437387,1044.49,5611.0,0.0
Kepler-1165 b,0.00892195424407058,0.0,0.0,0.0,1.55,0.809437386569873,464.773,6080.0,0.0
Kepler-708 b,0.008920389480696364,0.0,0.0,0.0,2.93,0.35390199637023595,684.765,5692.0,0.0
Kepler-292 c,0.008919569841933667,0.0,0.0,0.0,1.47,0.8656987295825771,242.416,5299.0,0.0
Kepler-1196 b,0.008917053852770461,0.0,0.0,9.949227383864917e-70,2.23,0.5027223230490019,8.302,5756.0,0.0
Kepler-1901 b,0.008914616603518477,0.0,0.0,0.0,1.47418907,0.8620689655172414,389.41,5696.0,0.0
Kepler-1245 b,0.008911071747592541,0.0,0.0,0.0,1.44,0.8911070780399275,194.344,5306.0,0.0
HD 73583 b,0.008909294321372628,0.3342304299456618,0.05195811294544225,0.0,2.79,0.4682395644283122,43.3,4511.0,0.09
Kepler-127 d,0.008908351879663443,0.42299765523230637,0.09456643692897354,0.0,2.64,0.4047186932849365,31.519,6106.0,0.03
Kepler-38 b,0.00890572121907945,0.44632975400470665,0.08166372816154575,2.743733960597689e-270,4.3,0.36632440647762904,14.4568,5623.0,0.032
KOI-1833 d,0.00890570351574804,0.0,0.0,0.0,2.58,0.8166969147005445,27.35,4413.0,0.0
Kepler-1951 b,0.008902375416661664,0.0,0.0,0.0,2.32107188,0.4791288566243195,66.27,5468.0,0.0
TOI-564 b,0.008888216634281177,0.1317075491119724,0.08211786076826834,0.0,11.43318,0.308529945553539,1423.0,5640.0,0.072
Kepler-1386 b,0.008886616395449739,0.0,0.0,0.0,1.24,1.0834845735027223,196.533,5733.0,0.0
Kepler-1760 b,0.00888552644678285,0.0,0.0,1.8691261188361045e-194,2.28995546,0.48638838475499097,12.56,5229.0,0.0
Kepler-598 b,0.008883570681455805,0.0,0.0,0.0,1.5,0.8457350272232306,265.407,5307.0,0.0
Kepler-416 d,0.008882642452520776,0.0,0.0,0.0,1.61,0.7695099818511797,583.25,5670.0,0.0
Kepler-1004 b,0.008881888815477993,0.0,0.0,0.0,6.28,0.1308529945553539,1610.087,4972.0,0.0
Kepler-1343 b,0.008878485071221243,0.0,0.0,0.0,1.93,0.6079854809437387,1021.904,5759.0,0.0
Kepler-1761 b,0.008876078574931803,0.0,0.0,0.0,1.39109603,0.9292196007259529,33.34,3871.0,0.0
Kepler-935 b,0.008874751968580428,0.0,0.0,0.0,1.35,0.9691470054446462,94.607,4830.0,0.0
Kepler-465 b,0.008872528306209541,0.0,0.0,0.0,2.95,0.3502722323049002,227.82,6310.0,0.0
Kepler-148 b,0.008871804717409084,0.0,0.0,0.0,1.8,0.6660617059891107,609.017,5272.0,0.0
Kepler-1329 b,0.008871351190314045,0.0,0.0,0.0,2.17,0.5226860254083484,26.645,4500.0,0.0
Kepler-222 d,0.008870536488098593,0.0,0.0,2.9525216325274505e-298,3.69,0.2613430127041742,15.087,5433.0,0.0
TOI-283 b,0.008868287414889054,0.0,0.0,0.0,2.34,0.5099818511796733,30.4,5213.0,0.0
Kepler-1184 b,0.008867858521186748,0.0,0.0,0.0,2.68,0.39564428312159716,18.039,5983.0,0.0
Kepler-1336 c,0.008867835619297406,0.0,0.0,0.0,1.71,0.7114337568058077,662.713,5512.0,0.0
Kepler-770 d,0.008867379222413669,0.0,0.0,0.0,1.4,0.9237749546279492,209.752,5598.0,0.0
Kepler-663 b,0.008866903208329845,0.0,0.0,0.0,2.6,0.411978221415608,167.979,5264.0,0.0
Kepler-905 b,0.008864433846776647,0.0,0.0,0.0,1.41,0.9147005444646098,185.771,5461.0,0.0
Kepler-656 c,0.008862798411128513,0.0,0.0,0.0,1.41,0.9147005444646098,213.25,5550.0,0.0
Kepler-501 c,0.008862704050033237,0.0,0.0,0.0,1.68119739,0.7277676950998185,683.84,5794.0,0.0
Kepler-1595 b,0.008862180360742229,0.0,0.0,0.0,1.23,1.0925589836660616,185.568,5203.0,0.0
Kepler-671 b,0.008861082333039541,0.0,0.0,0.0,2.69,0.3938294010889292,331.438,5624.0,0.0
LHS 1140 c,0.008858330610784216,0.6230251978558349,0.014158251856600792,1.1350426204100131e-19,1.272,0.925589836660617,5.3,3096.0,0.05
Kepler-167 c,0.008855342050904068,0.0,0.0,0.0,1.674,0.7313974591651543,61.175,4884.0,0.0
Kepler-1059 b,0.00885232694395879,0.0,0.0,0.0,1.73,0.7005444646098004,174.074,4906.0,0.0
Kepler-33 b,0.008851235762035217,0.0,0.0,0.0,1.74,0.6969147005444646,744.011,5904.0,0.0
Kepler-209 b,0.008849233688089276,0.0,0.0,0.0,2.26,0.49546279491833034,48.662,5513.0,0.0
Kepler-387 b,0.008842685709181258,0.0,0.0,0.0,1.03,0.985480943738657,304.081,5774.0,0.0
Kepler-580 b,0.008841877363266228,0.0,0.0,0.0,2.57,0.4192377495462795,24.063,4298.0,0.0
K2-90 b,0.008839239142143726,0.45494755615739607,0.05123684351123719,1.529348863031217e-117,2.6,0.411978221415608,10.2,4484.0,0.07
Kepler-211 b,0.008839196665231286,0.0,0.0,0.0,1.26,1.0617059891107077,158.188,5123.0,0.0
Kepler-1022 b,0.008833226122604189,0.0,0.0,0.0,2.36,0.4682395644283122,19.258,4445.0,0.0
Kepler-167 b,0.008830781006613173,0.0,0.0,0.0,1.718,0.7078039927404719,122.502,4884.0,0.0
Kepler-23 b,0.008830570658200702,0.3005587153452758,0.08714003312495146,0.0,1.638,0.5783793103448276,446.107,5828.0,0.017
Kepler-968 b,0.008830190877681564,0.0,0.0,0.0,2.0,0.5807622504537205,103.909,4598.0,0.0
Kepler-629 b,0.008827956572492374,0.0,0.0,0.0,1.38,0.9419237749546281,103.147,5444.0,0.0
Kepler-1342 b,0.008827542191331708,0.0,0.0,0.0,1.66,0.7386569872958259,559.275,5527.0,0.0
Kepler-55 f,0.008823630185003064,0.0,0.0,0.0,1.59,0.7822141560798548,25.438,4503.0,0.0
Kepler-36 b,0.00882340558860044,0.0,0.0,0.0,1.498,1.1361161524500907,247.0,5979.0,0.0
Kepler-1743 b,0.008822563632263618,0.0,0.0,0.0,1.59887007,0.7767695099818512,515.0,5855.0,0.0
Kepler-137 b,0.00882162385879278,0.0,0.0,0.0,1.47,0.8656987295825771,86.33,5187.0,0.0
Kepler-227 c,0.008820916814287824,0.0,0.0,3.844234669977317e-117,3.04,0.3357531760435572,10.186,5854.0,0.0
Kepler-169 f,0.008818662135361088,0.0,0.0,0.454482606560138,2.58,0.4174228675136116,2.439,4997.0,0.0
Kepler-1108 b,0.008812792466631384,0.0,0.0,0.0,1.46,0.8747731397459166,206.414,5406.0,0.0
Kepler-1147 b,0.008803230171696088,0.0,0.0,0.0,2.61,0.4101633393829401,206.563,5941.0,0.0
Kepler-585 b,0.008803175025496877,0.0,0.0,0.0,2.83,0.37023593466424687,489.149,5593.0,0.0
Kepler-1988 b,0.008801867357049378,0.0,0.0,0.0,1.53,0.823956442831216,351.79,6033.0,0.0
LP 714-47 b,0.008799964564694913,0.3756871970341823,0.0415932040391021,0.0,4.25,0.37023593466424687,38.5441,4123.0,0.022
Kepler-303 b,0.008798063315799744,0.0,0.0,0.0,0.89,0.9056261343012705,145.436,3944.0,0.0
Kepler-558 b,0.008796846781766912,0.0,0.0,1.1632592145377902e-304,2.37,0.46460980036297644,15.227,5242.0,0.0
61 Vir b,0.008794392376403162,0.23237258054723237,0.08043489875512837,0.0,2.11,0.5408348457350273,318.8418,5577.0,0.12
Kepler-1033 b,0.00879156697389593,0.0,0.0,0.0,2.51,0.4319419237749546,159.422,5547.0,0.0
Kepler-377 b,0.0087882998297916,0.0,0.0,0.0,1.39,0.9328493647912885,139.112,5949.0,0.0
Kepler-947 b,0.008786743277706323,0.0,0.0,0.0,2.28,0.49001814882032674,51.95,5508.0,0.0
TOI-451 b,0.00878523254703253,0.0,0.0,0.0,1.84,0.7441016333938294,786.0,5490.0,0.0
Kepler-1739 b,0.00878347780996664,0.0,0.0,0.0,2.43056832,0.4500907441016334,117.5,5757.0,0.0
TOI-849 b,0.008780190001903977,0.0,0.0,0.0,3.64,1.0163339382940109,2314.06,5257.0,0.0
TOI-431 d,0.008777248525794926,0.0,0.0,0.0,3.29,0.24682395644283125,28.3588,4850.0,0.0
Kepler-247 b,0.008775269766886373,0.0,0.0,0.0,1.64,0.7531760435571688,216.111,5100.0,0.0
Kepler-1987 e,0.008774176633422014,0.0,0.0,0.0,1.92,0.6134301270417423,40.33,4769.0,0.0
Kepler-1315 c,0.00877137030328068,0.0,0.0,0.0,1.84398883,0.6460980036297641,57.6,4818.0,0.0
Kepler-1555 b,0.008770979451887755,0.0,0.0,0.0,1.61,0.7695099818511797,483.262,5866.0,0.0
Kepler-179 b,0.008770034199660562,0.0,0.0,0.0,1.64,0.7531760435571688,360.262,5302.0,0.0
Kepler-251 c,0.008769518869561729,0.0,0.0,0.0,2.77,0.3793103448275862,38.953,5526.0,0.0
Kepler-1131 b,0.008768311776522122,0.0,0.0,0.0,1.59,0.7822141560798548,453.142,5851.0,0.0
Kepler-1222 b,0.00876581432631802,0.0,0.0,0.0,0.79,0.8457350272232306,416.231,5239.0,0.0
Kepler-302 b,0.008764730146103223,0.0,0.0,0.0,4.06,0.23049001814882034,31.247,5740.0,0.0
Kepler-1669 b,0.00876055084115026,0.0,0.0,0.0,2.78043818,0.37749546279491836,18.66,4303.0,0.0
Kepler-1804 b,0.008759609458417469,0.0,0.0,0.0,1.59615726,0.7803992740471869,164.61,5109.0,0.0
Kepler-737 b,0.008759112291711038,0.0,0.0,0.6835798972051683,1.96,0.5952813067150635,2.297,3813.0,0.0
TOI-2048 b,0.00875731230275216,0.34116278646818865,0.0699631351177933,0.0,2.61,0.4101633393829401,29.035,5185.0,0.13
GJ 887 b,0.008757309983650981,0.4642168592655123,0.02997275204359377,3.5301082527632877e-59,1.8,0.6660617059891107,7.8,3688.0,0.14
Kepler-157 d,0.008753175225683644,0.0,0.0,0.0,1.46,0.8747731397459166,244.058,5866.0,0.0
Kepler-305 e,0.008749907822514735,0.0,0.0,0.0,1.7938153,0.6678765880217786,220.4,4974.0,0.0
Kepler-1281 b,0.00874989881331906,0.0,0.0,0.0,1.64,0.7531760435571688,375.55,5353.0,0.0
Kepler-1303 b,0.008749612608213289,0.0,0.0,0.0,1.42,0.9056261343012705,182.375,5771.0,0.0
HD 60779 b,0.00874945479436762,0.38691614665532525,0.09389859486026653,0.0,3.246,0.41379310344827586,42.3921,6081.0,0.031
Kepler-1005 b,0.008744221685797986,0.0,0.0,0.0,1.5,0.8457350272232306,301.329,5782.0,0.0
Kepler-273 b,0.008741544109368678,0.0,0.0,0.0,1.5,0.8457350272232306,285.636,5626.0,0.0
Kepler-1400 b,0.008741247359461688,0.0,0.0,0.0,1.62,0.764065335753176,44.517,5044.0,0.0
HATS-4 b,0.008741174104947912,0.18444952015792343,0.07578671795692116,0.0,11.433,0.2813067150635209,558.828,5403.0,0.013
TOI-5788 b,0.00874078202227492,0.32686546858337523,0.08145001869956747,0.0,1.528,1.0406825771324866,175.1,5615.0,0.061
Kepler-967 b,0.008738100676727083,0.0,0.0,0.0,2.35,0.47005444646098005,39.1,5178.0,0.0
Kepler-339 b,0.008736607765993621,0.0,0.0,0.0,1.42,0.9056261343012705,159.945,5631.0,0.0
Kepler-446 d,0.00873339599678234,0.0,0.0,0.0010287433130855442,1.35,0.9691470054446462,3.307,3359.0,0.0
Kepler-1143 b,0.008732898849495628,0.0,0.0,0.0,1.67,0.73502722323049,173.056,5053.0,0.0
TOI-1062 c,0.008728324179763363,0.25236016790218496,0.07378319175079887,0.0,3.1,0.3266787658802178,95.0,5328.0,0.14
Kepler-1191 b,0.008723971281434331,0.0,0.0,0.0,1.51,0.8366606170598911,167.184,5308.0,0.0
Kepler-1516 b,0.008720703079172883,0.0,0.0,0.0,1.75,0.6896551724137931,615.253,5904.0,0.0
Kepler-778 b,0.008719749877556594,0.0,0.0,0.0,1.68,0.7277676950998185,216.568,5102.0,0.0
Kepler-124 c,0.008719339548742317,0.0,0.0,0.0,1.75,0.6896551724137931,30.716,4984.0,0.0
Kepler-1686 b,0.008718813646326151,0.0,0.0,0.0,1.42553017,0.9019963702359347,167.2,5714.96,0.0
Kepler-1493 b,0.008717328655752199,0.0,0.0,0.0,1.41,0.9147005444646098,137.91,5863.0,0.0
Kepler-1608 b,0.008713136021153815,0.0,0.0,0.0,1.73,0.7005444646098004,33.22,4992.0,0.0
Kepler-633 b,0.008712676016785841,0.0,0.0,0.0,1.63,0.7568058076225046,454.5,5899.0,0.0
Kepler-1795 b,0.008709202739109969,0.0,0.0,0.0,1.66301611,0.7368421052631579,17.3,4500.0,0.0
Kepler-763 d,0.00870754272204945,0.0,0.0,0.0,1.67,0.73502722323049,98.81,4999.0,0.0
Kepler-119 c,0.008706667506117921,0.0,0.0,0.0,0.92,0.9237749546279492,367.322,5595.0,0.0
Kepler-1266 c,0.008706392902967219,0.0,0.0,0.0,1.68023962,0.7277676950998185,110.4,4996.0,0.0
Kepler-776 b,0.008704488622198647,0.0,0.0,0.0,1.28,1.0362976406533575,135.082,5071.0,0.0
Kepler-1376 b,0.008699670728895272,0.0,0.0,0.0,1.05,1.0,278.902,5659.0,0.0
Kepler-109 b,0.008699200673272001,0.19961151169607536,0.09039910242023912,0.0,2.49,0.308529945553539,442.0,5950.0,0.11
Kepler-1295 b,0.008696857844654104,0.0,0.0,0.0,1.55,0.809437386569873,279.941,5486.0,0.0
Kepler-936 b,0.00869472007165191,0.0,0.0,0.0,1.45,0.883847549909256,133.56,5482.0,0.0
Kepler-1891 b,0.008694276464541503,0.0,0.0,0.0,1.52139156,0.8294010889292197,253.28,5516.0,0.0
Kepler-710 b,0.008692609410120511,0.0,0.0,0.0,1.88,0.6297640653357532,710.872,5611.0,0.0
Kepler-175 b,0.008686813185877216,0.0,0.0,0.0,2.56,0.42105263157894735,129.639,6064.0,0.0
Kepler-90 i,0.008686315132700625,0.0,0.0,0.0,1.32,0.9981851179673321,128.579,6015.0,0.0
TOI-512 b,0.008684139509598385,0.4026224241513348,0.07242079393064246,0.0,1.54,1.0206693284936479,127.0,5277.0,0.02
Kepler-389 b,0.008673163589518298,0.0,0.0,0.0,1.51,0.8366606170598911,167.058,5376.0,0.0
Kepler-174 b,0.008669456532423462,0.0,0.0,0.0,1.96,0.5952813067150635,24.418,4880.0,0.0
Kepler-500 b,0.008668221224646002,0.0,0.0,0.0,2.58,0.4174228675136116,193.68,5813.0,0.0
Kepler-1990 b,0.008667236870833624,0.0,0.0,0.0,3.27,0.30490018148820325,1372.87,5751.0,0.0
TOI-1452 b,0.008662647431227908,0.0,0.0,0.9833541550253405,1.672,1.0163339382940109,1.8,3185.0,0.0
Kepler-1231 b,0.008661625499406647,0.0,0.0,0.0,1.42,0.9056261343012705,117.515,5778.0,0.0
Kepler-1044 b,0.008659569980362828,0.0,0.0,0.0,2.67,0.3992740471869329,218.497,5985.0,0.0
Kepler-370 b,0.008658257698839145,0.0,0.0,0.0,1.59,0.7822141560798548,361.514,5852.0,0.0
Kepler-1730 b,0.0086539822281222,0.0,0.0,0.0,4.48524519,0.2032667876588022,113.75,5942.0,0.0
Kepler-233 b,0.00865075530126797,0.0,0.0,0.0,2.43,0.4500907441016334,85.131,5360.0,0.0
EPIC 201170410.02,0.008650203934973752,0.0,0.0,1.7538143226835386e-121,1.047,1.0,10.3359,3648.0,0.0
Kepler-1893 b,0.008649642688745476,0.0,0.0,0.0,1.70557445,0.7132486388384756,478.98,5633.0,0.0
Kepler-1380 b,0.008649561873876683,0.0,0.0,0.0,1.43,0.8965517241379312,90.1,5570.0,0.0
Kepler-1006 b,0.008648954664764348,0.0,0.0,0.0,1.54,0.8166969147005445,153.493,5328.0,0.0
Kepler-253 b,0.00864704749229303,0.0,0.0,0.0,1.63,0.7568058076225046,194.346,5208.0,0.0
HD 108236 b,0.008645789909022334,0.2960141490765413,0.08265213442323927,0.0,1.615,0.7676950998185119,312.1807,5660.0,0.045
Kepler-1530 b,0.008644908780398301,0.0,0.0,0.0,1.64,0.7531760435571688,353.561,5477.0,0.0
Kepler-1226 b,0.008639229902218517,0.0,0.0,0.0,1.45,0.883847549909256,140.376,5923.0,0.0
Kepler-135 c,0.008638635574426979,0.0,0.0,0.0,1.16,1.0544464609800364,209.967,6090.0,0.0
HD 39194 b,0.008634883824832733,0.297853091342132,0.07049740877276184,0.0,1.99,0.5843920145190563,112.2269,5205.0,0.101
TOI-776 c,0.008632427497567728,0.5469433082933584,0.030961158305281174,2.429458577856207e-15,2.047,0.7985480943738658,4.9,3725.0,0.089
Kepler-381 c,0.008626904277907337,0.0,0.0,0.0,1.12,1.0362976406533575,225.331,6152.0,0.0
Kepler-334 c,0.008618917766123568,0.0,0.0,0.0,1.43,0.8965517241379312,97.21,5828.0,0.0
Kepler-105 c,0.00861882684623746,0.336267004299517,0.08994496981353062,0.0,1.44,1.8874773139745917,236.167,5933.0,0.02
Kepler-169 b,0.008611219262629005,0.0,0.0,0.0,1.13,1.043557168784029,195.221,4997.0,0.0
K2-208 b,0.008610539913147048,0.2093082454945419,0.07837794518351128,0.0,1.67462172,0.7332123411978222,264.3425,5500.0,0.37
TOI-178 d,0.008609711027181405,0.3868772416942254,0.04674894480952198,0.0,2.695,0.2651738656987296,24.9125,4316.0,0.0068
TOI-2134 b,0.008608371321703669,0.37266808563800985,0.05380135705507454,0.0,2.735,0.4573502722323049,32.0,4580.0,0.067
Kepler-65 c,0.008607705607905542,0.23624511857937427,0.09737137361754411,0.0,2.58,0.29764065335753176,609.992,6211.0,0.02
Kepler-1207 b,0.008606564847643161,0.0,0.0,0.0,1.62,0.764065335753176,352.508,5909.0,0.0
TOI-3261 b,0.008605550331811273,0.0,0.0,0.0,3.82,0.544464609800363,1466.0,5068.0,0.0
Kepler-1468 b,0.00860239140616732,0.0,0.0,0.0,1.73,0.7005444646098004,481.352,5893.0,0.0
Kepler-160 b,0.008601168643373626,0.0,0.0,0.0,1.715,0.7096188747731398,396.619,5471.0,0.0
Kepler-1198 b,0.008598817322038124,0.0,0.0,0.0,1.47,0.8656987295825771,108.069,5517.0,0.0
TOI-1753 b,0.008598048170600862,0.0,0.0,0.0,2.47852533,1.0798548094373865,237.996,5621.0,0.0
Kepler-1142 b,0.008596456635047316,0.0,0.0,0.0,1.47,0.8656987295825771,147.817,5685.0,0.0
Kepler-1991 b,0.00859596826017503,0.0,0.0,0.0,1.47,0.8656987295825771,78.79,5478.0,0.0
Kepler-683 b,0.008595711601195155,0.0,0.0,0.0,1.97,0.5916515426497277,702.281,5703.0,0.0
TOI-1438 c,0.008595221295994807,0.0,0.0,0.0,2.75,0.5263157894736842,65.0,5230.0,0.0
K2-110 b,0.008585732979701843,0.3790338955419814,0.0652882406368456,0.0,2.592,0.911070780399274,27.7,5010.0,0.13
Kepler-1384 b,0.00858423869696985,0.0,0.0,0.0,1.94,0.604355716878403,32.23,4919.0,0.0
Kepler-1292 b,0.0085810464388183,0.0,0.0,0.0,1.82,0.6569872958257714,521.101,5556.0,0.0
Kepler-1699 b,0.008579254048358546,0.0,0.0,0.0,1.56671124,0.7985480943738658,245.65,5575.53,0.0
Kepler-913 b,0.008575480680449856,0.0,0.0,0.0,2.06,0.558983666061706,58.9,4687.0,0.0
Kepler-779 b,0.008569449410084001,0.0,0.0,1.207583784167633e-295,0.92,0.9237749546279492,15.028,3804.0,0.0
TOI-1799 b,0.008568909552016425,0.0,0.0,0.0,1.642,1.3629764065335754,164.26,5690.0,0.0
Kepler-1073 c,0.008568523398745653,0.0,0.0,0.0,1.64,0.7531760435571688,357.082,5792.0,0.0
Kepler-436 c,0.008567706651894227,0.0,0.0,4.869942754255497e-273,2.33,0.4754990925589837,14.52,4685.0,0.0
Kepler-295 d,0.008567124772119218,0.0,0.0,0.0,1.36,0.9600725952813067,104.962,5603.0,0.0
Kepler-536 b,0.008566800955626097,0.0,0.0,0.0,3.1,0.3284936479128857,892.812,5524.0,0.0
Kepler-234 b,0.00856367459638757,0.0,0.0,0.0,3.7,0.2595281306715064,1007.716,6224.0,0.0
Kepler-1673 b,0.008562370627203466,0.0,0.0,0.0,2.9355194,0.35208711433756806,30.5,6014.95,0.0
Kepler-1152 b,0.008557678920903878,0.0,0.0,0.0,0.87,0.8929219600725953,139.601,3964.0,0.0
Kepler-98 b,0.008555843404251265,0.0,0.0,0.0,1.99,0.39564428312159716,1107.389,5539.0,0.0
K2-199 c,0.00855534506032283,0.4080957870206877,0.051423839290476746,0.0,2.85,0.5263157894736842,38.6,4491.0,0.03
Kepler-1387 b,0.008552634902528857,0.0,0.0,0.0,0.93,0.9292196007259529,300.312,5046.0,0.0
TOI-1174 b,0.008551708697101949,0.0,0.0,0.0,2.562,1.9963702359346642,52.02,5030.0,0.0
Kepler-1071 b,0.008551585276522373,0.0,0.0,0.0,2.38,0.4627949183303085,45.12,5215.0,0.0
Kepler-958 b,0.008551224827668048,0.0,0.0,0.0,2.06,0.558983666061706,73.59,5421.0,0.0
GJ 160.2 b,0.008544227717037035,0.3128356249012467,0.04757706897472016,0.0,3.17,0.3194192377495463,56.9598,4347.0,0.06
Kepler-354 d,0.008539038251890597,0.0,0.0,1.2349377689092295e-84,1.24,1.0834845735027223,8.949,4648.0,0.0
Kepler-1940 b,0.008537592153964501,0.0,0.0,0.0,1.54732469,0.809437386569873,145.23,5431.0,0.0
Kepler-1330 b,0.008536699382861217,0.0,0.0,0.0,1.65,0.7459165154264974,322.399,5608.0,0.0
Kepler-324 c,0.008535474664190154,0.0,0.0,2.647373849242637e-48,3.15,0.3139745916515427,7.233,5194.0,0.0
Kepler-1220 b,0.008531843920779186,0.0,0.0,0.0,1.52,0.8294010889292197,177.842,5842.0,0.0
Kepler-1129 c,0.008531803051777585,0.0,0.0,2.8787951581057626e-44,2.73,0.38656987295825773,7.006,5831.0,0.0
Kepler-1675 b,0.008531014080426693,0.0,0.0,1.4318267746050111e-167,3.12483349,0.32486388384754994,11.8,5853.19,0.0
Kepler-1882 b,0.008526875973248384,0.0,0.0,0.0,1.48674404,0.852994555353902,122.1,5691.0,0.0
Kepler-2001 c,0.00852560086548922,0.0,0.0,0.0,1.82,0.6569872958257714,30.1,5081.0,0.0
HATS-57 b,0.008525315254376536,0.1892404327864303,0.08070203558261103,0.0,12.767051,0.4809437386569873,570.233,5587.0,0.028
HD 63433 b,0.008519218833438057,0.2311548779286916,0.07979377036917809,0.0,2.14,2.358983666061706,145.5707,5553.0,0.24
TOI-784 b,0.008517049017065938,0.0,0.0,0.0,1.93,1.3430127041742288,413.894,5558.0,0.0
Kepler-154 f,0.008515825915258948,0.0,0.0,0.0,1.5,0.8457350272232306,139.884,5769.0,0.0
Kepler-206 b,0.008511295989047596,0.0,0.0,0.0,1.2,1.0798548094373865,192.273,5764.0,0.0
Kepler-878 b,0.00850785020029335,0.0,0.0,0.0,1.93,0.6079854809437387,27.009,5044.0,0.0
Kepler-1247 b,0.008506506591884105,0.0,0.0,0.0,2.33,0.4754990925589837,41.472,5303.0,0.0
TOI-1853 b,0.00850588807566845,0.25038173397356217,0.06462039856814276,0.0,3.46,1.767695099818512,435.33,4985.0,0.03
Kepler-255 b,0.008505428730125044,0.0,0.0,0.0,1.55,0.809437386569873,174.395,5573.0,0.0
Kepler-319 b,0.008504412488260612,0.0,0.0,0.0,1.63,0.7568058076225046,253.665,5526.0,0.0
Kepler-1420 b,0.008501998109033782,0.0,0.0,0.0,1.28,1.0362976406533575,131.526,5187.0,0.0
Kepler-1950 b,0.008497952540109793,0.0,0.0,0.0,1.52696349,0.8257713248638838,75.83,5455.0,0.0
Kepler-242 c,0.008497929586971572,0.0,0.0,0.0,2.0,0.5807622504537205,20.498,5020.0,0.0
Kepler-1491 b,0.008495878370191876,0.0,0.0,0.0,1.51,0.8366606170598911,138.108,5728.0,0.0
Kepler-534 c,0.008495106334759684,0.0,0.0,0.0,1.227,1.0907441016333939,178.68,5936.0,0.0
Kepler-578 b,0.008493108420938578,0.0,0.0,0.0,2.0,0.5807622504537205,496.898,5334.0,0.0
TOI-1347 c,0.008492684737907832,0.0,0.0,0.0,1.6,0.7441016333938294,183.6642,5464.0,0.0
HD 86226 c,0.008492045065690255,0.2260893998831193,0.08807501202114365,0.0,2.16,0.7205081669691471,647.901,5863.0,0.075
Kepler-100 b,0.008487122730600993,0.21852716878082076,0.0873804562696955,0.0,1.34,2.2428145190562616,478.214,5837.0,0.13
Kepler-69 b,0.008486900027534668,0.26204397879985514,0.08206443340277342,0.0,2.24,0.5009074410163339,123.517,5638.0,0.16
Kepler-597 b,0.0084844481203516,0.0,0.0,0.0,2.37,0.46460980036297644,76.375,5683.0,0.0
Kepler-1794 b,0.008483994264312358,0.0,0.0,0.0,1.79426276,0.6678765880217786,57.59,5052.0,0.0
Kepler-621 b,0.00848333508437294,0.0,0.0,0.0,2.3,0.4827586206896552,69.56,4521.0,0.0
Kepler-269 c,0.008482462274325201,0.0,0.0,0.0,1.69,0.7223230490018149,342.6,5847.0,0.0
Kepler-1612 b,0.008478799169928553,0.0,0.0,0.0,1.03,0.985480943738657,269.248,5643.0,0.0
Kepler-133 b,0.008475305544337832,0.0,0.0,0.0,1.76,0.6860254083484574,408.58,5736.0,0.0
Kepler-802 b,0.00846830565761806,0.0,0.0,8.590987424356566e-231,3.54,0.27586206896551724,13.508,5507.0,0.0
Kepler-571 b,0.008467686402156971,0.0,0.0,0.0,2.64,0.4047186932849365,219.036,5527.0,0.0
TOI-1130 b,0.008463092796911105,0.304287774869039,0.047924346850449016,0.0,3.66,0.4047186932849365,78.1,4360.0,0.052162
Kepler-1291 b,0.008461152563864593,0.0,0.0,0.0,1.66,0.7386569872958259,62.823,5216.0,0.0
Kepler-768 b,0.00846105262911727,0.0,0.0,0.0,1.79,0.6715063520871144,40.589,5108.0,0.0
Kepler-307 b,0.008459891479666184,0.0,0.0,0.0,2.43,0.4754990925589837,59.7,5367.0,0.0
Kepler-1410 b,0.008458835663161232,0.0,0.0,0.9687279870663713,1.78,0.6751361161524502,1.06,4092.0,0.0
Kepler-180 b,0.00845649748189109,0.0,0.0,0.0,1.5,0.8457350272232306,72.119,5731.0,0.0
Kepler-784 b,0.008453994267310652,0.0,0.0,0.0,1.58,0.7894736842105263,194.385,5674.0,0.0
Kepler-1001 c,0.008452174554246098,0.0,0.0,0.0,1.57799279,0.7894736842105263,72.4,5376.0,0.0
Kepler-357 b,0.00845186755164596,0.0,0.0,0.0,1.84,0.6460980036297641,69.57,5036.0,0.0
Kepler-322 c,0.008450866278715146,0.0,0.0,0.0,1.67,0.73502722323049,203.406,5388.0,0.0
Kepler-1090 b,0.008449409447497416,0.0,0.0,0.9779558412378612,2.25,0.4972776769509982,1.825,5321.0,0.0
Kepler-260 c,0.008448344086934706,0.0,0.0,2.382654694524114e-40,1.74,0.6969147005444646,6.775,5250.0,0.0
Kepler-1915 b,0.008446884000267364,0.0,0.0,0.0,3.21798413,0.3103448275862069,101.05,6020.0,0.0
Kepler-1693 c,0.008444667373718576,0.0,0.0,0.0,0.97698289,0.956442831215971,296.73,5553.0,0.0
Kepler-1021 b,0.008440255810130198,0.0,0.0,0.0,2.33,0.4754990925589837,50.37,5431.0,0.0
Kepler-504 b,0.008438987470246531,0.0,0.0,2.0601218976425615e-28,1.59,0.7822141560798548,5.991,3519.0,0.0
Kepler-1495 b,0.008435038442101703,0.0,0.0,2.646703661263579e-88,2.94,0.35208711433756806,9.1,5831.0,0.0
Kepler-1838 b,0.008432740813266587,0.0,0.0,0.0,1.66049425,0.7404718693284937,271.6,5877.0,0.0
Kepler-873 b,0.008426441494118232,0.0,0.0,0.0,3.75,0.2558983666061706,68.015,6163.0,0.0
Kepler-327 b,0.008426149220252194,0.0,0.0,0.0,1.11,1.029038112522686,73.056,3799.0,0.0
Kepler-510 b,0.008425383225482497,0.0,0.0,0.0,2.47,0.44101633393829404,114.389,5746.0,0.0
Kepler-1961 b,0.008420144940664636,0.0,0.0,0.0,1.6187808,0.764065335753176,132.98,5401.0,0.0
Kepler-1301 b,0.008417531657485182,0.0,0.0,0.0,1.4,0.9237749546279492,76.139,5188.0,0.0
Kepler-46 d,0.008411144913997772,0.0,0.0,0.0,1.64,0.7531760435571688,92.346,5309.0,0.0
Kepler-60 b,0.008405308909826843,0.0,0.0,0.0,1.71,0.838475499092559,318.0,5905.0,0.0
Kepler-784 c,0.00840455950470142,0.0,0.0,0.0,1.55,0.809437386569873,119.87,5676.0,0.0
Kepler-1610 b,0.008404370261704035,0.0,0.0,0.0,1.61,0.7695099818511797,56.212,5383.0,0.0
Kepler-175 c,0.008400570530864376,0.0,0.0,0.0,3.1,0.3284936479128857,31.95,6064.0,0.0
Kepler-1765 b,0.008400468150030345,0.0,0.0,0.0,2.49508857,0.4355716878402904,126.48,5692.0,0.0
TOI-421 b,0.008400045412341404,0.24205024067524003,0.07279478548911292,0.0,2.64,0.37024283121597096,154.57,5291.0,0.13
Kepler-330 c,0.008398169005852316,0.0,0.0,0.0,1.95,0.6007259528130672,27.676,5117.0,0.0
TOI-1184 b,0.008396653009542326,0.0,0.0,0.0,2.39,0.47731397459165154,57.54,4534.0,0.0
Kepler-869 b,0.008386772441945687,0.0,0.0,0.0,3.61,0.26860254083484575,17.234,5664.0,0.0
Kepler-542 b,0.008384374985553982,0.0,0.0,0.0,1.57,0.7967332123411978,61.573,5526.0,0.0
Kepler-1287 b,0.008381929223980424,0.0,0.0,0.0,1.54,0.8166969147005445,78.156,5715.0,0.0
TOI-2322 c,0.00838165033165898,0.0,0.0,4.09412825824078e-116,1.874,2.6660617059891107,10.15,4664.0,0.0
Kepler-329 b,0.008378781564963241,0.0,0.0,0.0,1.4,0.9237749546279492,40.689,4257.0,0.0
Kepler-414 b,0.008377554619158008,0.0,0.0,0.0,1.71,0.6987295825771326,241.171,5536.0,0.0
Kepler-1138 b,0.008373771187728845,0.0,0.0,0.0,1.7,0.7168784029038113,245.904,5582.0,0.0
K2-21 b,0.008373191365340463,0.45890775208278395,0.04423946145214895,6.280263300149183e-112,1.84,0.49001814882032674,10.0,4222.06,0.1
Kepler-1123 b,0.00836697739468043,0.0,0.0,0.0,1.67,0.73502722323049,190.016,5500.0,0.0
Kepler-1079 b,0.008365064441265335,0.0,0.0,0.0,1.63,0.7568058076225046,195.353,5758.0,0.0
HD 24085 b,0.0083627996422168,0.1216341144961635,0.09264305177109634,0.0,3.46,0.28493647912885667,2061.4187,6034.0,0.22
Kepler-382 c,0.008360402109227491,0.0,0.0,0.0,1.59,0.7822141560798548,124.743,5600.0,0.0
Kepler-137 c,0.00835657982592921,0.0,0.0,0.0,1.88,0.6297640653357532,29.775,5187.0,0.0
Kepler-4 b,0.008356161212182954,0.0,0.0,0.0,4.002,0.3466424682395644,1245.431,5857.0,0.0
Kepler-1426 b,0.008353178482275661,0.0,0.0,0.0,1.56,0.8003629764065336,95.22,5831.0,0.0
Kepler-208 d,0.008349447896043052,0.0,0.0,0.0,1.2,1.0798548094373865,176.283,6092.0,0.0
GJ 3138 b,0.008348405746437538,0.2848160494176799,0.030747448843296173,0.0,1.18,1.0798548094373865,118.1,3717.0,0.19
Kepler-55 b,0.008348200458452972,0.0,0.0,3.68977695602753e-38,2.43,2.9945553539019967,6.642,4362.0,0.0
TOI-1410.01,0.008346962426541019,0.0,0.0,0.0,3.10083009,0.4174228675136116,565.5415,4635.0,0.0
Kepler-241 b,0.008344962683767571,0.0,0.0,0.0,2.33,0.4754990925589837,23.6,4699.0,0.0
Kepler-764 b,0.008343372426861059,0.0,0.0,0.0,1.64,0.7531760435571688,160.457,5557.0,0.0
Kepler-200 c,0.008342919241113807,0.0,0.0,0.0,1.59,0.7822141560798548,126.361,5678.0,0.0
Kepler-313 b,0.008342455246376852,0.0,0.0,0.0,2.53,0.426497277676951,142.4,5727.0,0.0
Kepler-1042 b,0.008341810719528503,0.0,0.0,0.0,2.19,0.515426497277677,25.66,4815.0,0.0
TIC 434398831 c,0.008338811727495555,0.24123264557553253,0.08206443340276563,0.0,5.63,0.15081669691470054,166.3776,5638.0,0.013
Kepler-900 b,0.008333466834504862,0.0,0.0,0.0,2.08,0.5517241379310345,54.109,4836.0,0.0
Kepler-1530 c,0.008331356133817603,0.0,0.0,0.0,1.65,0.7459165154264974,135.179,5477.0,0.0
Kepler-1313 b,0.00833062680773217,0.0,0.0,0.0,1.76,0.6860254083484574,227.198,5453.0,0.0
Kepler-1413 b,0.008327532639476307,0.0,0.0,0.0,1.82,0.6569872958257714,42.825,5196.0,0.0
Kepler-1805 b,0.008325466753216531,0.0,0.0,1.542301768352089e-191,1.54502915,0.8112522686025408,12.48,3867.0,0.0
Kepler-1043 b,0.008324732067471618,0.0,0.0,0.0,2.55,0.4228675136116153,21.692,5629.0,0.0
Kepler-832 b,0.008324403279465152,0.0,0.0,0.0,2.06,0.558983666061706,256.828,5596.0,0.0
Kepler-215 b,0.008324319993451235,0.0,0.0,0.0,1.62,0.764065335753176,105.073,5739.0,0.0
Kepler-321 b,0.008321442494572113,0.0,0.0,0.0,1.77,0.6805807622504537,296.155,5740.0,0.0
Kepler-1078 b,0.008320756870729694,0.0,0.0,0.0,1.9,0.6206896551724138,373.99,5612.0,0.0
Kepler-48 b,0.008320731159389472,0.0,0.0,0.0,1.88,0.5862068965517242,173.12,5194.0,0.0
K2-119 b,0.008318370567579184,0.33483455122890016,0.058075546294801904,0.0,2.53,0.426497277676951,54.9,4740.0,0.07
Kepler-304 c,0.008318355751799837,0.0,0.0,0.0,2.17,0.5226860254083484,73.598,4731.0,0.0
Kepler-769 b,0.00831751903056821,0.0,0.0,0.0,2.92,0.35390199637023595,241.128,6186.0,0.0
TOI-406 c,0.008309828616904921,0.5283604157333652,0.02206550195009788,0.0,1.32,0.8892921960072596,19.0,3392.0,0.032
Kepler-159 b,0.008305881867350486,0.0,0.0,0.0,2.38,0.4627949183303085,33.463,4625.0,0.0
Kepler-1904 b,0.008298770626232254,0.0,0.0,0.0,1.3904994,0.9310344827586207,24.38,3805.0,0.0
Kepler-1497 b,0.008297738054339454,0.0,0.0,0.0,1.66,0.7386569872958259,172.38,5675.0,0.0
Kepler-1221 b,0.008296634540935119,0.0,0.0,0.0,1.88,0.6297640653357532,37.81,5194.0,0.0
Kepler-237 c,0.008290854980520537,0.0,0.0,0.0,2.08,0.5517241379310345,60.642,4861.0,0.0
Kepler-601 b,0.00827776342398034,0.0,0.0,0.0,1.9,0.6206896551724138,110.619,5160.0,0.0
Kepler-1069 b,0.008276887099401747,0.0,0.0,0.0,1.6,0.7767695099818512,78.175,5722.0,0.0
Kepler-662 b,0.00827680453306476,0.0,0.0,0.0,2.18,0.5190562613430127,23.824,4897.0,0.0
Kepler-744 b,0.00827529193520366,0.0,0.0,0.0,1.62,0.764065335753176,62.955,5594.0,0.0
TOI-260 b,0.008273069125144205,0.0,0.0,4.396986546835904e-117,1.71,0.8457350272232306,10.1838,4026.0,0.0
TOI-2093 b,0.008269614746501716,0.0,0.0,0.0,3.25,0.308529945553539,19.5345,4426.0,0.0
Kepler-1600 c,0.008266051632056012,0.0,0.0,0.0,1.94206512,0.6025408348457351,84.7,5119.0,0.0
Kepler-851 b,0.008264994374499287,0.0,0.0,0.0,1.68,0.7277676950998185,103.828,5455.0,0.0
Kepler-641 b,0.008262797551180853,0.0,0.0,0.0,1.85,0.6424682395644283,311.788,5713.0,0.0
Kepler-1448 b,0.008261283156453348,0.0,0.0,0.0,1.61,0.7695099818511797,86.645,5774.0,0.0
Kepler-1083 b,0.008261194430255987,0.0,0.0,4.6131433705334724e-116,3.36,0.29401088929219604,10.148,5049.0,0.0
WASP-45 b,0.008257816812822507,0.0,0.0,0.0,10.603714,0.2573502722323049,294.0,5150.0,0.0
Kepler-1254 b,0.008255866885014276,0.0,0.0,0.0,1.55,0.809437386569873,33.978,4985.0,0.0
Kepler-139 d,0.008253179059282904,0.0,0.0,0.0,1.695,0.9565275862068966,172.3,5622.0,0.0
TOI-1244 b,0.008253121051922031,0.0,0.0,0.0,2.467,0.4827586206896552,56.63,4599.0,0.0
TOI-125 d,0.008245834982204416,0.33892261144600927,0.07356948228881484,0.0,2.93,0.5408348457350273,26.7,5320.0,0.168
Kepler-868 b,0.008244504538455509,0.0,0.0,0.0,2.05,0.5626134301270418,417.034,5614.0,0.0
Kepler-1210 b,0.008244402532049732,0.0,0.0,0.0,1.7,0.7168784029038113,152.047,5568.0,0.0
Kepler-142 c,0.008237642023050603,0.0,0.0,0.0,2.86,0.36479128856624315,399.444,5790.0,0.0
HD 136352 b,0.008236905846805006,0.0,0.0,0.0,1.664,1.0206693284936479,111.6,5664.0,0.0
Kepler-411 c,0.008236207388352127,0.272869618049378,0.06432654805790165,0.0,4.421,0.308529945553539,56.0,4974.0,0.108
Kepler-358 b,0.008232506670657192,0.0,0.0,0.0,2.72,0.3883847549909256,21.805,5908.0,0.0
TOI-1467 b,0.008232347351039435,0.0,0.0,0.0,1.92,1.9963702359346642,18.13,3834.0,0.0
Kepler-1067 c,0.008231803586056172,0.0,0.0,0.0,1.74682428,0.691470054446461,190.8,5594.0,0.0
NGTS-4 b,0.00823078396632544,0.0,0.0,0.0,3.18,0.6261343012704175,886.9841,5143.0,0.0
TOI-2076 e,0.008229551867401645,0.0,0.0,0.0,1.301,2.087114337568058,253.1032,5187.0,0.0
Kepler-772 b,0.008227575147570367,0.0,0.0,0.0,1.82,0.6569872958257714,264.576,5714.0,0.0
Kepler-1007 b,0.00822614704207913,0.0,0.0,0.0,1.44,0.8911070780399275,42.62,4587.0,0.0
91 Aqr b,0.00822591593282675,0.2599931963119516,0.05607202008868023,0.0,13.1,0.45190562613430135,100.506,4665.0,0.027
Kepler-1724 b,0.0082203862606606,0.0,0.0,0.0,2.83677238,0.3684210526315789,234.98,6092.0,0.0
Kepler-1939 b,0.008217994967827599,0.0,0.0,0.0,1.16480773,1.05989110707804,104.74,4353.0,0.0
TOI-1064 b,0.008216669470411931,0.37305636990848795,0.05791526419831497,0.0,2.587,0.7805117967332125,62.9,4734.0,0.047
Kepler-18 b,0.008216617445132215,0.0,0.0,0.0,2.0,0.8892921960072596,355.735,5345.0,0.0
Kepler-543 b,0.008210851472004475,0.0,0.0,0.0,2.5,0.43375680580762255,23.081,4671.0,0.0
Kepler-917 b,0.008208677476268746,0.0,0.0,0.0,1.91,0.617059891107078,228.11,5418.0,0.0
LHS 475 b,0.008200376202223043,0.0,0.0,0.0,0.991,0.9637023593466424,20.8,3300.0,0.0
KOI-984 b,0.008199945963618414,0.2014946554155041,0.07290164022010298,0.0,4.3,0.21415607985480944,186.31,5295.0,0.12
Kepler-862 b,0.008198667557574289,0.0,0.0,0.0,2.21,0.5099818511796733,547.293,5333.0,0.0
Kepler-1999 b,0.008196767209436143,0.0,0.0,0.0,3.29,0.30308529945553536,26.17,4406.0,0.0
Kepler-1526 b,0.008196069634425915,0.0,0.0,0.0,2.43,0.4500907441016334,99.097,4601.0,0.0
Kepler-1585 b,0.00819212258772865,0.0,0.0,0.0,1.79,0.6715063520871144,182.941,5538.0,0.0
Kepler-189 c,0.00818997002276736,0.0,0.0,0.0,2.38,1.6787658802177858,18.811,5235.0,0.0
Kepler-1852 b,0.008187421604739425,0.0,0.0,0.0,1.88610592,0.6279491833030854,79.1,5237.0,0.0
Kepler-474 b,0.008186742087454364,0.0,0.0,0.0,3.06,0.3339382940108893,671.064,5785.0,0.0
WASP-130 b,0.008182726852590413,0.0,0.0,0.0,9.97601,0.4246823956442831,56.355,5625.0,0.0
Kepler-1476 b,0.008179956952685054,0.0,0.0,0.0,1.67,0.73502722323049,75.641,5663.0,0.0
Kepler-1695 b,0.008174323568454194,0.0,0.0,0.0,1.11948901,1.0381125226860255,198.57,5473.19,0.0
Kepler-317 c,0.008173819685447569,0.0,0.0,0.0,1.72,0.7078039927404719,81.761,5497.0,0.0
Kepler-1845 b,0.008168675259503565,0.0,0.0,0.0,2.43836702,0.4482758620689656,27.47,4703.0,0.0
Kepler-1534 b,0.00816724577826021,0.0,0.0,0.0,1.89,0.6243194192377496,196.51,5442.0,0.0
Kepler-939 b,0.008163438534623858,0.0,0.0,0.0,1.75,0.6896551724137931,54.19,5471.0,0.0
Kepler-346 c,0.008161295572352864,0.0,0.0,0.0,3.07,0.33212341197822143,23.812,6033.0,0.0
Kepler-957 b,0.008159209539865282,0.0,0.0,0.0,5.5,0.15517241379310345,124.911,4963.0,0.0
Kepler-1195 b,0.008158055651825034,0.0,0.0,0.0,2.08,0.5517241379310345,79.03,4965.0,0.0
TOI-4010 b,0.008155093030404934,0.22079478461739924,0.06395255649942795,0.0,3.02,0.3992740471869329,714.0,4960.0,0.03
Kepler-133 c,0.008154499874583065,0.0,0.0,0.0,2.84,0.3684210526315789,67.161,5736.0,0.0
Kepler-927 b,0.008150321065414714,0.0,0.0,0.0,1.72,0.7078039927404719,129.534,5743.0,0.0
Kepler-960 b,0.008146985041250256,0.0,0.0,0.0,2.29,0.48638838475499097,129.223,4755.0,0.0
Kepler-1309 b,0.008145032627316192,0.0,0.0,2.1616695748878545e-241,2.37,0.46460980036297644,13.77,5235.0,0.0
Kepler-1767 b,0.008141864402502294,0.0,0.0,5.291408911167438e-24,3.01299077,0.3411978221415608,5.66,5243.0,0.0
TOI-3568 b,0.008141389999967889,0.2444822287914719,0.06419297964415767,0.0,5.3,0.17785843920145192,130.1481,4969.0,0.035
Kepler-57 c,0.00813549784667195,0.37052677680719925,0.07004060479776607,0.0,2.196,0.6404199637023593,48.574,5187.9,0.0725
Kepler-1892 b,0.00813476156685854,0.0,0.0,0.0,1.83707938,0.647912885662432,108.04,5383.0,0.0
Kepler-1270 b,0.00813402864255961,0.0,0.0,0.0,3.32,0.29945553539019965,1217.395,5047.0,0.0
Kepler-299 c,0.008127382445028104,0.0,0.0,0.0,2.65,0.40290381125226865,198.554,5617.0,0.0
Kepler-256 c,0.008126189837358678,0.0,0.0,0.0,2.15,0.5281306715063522,457.066,5551.0,0.0
Kepler-1164 b,0.008124083720135972,0.0,0.0,0.0,1.12,1.0362976406533575,181.205,5183.0,0.0
HAT-P-61 b,0.008122229974111252,0.1395596471018613,0.08070203558260874,0.0,10.07687365,0.3266787658802178,849.5,5587.0,0.113
Kepler-1162 c,0.008115768504829174,0.0,0.0,1.6292958987152795e-30,1.81,0.6606170598911071,6.14,5225.0,0.0
Kepler-120 c,0.008114446558799305,0.0,0.0,0.0,1.53,0.823956442831216,16.625,4096.0,0.0
Kepler-181 c,0.008111020532509061,0.0,0.0,0.0,1.99,0.5843920145190563,168.188,5333.0,0.0
L 98-59 c,0.008109024153684972,0.44945971813607033,0.02267991665330864,1.2124309508693314e-199,1.329,0.852994555353902,12.7,3415.0,0.002
Kepler-62 d,0.00810582692854515,0.0,0.0,0.0,1.95,0.45074985147150864,17.21,4925.0,0.0
Kepler-1242 b,0.008104817075662844,0.0,0.0,0.0,2.26,0.49546279491833034,28.998,4895.0,0.0
Kepler-538 b,0.00810348922873624,0.48599379252101493,0.07928621039695424,4.230175406131942e-17,2.215,1.1796733212341197,5.07,5534.0,0.21
Kepler-118 b,0.008101218856169396,0.0,0.0,0.0,1.96,0.5952813067150635,79.753,5274.0,0.0
HD 93385 d,0.008099261994414998,0.36600662109652693,0.09112037185444241,0.0,2.89,0.35934664246823955,24.471,5977.0,0.09
Kepler-1741 b,0.00809889551123273,0.0,0.0,0.0,1.273,1.043557168784029,33.79,3683.0,0.0
Kepler-1404 b,0.008098884802396029,0.0,0.0,0.0,2.01,0.5771324863883848,39.001,5261.0,0.0
TOI-1774.01,0.008098735446733838,0.33135004669373225,0.08494951113958751,0.0,2.78,0.3938294010889292,73.7609,5746.0,0.05
HD 260655 c,0.008098734579489836,0.5284538725715772,0.03304482555964892,0.0,1.533,0.852994555353902,16.1,3803.0,0.038
Kepler-198 b,0.00809819522035644,0.0,0.0,0.0,2.82,0.3720508166969147,44.549,5574.0,0.0
TOI-333 b,0.008097631141207878,0.0,0.0,0.0,4.26,0.2577132486388385,650.4959,6241.0,0.0
K2-32 e,0.00809059480185726,0.33555403714260107,0.07226051183415355,0.0,1.212,1.1433756805807622,210.7222,5271.0,0.043
HD 235088 b,0.008089998540410766,0.0,0.0,0.0,1.982,0.5303477313974592,70.0,5075.0,0.0
Kepler-259 c,0.008083679618625515,0.0,0.0,9.240140232881082e-297,2.7,0.3920145190562614,15.054,5938.0,0.0
Kepler-1788 b,0.00808028944505369,0.0,0.0,0.0,2.37850461,0.4627949183303085,197.81,4786.0,0.0
Kepler-169 e,0.008079090969325757,0.0,0.0,0.0,2.2,0.5136116152450091,28.548,4997.0,0.0
Kepler-260 b,0.008076074512959091,0.0,0.0,0.0,2.01,0.5771324863883848,132.134,5250.0,0.0
Kepler-1683 b,0.00807578737562603,0.0,0.0,0.0,1.87477762,0.6315789473684211,47.32,5429.0,0.0
Kepler-210 c,0.008069466308518975,0.0,0.0,0.0,3.62,0.26860254083484575,25.44,4559.0,0.0
Kepler-1710 b,0.008068377318305401,0.0,0.0,0.0,3.19744103,0.20186025408348457,48.9,5650.0,0.0
Kepler-1945 b,0.00806425739476176,0.0,0.0,0.0,1.289,1.029038112522686,100.72,4991.0,0.0
Kepler-1800 b,0.008063567514163292,0.0,0.0,0.0,0.99679734,0.9673321234119783,242.0,5343.0,0.0
Kepler-1529 b,0.008059409073766018,0.0,0.0,0.0,2.1,0.544464609800363,115.765,5048.0,0.0
Kepler-525 b,0.00805819580744207,0.0,0.0,0.0,2.63,0.4065335753176044,176.232,5573.0,0.0
Kepler-980 b,0.008057282031194725,0.0,0.0,0.0,2.67,0.3992740471869329,170.137,5935.0,0.0
TOI-5126 c,0.008051397795186082,0.0,0.0,0.0,3.86,0.24682395644283125,96.0,6150.0,0.0
GJ 1137 c,0.008050721465489625,0.0,0.0,0.0,2.11,0.5426497277676952,58.4,5033.8,0.0
Kepler-1817 b,0.00804874411734995,0.0,0.0,8.519494377202855e-137,2.27349126,0.49183303085299457,10.85,5316.0,0.0
Kepler-1390 b,0.008047768570689087,0.0,0.0,0.0,1.18,1.0689655172413792,171.133,5753.0,0.0
Kepler-1437 b,0.008047527564617966,0.0,0.0,0.0,1.37,0.9509981851179674,83.14,5557.0,0.0
Kepler-179 c,0.008047085066721069,0.0,0.0,0.0,2.0,0.5807622504537205,115.983,5302.0,0.0
Kepler-246 c,0.008044641963668091,0.0,0.0,0.0,1.5,0.8457350272232306,43.208,5206.0,0.0
CoRoT-7 c,0.008043978453550166,0.0,0.0,0.0,2.83,0.37023593466424687,242.7184,5256.0,0.0
Kepler-1211 b,0.008041808321060126,0.0,0.0,0.0,2.55,0.4228675136116153,130.9,5705.0,0.0
Kepler-172 b,0.008039656432480297,0.0,0.0,0.0,2.35,0.47005444646098005,639.476,5526.0,0.0
HD 63433 c,0.008037064201985324,0.3302711711982648,0.07979377036917085,0.0,2.692,0.8402903811252269,35.3582,5553.0,0.21
K2-138 c,0.008035992120372188,0.273124075429056,0.07453918897257882,0.0,2.299,0.5081669691470054,279.0,5356.3,0.045
Kepler-1714 b,0.008035710575224071,0.0,0.0,0.0,3.26437302,0.30671506352087113,504.3,6150.0,0.0
Kepler-1996 b,0.008031983206745712,0.0,0.0,2.2457264262965885e-23,2.26,0.49546279491833034,5.61,4580.0,0.0
Kepler-62 b,0.008030121988419786,0.0,0.0,0.0,1.31,0.9557405513124634,80.326,4925.0,0.0
Kepler-1336 b,0.008027671998909094,0.0,0.0,0.0,1.98,0.5880217785843921,103.72,5512.0,0.0
Kepler-1117 b,0.008027292567067135,0.0,0.0,0.0,1.11,1.029038112522686,194.976,5612.0,0.0
L 98-59 e,0.008023804541827566,0.7780073087236425,0.022679916653308565,0.5100908710537557,1.49,0.9437386569872959,2.4,3415.0,0.012
Kepler-1471 c,0.008022078715006476,0.0,0.0,0.0,1.88,0.6297640653357532,118.5,5533.0,0.0
Kepler-346 b,0.008019984623868506,0.0,0.0,0.0,2.66,0.4010889292196007,134.357,6033.0,0.0
Kepler-1754 b,0.00801567373212642,0.0,0.0,0.0,2.43996509,0.4482758620689656,48.2,4723.0,0.0
Kepler-954 b,0.008015349830248661,0.0,0.0,0.0,2.32,0.4791288566243195,21.531,4990.0,0.0
Kepler-1302 b,0.008014737210455328,0.0,0.0,0.0,1.43,0.8965517241379312,58.344,5236.0,0.0
Kepler-80 b,0.008012547532155346,0.31593341382724954,0.052732809745140274,0.0,2.67,0.25045372050816694,54.382,4540.0,0.0049
Kepler-572 b,0.008011320519769334,0.0,0.0,0.0,2.58,0.4174228675136116,26.889,5212.0,0.0
HATS-17 b,0.008011252431260728,0.3160903040407328,0.0876208794144205,0.0,8.709393,0.6352087114337568,72.7,5846.0,0.029
Kepler-1227 b,0.008010614684972661,0.0,0.0,5.526013812175139e-09,2.29,0.48638838475499097,4.179,5747.0,0.0
Kepler-218 d,0.008010220658266533,0.0,0.0,1.5843140356713566e-08,2.66,0.4010889292196007,4.118,5542.0,0.0
Kepler-1870 b,0.008010200379084988,0.0,0.0,0.0,2.10143764,0.544464609800363,287.6,5508.0,0.0
Kepler-523 b,0.008009235689199205,0.0,0.0,0.0,1.96,0.5952813067150635,149.135,5515.0,0.0
Kepler-1650 b,0.008007813248761167,0.45299774111953955,0.022546348239567547,0.0,0.96,0.9473684210526315,54.562,3410.0,0.01
Kepler-477 b,0.008005633094893373,0.0,0.0,0.0,2.07,0.5553539019963702,38.71,5240.0,0.0
TOI-733 b,0.008004223429355799,0.3091024546687837,0.08064860821711634,0.0,1.992,0.7223230490018149,207.1,5585.0,0.046
GJ 581 e,0.007996720434577827,0.5721106158976181,0.02495057968691437,0.0,1.38,0.9419237749546281,15.783,3500.0,0.012
Kepler-1962 b,0.007996253978132032,0.0,0.0,0.0,1.21463929,1.0852994555353903,155.95,5700.0,0.0
Kepler-614 b,0.007995382813166939,0.0,0.0,0.0,2.39,0.46098003629764067,37.2,5268.0,0.0
Kepler-661 b,0.007989667959347801,0.0,0.0,0.0,3.07,0.33212341197822143,45.528,4483.0,0.0
HD 207897 b,0.0079890931439425,0.0,0.0,0.0,2.34302132,1.1415607985480944,26.5,5106.0,0.0
K2-285 b,0.007988729632764898,0.0,0.0,0.0,2.59,0.5571687840290381,234.31,4975.0,0.0
Kepler-1895 b,0.007985371700824109,0.0,0.0,0.0,2.11934728,0.5390199637023594,91.45,5076.0,0.0
HD 97658 b,0.007984700825138483,0.42089621900280816,0.07068440455200167,0.0,2.12,0.8711433756805808,41.924,5212.0,0.05
Kepler-978 b,0.007983208168956646,0.0,0.0,0.0,2.99,0.3448275862068966,20.99,6002.0,0.0
Kepler-1914 b,0.007978252565378065,0.0,0.0,0.0,2.9429803,0.3502722323049002,27.66,5982.0,0.0
Kepler-1553 b,0.007977359203820665,0.0,0.0,0.0,1.15,1.0490018148820328,166.106,5288.0,0.0
K2-233 d,0.007975852710669404,0.41097063774070874,0.05957151252870878,1.2829445088384097e-199,2.363,0.7803992740471869,12.7,4796.0,0.18
Kepler-1017 b,0.007972327252564797,0.0,0.0,0.0,1.99,0.5843920145190563,119.603,5473.0,0.0
Kepler-129 c,0.007972022188467742,0.3481990702634466,0.08559063952555872,0.0,2.52,2.6860254083484576,17.554,5770.0,0.2
Kepler-219 b,0.00797190156155624,0.0,0.0,0.0,2.95,0.3502722323049002,456.732,5786.0,0.0
Kepler-1782 b,0.007966999341549003,0.0,0.0,0.0,2.22927435,0.5045372050816697,86.0,4931.0,0.0
HD 4308 b,0.007966875531148887,0.0,0.0,0.0,4.12,0.2268602540834846,68.8078,5686.0,0.0
HAT-P-22 b,0.00796488349648869,0.21214505265348074,0.07308863599934493,0.0,12.89035,0.3883847549909256,325.569,5302.0,0.02
TOI-178 e,0.007963753882696252,0.2460394380784488,0.04674894480952222,0.0,2.301,0.2871883847549909,21.8202,4316.0,0.00038
Kepler-288 d,0.007963297645135889,0.0,0.0,4.212312166019778e-198,2.67,0.3992740471869329,12.659,5918.0,0.0
Kepler-245 c,0.007960060572761794,0.0,0.0,0.0,2.18,1.705989110707804,25.152,5100.0,0.0
Kepler-675 b,0.007957070834418961,0.0,0.0,0.0,2.44,0.4482758620689656,308.547,4945.0,0.0
Kepler-195 b,0.007956561739805024,0.0,0.0,0.0,2.03,0.5698729582577133,74.148,5329.0,0.0
Kepler-659 b,0.007952797245648242,0.0,0.0,0.0,2.5,0.43375680580762255,21.309,4870.0,0.0
Kepler-165 b,0.007951403042549187,0.0,0.0,0.0,2.32,0.4791288566243195,59.799,5211.0,0.0
Kepler-466 b,0.007951055156200362,0.0,0.0,2.948728844952162e-192,2.85,0.3666061705989111,12.5,5927.0,0.0
Kepler-1681 b,0.00794832349610334,0.0,0.0,5.355117863675375e-20,2.55321772,0.4228675136116153,5.33,5756.4,0.0
Kepler-1113 b,0.007946747036762503,0.0,0.0,0.0,2.81,0.3738656987295826,22.849,5931.0,0.0
Kepler-877 b,0.007945685878927617,0.0,0.0,0.0,2.12,0.5372050816696915,37.81,5261.0,0.0
Kepler-239 b,0.007943662552390898,0.0,0.0,0.0,2.33,0.4754990925589837,34.746,4914.0,0.0
Kepler-1814 b,0.00794064288366187,0.0,0.0,0.0,2.36961357,0.46460980036297644,216.9,4922.0,0.0
Kepler-1921 b,0.007933127875546632,0.0,0.0,0.0,2.89459458,0.35934664246823955,216.2,6120.0,0.0
Kepler-1789 b,0.007932691776205786,0.0,0.0,1.9176626427662808e-15,2.83137505,0.3684210526315789,4.91,5436.0,0.0
Kepler-1294 b,0.007930948432504248,0.0,0.0,2.9650519616180617e-187,3.19,0.31578947368421056,12.362,5776.0,0.0
Kepler-134 c,0.007925422348666694,0.0,0.0,0.0,1.26,1.0617059891107077,128.086,5983.0,0.0
WASP-91 b,0.007924992288319787,0.0,0.0,0.0,11.54527,0.2885662431941924,332.5562,4920.0,0.0
Kepler-479 b,0.007919574334471484,0.0,0.0,0.0,2.12,0.5372050816696915,37.753,5247.0,0.0
Kepler-1985 b,0.007918010164302379,0.0,0.0,0.0,2.27,0.49183303085299457,382.68,5370.0,0.0
Kepler-1081 b,0.00791685806541086,0.0,0.0,0.0,1.01,0.9782214156079855,225.216,5345.0,0.0
Kepler-1927 b,0.007912729814185913,0.0,0.0,0.0,3.40627075,0.29038112522686027,34.7,6056.0,0.0
Kepler-1643 b,0.00790990969261896,0.0,0.0,0.0,2.32,0.4791288566243195,137.753,4916.0,0.0
Kepler-933 b,0.007908885067198529,0.0,0.0,0.0,2.46,0.4428312159709619,61.323,5346.0,0.0
Kepler-261 b,0.00790667974692802,0.0,0.0,0.0,2.18,0.5190562613430127,45.779,5098.0,0.0
Kepler-1590 b,0.00790336560887546,0.0,0.0,0.0,1.14,1.043557168784029,171.478,6053.0,0.0
TOI-1669 c,0.007900604180692578,0.0,0.0,0.0,2.2963977,1.088929219600726,342.997,5497.0,0.0
Kepler-210 b,0.007897444655370121,0.0,0.0,0.0,2.94,0.35208711433756806,122.139,4559.0,0.0
Kepler-647 b,0.007896753561117392,0.0,0.0,0.0,1.17,1.0653357531760437,162.794,6020.0,0.0
Kepler-861 b,0.007895111507546545,0.0,0.0,0.0,2.28,0.49001814882032674,197.29,5047.0,0.0
HD 110113 c,0.007892329613798023,0.3183435455867483,0.08457551958111888,0.0,2.11384817,1.1088929219600727,199.9,5732.0,0.045
HD 21693 b,0.007883988322360171,0.3390173669512276,0.07650798739112523,0.0,2.8,0.3738656987295826,29.2864,5430.0,0.12
eps CrB b,0.007883640109733983,0.229517946179667,0.04915317625687452,0.0,12.7,1.0362976406533575,101.7001,4406.0,0.11
Kepler-1265 b,0.007882882109148457,0.0,0.0,0.0,1.35,0.9691470054446462,58.15,4630.0,0.0
Kepler-892 b,0.00787956085682968,0.0,0.0,0.0,2.81,0.3738656987295826,18.196,4747.0,0.0
Kepler-81 c,0.007878818958574434,0.0,0.0,5.4e-323,2.37,0.32123411978221417,15.62,4385.0,0.0
HD 93385 b,0.00787466436356226,0.20912444450980489,0.09112037185444799,0.0,1.88,0.6297640653357532,281.697,5977.0,0.295
HD 219134 d,0.00787348364672081,0.5489894932996158,0.056980285302124255,1.37045320852192e-13,1.61,0.9250043657961017,4.72,4699.0,0.138
TOI-561 d,0.007866736882368079,0.4034361106438659,0.07415718330927912,0.0,2.615,0.7441016333938294,21.2,5342.0,0.111
Kepler-306 d,0.007863744838033891,0.0,0.0,0.0,2.47,0.44101633393829404,21.983,4954.0,0.0
Kepler-1101 b,0.007861433566758141,0.0,0.0,4.693104755242016e-05,2.47,0.44101633393829404,3.577,5614.0,0.0
Kepler-1738 b,0.007860854097643293,0.0,0.0,0.0,2.82472883,0.37023593466424687,198.67,6063.0,0.0
Kepler-1829 b,0.007859481585994978,0.0,0.0,0.0,2.47887001,0.43920145190562615,129.37,5230.0,0.0
Kepler-224 d,0.007855649690670801,0.0,0.0,0.0,2.3,0.4827586206896552,36.293,5018.0,0.0
Kepler-146 b,0.007854183773363162,0.0,0.0,0.0,3.71,0.2595281306715064,32.89,5948.0,0.0
K2-229 c,0.007853518846246273,0.0,0.0,0.0,2.03,0.925589836660617,66.0,5315.0,0.0
Kepler-790 b,0.007851963354315691,0.0,0.0,0.0,2.18,0.5190562613430127,38.274,5208.0,0.0
Kepler-1332 b,0.007848007319792061,0.0,0.0,0.0,1.37,0.9509981851179674,77.559,5581.0,0.0
Kepler-989 b,0.007844130644849272,0.0,0.0,0.0,2.21,0.5099818511796733,74.35,5074.0,0.0
Kepler-1208 b,0.007843803355962756,0.0,0.0,0.0,2.32,0.4791288566243195,37.664,5001.0,0.0
Kepler-345 c,0.007837799807084316,0.0,0.0,0.0,1.2,0.22141560798548096,25.83,4504.0,0.0
GJ 1132 b,0.007832215279502308,0.5519870137951,0.01771117166212518,0.0,1.19151465,1.0834845735027223,19.3,3229.0,0.0118
K2-138 d,0.00782840581032947,0.3095176449186232,0.07453918897257913,0.0,2.39,0.5626134301270418,160.0,5356.3,0.043
Kepler-660 b,0.007820376024533768,0.0,0.0,0.0,2.57,0.4192377495462795,44.09,4779.0,0.0
Kepler-229 b,0.007819326440318587,0.0,0.0,0.0,2.2,0.5136116152450091,76.217,5120.0,0.0
Kepler-243 b,0.007818103509927465,0.0,0.0,0.0,2.45,0.4446460980036298,115.505,5228.0,0.0
Kepler-938 b,0.007815177533957447,0.0,0.0,1.0116111692475474e-75,2.22,0.5063520871143375,8.57,5533.0,0.0
Kepler-392 c,0.007808935724495964,0.0,0.0,0.0,1.1,1.0272232304900182,185.098,5938.0,0.0
Kepler-242 b,0.007805728630755581,0.0,0.0,0.0,2.61,0.4101633393829401,43.768,5020.0,0.0
K2-182 b,0.007805539344983195,0.30325671778912405,0.06844045520114622,0.0,2.71257333,1.0344827586206897,146.9,5128.0,0.071
TOI-5624 b,0.007804746974762721,0.0,0.0,0.0,2.314,0.7259528130671506,251.103,5327.0,0.0
Kepler-304 d,0.007803939381532423,0.0,0.0,0.0,2.75,0.38294010889292196,33.16,4731.0,0.0
K2-180 b,0.007803277734184904,0.37137428220729957,0.07477159801249045,0.0,2.46597575,0.7549909255898367,48.3,5365.0,0.075
Kepler-499 b,0.007800081539182044,0.0,0.0,0.0,2.17,0.5226860254083484,148.456,5312.0,0.0
Kepler-1688 b,0.0077905574536606065,0.0,0.0,0.0,1.26174569,1.0580762250453721,84.01,4632.11,0.0
Kepler-1911 b,0.007786662387856503,0.0,0.0,0.0,1.011,0.9745916515426498,223.93,5721.0,0.0
Kepler-515 b,0.007785108677253361,0.0,0.0,0.0,1.46,0.8747731397459166,47.97,5293.0,0.0
Kepler-1582 b,0.007784361405859718,0.0,0.0,0.3532350597251859,1.49,0.852994555353902,2.5,3208.0,0.0
Kepler-306 c,0.007781469122394368,0.0,0.0,0.0,2.35,0.47005444646098005,70.449,4954.0,0.0
Kepler-116 b,0.00778056703655908,0.0,0.0,0.0,3.42,0.2885662431941924,594.451,6142.0,0.0
Kepler-244 b,0.007779281842168709,0.0,0.0,0.0,2.76,0.38112522686025413,242.471,5554.0,0.0
Kepler-884 b,0.00776867342840583,0.0,0.0,0.0,1.23,1.0925589836660616,139.5,5715.0,0.0
Kepler-238 f,0.0077495061721175795,0.0,0.0,0.0,2.0,0.308529945553539,35.869,5800.0,0.0
Kepler-225 b,0.007746262729052101,0.0,0.0,0.0,1.2,1.0798548094373865,38.883,3682.0,0.0
Kepler-1110 b,0.00774576803114369,0.0,0.0,0.0,2.66,0.4010889292196007,43.136,4781.0,0.0
Kepler-156 b,0.007742852124137231,0.0,0.0,0.0,2.3,0.4827586206896552,135.077,5094.0,0.0
TOI-3593 b,0.007742039662932585,0.1764338730171611,0.07971362932092285,0.0,11.02963701,0.4192377495462795,308.0,5550.0,0.105
Kepler-369 b,0.007738585085643214,0.0,0.0,0.0,1.13,1.043557168784029,40.295,3591.0,0.0
Kepler-417 b,0.00773808787465371,0.0,0.0,0.0,2.31,0.8892921960072596,43.624,5177.0,0.0
Kepler-990 b,0.007735904151853763,0.0,0.0,0.0,2.6,0.411978221415608,108.3,5948.0,0.0
Kepler-665 b,0.0077331654939330795,0.0,0.0,0.0,2.6,0.411978221415608,20.719,4913.0,0.0
TOI-5126 b,0.007731621759235557,0.0,0.0,0.0,4.74,0.18874773139745918,467.0,6150.0,0.0
Kepler-742 b,0.007730499285064449,0.0,0.0,0.0,3.24,0.3103448275862069,38.101,4642.0,0.0
Kepler-1077 b,0.007725586007694438,0.0,0.0,0.0,2.77,0.3793103448275862,26.928,5816.0,0.0
Kepler-1930 b,0.007724808795804963,0.0,0.0,0.0,1.52955541,0.8221415607985482,31.6,5083.0,0.0
Kepler-561 c,0.007718802009719025,0.0,0.0,0.0,2.68,0.39564428312159716,183.166,5646.0,0.0
Kepler-475 b,0.0077163564962351265,0.0,0.0,0.0,2.49,0.4373865698729583,215.462,5009.0,0.0
Kepler-502 b,0.007714793745233992,0.0,0.0,0.0,4.77,0.1869328493647913,859.509,6125.0,0.0
Kepler-1987 d,0.007713919286248384,0.0,0.0,0.0,2.66,0.4010889292196007,72.38,4769.0,0.0
TOI-1246 c,0.007713004155530609,0.0,0.0,0.0,2.45109846,0.6152450090744103,129.0,5213.0,0.0
Kepler-1057 b,0.007712120130211367,0.0,0.0,0.0,3.36,0.29401088929219604,69.213,5987.0,0.0
Kepler-1748 b,0.007711927702757271,0.0,0.0,0.0,2.71275017,0.39019963702359345,196.33,5774.0,0.0
TOI-1233.01,0.007709689567951879,0.3552825072164877,0.08265213442323438,0.0,2.539,0.4246823956442831,53.8795,5660.0,0.055
HD 39194 d,0.007709602569011039,0.4281823837973062,0.07049740877276024,1.8532911934088277e-119,2.12,0.5408348457350273,10.2669,5205.0,0.159
KOI-7368 b,0.007705966718125949,0.0,0.0,0.0,2.22,0.5063520871143375,99.24,5241.0,0.0
Kepler-1230 b,0.007705834881093368,0.0,0.0,0.0,2.71,0.39019963702359345,153.933,5961.0,0.0
TOI-1803 b,0.007705546470374715,0.0,0.0,0.0,2.99,0.39025589836660624,58.0,4687.0,0.0
GJ 86 b,0.0077054124504577,0.32543930556746214,0.06988299406955119,0.0,12.9,0.6533575317604357,33.7048,5182.0,0.04
Kepler-1494 b,0.007697072821289941,0.0,0.0,1.265176893220121e-88,3.07,0.33212341197822143,9.113,5659.0,0.0
TOI-763 b,0.007694762364868358,0.3210920979695277,0.0770422610460969,0.0,2.28,0.8185117967332123,182.935,5450.0,0.04
Kepler-1733 b,0.007694616691378886,0.0,0.0,0.0,3.63582354,0.26497277676951,257.11,6320.0,0.0
Kepler-1102 b,0.007687669843406315,0.0,0.0,0.0,2.66,0.4010889292196007,22.981,5724.0,0.0
Kepler-1872 b,0.0076828123180478275,0.0,0.0,0.0,2.38421141,0.4627949183303085,241.25,5223.0,0.0
Kepler-192 c,0.007681486289727632,0.0,0.0,0.0,2.79,0.3756805807622504,38.216,5479.0,0.0
Kepler-99 b,0.007680526285262161,0.0,0.0,0.0,1.48,1.9782214156079856,108.042,4782.0,0.0
Kepler-304 b,0.007679180443253436,0.0,0.0,0.0,2.86,0.36479128856624315,139.146,4731.0,0.0
Kepler-250 c,0.007676196003397192,0.0,0.0,0.0,2.28,0.49001814882032674,71.499,5160.0,0.0
Kepler-272 d,0.007671395914668408,0.0,0.0,0.0,2.25,0.4972776769509982,141.135,5297.0,0.0
Kepler-956 b,0.007667656720686609,0.0,0.0,0.0,3.0,0.3430127041742287,307.058,6040.0,0.0
Kepler-750 b,0.007661724302935316,0.0,0.0,0.0,3.07,0.33212341197822143,255.74,6160.0,0.0
Kepler-292 d,0.007658689764039949,0.0,0.0,0.0,2.23,0.5027223230490019,103.005,5299.0,0.0
Kepler-257 c,0.007658478523686576,0.0,0.0,0.0,5.41,0.1588021778584392,88.6,5180.0,0.0
Kepler-1702 b,0.007654518561789712,0.0,0.0,0.0,1.60190793,0.7767695099818512,22.4,5093.0,0.0
gam Lib c,0.007654469951027506,0.36073863143278684,0.061788748196817705,1.517377928683802e-280,12.8,0.7912885662431943,14.6916,4879.0,0.065
Kepler-121 b,0.007653710921843145,0.0,0.0,0.0,2.34,0.47368421052631576,220.489,5311.0,0.0
Kepler-907 b,0.007650496345819108,0.0,0.0,0.0,1.2,1.0798548094373865,137.66,6106.0,0.0
Kepler-1693 b,0.007649589338523458,0.0,0.0,0.0,1.28938413,1.029038112522686,100.37,5432.34,0.0
Kepler-1439 b,0.0076465818277856815,0.0,0.0,7.563869683163077e-88,1.46,0.8747731397459166,9.081,3578.0,0.0
Kepler-191 d,0.007643602524145069,0.0,0.0,0.0,2.28,0.49001814882032674,99.6,5215.0,0.0
Kepler-1983 b,0.007638307937605561,0.0,0.0,0.0,2.33,0.4754990925589837,100.13,5135.0,0.0
Kepler-1749 b,0.007634513964512362,0.0,0.0,2.8019104169229763e-50,1.61301783,0.7676950998185119,7.34,3957.0,0.0
K2-101 b,0.007626325488845379,0.4143990479319604,0.06307100496873445,0.0,2.0,0.5807622504537205,20.1207,4927.0,0.1
Kepler-1692 b,0.007625995128503713,0.0,0.0,0.0,1.11177184,1.030852994555354,153.48,5146.0,0.0
Kepler-319 c,0.007620106173513158,0.0,0.0,0.0,2.63,0.4065335753176044,136.343,5526.0,0.0
Kepler-257 b,0.007618190874312151,0.0,0.0,0.0,2.61,0.4101633393829401,343.6,5180.0,0.0
Kepler-246 b,0.007615786604831649,0.0,0.0,0.0,2.34,0.47368421052631576,141.613,5206.0,0.0
TOI-237 b,0.007615144394529972,0.0,0.0,9.14226747217605e-06,1.44,0.8911070780399275,3.7,3212.0,0.0
TOI-1533 b,0.007614830690242903,0.0,0.0,0.0,2.89,1.1796733212341197,173.908,5146.0,0.0
TOI-1798.01,0.007614012759854106,0.0,0.0,0.0,2.448,0.47368421052631576,69.26,5165.0,0.0
Kepler-250 b,0.0076110286130583885,0.0,0.0,0.0,1.13,1.043557168784029,148.103,5160.0,0.0
TOI-220 b,0.0076107858644325335,0.31518700608933164,0.07298178126835263,0.0,3.03,0.49546279491833034,137.7252,5298.0,0.032
Kepler-1878 b,0.007608663993397303,0.0,0.0,0.0,2.92019781,0.35571687840290384,302.6,5918.0,0.0
Kepler-1170 b,0.007596226986909442,0.0,0.0,0.0,2.41,0.455535390199637,69.537,5069.0,0.0
Kepler-1792 b,0.007594549802374186,0.0,0.0,0.0,2.51990972,0.4301270417422868,283.78,5229.0,0.0
TOI-4336 A c,0.007592828220337683,0.0,0.0,1.7637698980891704e-09,1.251,0.7894736842105263,4.24,3307.0,0.0
Kepler-1134 b,0.007591920236969425,0.0,0.0,0.0,2.64,0.4047186932849365,29.864,5281.0,0.0
WASP-43 b,0.007580947980596255,0.0,0.0,0.0,10.424,0.5333938294010889,680.8953,4400.0,0.0
Kepler-1263 b,0.007580584245216331,0.0,0.0,0.0,1.14,1.043557168784029,144.813,5213.0,0.0
Kepler-1150 b,0.007577145449902104,0.0,0.0,0.0,1.02,0.9782214156079855,153.741,4754.0,0.0
TOI-1180 b,0.007560313794516897,0.0,0.0,0.0,3.072,0.3502722323049002,36.97,4738.0,0.0
TOI-1117 c,0.007546522858858641,0.0,0.0,0.0,2.91,0.35571687840290384,355.0,5635.0,0.0
Kepler-80 c,0.0075426889417673695,0.3575942607735835,0.0527328097451396,0.0,2.74,0.22141560798548096,36.482,4540.0,0.0079
Kepler-263 b,0.007531307347385218,0.0,0.0,0.0,2.67,0.3992740471869329,24.308,5265.0,0.0
Kepler-330 b,0.007518154875684237,0.0,0.0,0.0,1.35,0.9691470054446462,66.578,5117.0,0.0
Kepler-275 c,0.007513128977610651,0.0,0.0,0.0,3.38,0.29401088929219604,146.5,6165.0,0.0
Kepler-972 b,0.007512690474454232,0.0,0.0,0.0,4.65,0.1941923774954628,266.514,6146.0,0.0
Kepler-207 d,0.007511974474765056,0.0,0.0,0.0,3.31,0.30308529945553536,732.604,5920.0,0.0
Kepler-986 b,0.007510018809519524,0.0,0.0,5.195553397448428e-137,2.36,0.4682395644283122,10.857,5642.0,0.0
Kepler-294 c,0.0075090407753668365,0.0,0.0,0.0,2.71,0.39019963702359345,151.491,5913.0,0.0
TOI-5624 c,0.007504229226934217,0.0,0.0,0.0,2.474,0.3121597096188748,96.429,5327.0,0.0
EPIC 220674823 c,0.00749928416383198,0.2726828309079615,0.08046161243787425,0.0,2.712,0.42397803992740474,70.0,5578.0,0.18
Kepler-736 b,0.007490323971032033,0.0,0.0,0.0,2.93,0.35390199637023595,233.031,5217.0,0.0
HD 219134 f,0.007488805492573894,0.45984205801423095,0.05698028530212382,6.248684299373836e-188,1.31,0.7752117805089981,12.38,4699.0,0.148
Kepler-672 b,0.007468423661316655,0.0,0.0,0.0,2.5,0.43375680580762255,16.36,5627.0,0.0
Kepler-249 d,0.0074672713123871085,0.0,0.0,2.243237245435495e-11,1.57,0.7967332123411978,4.474,3568.0,0.0
TOI-1052 b,0.007466763305033926,0.22474294085997848,0.09563498423891105,0.0,2.87,0.7132486388384756,246.0,6146.0,0.18
Kepler-53 b,0.007461739707811117,0.0,0.0,0.0,2.89,0.21415607985480944,60.997,5858.0,0.0
HD 66141 b,0.007460423435327063,0.23697744630395334,0.046935940588765254,0.0,12.8,0.9074410163339384,120.6806,4323.0,0.07
Kepler-295 c,0.007448846007384911,0.0,0.0,0.0,1.17,1.0653357531760437,141.4,5603.0,0.0
K2-233 c,0.007446091739974223,0.0,0.0,0.0,1.272,2.250453720508167,66.2,4796.0,0.0
Kepler-1053 b,0.007443773903455275,0.0,0.0,0.0,0.98,0.958257713248639,139.818,4529.0,0.0
Kepler-48 c,0.007442734276112576,0.0,0.0,0.0,2.71,0.7277676950998185,67.593,5194.0,0.0
LHS 1815 b,0.007428385354948991,0.0,0.0,0.0,1.088,1.2159709618874774,26.3712,3643.0,0.0
Kepler-1500 b,0.007426496023005042,0.0,0.0,0.0,1.2,1.0798548094373865,131.818,5845.0,0.0
Kepler-721 b,0.0074168849065755806,0.0,0.0,0.0,2.64,0.4047186932849365,138.751,5075.0,0.0
HIP 105854 b,0.007412195019054442,0.31114344411027733,0.0591440936047392,0.0,12.6,1.2994555353901998,71.2902,4780.0,0.02
Kepler-1156 b,0.0074064978206790375,0.0,0.0,0.0,1.32,0.9981851179673321,83.014,5778.0,0.0
Kepler-1029 b,0.007400273332847665,0.0,0.0,0.0,1.26,1.0617059891107077,92.16,5030.0,0.0
K2-114 b,0.007399261906813837,0.28510977592409514,0.062323021851782165,0.0,10.59248676,0.5372050816696915,40.0,4899.0,0.079
Kepler-282 b,0.007392803258464,0.0,0.0,0.0,1.01,0.9782214156079855,195.935,5602.0,0.0
Kepler-138 c,0.00739002376541618,0.6626944693738317,0.034059945504083367,8.872669288767053e-41,1.51,0.6533575317604357,6.8,3841.0,0.017
Kepler-385 d,0.007387383226808474,0.0,0.0,2.56672766334696e-294,2.6186448,0.40834845735027225,15.0,5829.0,0.0
Kepler-931 b,0.007387012094417092,0.0,0.0,0.0,1.33,0.987295825771325,72.44,5241.0,0.0
Kepler-1254 d,0.007378376358192253,0.0,0.0,0.0,1.31,1.0072595281306715,71.31,4985.0,0.0
TOI-1453 c,0.0073618437373968205,0.0,0.0,0.0,2.224,0.26717513611615246,75.3,4975.0,0.0
Kepler-192 d,0.007361428803966422,0.0,0.0,0.0,1.02,0.9782214156079855,186.076,5487.0,0.0
Kepler-835 b,0.007357825731501337,0.0,0.0,0.0,2.79,0.3756805807622504,170.33,5954.0,0.0
Kepler-94 b,0.007354321267797296,0.0,0.0,0.0,3.51,0.2631578947368421,216.094,4781.0,0.0
Kepler-1758 b,0.007349378272178715,0.0,0.0,0.0,2.57059831,0.4192377495462795,93.64,5557.0,0.0
Kepler-48 d,0.007341836275025292,0.0,0.0,4.219471324121759e-93,2.04,0.9219600725952813,9.292,5194.0,0.0
Kepler-1819 b,0.007340206278547638,0.0,0.0,0.0,3.90351256,0.24319419237749548,78.99,6090.0,0.0
Kepler-925 b,0.0073373540406098505,0.0,0.0,2.94125647897737e-26,2.34,0.47368421052631576,5.833,4673.0,0.0
Kepler-1080 b,0.007306617426862209,0.0,0.0,0.0,3.28,0.30490018148820325,55.45,5956.0,0.0
K2-130 b,0.007295790264016749,0.28620315198395807,0.04783004755035138,0.0,1.25,1.0725952813067152,136.4,4356.47,0.17
Kepler-265 e,0.007293536143602891,0.0,0.0,5.699414549024134e-122,2.59,0.41379310344827586,10.354,5835.0,0.0
GJ 411 b,0.007290232793800356,0.6559983441120777,0.03080087620879151,0.005798967243527803,1.45,0.8802177858439201,3.13,3719.0,0.063
Kepler-804 c,0.007286383066596701,0.0,0.0,0.0,1.14,1.043557168784029,141.839,5817.0,0.0
K2-39 b,0.007283953305753112,0.0,0.0,0.0,6.27704,0.16878402903811254,1356.0,4881.0,0.0
Kepler-1064 b,0.007278730866670072,0.0,0.0,0.0,1.55,0.809437386569873,24.87,5153.0,0.0
LHS 1903 e,0.007275920964884545,0.7974693318104629,0.029331623657635503,0.9788964431621685,1.732,1.1070780399274047,2.05,3664.0,0.014
Kepler-57 b,0.00727115284197972,0.36454972223165,0.07004060479776786,0.0,3.135,0.8105315789473684,124.349,5187.9,0.0162
TOI-771 b,0.007267492241835214,0.5210067587215452,0.02147780092963539,6.7171271409043064e-251,1.36,0.9800362976406535,14.0,3370.0,0.055
Kepler-1456 b,0.00726629841733278,0.0,0.0,2.86069675688772e-68,1.14,1.043557168784029,8.234,4231.0,0.0
Kepler-156 c,0.007255340425962448,0.0,0.0,0.0,2.55,0.4228675136116153,28.642,5094.0,0.0
HD 64121 b,0.007248828939908457,0.3335534077160174,0.06710477106372427,2.0349678766440604e-58,13.2,0.35208711433756806,7.7628,5078.0,0.11
EPIC 211822797 b,0.007240539486007571,0.6081129620846388,0.0398301009777154,0.00011997239318363755,1.92,0.6134301270417423,3.5,4057.0,0.06
Kepler-1389 b,0.007232003995424226,0.0,0.0,0.9685200262803172,1.77,0.6805807622504537,1.871,5078.0,0.0
Kepler-953 c,0.007224625183906984,0.0,0.0,0.0,1.19,1.0707803992740472,121.04,5416.0,0.0
Kepler-619 d,0.007222904991899235,0.0,0.0,0.0,4.17,0.22323049001814882,112.07,6122.0,0.0
TOI-763 c,0.007222695750820664,0.3656000873626653,0.07704226104609348,0.0,2.63,0.5117967332123412,64.3196,5450.0,0.04
HD 15337 c,0.0072211689326952665,0.33222313189898484,0.06852059624938563,0.0,2.526,0.41796733212341197,45.0685,5131.0,0.096
Kepler-694 b,0.0071921342862305854,0.0,0.0,0.0,2.8,0.3756805807622504,206.438,5700.0,0.0
KOI-3503 c,0.007182728495351665,0.0,0.0,0.0,1.21,1.8148820326678767,52.5,6001.0,0.0
Kepler-353 b,0.007175144468585894,0.0,0.0,0.0,0.89,0.9056261343012705,27.189,3903.0,0.0
TIC 139270665 b,0.007167959021533627,0.2822305152134843,0.08756745204892007,0.0,7.22979255,0.38656987295825773,40.3,5844.0,0.105
Kepler-28 c,0.007153673693532557,0.43719607127490884,0.051645562857285505,0.0,1.857,0.32020998185117966,35.898,4499.3,0.017
Kepler-1199 b,0.007152882109267283,0.0,0.0,0.0,1.15,1.0490018148820328,131.7,5889.0,0.0
TOI-1736 b,0.007151585400970031,0.0,0.0,0.0,3.18175535,0.3793103448275862,329.6,5636.0,0.0
Kepler-836 b,0.007147402724984008,0.0,0.0,0.0,2.73,0.38656987295825773,135.797,5895.0,0.0
Kepler-285 c,0.007140544669072796,0.0,0.0,0.0,1.12,1.0362976406533575,137.068,5411.0,0.0
Kepler-232 b,0.007124577614003546,0.0,0.0,0.0,3.08,0.33030852994555354,410.583,5847.0,0.0
Kepler-1953 b,0.0071147954686539144,0.0,0.0,0.0,1.28574667,1.032667876588022,67.62,4858.0,0.0
DMPP-4 b,0.007114460997934299,0.16547583011432704,0.10242025965697181,0.0,3.53,0.27586206896551724,1222.8464,6400.0,0.063
Kepler-1759 b,0.007111837007811728,0.0,0.0,0.0,0.9037791,0.912885662431942,195.7,5017.0,0.0
HD 156098 b,0.007098999457473003,0.17705936107647888,0.10293289522890918,0.0,4.12,0.2268602540834846,416.9726,6419.19,0.109
Kepler-1783 b,0.007094031680632694,0.0,0.0,0.0,1.31946731,0.9981851179673321,65.5,5129.0,0.0
Kepler-751 b,0.007091718582142172,0.0,0.0,0.0,2.46,0.4428312159709619,39.01,5387.0,0.0
Kepler-495 c,0.007088521469975692,0.0,0.0,0.0,1.21936414,1.088929219600726,108.13,5392.0,0.0
Kepler-1790 b,0.007088030234410287,0.0,0.0,0.0,3.1446145,0.32123411978221417,49.2,5866.0,0.0
Kepler-282 c,0.0070879556057436765,0.0,0.0,0.0,1.2,1.0798548094373865,116.117,5602.0,0.0
TOI-2141 b,0.007087390306979654,0.2960169024632685,0.08198429235452963,0.0,3.147,0.6424682395644283,47.3,5635.0,0.21
Kepler-234 c,0.00707892091360263,0.0,0.0,0.0,3.51,0.279491833030853,273.304,6224.0,0.0
Kepler-669 b,0.007077075939933855,0.0,0.0,0.0,4.83,0.18330308529945555,826.765,6038.0,0.0
Kepler-1869 b,0.007072444214060987,0.0,0.0,0.0,1.11955354,1.0381125226860255,138.5,5808.0,0.0
Kepler-164 c,0.007070836597847341,0.0,0.0,0.0,2.73,0.38656987295825773,131.487,5888.0,0.0
Kepler-171 c,0.007069522604842337,0.0,0.0,0.0,2.56,0.42105263157894735,78.905,5642.0,0.0
Kepler-373 c,0.007067470469090026,0.0,0.0,0.0,1.24,1.0834845735027223,103.756,5787.0,0.0
HD 77946 b,0.007059194517040915,0.18537003308260797,0.0919217823368946,0.0,2.89646124,0.4428312159709619,413.1008,6007.0,0.211
Kepler-1906 b,0.007055982685814448,0.0,0.0,0.0,2.77615754,0.3793103448275862,155.72,5868.0,0.0
Kepler-27 d,0.007047825366775948,0.0,0.0,0.0,2.7061946,0.3920145190562614,88.2,5251.0,0.0
Kepler-1887 b,0.007045980352125587,0.0,0.0,0.0,2.92454357,0.35390199637023595,36.14,5749.0,0.0
HD 134606 f,0.007037771853802208,0.37448383919302486,0.08040818507237835,0.0,2.24,0.49909255898366606,36.479,5576.0,0.081
HD 20781 b,0.007036700665294384,0.30605840863187567,0.07185980659292869,0.0,1.21,1.087114337568058,175.0994,5256.0,0.1
HD 260655 b,0.0070327697110322065,0.45031657822375093,0.033044825559649854,0.0,1.24,1.1252268602540836,42.2,3803.0,0.039
Kepler-1642 c,0.00703147811979735,0.0,0.0,0.0,2.66,0.4010889292196007,89.632,5355.0,0.0
Kepler-172 c,0.007028967361970842,0.0,0.0,0.0,2.86,0.36479128856624315,227.225,5526.0,0.0
Kepler-241 c,0.007026931574138309,0.0,0.0,6.919477129277378e-27,2.57,0.4192377495462795,5.88,4699.0,0.0
GJ 15 A b,0.007021289255814935,0.5731472472414066,0.02780894374098188,1.0937595127631022e-09,1.55,0.8112522686025408,4.2691,3607.0,0.094
Kepler-1026 b,0.007006019260278224,0.0,0.0,2.300144140587507e-28,2.21,0.5099818511796733,5.988,4948.0,0.0
Kepler-1299 b,0.007003480290280387,0.0,0.0,0.0,2.98,0.3448275862068966,45.146,5609.0,0.0
KOI-142 b,0.007001220594373414,0.2942973929903794,0.0774696799700614,0.0,3.438,0.2341197822141561,68.563,5466.0,0.05561
HD 23472 b,0.006998252295660247,0.4781515572553252,0.05657958006090111,0.0,2.0,1.1161524500907443,16.0,4684.0,0.072
Kepler-1010 b,0.00697328753265715,0.0,0.0,1.0867311305255182e-116,2.32,0.4791288566243195,10.17,5253.0,0.0
Kepler-934 b,0.006962505797814126,0.0,0.0,1.494864139636898e-13,2.09,0.5480943738656987,4.716,5001.0,0.0
TOI-1443 b,0.006960094337144738,0.0,0.0,0.0,2.30381001,2.540834845735027,16.8576,5224.0,0.0
TOI-771 c,0.006957110866468317,0.6437295536846974,0.021477800929634916,0.01759621702574324,1.5,0.8475499092558983,3.0,3370.0,0.065
Kepler-353 c,0.006955354409061955,0.0,0.0,0.0,1.38,0.9419237749546281,16.561,3903.0,0.0
Kepler-109 c,0.006941546078962259,0.29064451781672973,0.09039910242024066,0.0,2.65,0.4355716878402904,91.0,5950.0,0.098
Kepler-1902 b,0.00694077033112374,0.0,0.0,0.0,1.17563613,1.0671506352087115,30.84,3729.0,0.0
Kepler-1924 b,0.006939089406244118,0.0,0.0,0.0,2.65446572,0.4010889292196007,107.44,5726.0,0.0
Kepler-335 b,0.006939013171757909,0.0,0.0,0.0,3.39,0.29219600725952816,721.124,5877.0,0.0
Kepler-1680 b,0.006932881970502002,0.0,0.0,0.0,1.35954736,0.9600725952813067,49.0,5021.0,0.0
HD 219134 c,0.006932511322570819,0.38537500250578083,0.056980285302126656,0.0,1.511,1.2613430127041743,62.1,4699.0,0.062
Kepler-603 b,0.006926000537346041,0.0,0.0,0.0,2.65,0.40290381125226865,97.8,5808.0,0.0
Kepler-1273 b,0.006917916151349958,0.0,0.0,8.669505146554644e-289,2.49,0.4373865698729583,14.877,5566.0,0.0
HD 18742 b,0.0069132212994144375,0.45361169566801274,0.06341828284446077,4.164407451446968e-09,13.1,0.4791288566243195,4.1964,4940.0,0.04
Kepler-226 d,0.006906436944496987,0.0,0.0,0.0,1.22,1.087114337568058,103.645,5571.0,0.0
Kepler-1843 b,0.006897046553373268,0.0,0.0,0.0,2.70909809,0.3920145190562614,111.8,5422.0,0.0
HD 39855 b,0.006890265937580658,0.2096402182163687,0.08040818507237753,0.0,2.85,0.3666061705989111,287.2,5576.0,0.14
HD 189567 b,0.006883957378703756,0.2206546339813391,0.0844152374846216,0.0,2.85,0.3666061705989111,171.2523,5726.0,0.189
Kepler-437 b,0.006876122971512455,0.7421757893281982,0.05302666025537355,0.892239431678891,2.14,0.5317604355716878,2.15,4551.0,0.02
Kepler-1234 b,0.006876102314693807,0.0,0.0,0.0,2.81,0.3738656987295826,40.12,4967.0,0.0
Kepler-205 c,0.006865411208616739,0.0,0.0,1.227505984443902e-46,1.64,0.7531760435571688,7.14,4321.0,0.0
Kepler-545 b,0.006854610990422603,0.0,0.0,0.0,2.69,0.3938294010889292,101.143,5882.0,0.0
Kepler-216 c,0.00684713661188744,0.0,0.0,0.0,3.04,0.3357531760435572,182.057,6091.0,0.0
Kepler-1116 b,0.0068453269589647805,0.0,0.0,0.0,2.54,0.4246823956442831,15.793,5641.0,0.0
Kepler-837 b,0.00684020568734527,0.0,0.0,0.0,2.56,0.42105263157894735,55.966,5403.0,0.0
Kepler-59 b,0.006840123246587425,0.0,0.0,0.0,1.1,1.5789473684210527,187.51,6074.0,0.0
TOI-6695 c,0.00683668814826909,0.4108083841220835,0.10242025965696458,9.35937599627922e-16,13.6,0.18330308529945555,4.9413,6400.0,0.022
Kepler-532 b,0.006836559959715875,0.0,0.0,0.0,2.57,0.4192377495462795,34.089,5192.0,0.0
Kepler-1955 b,0.006833987391025104,0.0,0.0,0.0,1.16654878,1.0617059891107077,114.3,5825.0,0.0
Kepler-1734 b,0.006833325054611517,0.0,0.0,0.0,3.08851092,0.33030852994555354,222.91,6061.0,0.0
Gl 725 A b,0.006828268987656221,0.0,0.0,0.0006054761659469153,1.48,0.8548094373865699,3.3572,3433.0,0.0
Kepler-162 c,0.006820507425729389,0.0,0.0,0.0,3.03,0.3375680580762251,77.052,5816.0,0.0
Kepler-1157 b,0.006818801154287509,0.0,0.0,0.0,1.09,1.0163339382940109,95.443,4679.0,0.0
Kepler-1959 b,0.006810384638176797,0.0,0.0,0.0,1.14315727,1.0490018148820328,102.25,5071.0,0.0
Kepler-249 b,0.006807723152220497,0.0,0.0,0.0,1.09,1.0163339382940109,24.26,3568.0,0.0
K2-21 c,0.0068068355016711254,0.47083646926442874,0.0442394614521512,2.0181365605608135e-17,2.49,0.9800362976406535,5.1,4222.06,0.21
Kepler-1129 b,0.006801639190952229,0.0,0.0,0.0,2.96,0.3484573502722323,32.265,5831.0,0.0
Kepler-386 b,0.006796943184809577,0.0,0.0,0.0,1.39,0.9328493647912885,43.262,5178.0,0.0
HD 136352 d,0.006795095105908758,0.0,0.0,4.971956379631861e-25,2.562,0.5223426497277678,5.74,5664.0,0.0
Kepler-464 b,0.006776199735447612,0.0,0.0,0.0,3.3,0.30308529945553536,495.005,5933.0,0.0
Kepler-253 c,0.006774162044616691,0.0,0.0,0.0,2.65,0.40290381125226865,51.273,5208.0,0.0
HIP 97166 b,0.006766035978640799,0.4020779700967372,0.07079125928299612,1.5900098401782778e-87,2.4801338,1.2450090744101634,9.0686,5216.0,0.29
Kepler-104 c,0.0067605197451093306,0.0,0.0,0.0,3.13,0.5435308529945554,45.438,5711.0,0.0
TOI-4495 c,0.006757868188124894,0.24869805027537198,0.09734465993479664,0.0,4.03,0.3448275862068966,346.626,6210.0,0.023
HD 96700 c,0.006750634871847473,0.2855743882013176,0.0875941657316729,0.0,1.69,0.7223230490018149,69.413,5845.0,0.293
Kepler-1052 b,0.006748509455958973,0.0,0.0,0.0,2.93,0.35390199637023595,20.976,5888.0,0.0
Kepler-1669 d,0.006747912124321355,0.0,0.0,0.0,1.22,1.087114337568058,47.3,4224.0,0.0
Kepler-1799 b,0.006739215161075425,0.0,0.0,0.0,4.12801189,0.2250453720508167,83.04,5831.0,0.0
Kepler-1926 b,0.006734118338033246,0.0,0.0,1.99912871564523e-106,2.31495961,0.4791288566243195,9.8,5256.0,0.0
Kepler-818 b,0.006725925619030421,0.0,0.0,0.0,5.11,0.17114337568058077,100.779,5638.0,0.0
K2-128 b,0.006720988936899908,0.3054329340364378,0.0508497622482182,0.0,1.42,0.9056261343012705,68.8,4469.51,0.23
Kepler-1989 b,0.006708942220548635,0.0,0.0,0.0,4.62,0.1960072595281307,157.97,6032.0,0.0
K2-122 b,0.0067042640111606945,0.30615464946468174,0.03854784420579958,0.0,1.16,1.0544464609800364,79.9,4009.0,0.21
Kepler-1728 b,0.006700096079190771,0.0,0.0,0.0,2.95501875,0.3502722323049002,145.48,5170.0,0.0
Kepler-357 c,0.006699309347354343,0.0,0.0,0.0,2.67,0.3992740471869329,19.404,5036.0,0.0
Kepler-11 g,0.00668280338826845,0.47099540660314815,0.08273227547148154,7.180999309265058e-24,3.33,0.7259528130671506,5.65,5663.0,0.15
Kepler-1844 b,0.006680702181936205,0.0,0.0,0.0,3.03648191,0.3375680580762251,314.25,5776.0,0.0
Kepler-169 c,0.006680565973178402,0.0,0.0,0.0,1.21,1.0816696914700545,82.853,4997.0,0.0
KOI-3503 b,0.006678369139032813,0.0,0.0,0.0,1.19,1.8148820326678767,90.2,6001.0,0.0
HD 63935 b,0.006673544429455969,0.0,0.0,0.0,2.91575244,0.42105263157894735,115.6,5513.0,0.0
Kepler-799 c,0.006673095633543894,0.0,0.0,0.0,2.78068551,0.37749546279491836,150.25,5588.0,0.0
Kepler-1801 b,0.006670768969430964,0.0,0.0,0.0,2.70926154,0.3920145190562614,111.52,5738.0,0.0
Kepler-1451 b,0.006658519577632832,0.0,0.0,0.0,3.35,0.29764065335753176,18.751,5782.0,0.0
Kepler-963 b,0.0066395863653584825,0.0,0.0,0.0,2.66,0.4010889292196007,83.494,5461.0,0.0
Kepler-620 b,0.006630972244313853,0.0,0.0,0.0,3.32,0.29945553539019965,219.051,6155.0,0.0
TYC 3667-1280-1 b,0.006630835624452957,0.19543109907986767,0.06849388256664227,0.0,12.8,0.8166969147005445,543.953,5130.0,0.036
TOI-1453 b,0.006625552262130553,0.0,0.0,0.0,1.173,1.4909778584392013,132.6,4975.0,0.0
Kepler-1874 b,0.006623521170339303,0.0,0.0,2.654688589669422e-06,2.21110724,0.5099818511796733,3.79,4701.0,0.0
Kepler-186 b,0.00661458427883767,0.0,0.0,0.0,1.07,1.0090744101633393,37.372,3788.0,0.0
Kepler-942 b,0.006600577166585916,0.0,0.0,6.307926006195286e-16,2.13,0.5353901996370236,4.957,4861.0,0.0
Kepler-29 c,0.006597479077489242,0.0,0.0,0.0,2.34,0.3466424682395644,34.4,5378.0,0.0
Kepler-689 b,0.0065943525007693266,0.0,0.0,0.0,2.89,0.35934664246823955,35.337,5518.0,0.0
Kepler-259 b,0.006592826333092687,0.0,0.0,0.0,2.8,0.3756805807622504,113.451,5938.0,0.0
WASP-145 A b,0.006579593364622494,0.0,0.0,0.0,10.0881,0.29038112522686027,313.4012,4900.0,0.0
Kepler-2000 c,0.006572501299171139,0.0,0.0,3.798794005743106e-07,1.57,0.7967332123411978,3.92,3757.0,0.0
GJ 9827 c,0.006565498102270721,0.0,0.0,0.0,1.13,1.2961887477313976,73.0,4236.0,0.0
K2-91 b,0.006561919790754616,0.3952398985040523,0.028209648982207344,0.0,1.1,1.0272232304900182,46.0,3622.0,0.09
Kepler-325 b,0.006558457149173221,0.0,0.0,0.0,2.91,0.35571687840290384,210.554,5752.0,0.0
Kepler-1481 b,0.006545045252599573,0.0,0.0,0.0,1.23,1.0925589836660616,71.94,4908.0,0.0
WASP-53 b,0.0065401422168257515,0.21766473648145518,0.06376556072018966,0.0,12.038466,0.41379310344827586,241.6656,4953.0,0.03
TOI-2076 b,0.0065340397990785205,0.3923833215135313,0.07001656248328966,0.0,2.59,0.37749546279491836,49.4,5187.0,0.0114
Kepler-369 c,0.0065230929422018975,0.0,0.0,3.1359698019218737e-09,1.41,0.9147005444646098,4.21,3591.0,0.0
Kepler-312 c,0.006506717338164792,0.0,0.0,0.0,3.15,0.32304900181488205,165.824,6115.0,0.0
Kepler-979 b,0.006503959462809582,0.0,0.0,0.0,2.72,0.3883847549909256,77.841,5310.0,0.0
Kepler-191 b,0.006500512395838518,0.0,0.0,0.0,1.34,0.9782214156079855,50.2,5282.0,0.0
Kepler-668 b,0.006497549178587712,0.0,0.0,0.0,2.7,0.3920145190562614,77.619,5352.0,0.0
Kepler-104 d,0.006495473601414427,0.0,0.0,0.0,3.58,0.30282050816696915,16.012,5711.0,0.0
Kepler-729 b,0.006490722245741485,0.0,0.0,0.0,3.58,0.2722323049001815,1089.549,5633.0,0.0
Kepler-555 b,0.006490688668505286,0.0,0.0,0.0,2.83,0.37023593466424687,129.374,5894.0,0.0
Kepler-1682 b,0.006463680111406458,0.0,0.0,0.0,2.88940836,0.35934664246823955,54.74,5619.12,0.0
Kepler-893 b,0.006460176202969566,0.0,0.0,0.0,3.03,0.3375680580762251,266.271,5820.0,0.0
Kepler-424 b,0.006459282737847316,0.0,0.0,0.0,9.98,0.35208711433756806,470.754,5460.0,0.0
Kepler-581 b,0.006449855682054416,0.0,0.0,2.887486896365847e-188,2.63,0.4065335753176044,12.39,5772.0,0.0
Kepler-944 b,0.006442535061240635,0.0,0.0,0.0,2.63,0.4065335753176044,20.174,5409.0,0.0
TOI-2093 c,0.006439342420279669,0.0,0.0,0.010720791477136588,2.3,1.2704174228675136,3.0647,4426.0,0.0
Kepler-335 c,0.006435641364866012,0.0,0.0,0.0,3.07,0.33212341197822143,32.035,5877.0,0.0
Kepler-188 c,0.006435306342539366,0.0,0.0,0.0,3.19,0.31578947368421056,257.348,6021.0,0.0
K2-83 b,0.006432378166105385,0.4166245540054546,0.035903189613717815,0.0,1.244,1.0780399274047188,41.5,3910.0,0.07
Kepler-1140 b,0.006431660841429052,0.0,0.0,6.933670993639666e-213,2.77,0.3793103448275862,13.051,4850.0,0.0
Kepler-192 b,0.00642484076446922,0.0,0.0,0.0,2.74,0.38475499092558985,105.297,5479.0,0.0
Kepler-220 b,0.006415066013901456,0.0,0.0,0.0,0.81,0.8584392014519058,105.001,4632.0,0.0
Kepler-1358 b,0.006409185601107804,0.0,0.0,0.0,1.12,1.0362976406533575,98.834,5181.0,0.0
Kepler-1049 b,0.006406004426381667,0.0,0.0,0.0,0.95,0.9401088929219601,50.427,3864.0,0.0
Kepler-677 b,0.00640186156073089,0.0,0.0,0.0,5.38,0.1600725952813067,683.274,5723.0,0.0
Kepler-252 b,0.006401163373762852,0.0,0.0,0.0,1.23,1.0925589836660616,39.264,4208.0,0.0
Kepler-1978 b,0.006393564930998874,0.0,0.0,0.0,2.67,0.3992740471869329,49.3,5251.0,0.0
K2-108 b,0.006390327495368162,0.15138331328991048,0.08102259977558954,0.0,5.33,0.40290381125226865,762.0,5599.0,0.18
Kepler-331 d,0.006384922592216997,0.0,0.0,1.901300023487047e-29,1.64,0.7531760435571688,6.065,4347.0,0.0
Kepler-1074 b,0.0063660238283497865,0.0,0.0,0.0,1.25,1.0725952813067152,27.569,4002.0,0.0
Kepler-678 b,0.006365342504952755,0.0,0.0,0.0,5.14,0.16969147005444649,113.64,5520.0,0.0
Kepler-871 b,0.006331286917215673,0.0,0.0,0.0,3.74,0.2577132486388385,79.722,5993.0,0.0
Kepler-1447 b,0.0063211118184352474,0.0,0.0,7.985047684024452e-122,2.9,0.3575317604355717,10.349,5722.0,0.0
Kepler-472 b,0.006314004706880675,0.0,0.0,0.0,3.22,0.3139745916515427,139.236,4996.0,0.0
Kepler-368 c,0.006307282061342523,0.0,0.0,0.0,3.88,0.24500907441016337,28.681,5502.0,0.0
TOI-1288 b,0.0063037014293826875,0.0,0.0,0.0,4.96846551,0.3575317604355717,1198.41,5388.0,0.0
Kepler-178 c,0.00629963371845277,0.0,0.0,0.0,2.88,0.36116152450090744,30.546,5676.0,0.0
Kepler-1925 b,0.006296162000782359,0.0,0.0,0.0,3.00177922,0.3430127041742287,18.74,5856.0,0.0
Kepler-107 e,0.0062919289282285336,0.2733670868466243,0.08783458887640652,0.0,2.903,0.5771324863883848,138.7,5854.0,0.1
Kepler-458 c,0.006286980276274765,0.0,0.0,0.0,4.2,0.22141560798548096,279.787,6117.21,0.0
GJ 143 b,0.006276025174669045,0.44596195476228095,0.055404178019976255,6.798662741099161e-45,2.61,1.2704174228675136,7.0423,4640.0,0.188
Kepler-307 c,0.006275876341161577,0.0,0.0,0.0,2.2,0.31578947368421056,44.0,5367.0,0.0
14 And b,0.006269773299933473,0.0,0.0,0.0,13.1,0.5009074410163339,115.1634,4888.0,0.0
HD 219666 b,0.006262340434152154,0.17216530624806084,0.07944649249343384,0.0,4.898,0.15789473684210528,598.4408,5540.0,0.05
Kepler-306 e,0.006261307889935518,0.0,0.0,3.67401026074704e-31,2.27,0.49183303085299457,6.185,4954.0,0.0
Kepler-384 b,0.006253899861858167,0.0,0.0,0.0,1.12,1.0362976406533575,101.549,5577.0,0.0
Kepler-314 c,0.0062494246794787935,0.0,0.0,0.0,2.9,0.3575317604355717,149.977,5378.0,0.0
Kepler-894 b,0.006247455596304073,0.0,0.0,0.0,2.78,0.37749546279491836,119.881,5603.0,0.0
Kepler-1361 b,0.006247377820455436,0.0,0.0,0.0,0.86,0.8874773139745916,186.069,5131.0,0.0
Kepler-292 e,0.006245932407368135,0.0,0.0,0.0,2.67,0.3992740471869329,50.924,5299.0,0.0
Kepler-815 b,0.006241184923851627,0.0,0.0,0.0,4.11,0.2268602540834846,979.136,5028.0,0.0
HD 69830 b,0.006234504015001236,0.2646504281699965,0.0753058716674516,0.0,3.17,0.3194192377495463,97.7824,5385.0,0.1
Kepler-1770 b,0.00622519010932282,0.0,0.0,0.0,2.84141754,0.3666061705989111,56.43,5602.0,0.0
K2-98 b,0.006223955537324161,0.17936971453009637,0.09868034407220898,0.0,5.06645928,0.2540834845735027,339.0,6260.0,0.119
Kepler-1477 b,0.006223068111412071,0.0,0.0,0.0,1.18,1.0689655172413792,78.163,5100.0,0.0
Kepler-1202 b,0.006217051001400039,0.0,0.0,0.0,2.94,0.35208711433756806,23.876,5834.0,0.0
HD 213885 c,0.006206277009306937,0.0,0.0,0.0,4.71,0.19056261343012706,426.5327,5978.0,0.0
HD 125612 c,0.006205562054208241,0.1678554062460105,0.08906341828282228,0.0,4.07,0.23049001814882034,441.4278,5900.0,0.149
Kepler-395 b,0.006204622864542217,0.0,0.0,0.0,1.03,0.985480943738657,17.8,4262.0,0.0
Kepler-1910 b,0.0061767594489761666,0.0,0.0,0.0,1.184,1.0689655172413792,40.88,4234.0,0.0
Kepler-1665 b,0.006172517002660209,0.0,0.0,0.0,2.83910787,0.3684210526315789,40.4,5049.84,0.0
Kepler-196 c,0.00616694837147446,0.0,0.0,4.172854013106833e-42,2.24,0.5009074410163339,6.88,5128.0,0.0
Kepler-271 b,0.0061476812002884355,0.0,0.0,0.0,1.23,1.0925589836660616,75.957,5555.0,0.0
Kepler-221 c,0.006139651200066402,0.0,0.0,0.0,2.93,0.35208711433756806,119.836,5243.0,0.0
Kepler-1791 b,0.006132255855835215,0.0,0.0,0.0,3.12103321,0.32486388384754994,257.14,5887.0,0.0
Kepler-102 e,0.006130492418812593,0.40379362894116355,0.06259015867926389,0.0,2.17,0.4537205081669692,20.3,4909.0,0.089
Kepler-388 b,0.006124014329721789,0.0,0.0,0.0,0.81,0.8584392014519058,112.21,4498.0,0.0
Kepler-228 d,0.006123097723938604,0.0,0.0,0.0,4.04,0.23230490018148822,122.778,6043.0,0.0
Kepler-619 b,0.00611234654614389,0.0,0.0,0.0,3.16,0.3194192377495463,224.146,5980.0,0.0
Kepler-186 c,0.006106792384142281,0.0,0.0,4.542644734036544e-250,1.25,1.0725952813067152,13.98,3788.0,0.0
Kepler-811 b,0.006106158260314739,0.0,0.0,0.0,2.7,0.3920145190562614,78.59,5747.0,0.0
HD 142245 b,0.006098710946825337,0.0,0.0,0.999999999968215,13.1,0.43375680580762255,1.7468,4922.0,0.0
Kepler-166 c,0.0060962298307487605,0.0,0.0,1.8761323653340376e-126,2.38,0.4627949183303085,10.507,5413.0,0.0
K2-90 c,0.006093079076137299,0.3119607568897556,0.04958006090719205,0.0,1.3,1.0163339382940109,80.8,4421.98,0.19
Kepler-1419 b,0.006092357246520781,0.0,0.0,0.0,2.86,0.36479128856624315,21.243,5796.0,0.0
Kepler-590 b,0.0060635914429288534,0.0,0.0,0.0,4.02,0.2341197822141561,782.415,6000.0,0.0
Kepler-1246 b,0.006047358563341411,0.0,0.0,0.0,1.36,0.9600725952813067,26.451,4611.0,0.0
Kepler-1858 b,0.006029216611357393,0.0,0.0,0.08076560196262583,2.42168247,0.45190562613430135,2.79,4939.0,0.0
Kepler-1241 b,0.006029032110263534,0.0,0.0,0.0,2.63,0.4065335753176044,31.456,5261.0,0.0
Kepler-1944 b,0.0060235679072770856,0.0,0.0,0.0,2.75971163,0.38112522686025413,97.62,5585.0,0.0
Kepler-1929 b,0.006023430816139931,0.0,0.0,0.0,3.07250761,0.33212341197822143,37.2,5786.0,0.0
Kepler-430 b,0.006019489049307254,0.0,0.0,0.0,3.25,0.308529945553539,40.844,5884.0,0.0
Kepler-398 c,0.0060189959868503316,0.0,0.0,0.0,1.01,0.9782214156079855,20.556,4493.0,0.0
Kepler-28 b,0.00599838979190119,0.0,0.0,0.0,1.959,0.2151410163339383,62.577,4499.3,0.0
TOI-5076 b,0.0059933709925256715,0.0,0.0,9.366842952022723e-205,3.48935569,0.37749546279491836,12.8373,4780.0,0.0
Kepler-169 d,0.005987859219139741,0.0,0.0,0.0,1.25,1.0725952813067152,55.53,4997.0,0.0
HD 77338 b,0.0059866410696662415,0.2240806311598475,0.07413046962652478,0.0,4.12,0.2268602540834846,152.7909,5341.0,0.09
Kepler-1041 b,0.005984146865447398,0.0,0.0,0.0,2.94,0.35208711433756806,117.956,5957.0,0.0
Kepler-478 b,0.005983219145519781,0.0,0.0,0.0,2.71,0.39019963702359345,39.56,5210.0,0.0
Kepler-1450 b,0.005980108135765938,0.0,0.0,0.009260544207789254,1.71,0.7114337568058077,3.078,4524.0,0.0
TOI-2989 b,0.005975085378177123,0.0,0.0,0.0,12.55405838,0.49001814882032674,124.0,4672.0,0.0
TOI-815 c,0.005969944549889696,0.4239338428465793,0.061521611369336815,6.830948052595587e-64,2.62,1.3067150635208713,8.03,4869.0,0.22
TOI-561 e,0.005965928878654086,0.5694741418026452,0.07415718330927863,3.0858120213769015e-15,2.517,0.7803992740471869,4.89,5342.0,0.074
Kepler-417 c,0.005963803558052843,0.0,0.0,0.0,2.69,0.3938294010889292,30.968,5177.0,0.0
Kepler-186 d,0.005950504884082839,0.0,0.0,8.613459653370633e-48,1.4,0.9237749546279492,7.204,3788.0,0.0
CoRoT-24 c,0.005946740983469884,0.0,0.0,0.0,5.0,0.23593466424682397,26.0656,4950.0,0.0
Kepler-1867 b,0.00594129936691612,0.0,0.0,0.0,1.15985997,1.0544464609800364,82.32,5693.0,0.0
Kepler-1731 b,0.00593631408911904,0.0,0.0,1.491147810134003e-222,2.93295657,0.35208711433756806,13.3,4859.0,0.0
Kepler-1114 b,0.005936224843413019,0.0,0.0,0.0,1.35,0.9691470054446462,39.321,5374.0,0.0
Kepler-338 d,0.00593457112133253,0.36651043149409035,0.08967783298603464,0.0,3.0,0.3430127041742287,53.556,5923.0,0.03
Kepler-316 c,0.005933338049157995,0.0,0.0,0.0,1.16,1.0544464609800364,37.377,4204.0,0.0
TOI-1136 g,0.005924202270479058,0.44814226470443286,0.08559063952554483,0.0,2.53,0.3448275862068966,17.9249,5770.0,0.04
Kepler-1118 b,0.005921618297056438,0.0,0.0,0.0,2.74,0.38475499092558985,20.011,5688.0,0.0
K2-115 b,0.0059215103125221345,0.2876825923933653,0.08826200780037043,0.0,11.80305668,0.1941923774954628,20.4393,5870.0,0.063
Kepler-224 c,0.005919790838336559,0.0,0.0,0.0,3.12,0.32486388384754994,86.332,5018.0,0.0
Kepler-1696 b,0.0059183248640157496,0.0,0.0,5.0040047753711456e-113,2.80982017,0.3720508166969147,10.04,5712.0,0.0
Kepler-143 c,0.005908477509248325,0.0,0.0,0.0,3.37,0.29401088929219604,58.7,5848.0,0.0
Kepler-809 b,0.005907090988617453,0.0,0.0,6.761462628843603e-217,3.01,0.3411978221415608,13.155,5734.0,0.0
Kepler-1735 b,0.005906399711417886,0.0,0.0,8.693209875876423e-295,1.19429134,1.0780399274047188,15.01,3975.0,0.0
Kepler-29 b,0.005894627026501805,0.0,0.0,0.0,2.55,0.29945553539019965,55.9,5378.0,0.0
Kepler-303 c,0.005890971134962511,0.0,0.0,0.0,1.14,1.043557168784029,25.851,3944.0,0.0
Kepler-198 c,0.005880955908722012,0.0,0.0,9.84673690162637e-153,2.47,0.44101633393829404,11.354,5574.0,0.0
Kepler-1541 b,0.0058756732893268425,0.0,0.0,0.0,1.16,1.0544464609800364,75.56,5282.0,0.0
Kepler-1411 b,0.0058605177304747215,0.0,0.0,4.343273973313079e-84,2.82,0.3720508166969147,8.927,5664.0,0.0
HD 23472 f,0.005838184720187413,0.44097585365794734,0.056579580060898055,0.0,1.137,0.544464609800363,26.3,4684.0,0.07
LTT 9779 b,0.005822859935265715,0.0,0.0,0.0,4.72,0.27876588021778587,1781.1556,5443.0,0.0
Kepler-1815 b,0.0058178135661767745,0.0,0.0,0.0,2.7489262,0.38294010889292196,80.01,5516.0,0.0
Kepler-1849 b,0.005817164258557333,0.0,0.0,4.075049679349549e-06,2.38685349,0.46098003629764067,3.76,4806.0,0.0
Kepler-325 d,0.005806853800962822,0.0,0.0,2.3973364134156407e-177,2.79,0.3756805807622504,12.083,5752.0,0.0
Kepler-1458 b,0.005802311042429013,0.0,0.0,1.576249647112325e-69,2.76,0.38112522686025413,8.293,5653.0,0.0
Kepler-728 b,0.005801734333607686,0.0,0.0,0.0,3.34,0.29764065335753176,484.51,5660.0,0.0
Kepler-899 b,0.005793899342893776,0.0,0.0,0.0,2.68,0.39564428312159716,62.198,5595.0,0.0
Kepler-582 b,0.0057828653876789,0.0,0.0,0.0,3.68,0.2613430127041742,25.056,5564.0,0.0
Kepler-498 b,0.005777338415335792,0.0,0.0,0.0,3.03,0.3375680580762251,202.775,5744.0,0.0
Kepler-398 b,0.0057668253111263805,0.0,0.0,0.0,0.93,0.9292196007259529,81.287,4493.0,0.0
Kepler-1820 b,0.005765032153229142,0.0,0.0,0.0,3.11883067,0.32486388384754994,23.41,5841.0,0.0
Kepler-1011 b,0.005764097273111176,0.0,0.0,0.0,2.87,0.3629764065335753,108.788,5416.0,0.0
Kepler-138 d,0.005755463830814871,0.7026226812011719,0.0340599455040832,0.00036962812428980554,1.51,0.6533575317604357,3.4,3841.0,0.01
Kepler-1676 b,0.005730376599364516,0.0,0.0,0.0,3.3769596,0.29219600725952816,33.45,5878.3,0.0
TOI-1438 b,0.005724596343234462,0.0,0.0,0.0,3.04,0.3266787658802178,145.0,5230.0,0.0
K2-136 d,0.0057068376229880416,0.5628619100516864,0.0516642624352124,2.1315254379985434e-45,1.565,0.7803992740471869,7.07,4500.0,0.071
Kepler-786 b,0.005705825362616722,0.0,0.0,1.6444334256997945e-05,2.43,0.4500907441016334,3.658,4838.0,0.0
Kepler-1956 b,0.005705558150830217,0.0,0.0,0.0,1.08940238,1.0181488203266789,48.82,4391.0,0.0
Kepler-152 c,0.005702825850518698,0.0,0.0,0.26721433897511887,2.39,0.46098003629764067,2.57,5088.0,0.0
Kepler-547 b,0.0056960169216761685,0.0,0.0,0.0,4.0,0.23593466424682397,87.713,4828.0,0.0
Kepler-576 b,0.005694729875888911,0.0,0.0,0.0,3.27,0.30490018148820325,16.817,5672.0,0.0
Kepler-595 c,0.005688133730923509,0.0,0.0,0.0,1.009,1.252268602540835,50.23,5138.5,0.0
Kepler-172 e,0.0056711418015841205,0.0,0.0,0.0,2.76,0.38112522686025413,23.431,5526.0,0.0
Kepler-712 b,0.005657011209363626,0.0,0.0,0.0,3.41,0.2885662431941924,15.801,5148.0,0.0
Kepler-1779 b,0.005642073528504755,0.0,0.0,0.0,3.03295685,0.3375680580762251,67.34,5730.0,0.0
Kepler-1670 b,0.005635487506888129,0.0,0.0,0.0,3.3564801,0.2958257713248639,67.67,5838.0,0.0
Kepler-85 e,0.005634322530450854,0.0,0.0,0.0,1.27,0.29038112522686027,24.318,5436.0,0.0
Kepler-609 b,0.00562651435403773,0.0,0.0,0.0,3.35,0.29764065335753176,258.059,5971.0,0.0
Kepler-1697 b,0.0056157089311818465,0.0,0.0,0.0,1.25954761,1.0580762250453721,37.3,4681.53,0.0
HIP 8152 c,0.005613710682699263,0.3198874000609682,0.08153015974780864,0.0,2.52442508,0.6588021778584392,39.9,5618.0,0.2
Kepler-1469 b,0.005588862952244423,0.0,0.0,0.0,2.8,0.3756805807622504,24.901,5507.0,0.0
Kepler-716 b,0.005581144268043731,0.0,0.0,0.0,2.9,0.3575317604355717,42.493,5099.0,0.0
Kepler-121 c,0.00557255704890355,0.0,0.0,1.8482725636231127e-49,2.27,0.49183303085299457,7.296,5311.0,0.0
Kepler-701 b,0.005567031282652444,0.0,0.0,0.0,2.84,0.3684210526315789,75.623,5343.0,0.0
Kepler-1851 b,0.005561473535381038,0.0,0.0,0.0,3.90012032,0.24319419237749548,85.78,5982.0,0.0
Kepler-1966 b,0.005554626049614909,0.0,0.0,0.0,1.10479327,1.0272232304900182,68.28,5009.0,0.0
Kepler-711 b,0.005545803764899436,0.0,0.0,1.412e-320,3.41,0.2885662431941924,15.569,5222.0,0.0
K2-3 c,0.005521157020120033,0.6577577884642354,0.034140086552328155,0.003979876125742228,1.582,0.6715063520871144,3.17,3844.0,0.048
Kepler-648 b,0.005520182457756556,0.0,0.0,0.0,3.22,0.3139745916515427,47.336,5741.0,0.0
Kepler-293 b,0.00549647003814277,0.0,0.0,0.0,3.07,0.33212341197822143,28.944,5804.0,0.0
Kepler-1423 b,0.00547435291233559,0.0,0.0,0.0,1.06,1.0054446460980038,71.16,4939.0,0.0
Kepler-1577 b,0.0054738253813384034,0.0,0.0,0.0,1.13,1.043557168784029,57.751,4862.0,0.0
Kepler-154 c,0.0054732143044577495,0.0,0.0,6.317236314021032e-177,2.95,0.3502722323049002,12.071,5690.0,0.0
Kepler-152 b,0.005466772170341806,0.0,0.0,0.0,2.79,0.3756805807622504,21.084,5088.0,0.0
Kepler-647 c,0.0054589422673365,0.0,0.0,0.0,4.00135002,0.23593466424682397,69.0,5906.74,0.0
Kepler-863 b,0.005457924806703275,0.0,0.0,0.0,2.9,0.3575317604355717,117.828,5678.0,0.0
Kepler-1020 b,0.005445682480640472,0.0,0.0,0.6179273565968643,2.28,0.49001814882032674,2.339,5227.0,0.0
Kepler-1492 b,0.005443104193681765,0.0,0.0,2.7668435033787464e-158,1.49,0.852994555353902,11.523,4712.0,0.0
K2-83 c,0.0054423415459837424,0.5735327912028543,0.03590318961371674,8.915503890972707e-52,1.483,0.8566243194192378,7.42,3910.0,0.06
Kepler-119 b,0.005429172601894929,0.0,0.0,0.0,3.6,0.26860254083484575,745.285,5595.0,0.0
Kepler-724 b,0.005425276846518622,0.0,0.0,0.0,3.29,0.30308529945553536,339.401,5437.0,0.0
Kepler-766 b,0.0054222274975589254,0.0,0.0,0.0,3.39,0.29219600725952816,227.15,5992.0,0.0
HD 47186 b,0.005410329905063682,0.19201617875453666,0.0825719933749848,0.0,5.02,0.1753176043557169,441.6068,5657.0,0.04
Kepler-332 b,0.005403384483497267,0.0,0.0,0.0,1.17,1.0653357531760437,53.712,4955.0,0.0
Kepler-1468 d,0.005397890364315556,0.0,0.0,0.0,3.33187146,0.29945553539019965,52.77,5794.0,0.0
Kepler-258 b,0.005397518413355438,0.0,0.0,0.0,4.06,0.23049001814882034,27.791,4942.0,0.0
Kepler-495 b,0.005394133175131485,0.0,0.0,0.0,5.23,0.16588021778584394,310.021,5346.0,0.0
Kepler-1716 b,0.0053829244391375985,0.0,0.0,7.430709506967025e-33,2.4247685,0.45190562613430135,6.3,4894.0,0.0
Kepler-1045 b,0.005380449727496155,0.0,0.0,0.0,2.69,0.3938294010889292,19.127,5301.0,0.0
HIP 97166 c,0.005375144598656112,0.0,0.0,0.0,2.75,0.38294010889292196,30.7622,5216.0,0.0
Kepler-913 c,0.005368872241574321,0.0,0.0,0.0,3.8580709,0.24682395644283125,122.82,6068.0,0.0
Kepler-517 b,0.005354838375467074,0.0,0.0,7.114103309589895e-128,2.67,0.3992740471869329,10.555,5690.0,0.0
Kepler-1816 b,0.0053487307464304724,0.0,0.0,0.9730912340759189,1.9679397,0.5934664246823956,2.0,5051.0,0.0
Kepler-20 c,0.005340720318572912,0.30936558389806107,0.07824437676976623,0.0,2.894,0.455535390199637,78.7,5495.0,0.076
Kepler-1822 b,0.005324973725134071,0.0,0.0,0.0,2.64755943,0.40290381125226865,15.65,5165.0,0.0
Kepler-1190 b,0.005311058311297575,0.0,0.0,0.0,1.33,0.987295825771325,24.211,4730.0,0.0
HD 136352 c,0.005304328664453289,0.0,0.0,0.0,2.916,0.453297277676951,35.1,5664.0,0.0
Kepler-781 b,0.005303863989302783,0.0,0.0,0.0,2.89,0.35934664246823955,44.397,5162.0,0.0
Kepler-1721 b,0.0052681263707932465,0.0,0.0,0.0,3.11856756,0.32486388384754994,172.6,5351.0,0.0
Kepler-1784 b,0.005259946069676366,0.0,0.0,0.0,2.79936489,0.3738656987295826,64.8,5442.0,0.0
Kepler-860 b,0.005244455986472301,0.0,0.0,0.0,3.24,0.3103448275862069,233.621,5836.0,0.0
Kepler-531 b,0.005243776031798713,0.0,0.0,4.16033785090658e-112,2.78,0.37749546279491836,10.007,4893.0,0.0
Kepler-248 b,0.005237907309414963,0.0,0.0,0.0,3.02,0.33938294010889297,79.311,5190.0,0.0
Kepler-709 b,0.005225884968369769,0.0,0.0,0.0,2.92,0.35390199637023595,28.216,5071.0,0.0
TOI-5789 d,0.005225847139158001,0.4481477649234872,0.0699631351177952,7.1115254903157635e-304,1.91,0.6134301270417423,15.2098,5185.0,0.096
Kepler-463 b,0.00521353426412253,0.0,0.0,0.0,3.05,0.3357531760435572,166.039,5661.0,0.0
WASP-89 b,0.0052092466425519455,0.17165331531884123,0.06849388256664432,0.0,11.65736,1.2704174228675136,278.8533,5130.0,0.193
HD 39194 c,0.005199742358672083,0.3609146471541891,0.07049740877275915,0.0,2.65,0.4010889292196007,33.2512,5205.0,0.078
Kepler-1151 b,0.005186991165401287,0.0,0.0,6.035379267795323e-15,2.22,0.5063520871143375,4.86,5470.0,0.0
Kepler-1008 b,0.005186659388515775,0.0,0.0,0.0,1.28,1.0362976406533575,35.408,5066.0,0.0
Kepler-733 b,0.005171911015601068,0.0,0.0,0.0,2.82,0.3720508166969147,24.507,5418.0,0.0
Kepler-222 b,0.00514308784107528,0.0,0.0,0.0,3.16,0.3194192377495463,206.769,5433.0,0.0
Kepler-150 d,0.005140500600589004,0.0,0.0,0.0,2.79,0.3756805807622504,65.142,5560.0,0.0
TOI-5624 e,0.005139002949142246,0.0,0.0,0.0,3.247,0.26497277676951,21.9904,5327.0,0.0
Kepler-530 b,0.005125518285180623,0.0,0.0,6.596289695462118e-261,3.01,0.3411978221415608,14.238,5697.0,0.0
HD 23472 c,0.005114571260330483,0.5305371339809798,0.05657958006089776,1.8892859102934062e-62,1.87,0.5626134301270418,7.96,4684.0,0.063
Kepler-167 d,0.00510555290079533,0.0,0.0,1.049221392101956e-271,1.238,1.0834845735027223,14.489,4884.0,0.0
Kepler-667 b,0.005090548195165792,0.0,0.0,0.0,4.73,0.18874773139745918,71.817,5327.0,0.0
HD 135694 b,0.005065603495247272,0.0,0.0,0.0,2.857,0.3720508166969147,71.8,5712.0,0.0
Kepler-1453 b,0.005057160644017455,0.0,0.0,1.2884875661277708e-170,2.67,0.3992740471869329,11.889,5665.0,0.0
Kepler-180 c,0.005044479506161129,0.0,0.0,0.0,3.01,0.3411978221415608,16.423,5731.0,0.0
Kepler-482 b,0.005042570582779072,0.0,0.0,4.813831933105804e-11,2.36,0.4682395644283122,4.436,4871.0,0.0
Kepler-139 b,0.005025417469574519,0.0,0.0,0.0,2.94,0.3937274047186933,64.78,5594.0,0.0
Kepler-511 c,0.005017480073584355,0.0,0.0,0.0,4.20964327,0.22141560798548096,101.6,5866.0,0.0
Kepler-1562 b,0.0050168846702901785,0.0,0.0,0.0,3.55,0.27404718693284935,31.768,5760.0,0.0
K2-105 b,0.005013264640438949,0.0,0.0,0.0,3.4,0.4065335753176044,100.0,5373.0,0.0
Kepler-1860 b,0.005005976297328711,0.0,0.0,0.0,1.13863767,1.0471869328493648,56.3,5420.0,0.0
Kepler-735 b,0.004992491031446177,0.0,0.0,0.0,2.95,0.3502722323049002,32.679,5107.0,0.0
Kepler-235 c,0.004991136573749421,0.0,0.0,2.610601087185158e-259,1.28,1.0362976406533575,14.2,4255.0,0.0
Kepler-189 b,0.004990054731781135,0.0,0.0,0.0,1.21,1.0816696914700545,45.389,5235.0,0.0
Kepler-239 c,0.004984796038133531,0.0,0.0,4.808283566137338e-10,2.51,0.4319419237749546,4.315,4914.0,0.0
K2-60 b,0.004984715113582276,0.0,0.0,0.0,7.655747,0.308529945553539,1212.0,5500.0,0.0
HD 189567 c,0.0049712938086866115,0.2966209781529663,0.08441523748462194,0.0,2.54,0.426497277676951,54.3688,5726.0,0.16
Kepler-222 c,0.004968156285753189,0.0,0.0,0.0,4.64,0.1941923774954628,59.076,5433.0,0.0
Kepler-1722 b,0.004964871214088323,0.0,0.0,0.0,2.86719266,0.3629764065335753,76.14,5506.0,0.0
Kepler-383 b,0.00493412622662182,0.0,0.0,0.0,1.32,0.9981851179673321,20.91,4710.0,0.0
K2-285 c,0.00491442095988537,0.0,0.0,0.0,3.53,0.35390199637023595,50.35,4975.0,0.0
Kepler-749 b,0.004876691790458344,0.0,0.0,0.0,3.1,0.3284936479128857,24.631,5009.0,0.0
Kepler-178 b,0.004876585177727381,0.0,0.0,0.0,2.9,0.3575317604355717,84.571,5676.0,0.0
Kepler-1090 c,0.004868535485241627,0.0,0.0,1.2893316686324022e-242,3.29265785,0.30490018148820325,13.8,5330.0,0.0
HD 160691 d,0.004863880425983797,0.0,0.0,0.0,3.23,0.3103448275862069,209.5104,5773.0,0.0
Kepler-26 d,0.004863081331099217,0.0,0.0,0.0,1.07,1.0090744101633393,31.79,4486.0,0.0
Kepler-752 b,0.00486187190124115,0.0,0.0,0.0,2.81,0.3738656987295826,45.278,5373.0,0.0
Kepler-103 c,0.004841717719682262,0.41838432967742284,0.09299032964682223,4.172893720249867e-28,5.4539,0.35934664246823955,5.97,6047.0,0.103
HD 45184 c,0.004827727920821499,0.29339329216526366,0.08823529411762729,0.0,2.91,0.35571687840290384,93.3884,5869.0,0.07
Kepler-599 b,0.004810756450558846,0.0,0.0,0.0,2.84,0.3684210526315789,24.467,5127.0,0.0
Kepler-610 b,0.004808614578738698,0.0,0.0,0.0,4.19,0.22141560798548096,139.072,5943.0,0.0
Kepler-800 b,0.004804448671305947,0.0,0.0,0.0,2.85,0.3666061705989111,44.872,5315.0,0.0
Kepler-11 d,0.0048011190295650895,0.30609799682835526,0.0827322754714752,0.0,3.12,0.23230490018148822,51.115,5663.0,0.004
Kepler-284 c,0.004743319973112024,0.0,0.0,7.01724314987231e-87,2.61,0.4101633393829401,9.042,5615.0,0.0
Kepler-1503 b,0.004738502820035597,0.0,0.0,1.0570891392456189e-23,2.27,0.49183303085299457,5.636,5069.0,0.0
Kepler-347 d,0.00472050331934784,0.0,0.0,1.743869246128001e-201,3.04,0.3357531760435572,12.75,5592.0,0.0
HD 219828 b,0.004696035796938818,0.1457147176599701,0.08882299513808702,0.0,4.59,0.1960072595281307,1095.4885,5891.0,0.091
HATS-22 b,0.0046777328132317575,0.2401997174075623,0.05975850830794738,0.0,10.682177,0.705989110707804,111.299,4803.0,0.079
Kepler-161 c,0.004663037837555157,0.0,0.0,0.0,2.05,0.23774954627949185,76.201,5078.0,0.0
Kepler-501 b,0.004645034600370202,0.0,0.0,0.0,4.3,0.21415607985480944,324.856,5904.0,0.0
Kepler-20 d,0.004618703841902066,0.5414494820576545,0.07824437676976785,1.2242440817858788e-24,2.606,0.7441016333938294,5.71,5495.0,0.082
HD 93385 c,0.004618689611760995,0.2391544039189203,0.09112037185444463,0.0,2.56,0.4228675136116153,128.3482,5977.0,0.2
Kepler-1266 b,0.0046172788264770065,0.0,0.0,8.768875849295438e-121,2.58,0.4174228675136116,10.313,5044.0,0.0
TOI-1246 e,0.004592839106017334,0.0,0.0,1.9312823146537134e-141,3.5141875,0.33212341197822143,11.0,5213.0,0.0
TOI-908 b,0.0045912186823381,0.279924938544258,0.08174386920979361,0.0,3.186,0.49764065335753177,80.884,5626.0,0.132
TOI-1472 b,0.004587827139533171,0.27751336877741123,0.0676924720841865,0.0,4.058,0.27041742286751363,110.0201,5100.0,0.041
TOI-2019 b,0.004575156745819941,0.0,0.0,0.0,5.33275337,0.2268602540834846,126.052,5626.0,0.0
HD 5891 b,0.004571162320446771,0.24831097312199688,0.056285729550670995,0.0,12.6,1.208711433756806,96.1914,4673.0,0.07
Kepler-227 b,0.004559512907216422,0.0,0.0,0.0,3.11,0.3266787658802178,104.641,5854.0,0.0
Kepler-476 b,0.004548614402889364,0.0,0.0,0.0,3.08,0.33030852994555354,100.09,5837.0,0.0
TYC 0434-04538-1 b,0.004541976570361239,0.24074000118915317,0.05644601164715973,0.0,12.7,0.9437386569872959,107.3772,4679.0,0.08
Kepler-92 b,0.004530050946439393,0.20185605999665915,0.08860928567610454,0.0,3.51,0.3807751361161525,257.776,5883.0,0.17
Kepler-1018 b,0.004526611936357155,0.0,0.0,7.127916084545939e-178,2.58,0.4174228675136116,12.098,5518.0,0.0
Kepler-318 b,0.004526206490115478,0.0,0.0,0.0,4.71,0.19056261343012706,333.149,5746.0,0.0
Kepler-949 b,0.004484222291882335,0.0,0.0,0.0,2.91,0.35571687840290384,58.442,5403.0,0.0
Kepler-760 b,0.004479756006623182,0.0,0.0,0.0,3.06,0.3339382940108893,84.406,5322.0,0.0
TOI-2337 b,0.004469255654893561,0.20068353225976338,0.059144093604735534,0.0,10.08808263,0.4936479128856625,619.5809,4780.0,0.019
Kepler-1261 b,0.004452030668577148,0.0,0.0,8.133726699030787e-14,2.26,0.49546279491833034,4.744,5006.0,0.0
Kepler-354 c,0.004394174310833414,0.0,0.0,4.990865874340648e-268,1.31,1.0072595281306715,14.404,4648.0,0.0
Kepler-410 A b,0.0043902288226693,0.22677974023472638,0.09902762194793922,0.0,2.838,0.3684210526315789,159.5,6273.0,0.17
Kepler-254 b,0.00439011248068389,0.0,0.0,0.0,3.87,0.24682395644283125,184.341,5957.0,0.0
HD 20794 d,0.004387544500585652,0.554344848049607,0.07485173906073245,7.855705073620943e-19,2.04,0.5644283121597096,5.2273,5368.0,0.077
Kepler-1223 b,0.004379551840182389,0.0,0.0,0.0,1.22,1.087114337568058,20.51,4870.0,0.0
Kepler-67 b,0.00436668625817202,0.0,0.0,0.0,2.94,0.35208711433756806,30.6,5331.0,0.0
Kepler-1889 b,0.004359826306893325,0.0,0.0,6.921194482493673e-251,2.94360686,0.3502722323049002,14.0,5646.0,0.0
Kepler-921 b,0.004348708152521097,0.0,0.0,1.242352501582154e-294,2.87,0.3629764065335753,15.007,5663.0,0.0
Kepler-657 b,0.0043413535861789605,0.0,0.0,0.0,3.52,0.279491833030853,62.2,5808.0,0.0
TOI-6651 b,0.004338028996813567,0.17281356834915368,0.09013196559275949,0.0,5.09,0.4573502722323049,817.0,5940.0,0.091
TOI-125 c,0.004335989002663132,0.301841642069906,0.07356948228881216,0.0,2.759,0.3139745916515427,77.59,5320.0,0.066
HD 96700 b,0.004305792285704339,0.2182886148950548,0.08759416573166866,0.0,2.93,0.35208711433756806,228.5794,5845.0,0.138
Kepler-114 c,0.004305586510492137,0.0,0.0,0.0,1.6,0.21415607985480944,51.623,4660.0,0.0
Kepler-681 b,0.004300510162481768,0.0,0.0,3.202715462231564e-257,3.08,0.33030852994555354,14.151,5021.0,0.0
WASP-105 b,0.004299996313286708,0.0,0.0,0.0,10.76064,0.4809437386569873,166.5368,5070.0,0.0
Kepler-255 c,0.004297703722033647,0.0,0.0,0.0,2.99,0.3448275862068966,83.264,5573.0,0.0
Kepler-23 c,0.004296398452099488,0.27303459772270167,0.08714003312494625,0.0,3.005,0.2861876588021779,257.39,5828.0,0.021
Kepler-233 c,0.004289442349076331,0.0,0.0,2.6421595927484306e-31,2.71,0.39019963702359345,6.195,5360.0,0.0
Kepler-305 b,0.004274564696634817,0.26092243358953604,0.06715819842921958,0.0,3.6,0.2250453720508167,112.914,5080.0,0.005
Kepler-352 c,0.004268937375242464,0.0,0.0,0.0,1.24,1.0834845735027223,26.373,5212.0,0.0
Kepler-977 b,0.004264949759888476,0.0,0.0,5.14613407746606e-249,2.62,0.40834845735027225,13.955,5315.0,0.0
Kepler-636 b,0.004262997512155522,0.0,0.0,0.0,4.45,0.20508166969147004,67.509,5203.0,0.0
Kepler-859 b,0.004245607418437689,0.0,0.0,1.109274067645163e-289,3.09,0.33030852994555354,14.897,5020.0,0.0
Kepler-1664 b,0.004234648516035814,0.0,0.0,0.0,3.03320653,0.3375680580762251,85.46,5735.81,0.0
Kepler-1546 b,0.0042324332472287495,0.0,0.0,0.0,3.13,0.32304900181488205,36.302,5623.0,0.0
K2-138 e,0.004227304467423496,0.2783504720736566,0.07453918897257564,0.0,3.39,0.3266787658802178,91.1,5356.3,0.077
Kepler-623 b,0.004220755141464064,0.0,0.0,0.0,3.01,0.3411978221415608,77.098,5443.0,0.0
HD 31527 b,0.004211963375702004,0.2777303332006026,0.08900999091732681,0.0,3.22,0.3121597096188748,76.3108,5898.0,0.1
Kepler-1808 b,0.004197220899867084,0.0,0.0,0.0,3.02511302,0.33938294010889297,30.94,5530.0,0.0
Kepler-1068 b,0.004194439833696324,0.0,0.0,0.0,3.63,0.26678765880217786,55.933,5806.0,0.0
Kepler-154 d,0.004177713051125737,0.0,0.0,0.0,3.84,0.2486388384754991,53.002,5769.0,0.0
HD 102272 b,0.004141171397036732,0.2283725665888406,0.05941123043221985,0.0,12.9,0.7295825771324863,176.4116,4790.0,0.05
Kepler-552 b,0.004122591234872207,0.0,0.0,0.0,3.95,0.23956442831215974,358.994,5863.0,0.0
Kepler-549 b,0.004082990829645534,0.0,0.0,9.78731042280349e-100,2.57,0.3448275862068966,9.549,5360.0,0.0
Kepler-1719 b,0.004066251205364644,0.0,0.0,0.0,3.95000623,0.23956442831215974,686.9,5687.0,0.0
WASP-10 b,0.004062407420781136,0.2337880782023742,0.05633915691616569,0.0,12.106,0.7513611615245008,174.0323,4675.0,0.0473
Kepler-219 c,0.004060111599164854,0.0,0.0,0.0,3.58,0.2722323049001815,54.105,5786.0,0.0
Kepler-1919 b,0.004050099848453769,0.0,0.0,8.414436547282419e-191,2.62390658,0.4065335753176044,12.46,5513.0,0.0
Kepler-1668 b,0.004049852262392538,0.0,0.0,0.0,4.34764405,0.21052631578947367,63.79,5542.0,0.0
Kepler-1023 b,0.004048737049407405,0.0,0.0,8.798639846496767e-44,2.63,0.4065335753176044,6.978,5494.0,0.0
DS Tuc A b,0.004043429068713141,0.0,0.0,0.0,5.7,0.5326293129203011,115.8276,5428.0,0.0
Kepler-95 b,0.004010788148539642,0.0,0.0,0.0,3.42,0.3103448275862069,178.832,5699.0,0.0
Kepler-199 b,0.0040023491983216235,0.0,0.0,0.0,3.11,0.3266787658802178,31.679,5644.0,0.0
Kepler-251 d,0.003978678315298219,0.0,0.0,0.0,2.77,0.3793103448275862,17.477,5526.0,0.0
Kepler-608 b,0.003976549547945097,0.0,0.0,0.0,3.64,0.26678765880217786,270.162,5820.0,0.0
Kepler-209 c,0.003968596270197244,0.0,0.0,5.573857383575341e-236,3.1,0.3284936479128857,13.637,5513.0,0.0
Kepler-449 c,0.003960118283604019,0.362971941980361,0.08236309237589702,0.0,2.764,0.38112522686025413,45.09,5649.18,0.05
HD 134606 b,0.003936474770506665,0.2709950945070388,0.08040818507237661,0.0,2.97,0.3466424682395644,106.1131,5576.0,0.092
HD 40307 f,0.0039274480380887215,0.6910345375205433,0.06384570176843393,3.858945015549199e-06,2.13,0.5372050816696915,3.7636,4956.0,0.02
HD 233604 b,0.003926275494691012,0.2643397102209729,0.059437944114969485,0.0,12.7,1.0181488203266789,100.7764,4791.0,0.05
Kepler-487 c,0.003917311421818544,0.0,0.0,4.906847636411558e-296,2.68,0.39564428312159716,15.038,5444.0,0.0
Kepler-1655 b,0.003916228394605771,0.25070208763442475,0.09568841160440437,0.0,2.213,0.4936479128856625,129.1,6148.0,0.19
HD 5583 b,0.0038674941115922354,0.2273268907206586,0.06047977774215255,0.0,12.8,0.8729582577132486,145.0268,4830.0,0.076
Kepler-247 c,0.0038618410592611437,0.0,0.0,0.0,4.09,0.22867513611615245,53.899,5100.0,0.0
Kepler-223 b,0.003850353217165911,0.20318843454127394,0.08647219105623903,0.0,2.99,0.279491833030853,444.053,5803.0,0.078
Kepler-1168 b,0.0038282315435202567,0.0,0.0,1.9042848256831846e-08,2.5,0.43375680580762255,4.107,5157.0,0.0
Kepler-679 b,0.003818660883480558,0.0,0.0,0.0,3.01,0.3411978221415608,56.002,5403.0,0.0
Kepler-577 b,0.0038151780604298237,0.0,0.0,2.3129145328846115e-24,2.55,0.4228675136116153,5.688,4984.0,0.0
TOI-1117 d,0.003768184455675128,0.0,0.0,0.0,3.27,0.30490018148820325,152.0,5635.0,0.0
Kepler-563 b,0.003745161973494574,0.0,0.0,0.0,3.09,0.33030852994555354,18.738,5066.0,0.0
Kepler-565 b,0.0037258516479431905,0.0,0.0,0.0,3.64,0.26678765880217786,301.46,5735.0,0.0
K2-285 e,0.003688960260203182,0.0,0.0,2.8513541514382287e-126,1.95,0.3445016721960816,10.5,4975.0,0.0
TOI-1422 c,0.003687624678392034,0.35200368955104006,0.08746059731793143,0.0,2.61,0.7803992740471869,26.5556,5840.0,0.2
Kepler-1065 b,0.0036743367467358943,0.0,0.0,0.0,3.73,0.2577132486388385,419.91,5635.0,0.0
Kepler-715 b,0.0036704928979125564,0.0,0.0,0.0,3.75,0.2558983666061706,181.408,5871.0,0.0
Kepler-550 b,0.0036598475277321526,0.0,0.0,0.0,4.42,0.20689655172413793,77.258,5322.0,0.0
Kepler-101 b,0.0036387039976941956,0.14489824083472194,0.08283913020247112,0.0,5.77,0.2631578947368421,1240.332,5667.0,0.086
HD 63935 c,0.0036002139347644977,0.0,0.0,0.0,3.06451296,0.38294010889292196,36.7,5513.0,0.0
Kepler-949 c,0.00359878158828146,0.0,0.0,0.0,2.97,0.3466424682395644,27.2,5211.0,0.0
Kepler-569 b,0.003598126580983886,0.0,0.0,0.0,3.16,0.3194192377495463,19.314,5616.0,0.0
Kepler-1727 b,0.0035894671752729314,0.0,0.0,0.0,3.17321625,0.3176043557168784,77.75,5349.0,0.0
HD 104985 b,0.0035684444948994717,0.2549292432981504,0.05802211892930882,0.0,12.8,0.8402903811252269,115.1548,4738.0,0.047
CoRoT-8 b,0.0035463123978606743,0.0,0.0,0.0,6.39,0.29038112522686027,100.3041,5080.0,0.0
Kepler-941 b,0.0035315042701831193,0.0,0.0,0.0,3.08,0.33030852994555354,47.032,5539.0,0.0
Kepler-473 b,0.0034949313129169998,0.0,0.0,0.0,4.08,0.22867513611615245,243.376,5816.0,0.0
Kepler-1325 b,0.0034445323061751045,0.0,0.0,0.0,2.86,0.36479128856624315,18.153,5550.0,0.0
Kepler-564 b,0.0034017407824839287,0.0,0.0,0.0,4.63,0.1941923774954628,389.404,5626.0,0.0
EPIC 249893012 c,0.003396366860828195,0.24608228879207122,0.07650798739112466,0.0,3.67,0.29401088929219604,160.0,5430.0,0.07
Kepler-1854 b,0.0033852672653785477,0.0,0.0,4.375422083691028e-50,2.58746104,0.41560798548094374,7.33,5026.0,0.0
Kepler-148 c,0.0033832150395073277,0.0,0.0,0.0,3.6,0.26860254083484575,187.197,5272.0,0.0
Kepler-1740 b,0.003372589789574352,0.0,0.0,0.0,3.32321414,0.29945553539019965,127.95,5705.0,0.0
TOI-1136 d,0.0033491686515910958,0.19982690001747552,0.08559063952554664,0.0,4.627,0.3284936479128857,626.362,5770.0,0.042
HD 102888 b,0.003313198422623805,0.2794242957627436,0.06475396698187957,0.0,12.8,0.8602540834845736,37.4512,4990.0,0.11
Kepler-232 c,0.0032933827847922946,0.0,0.0,0.0,3.83,0.2486388384754991,116.524,5847.0,0.0
Kepler-1897 b,0.003280401192371213,0.0,0.0,4.649488901e-314,2.81407954,0.3720508166969147,15.43,5165.0,0.0
WASP-47 d,0.0032682445834552477,0.20021317538365124,0.08011433456214515,0.0,3.65,0.3266787658802178,145.0,5565.0,0.001
Kepler-218 c,0.0032571165131055867,0.0,0.0,0.0,3.14,0.32123411978221417,16.147,5502.0,0.0
Kepler-368 b,0.0032564510333481125,0.0,0.0,0.0,3.26,0.308529945553539,107.58,5502.0,0.0
Kepler-305 d,0.0032253483401453917,0.0,0.0,0.0,2.76,0.2961941923774955,25.523,5090.0,0.0
TOI-1136 e,0.0032219570604764074,0.36174205090685246,0.08559063952554508,0.0,2.639,0.3284936479128857,48.4771,5770.0,0.0425
Kepler-290 c,0.0032036256517446625,0.0,0.0,1.986219103995373e-37,2.7,0.3920145190562614,6.596,5147.0,0.0
HD 59686 A b,0.0031920545734465122,0.2941573923968363,0.055885024309445766,0.0,12.7,1.0707803992740472,56.2338,4658.0,0.05
Kepler-151 b,0.0031774897404281827,0.0,0.0,0.0,3.06,0.3339382940108893,40.728,5460.0,0.0
Kepler-600 b,0.0031402626290599304,0.0,0.0,0.0,2.9,0.3575317604355717,20.182,5279.0,0.0
Kepler-1521 b,0.0031367407226913693,0.0,0.0,1.1475535808901327e-17,2.5,0.43375680580762255,5.122,5042.0,0.0
Kepler-1993 b,0.0031321144935491673,0.0,0.0,0.0,4.15,0.2250453720508167,157.45,5159.0,0.0
Kepler-896 c,0.003057657518450175,0.0,0.0,0.0,3.15,0.32304900181488205,16.56,5510.0,0.0
Kepler-1835 b,0.0030345007055830498,0.0,0.0,0.0,3.53387773,0.27586206896551724,100.96,5903.0,0.0
Kepler-739 b,0.002997495606259791,0.0,0.0,0.0,3.32,0.29945553539019965,115.963,5601.0,0.0
Kepler-554 b,0.002991338338344054,0.0,0.0,0.0,4.29,0.21415607985480944,877.945,5447.0,0.0
Kepler-85 c,0.0029785901123937693,0.3697366237787933,0.07851685633379554,0.0,1.978,0.2771818511796733,61.929,5505.2,0.027
Kepler-1757 b,0.0029681136782172936,0.0,0.0,0.0,2.94660251,0.3502722323049002,21.5,5288.0,0.0
Kepler-153 b,0.002955605711264223,0.0,0.0,0.0,2.92,0.35390199637023595,21.609,5404.0,0.0
Kepler-153 c,0.002952069316891121,0.0,0.0,1.054520672584264e-34,2.53,0.426497277676951,6.422,5404.0,0.0
HD 191939 b,0.002945532703727968,0.3004817415431096,0.07431746540576331,0.0,3.41,0.2540834845735027,100.0,5348.0,0.031
TOI-561 c,0.0029125001784137644,0.34176394329371174,0.07415718330927289,0.0,2.865,0.23593466424682397,67.5,5342.0,0.023
TOI-1723 b,0.002897516386699381,0.0,0.0,0.0,3.435,0.29038112522686027,92.36,5777.0,0.0
TOI-5398 c,0.002874000450259101,0.1843876405540505,0.09173478655765288,0.0,3.52,0.2722323049001815,370.603,6000.0,0.14
HD 183579 b,0.002840183208103206,0.33479763330198087,0.085964631084024,0.0,3.49,0.4809437386569873,58.1,5784.0,0.061
TIC 434398831 b,0.0027930977879479756,0.23211146926780724,0.08206443340277017,0.0,3.51,0.279491833030853,333.6313,5638.0,0.04
HD 108236 e,0.0027800434999816115,0.3591964738636193,0.08265213442323249,0.0,3.083,0.33030852994555354,35.0031,5660.0,0.058
Kepler-1175 b,0.0027497315739202764,0.0,0.0,1.4399413596963514e-208,2.99,0.3448275862068966,12.938,5453.0,0.0
TOI-1794 b,0.0027333527864151774,0.0,0.0,0.0,3.29701268,0.23774954627949185,228.913,5631.0,0.0
Kepler-150 e,0.00270567221798515,0.0,0.0,0.0,3.12,0.32486388384754994,19.671,5560.0,0.0
TOI-1691 b,0.002704663304061573,0.0,0.0,0.0,3.66,0.3194192377495463,59.13,5759.0,0.0
TOI-1203.01,0.002672830947268594,0.3609408216511979,0.08470908799485069,0.0,2.918,0.2958257713248639,51.0,5737.0,0.032
Kepler-1793 b,0.002657133669284919,0.0,0.0,0.0,3.79037518,0.25226860254083483,61.24,5191.0,0.0
HD 168009 b,0.0026466764266324682,0.260888581855932,0.08581316450283898,0.0,3.05,0.3357531760435572,99.3735,5778.33,0.12
Kepler-1001 b,0.002643359817586025,0.0,0.0,0.0,3.15,0.32304900181488205,40.853,5491.0,0.0
Kepler-684 b,0.0025885425939940745,0.0,0.0,0.0,3.36,0.29401088929219604,102.87,5493.0,0.0
Kepler-995 b,0.0025707207875158952,0.0,0.0,1.1050596827033198e-171,2.7,0.3920145190562614,11.92,5206.0,0.0
HD 35843 c,0.002538070378769188,0.4289323930646755,0.08281241651972647,1.281335130707253e-153,2.54,0.6896551724137931,11.3814,5666.0,0.153
Kepler-1530 d,0.002529358407834616,0.0,0.0,0.0,3.27870115,0.30490018148820325,69.2,5678.0,0.0
HD 86728 b,0.0025256489974312675,0.3487432466757678,0.0813164502858179,0.0,3.03,0.3375680580762251,37.1828,5610.0,0.067
Kepler-692 b,0.002509290009658389,0.0,0.0,0.0,3.11,0.3266787658802178,28.504,5440.0,0.0
HD 3167 c,0.0025058524144729844,0.4528115239626641,0.07405032857828256,0.0,2.983,0.4283121597096189,16.9,5338.0,0.04
Kepler-559 b,0.002494494089824965,0.0,0.0,0.0,3.61,0.26860254083484575,42.543,5630.0,0.0
Kepler-1132 b,0.0024680297563432155,0.0,0.0,5.266709060574817e-12,2.35,0.47005444646098005,4.547,5298.0,0.0
TOI-1249 b,0.0024627096668494216,0.0,0.0,0.0,3.2710301,0.3339382940108893,48.6058,5497.0,0.0
Kepler-253 d,0.002461164494644639,0.0,0.0,0.0,3.17,0.3194192377495463,24.084,5208.0,0.0
TOI-469.01,0.0024245518420058405,0.0,0.0,0.0,3.41,0.23593466424682397,74.7,5289.0,0.0
TOI-1136 c,0.0023838294677736935,0.21734135884158573,0.08559063952554448,0.0,2.879,0.2631578947368421,232.392,5770.0,0.11
Kepler-1642 b,0.002343816198145461,0.0,0.0,0.0,3.2,0.3139745916515427,39.915,5355.0,0.0
TOI-1439 b,0.0023333159032151605,0.2687738773806101,0.08748731100067725,0.0,4.2427861,0.5009074410163339,68.4355,5841.0,0.157
Kepler-740 b,0.00231402565191732,0.0,0.0,0.0,4.57,0.19782214156079858,432.866,5438.0,0.0
Kepler-318 c,0.002310497285780323,0.0,0.0,0.0,3.68,0.2613430127041742,96.513,5746.0,0.0
NGTS-14 A b,0.0023072281033179797,0.0,0.0,0.0,4.976796,0.2531760435571688,191.782,5187.0,0.0
Kepler-553 b,0.0022733477458802475,0.0,0.0,0.0,4.74139884,0.25982294376368675,235.0,5191.0,0.0
Kepler-1172 b,0.0021955491276936063,0.0,0.0,0.0,3.2,0.3139745916515427,26.356,5558.0,0.0
Kepler-697 b,0.0021933107697324015,0.0,0.0,0.0,4.13,0.2268602540834846,472.236,5513.0,0.0
Kepler-1747 b,0.002190865751009091,0.0,0.0,0.0,4.26508,0.2159709618874773,138.33,5477.0,0.0
Kepler-955 b,0.0021663697492128476,0.0,0.0,0.0,3.13,0.32304900181488205,33.091,5350.0,0.0
Kepler-734 b,0.002144203034700944,0.0,0.0,0.0,3.56,0.27404718693284935,89.25,5326.0,0.0
Kepler-698 b,0.0021028960246946716,0.0,0.0,0.0,3.68,0.2613430127041742,172.557,5612.0,0.0
Kepler-607 c,0.001793982684041769,0.0,0.0,4.634210450591564e-81,2.76001201,0.38112522686025413,8.8,5244.0,0.0
Kepler-1627 b,0.0017038927473432461,0.0,0.0,0.0,3.69,0.2613430127041742,143.12,5445.0,0.0
TOI-3862 b,0.001697188210841672,0.23097108560821922,0.07303520863384715,0.0,5.53,0.3176043557168784,358.839,5300.0,0.0232
Kepler-263 c,0.0015054399432341973,0.0,0.0,1.9062224275263595e-28,2.47,0.44101633393829404,5.994,5265.0,0.0
Kepler-150 c,0.0014777339033345683,0.0,0.0,0.0,3.69,0.2613430127041742,132.091,5560.0,0.0
Kepler-145 c,0.0014679548572635026,0.2830095064911359,0.09232248757811834,0.0,4.32,0.4682395644283122,67.193,6022.0,0.11
Kepler-1720 b,0.0012217347509782014,0.0,0.0,0.0,3.21585295,0.3121597096188748,55.86,5573.0,0.0
K2-111 c,0.0012159546180823102,0.25837852933507854,0.08572420793928655,0.0,3.34,0.29764065335753176,142.0569,5775.0,0.069
HD 45184 b,0.001212165337149115,0.22209625762793758,0.08823529411762623,0.0,3.52,0.279491833030853,272.4625,5869.0,0.07
Kepler-726 b,0.0009578837783136674,0.0,0.0,0.0,3.26,0.308529945553539,25.296,5452.0,0.0
Kepler-819 b,0.0009469255962817216,0.0,0.0,1.6546212061626e-109,2.76,0.38112522686025413,9.913,5279.0,0.0
Kepler-160 c,0.0005026234581068559,0.0,0.0,0.0,3.76,0.2558983666061706,84.848,5471.0,0.0
