pl_name,pl_rade,pl_masse,pl_dens,pl_insol,st_teff,pl_orbeccen,pl_eqt
"HD 80653 b",1.62100000,5.61000000000000e+00,7.240000,6130.0000,5959.00,0.000000,2438.00
"K2-312 c",12.80000000,,4.410000,0.4596,5959.00,0.843500,229.00
"XO-2 S d",13.00000000,,2.950000,0.0253,5325.00,0.091000,110.98
"Kepler-1808 b",3.02511302,,1.870000,30.9400,5530.00,0.000000,601.00
"Kepler-418 b",13.45000000,3.49611247700000e+02,,8.8770,5820.00,0.200000,434.00
"Kepler-249 d",1.57000000,,4.390000,4.4740,3568.00,0.000000,332.00
"OGLE-2017-BLG-0364L b",10.30000000,7.58000000000000e+01,0.381000,,,,
"Kepler-1408 b",0.89000000,,4.990000,1982.2680,6170.00,0.000000,1616.00
"HR 8799 b",13.00000000,2.00000000000000e+03,5.000000,0.0011,7204.58,,1200.00
"Kepler-500 b",2.58000000,,2.300000,193.6800,5813.00,0.000000,909.00
"CoRoT-17 b",11.43000000,7.72290000000000e+02,2.820000,640.9232,5740.00,0.000000,1626.00
"OGLE-2017-BLG-0373L b",14.00000000,1.27000000000000e+02,0.254000,,,,
"CoRoT-7 d",4.31000000,1.71420000000000e+01,1.180000,,5250.00,,
"Kepler-1685 b",2.57673985,,2.300000,36.0100,5484.00,0.000000,625.00
"Kepler-296 b",1.61000000,,3.000000,6.5000,3740.00,0.330000,495.00
"TOI-1744.01",2.68000000,,2.180000,63.3100,6179.00,,598.00
"KMT-2021-BLG-1547L b",13.60000000,4.67207758290000e+02,1.020000,,,,
"TOI-4377 b",15.10970598,3.04161785499000e+02,0.881000,430.9826,4974.00,0.045000,1162.08
"HD 64114 b",4.41000000,,1.140000,12.0441,5676.00,0.120000,518.51
"TOI-858 B b",14.06727078,3.49611247700000e+02,0.690000,908.9000,5842.00,0.150000,1529.00
"HD 27969 b",12.90000000,,3.910000,0.7600,5966.00,0.182000,261.00
"Kepler-1947 b",1.01016660,,5.380000,229.4000,6040.00,0.000000,1298.00
"Kepler-81 d",1.21000000,,5.960000,7.5070,4500.00,0.000000,418.00
"Kepler-900 b",2.08000000,,3.040000,54.1090,4836.00,0.000000,716.00
"TOI-1296 b",14.11645916,9.53000000000000e+01,0.190000,1078.5987,5567.00,0.000000,1414.84
"HD 24040 b",12.90000000,1.58914203500000e+03,4.070000,0.0779,5802.00,0.040000,143.81
"Kepler-638 b",1.83000000,,3.600000,872.5670,5382.00,0.000000,1111.00
"Kepler-375 b",1.45000000,,4.870000,64.4440,5826.00,0.000000,851.00
"Kepler-1590 b",1.14000000,,5.750000,171.4780,6053.00,0.000000,1020.00
"Kepler-666 b",2.40000000,,2.520000,575.6440,5887.00,0.000000,1133.00
"Kepler-586 b",2.79000000,,2.070000,705.0510,5575.00,0.000000,1365.00
"HD 180053 b",13.30000000,,1.630000,17.6730,5131.00,0.081000,542.98
"Kepler-1827 b",1.85644292,,3.520000,1113.4000,5423.00,0.000000,1329.00
"Kepler-83 b",2.83000000,2.94000000000000e+00,0.520000,15.4120,4082.00,0.000000,460.00
"TOI-1410 c",5.63000000,,0.831000,4.1841,4635.00,0.000000,397.45
"Kepler-578 b",2.00000000,,3.200000,496.8980,5334.00,0.000000,1774.00
"TOI-3807 b",18.49481816,3.30541543280000e+02,0.289000,1230.0000,5772.00,0.000000,1646.00
"K2-392 b",1.85000000,,3.540000,,5726.00,,
"UKIRT-2017-BLG-001L b",13.70000000,4.07000000000000e+02,0.870000,,,,
"Kepler-239 b",2.33000000,,2.620000,34.7460,4914.00,0.000000,616.00
"Kepler-1812 b",2.32494240,,2.630000,270.3400,6174.00,0.000000,1034.00
"HD 191939 c",3.19500000,8.00000000000000e+00,1.350000,21.0000,5348.00,0.034000,600.00
"Kepler-931 b",1.33000000,,5.440000,72.4400,5241.00,0.000000,744.00
"Kepler-501 c",1.68119739,,4.010000,683.8400,5794.00,0.000000,1304.00
"TIC 38825265 b",2.18869476,,2.850000,,4375.52,,
"Kepler-1664 b",3.03320653,,1.860000,85.4600,5735.81,0.000000,776.00
"WASP-105 b",10.76064000,5.72094000000000e+02,2.650000,166.5368,5070.00,0.000000,900.00
"Kepler-58 b",2.78000000,3.55000000000000e+01,10.100000,112.9920,5843.00,0.040000,920.00
"GJ 887 b",1.80000000,,3.670000,7.8000,3688.00,0.140000,426.00
"TOI-1759 b",3.14000000,1.08000000000000e+01,1.910000,6.3900,4065.00,0.000000,443.00
"HIP 70849 b",12.90000000,1.43022783150000e+03,3.660000,0.0056,4105.00,0.650000,78.85
"KOI-142 b",3.43800000,9.50000000000000e+00,1.290000,68.5630,5466.00,0.055610,758.00
"Barnard c",0.74300000,,4.490000,4.7285,3195.00,0.080000,400.00
"HATS-62 b",11.82549500,5.68915700000000e+01,0.076000,387.4000,5416.00,0.298000,1237.00
"Kepler-1350 c",1.73000000,,3.860000,94.0540,3827.00,0.000000,730.00
"TOI-1410.01",3.10083009,1.25000000000000e+01,2.300000,565.5415,4635.00,0.000000,1236.70
"TOI-5110 b",11.98240037,9.21702380300000e+02,2.950000,15.1027,6160.00,0.745000,976.00
"GJ 229 A c",2.87000000,,1.990000,0.1899,3564.00,0.366000,188.10
"Kepler-341 c",1.70000000,,3.950000,237.4300,6012.00,0.000000,940.00
"TOI-791 c",12.94637271,1.86000000000000e+01,0.047000,4.1200,6294.00,0.028000,362.80
"Kepler-590 b",4.02000000,,1.290000,782.4150,6000.00,0.000000,1056.00
"HD 180902 b",13.50000000,,1.200000,4.7959,4961.00,0.107000,412.37
"Qatar-7 b",19.05530000,5.97520400000000e+02,0.502000,2886.2922,6387.00,0.000000,2053.00
"TOI-5624 e",3.24700000,8.90000000000000e+00,1.460000,21.9904,5327.00,0.000000,613.80
"Kepler-764 b",1.64000000,,4.150000,160.4570,5557.00,0.000000,875.00
"TOI-7166 b",2.01000000,,3.180000,1.0700,3099.00,0.000000,249.00
"TOI-6695 b",9.52763359,6.67439654700000e+01,0.410000,85.9385,6400.00,0.040000,599.00
"GJ 3998 b",1.39000000,,5.120000,48.0000,3726.00,0.000000,733.50
"Kepler-656 b",3.12000000,,1.790000,924.3740,5281.00,0.000000,1569.00
"KIC 8540376 c",2.40000000,,2.520000,,6474.00,,
"Kepler-751 b",2.46000000,,2.440000,39.0100,5387.00,0.000000,679.00
"Kepler-276 d",2.80000000,1.63000000000000e+01,0.760000,11.2740,5693.00,0.000000,489.00
"WASP-37 b",13.00200000,5.72070000000000e+02,1.530000,545.3338,5800.00,0.000000,1232.50
"TOI-1203 e",7.31000000,,0.592000,,5737.00,0.152000,
"Kepler-122 f",1.75000000,3.60000000000000e+01,36.900000,21.5240,5917.00,0.000000,543.00
"OGLE-2016-BLG-0263L b",13.00000000,1.30000000000000e+03,3.250000,,,,
"Kepler-397 c",6.18000000,,0.736000,1.8000,5307.00,0.000000,295.00
"Kepler-1503 b",2.27000000,,2.710000,5.6360,5069.00,0.000000,321.00
"TOI-1776 b",1.21612741,1.40000000000000e+00,4.130000,560.3349,5785.00,0.000000,1269.21
"Kepler-1781 b",2.38091029,,2.550000,239.1100,5568.00,0.000000,1003.00
"HAT-P-40 b",17.03768000,1.52558400000000e+02,0.150000,1747.4151,6080.00,0.000000,1770.00
"HD 81688 b",13.50000000,,1.170000,143.6043,4797.00,0.040000,958.66
"K2-19 d",1.04400000,6.20000000000000e+00,31.000000,404.0000,5350.00,0.440000,1258.00
"Kepler-1309 b",2.37000000,,2.560000,13.7700,5235.00,0.000000,491.00
"HD 169830 c",12.60000000,2.43742605328300e+03,6.700000,0.4856,6300.00,0.246000,241.03
"ZTF J1230-2655 b",13.78704626,7.02400779470000e+03,,17889.7450,10000.00,,2949.65
"TOI-2525 b",8.67575106,2.66975861880000e+01,0.225000,16.3643,5096.00,0.170000,512.97
"Kepler-57 c",2.19600000,6.86000000000000e+00,3.528714,48.5740,5187.90,0.072500,671.00
"Kepler-1300 b",1.37000000,,5.240000,149.4090,6130.00,0.000000,954.00
"K2-104 b",1.79000000,,3.700000,62.1000,3712.00,0.090000,798.00
"KOI-134 b",12.03844527,3.46432963630000e+02,1.090000,45.0000,6160.00,0.160000,659.00
"TOI-1768.01",3.45300000,,1.570000,240.8700,5994.00,,1566.00
"KMT-2023-BLG-2209L b",13.90000000,2.54262725600000e+02,0.520000,,,,
"HD 150706 b",13.30000000,7.72323029010000e+02,1.800000,0.0240,5961.00,0.380000,108.81
"HR 8799 e",13.11453000,3.17830000000000e+03,7.740000,0.0201,7400.00,0.150000,1150.00
"Kepler-770 b",2.30000000,,2.660000,27.7360,5598.00,0.000000,1171.00
"HD 95089 b",13.70000000,,0.856000,7.2989,4918.00,0.119000,458.34
"HIP 10090 c",13.90000000,2.70154145950000e+02,0.553000,1.9857,5661.00,0.188000,338.35
"Kepler-1600 c",1.94206512,,3.320000,84.7000,5119.00,0.000000,786.00
"TOI-1782.01",2.36800000,,2.570000,56.2500,4336.00,,697.84
"Kepler-855 b",8.35000000,,0.497000,405.1830,5835.00,0.000000,996.00
"KMT-2021-BLG-0748L b",14.30000000,1.43022783150000e+02,0.269000,,,,
"Kepler-24 e",2.78000000,2.62118000000000e+01,0.310000,81.5060,5897.00,0.000000,792.00
"Kepler-1435 b",0.86000000,,4.890000,893.8860,6356.00,0.000000,1331.00
"Kepler-1771 b",4.05537256,,1.280000,5.5100,5661.00,0.000000,391.00
"Kepler-338 b",2.44000000,3.06000000000000e+01,11.600000,256.6060,5923.00,0.040000,1005.00
"HD 5583 b",12.80000000,,4.810000,145.0268,4830.00,0.076000,964.55
"HD 188641 b",11.90000000,9.33303117155500e+03,30.400000,0.0285,5897.32,0.034000,114.36
"K2-39 b",6.27704000,2.86047000000000e+01,0.930000,1356.0000,4881.00,0.000000,1670.00
"OGLE-2019-BLG-0960L b",1.39000000,2.50000000000000e+00,5.120000,,,,
"Kepler-1872 b",2.38421141,,2.550000,241.2500,5223.00,0.000000,1005.00
"GSC 06214-00210 b",20.17620000,5.00000000000000e+03,3.350000,0.0000,4200.00,,2300.00
"K2-130 b",1.25000000,,5.910000,136.4000,4356.47,0.170000,1013.11
"HD 89839 b",12.80000000,1.74805623850000e+03,4.580000,0.1067,6314.00,0.185000,159.03
"Kepler-106 e",2.56000000,1.11700000000000e+01,3.100000,20.2940,5858.00,0.000000,531.00
"Kepler-430 c",1.75000000,,3.800000,9.0960,5884.00,0.000000,458.00
"Ross 508 b",1.83000000,,3.590000,1.2464,3071.00,0.330000,293.86
"Kepler-869 b",3.61000000,,1.480000,17.2340,5664.00,0.000000,494.00
"GJ 2126 b",13.60000000,,0.903000,0.2833,4159.00,0.850000,203.08
"WASP-46 b",13.15936600,6.07055300000000e+02,1.467000,1281.2408,5600.00,0.000000,1636.00
"Kepler-932 b",1.37000000,,5.240000,562.2170,5331.00,0.000000,1276.00
"HD 1605 b",13.80000000,,0.621000,2.9004,4915.00,0.095000,362.48
"Kepler-1206 b",1.64000000,,4.150000,588.0210,4877.00,0.000000,1314.00
"Kepler-520 b",1.66000000,,4.070000,59.7700,6112.00,0.000000,711.00
"Kepler-27 c",4.90000000,4.38587000000000e+03,,11.0670,5400.00,0.000000,481.00
"Kepler-1250 b",1.92000000,,3.380000,1866.1930,5717.00,0.000000,1431.00
"TOI-2141 b",3.14700000,2.01000000000000e+01,3.540000,47.3000,5635.00,0.210000,728.00
"GJ 317 b",13.30000000,7.94500000000000e+02,1.860000,0.0159,3496.00,0.082600,100.32
"Kepler-1851 b",3.90012032,,1.340000,85.7800,5982.00,0.000000,776.00
"K2-308 b",9.91600000,,0.398000,512.9234,6100.00,,1213.76
"KOINTREAU-1 b",12.40000000,3.36898111420000e+03,9.710000,,3551.00,,
"Kepler-350 b",1.85000000,1.69000000000000e+01,4.900000,257.7210,6186.00,0.000000,1037.00
"K2-414 c",1.92870000,,3.350000,56.1300,4343.00,,762.62
"K2-148 b",1.33000000,,5.440000,48.8000,4079.00,,733.87
"Kepler-633 b",1.63000000,,4.170000,454.5000,5899.00,0.000000,1021.00
"Kepler-61 b",2.15000000,,2.910000,1.6900,4017.00,0.250000,273.00
"TOI-4562 b",12.53000000,7.32000000000000e+02,2.060000,3.2011,6096.00,0.760000,318.00
"Kepler-1154 c",2.36000000,,2.580000,339.5730,6327.00,0.000000,1117.00
"Kepler-241 c",2.57000000,,2.310000,5.8800,4699.00,0.000000,397.00
"Kepler-863 b",2.90000000,,1.970000,117.8280,5678.00,0.000000,718.00
"CoRoT-35 b",18.83108758,3.49611247700000e+02,0.290000,1251.8629,6390.00,0.000000,1747.00
"Kepler-1127 b",1.96000000,,3.280000,160.7650,5664.00,0.000000,994.00
"Kepler-1234 b",2.81000000,,2.060000,40.1200,4967.00,0.000000,625.00
"HAT-P-27 b",11.43000000,1.97050000000000e+02,0.760000,336.0384,5316.00,0.000000,1091.99
"Kepler-1934 b",0.91307734,,5.070000,1835.6000,5925.00,0.000000,1700.00
"Kepler-1344 b",1.84000000,,3.560000,425.1690,5981.00,0.000000,1219.00
"Kepler-1124 b",1.28000000,,5.710000,50.7770,3658.00,0.000000,621.00
"Kepler-117 c",12.34100000,5.84780000000000e+02,1.740000,41.8630,6150.00,0.032300,704.00
"K2-97 b",13.45077684,1.74487795443000e+02,0.392000,114.1490,4673.00,0.207000,1566.00
"Kepler-1581 b",0.80000000,,4.690000,470.8620,6022.00,0.000000,1108.00
"TOI-206 b",1.30000000,,5.600000,117.7582,3383.00,,910.00
"BD+48 740 b",13.50000000,,1.210000,15.1044,4534.00,0.760000,538.94
"EPIC 212587672 b",1.26000000,,5.850000,,6004.00,,756.00
"OGLE-2016-BLG-1800L b",13.20000000,8.23175574130000e+02,1.970000,,,,
"HD 4308 b",4.12000000,,1.250000,68.8078,5686.00,0.000000,799.37
"Kepler-1403 b",2.14000000,,2.930000,699.6440,6060.00,0.000000,1238.00
"TOI-707 b",2.41600000,,2.500000,10.9718,5424.00,,491.70
"Kepler-546 b",7.00000000,,0.626000,690.1300,5967.00,0.000000,1258.00
"Kepler-299 d",1.86000000,,3.520000,69.9600,5617.00,0.000000,729.00
"TOI-283 b",2.34000000,6.54000000000000e+00,2.810000,30.4000,5213.00,0.000000,661.00
"TOI-205 b",2.50121142,,2.390000,1740.9224,6302.74,,1799.55
"Kepler-236 b",1.57000000,,4.390000,15.6320,3750.00,0.000000,469.00
"HIP 8541 b",12.60000000,2.45172833159800e+03,6.730000,1.4683,4672.00,0.360000,305.12
"HD 92788 c",13.00000000,,2.920000,0.0095,5744.00,0.460000,91.27
"Kepler-310 b",1.19000000,,5.900000,45.9700,5797.00,0.000000,665.00
"Kepler-1886 b",2.58158428,,2.290000,26.6800,5745.00,0.000000,580.00
"HD 207832 c",14.00000000,,0.465000,0.1732,5710.00,0.270000,179.84
"HAT-P-49 b",17.82231000,6.99226000000000e+02,0.750000,4392.0300,6820.00,0.000000,2131.00
"TOI-6019 b",12.30000000,1.49000000000000e+02,0.440000,249.6501,5561.00,0.480000,1095.00
"MOA-2007-BLG-400L b",13.50000000,5.40308291900000e+02,1.210000,,,,34.00
"16 Cyg B b",13.50000000,,1.260000,0.4540,5750.00,0.680000,228.76
"OGLE-2019-BLG-1492L b",6.79000000,3.71000000000000e+01,0.651000,,,,
"Kepler-522 b",6.91000000,,0.636000,63.8550,6392.00,0.000000,761.00
"Kepler-1467 b",3.30000000,,1.670000,7.9170,5332.00,0.000000,411.00
"Kepler-758 c",1.69000000,,3.980000,1211.8220,6228.00,0.000000,1372.00
"Kepler-19 b",2.20900000,6.10000000000000e+00,3.100000,87.6000,5541.00,0.410000,851.00
"Kepler-1102 b",2.66000000,,2.210000,22.9810,5724.00,0.000000,546.00
"HD 72659 c",12.10000000,6.16587109580000e+03,19.100000,0.0051,5929.00,0.114000,71.91
"HD 174205 b",13.00000000,,3.340000,82.6990,4308.00,0.400000,821.72
"Kepler-617 b",1.32000000,,5.500000,100.2950,3712.00,0.000000,750.00
"Kepler-371 c",1.78000000,,3.720000,17.0630,5666.00,0.000000,443.00
"Kepler-265 e",2.59000000,,2.280000,10.3540,5835.00,0.000000,476.00
"KMT-2016-BLG-0212L b",12.20000000,5.70000000000000e+03,17.200000,,,,
"Kepler-1610 c",2.09000000,,3.020000,8.3400,5295.00,0.000000,433.00
"Qatar-2 b",14.05600000,7.92635000000000e+02,1.573000,447.4134,4645.00,0.000000,1344.00
"HD 222076 b",13.50000000,,1.110000,2.5381,4806.00,0.080000,346.88
"HD 98736 b",13.30000000,,1.730000,0.1734,5271.00,0.226000,179.53
"K2-338 b",1.03000000,,5.430000,,4558.00,,783.00
"HD 40979 b",12.90000000,,3.800000,2.7022,6165.00,0.250000,354.69
"TOI-286 b",1.42000000,4.53000000000000e+00,8.630000,889.5827,5152.00,0.000000,979.00
"Kepler-750 c",1.62000000,,4.210000,778.5920,6160.00,0.000000,1537.00
"Kepler-282 b",1.01000000,,5.390000,195.9350,5602.00,0.000000,817.00
"Kepler-278 c",3.26800000,3.49000000000000e+01,5.500000,54.3000,4965.00,0.616000,492.00
"GJ 180 d",2.66000000,,2.210000,0.1362,3371.00,0.140000,187.94
"HD 1461 c",2.23000000,,2.770000,99.8365,5765.00,0.305000,892.87
"Kepler-1248 b",1.18000000,,5.890000,271.2500,6149.00,0.000000,1035.00
"K2-275 b",2.34000000,,2.610000,161.2476,4841.00,,1166.00
"HD 74156 b",13.50000000,,1.190000,32.0951,6068.00,0.636000,679.63
"Kepler-267 c",2.13000000,,2.950000,17.5830,4258.00,0.000000,484.00
"K2-86 b",1.96000000,,3.280000,78.0000,5482.00,,830.49
"V830 Tau b",14.00000000,2.22481000000000e+02,0.446000,370.0414,4250.00,0.000000,1213.95
"Kepler-377 c",2.06000000,,3.080000,49.8550,5949.00,0.000000,677.00
"K2-195 c",2.57581891,,2.300000,,5712.00,,
"Proxima Cen d",0.69200000,,4.310000,1.8140,2900.00,0.000000,282.00
"HD 15906 b",2.24000000,,2.760000,33.1400,4757.00,0.110000,668.00
"HD 196050 b",12.90000000,1.49379351290000e+03,3.820000,0.2591,5879.00,0.200000,207.52
"K2-201 c",3.28568401,,1.670000,,5507.00,,
"TOI-1279 b",2.66146528,1.06000000000000e+01,3.050000,74.7359,5457.00,0.000000,759.00
"K2-326 b",2.28000000,,2.700000,268.1283,3924.00,,1114.00
"Kepler-606 b",3.31000000,,1.670000,71.8430,6161.00,0.000000,683.00
"Kepler-1575 b",1.31000000,,5.550000,803.6790,5667.00,0.000000,1312.00
"Kepler-729 b",3.58000000,,1.500000,1089.5490,5633.00,0.000000,1273.00
"Kepler-1995 b",4.28000000,,1.180000,4.6600,5029.00,0.000000,375.00
"Kepler-1434 b",1.11000000,,5.670000,925.2890,6291.00,0.000000,1320.00
"Kepler-82 c",5.34000000,1.39000000000000e+01,0.494000,8.0350,5401.00,0.007000,450.00
"Kepler-1538 b",2.82000000,,2.050000,1.9890,5837.00,0.000000,346.00
"K2-187 b",1.20000000,,5.950000,2367.2520,5438.00,,1815.00
"Kepler-464 b",3.30000000,,1.670000,495.0050,5933.00,0.000000,1163.00
"61 Vir b",2.11000000,,2.980000,318.8418,5577.00,0.120000,1177.85
"Kepler-1782 b",2.22927435,,2.780000,86.0000,4931.00,0.000000,773.00
"Kepler-1580 b",2.11000000,,2.980000,83.0880,6228.00,0.000000,733.00
"Kepler-198 d",1.53000000,,4.540000,1444.5160,5636.00,0.000000,1562.00
"Kepler-1737 b",5.39500000,,0.878000,5.0900,5043.00,0.000000,383.00
"Kepler-134 c",1.26000000,,5.850000,128.0860,5983.00,0.000000,892.00
"TOI-1860 b",1.31000000,,5.550000,876.7030,5752.00,,1885.00
"Kepler-132 c",1.28000000,,5.710000,271.0000,6003.00,0.000000,1069.00
"GJ 3942 b",2.57000000,,2.310000,20.5207,3867.00,0.121000,590.00
"Kepler-26 b",2.78000000,5.12000000000000e+00,1.260000,7.6000,3914.00,0.021000,431.00
"Kepler-1589 b",1.09000000,,5.600000,5228.7850,6166.00,0.000000,2102.00
"K2-343 c",2.02000000,,3.160000,,3804.00,,465.00
"GJ 581 c",2.50000000,6.81000000000000e+00,2.390000,2.3985,3500.00,0.032000,346.13
"HD 196885 A b",13.20000000,,1.960000,0.4271,6254.00,0.480000,224.21
"TOI-5592 b",17.14974047,2.85727737893000e+02,0.220000,1712.0000,6237.00,0.062000,1789.00
"Kepler-188 c",3.19000000,,1.740000,257.3480,6021.00,0.000000,1025.00
"HIP 65407 c",13.90000000,,0.510000,6.5252,5460.00,0.120000,457.04
"KOI-1831 d",1.13000000,2.23000000000000e+00,9.950000,11.8000,5233.00,0.000000,475.00
"Kepler-279 c",4.30000000,4.94000000000000e+01,0.300000,60.1570,6689.45,0.000000,774.00
"TOI-1444 b",1.41792246,3.58000000000000e+00,6.840000,5028.6263,5460.00,0.000000,2130.02
"Kepler-329 c",1.93000000,,3.350000,11.8690,4257.00,0.000000,402.00
"Kepler-487 d",2.77513568,,2.090000,550.8000,5422.00,0.000000,1226.00
"HD 43691 b",13.20000000,,1.940000,55.8272,6093.00,0.079600,761.79
"Kepler-797 b",2.17000000,,2.880000,90.1000,5680.00,0.000000,605.00
"K2-401 b",2.26200000,,2.730000,,4213.00,,
"Kepler-199 c",3.25000000,,1.700000,7.8850,5644.00,0.000000,420.00
"HATS-8 b",9.78545700,4.38605400000000e+01,0.259000,510.8195,5679.00,0.376000,1324.00
"KMT-2019-BLG-1367L b",1.85000000,4.08000000000000e+00,3.540000,,,,
"KOI-1783.01",8.86000000,7.10000000000000e+01,0.560000,5.7000,5922.00,0.000000,412.00
"KELT-16 b",15.86073500,8.74032500000000e+02,1.200000,6992.0328,6236.00,0.000000,2453.00
"Kepler-1681 b",2.55321772,,2.330000,5.3300,5756.40,0.000000,442.00
"Kepler-780 b",0.89000000,,4.990000,4572.5600,5769.00,0.000000,2099.00
"Kepler-1572 b",0.94000000,,5.150000,583.5230,5618.00,0.000000,1293.00
"Kepler-1389 b",1.77000000,,3.750000,1.8710,5078.00,0.000000,300.00
"TOI-544 c",4.92000000,,0.992000,,4169.00,0.320000,
"Kepler-251 d",2.77000000,,2.090000,17.4770,5526.00,0.000000,536.00
"Kepler-127 d",2.64000000,,2.230000,31.5190,6106.00,0.030000,590.00
"CoRoT-12 b",16.14000000,2.91438000000000e+02,0.411000,661.1334,5675.00,0.070000,1442.00
"SWEEPS-4 b",9.07900000,1.20770000000000e+03,8.870000,,,,
"Kepler-1256 b",1.49000000,,4.700000,211.5490,6129.00,0.000000,933.00
"G 264-012 b",1.39000000,,5.120000,20.5000,3326.00,,587.00
"GJ 143 b",2.61000000,2.27000000000000e+01,7.000000,7.0423,4640.00,0.188000,422.00
"K2-10 b",3.77300000,2.52000000000000e+01,2.360000,42.1000,5533.00,0.310000,649.00
"Kepler-182 b",2.58000000,,2.300000,239.7870,6250.00,0.000000,935.00
"TOI-1659.01",2.25500000,,2.740000,268.4400,5977.00,,1031.14
"Kepler-19 d",5.06000000,2.25000000000000e+01,0.954000,,5544.00,0.050000,
"TOI-237 c",1.20600000,,5.950000,16.0000,3226.00,,515.00
"KMT-2016-BLG-2142L b",12.20000000,4.92300000000000e+03,14.900000,,,,
"Kepler-564 b",4.63000000,,1.070000,389.4040,5626.00,0.000000,1129.00
"Kepler-878 b",1.93000000,,3.350000,27.0090,5044.00,0.000000,501.00
"Kepler-228 b",1.53000000,,4.540000,863.7760,6043.00,0.000000,1360.00
"HD 6434 b",14.20000000,,0.299000,57.2458,5769.00,0.170000,786.83
"CoRoT-7 b",1.68135000,4.07660517710000e+00,9.355000,1773.7952,5275.00,0.000000,1756.00
"TOI-2969 b",12.32987877,3.68680952120000e+02,1.100000,382.0000,4738.00,0.000000,1186.00
"Kepler-610 c",3.30000000,,1.670000,2.2970,5943.00,0.000000,318.00
"Kepler-1473 b",1.19000000,,5.900000,111.0110,6046.00,0.000000,783.00
"Kepler-447 b",18.49000000,4.35410000000000e+02,0.400000,119.0390,5493.00,0.123000,882.00
"Kepler-290 d",0.86000000,,4.890000,1503.7900,5142.00,0.000000,1589.00
"HD 34445 e",4.26000000,,1.190000,27.8395,5836.00,0.090000,637.76
"Kepler-384 c",1.13000000,,5.750000,40.0990,5577.00,0.000000,531.00
"HD 120084 b",12.70000000,2.03410180480000e+03,5.460000,3.0851,4879.00,0.483000,369.24
"Kepler-468 b",13.34000000,,,11.2410,5498.00,0.000000,484.00
"Kepler-191 b",1.34000000,,5.390000,50.2000,5282.00,0.000000,722.00
"GJ 680 b",12.00000000,7.97749301570000e+03,25.400000,0.0003,3563.00,0.381000,36.57
"Kepler-917 b",1.91000000,,3.400000,228.1100,5418.00,0.000000,991.00
"TOI-1224 c",2.88400000,,1.990000,1.9952,3326.00,0.000000,303.12
"TOI-1422 b",3.83000000,9.50000000000000e+00,0.930000,90.5151,5840.00,0.200000,870.00
"Kepler-980 b",2.67000000,,2.200000,170.1370,5935.00,0.000000,845.00
"HATS-59 b",12.62133400,2.56170980000000e+02,0.700000,269.0000,5670.00,0.129000,1128.00
"HD 73267 c",12.80000000,1.63077755631700e+03,4.270000,0.0049,5387.00,0.089000,69.53
"Kepler-580 b",2.57000000,,2.310000,24.0630,4298.00,0.000000,558.00
"HD 152843 c",5.94000000,9.67000000000000e+00,0.253000,133.1000,6310.00,0.074000,253.08
"HD 217786 c",2.61000000,,2.260000,1308.8643,5966.00,0.399000,1663.13
"HR 8799 c",13.00000000,3.00000000000000e+03,7.500000,0.0034,7204.58,0.500000,1200.00
"TOI-4342 b",2.32900000,7.30000000000000e+00,3.180000,27.8000,3866.00,0.000000,639.00
"Kepler-193 c",2.75000000,,2.110000,16.0260,6335.00,0.000000,595.00
"K2-269 b",1.57000000,,4.390000,1041.5274,6209.00,,1429.00
"KOI-12 b",13.78707000,3.49613000000000e+02,0.733000,196.5070,6635.00,0.340000,911.00
"Kepler-1773 b",3.50469499,,1.540000,39.2000,6183.00,0.000000,623.00
"NGTS-16 b",14.57167491,2.11991547469000e+02,0.380000,480.0000,5550.00,0.000000,1177.00
"Kepler-637 b",4.75000000,,1.040000,63.8050,6096.00,0.000000,1002.00
"HD 113337 c",12.10000000,6.29967685514700e+03,19.500000,0.0926,6774.00,0.164000,153.36
"K2-30 b",11.64615100,1.84023570000000e+02,0.640000,299.0000,5425.00,0.000000,1092.00
"Kepler-1675 b",3.12483349,,1.790000,11.8000,5853.19,0.000000,465.00
"Gaia22dkvL b",14.10000000,1.87836588537000e+02,0.368000,,,,
"Kepler-1788 b",2.37850461,,2.550000,197.8100,4786.00,0.000000,956.00
"Kepler-497 b",6.04000000,,0.758000,1129.2720,5834.00,0.000000,1210.00
"Kepler-179 c",2.00000000,,3.200000,115.9830,5302.00,0.000000,810.00
"HD 87646 b",12.40000000,,11.400000,665.8120,5770.00,0.050000,1012.70
"KMT-2024-BLG-0404L c",4.33000000,1.73000000000000e+01,1.170000,,,,
"Kepler-139 e",13.70000000,3.78000000000000e+02,0.808000,0.0991,5622.00,0.013121,154.06
"HD 29985 b",12.80000000,1.73947487151100e+03,4.560000,0.0008,4678.00,0.261000,46.73
"Kepler-668 b",2.70000000,,2.160000,77.6190,5352.00,0.000000,790.00
"Kepler-56 d",12.80000000,,4.670000,1.7204,4819.44,0.200000,324.75
"Kepler-205 b",1.51000000,,4.610000,102.5620,4321.00,0.000000,757.00
"Kepler-1156 b",1.32000000,,5.500000,83.0140,5778.00,0.000000,787.00
"HR 858 c",1.97900000,3.80000000000000e+00,2.900000,512.0000,6354.00,0.000000,1309.00
"Kepler-989 b",2.21000000,,2.810000,74.3500,5074.00,0.000000,805.00
"HD 165155 b",13.20000000,,2.190000,0.5482,5426.00,0.200000,239.90
"K2-351 b",2.54000000,,2.340000,,5769.00,,934.00
"HD 22946 d",2.60700000,2.65700000000000e+01,10.800000,18.5610,6169.00,,546.00
"HD 13908 b",13.90000000,,0.562000,168.6392,6255.00,0.020000,993.25
"Kepler-1446 b",0.82000000,,4.750000,1213.3330,4865.00,0.000000,1539.00
"Kepler-1697 b",1.25954761,,5.830000,37.3000,4681.53,0.000000,630.00
"HD 11112 b",12.60000000,2.59856505563200e+03,7.140000,0.0133,5905.64,0.285000,94.51
"Kepler-674 b",1.69000000,,3.980000,146.5110,4192.00,0.000000,822.00
"Kepler-1269 b",1.63000000,,4.170000,69.0040,5998.00,0.000000,657.00
"Kepler-1576 b",1.04000000,,5.470000,156.6080,5876.00,0.000000,1059.00
"Kepler-1796 b",2.75047868,,2.110000,30.3000,6036.00,0.000000,598.00
"Kepler-972 b",4.65000000,,1.070000,266.5140,6146.00,0.000000,1060.00
"Kepler-1508 b",1.33000000,,5.440000,116.1450,6158.00,0.000000,967.00
"Kepler-293 c",3.83000000,,1.370000,7.2870,5804.00,0.000000,466.00
"AF Lep b",13.00000000,1.14736054927000e+03,2.870000,0.0241,6140.00,0.015000,1400.00
"Kepler-873 b",3.75000000,,1.410000,68.0150,6163.00,0.000000,749.00
"Kepler-669 b",4.83000000,,1.010000,826.7650,6038.00,0.000000,1243.00
"Kepler-783 b",0.78000000,,4.620000,229.1040,5521.00,0.000000,991.00
"Kepler-142 d",2.16000000,,2.900000,22.0720,5790.00,0.000000,582.00
"Kepler-1297 b",0.97000000,,5.240000,2760.5930,5818.00,0.000000,1790.00
"HD 126525 b",10.30000000,,0.379000,0.2701,5638.00,0.035000,198.47
"Kepler-319 d",2.29000000,,2.680000,17.9620,5526.00,0.000000,528.00
"Kepler-1427 b",1.10000000,,5.660000,2730.5100,5793.00,0.000000,1844.00
"Kepler-1959 b",1.14315727,,5.780000,102.2500,5071.00,0.000000,811.00
"HD 109271 b",4.31000000,,1.180000,320.4393,5783.00,0.250000,1128.86
"HD 100546 b",77.34210000,2.70154145950000e+03,0.032100,0.0113,10500.00,,94.67
"HD 158996 b",12.30000000,,13.100000,234.6259,4069.00,0.130000,960.27
"Kepler-1264 b",1.18000000,,5.890000,2367.8040,5791.00,0.000000,1677.00
"HD 100777 b",13.70000000,3.90928940610000e+02,0.835000,0.9345,5533.00,0.380000,264.28
"Kepler-553 b",4.74139884,1.16007368555000e+02,,235.0000,5191.00,0.000000,1089.00
"HD 31527 c",3.85000000,,1.360000,16.9215,5898.00,0.040000,571.07
"K2-44 b",2.43300000,,2.480000,646.0000,5912.00,,1211.00
"Kepler-1955 b",1.16654878,,5.850000,114.3000,5825.00,0.000000,853.00
"Kepler-537 b",1.41000000,,5.040000,442.5220,5763.00,0.000000,1181.00
"HD 217786 b",12.30000000,4.40255909376400e+03,13.000000,0.3159,5966.00,0.311000,207.30
"Kepler-1968 b",1.50004034,,4.660000,72.1600,5008.00,0.000000,744.00
"Kepler-322 c",1.67000000,,4.050000,203.4060,5388.00,0.000000,996.00
"OGLE-TR-132 b",13.45000000,3.75020000000000e+02,0.850000,2550.8364,6210.00,0.600000,2013.00
"Kepler-1684 b",2.87084792,,2.000000,3.4200,4706.54,0.000000,347.00
"HATS-66 b",15.81589900,1.69403390000000e+03,2.340000,2637.0000,6626.00,0.064000,1998.00
"Kepler-171 b",2.34000000,,2.610000,304.1780,5642.00,0.000000,1053.00
"Kepler-1021 b",2.33000000,,2.620000,50.3700,5431.00,0.000000,634.00
"Kepler-1399 b",1.25000000,,5.910000,1707.2520,5735.00,0.000000,1610.00
"TOI-7041 b",11.43316031,1.14418226520000e+02,0.421000,143.2590,4700.00,0.040000,882.37
"OGLE-2014-BLG-0676L b",13.00000000,1.16960853776000e+03,2.930000,,,,
"K2-319 b",2.79000000,,2.070000,25.1842,5440.00,,641.00
"Kepler-414 c",3.01000000,2.99000000000000e+01,6.020000,137.0860,5536.00,0.000000,890.00
"HD 210193 b",14.30000000,,0.288000,0.5142,5790.00,0.240000,235.69
"Kepler-1952 b",1.23923346,,5.980000,65.2700,5973.00,0.000000,725.00
"HD 34445 f",6.88000000,,0.640000,0.8442,5836.00,0.031000,266.14
"V0391 Peg b",13.10000000,,2.490000,9.3750,29300.00,0.000000,519.69
"Kepler-1633 b",1.58000000,,4.350000,26.2580,6256.00,0.000000,925.00
"Kepler-242 c",2.00000000,,3.200000,20.4980,5020.00,0.000000,613.00
"Qatar-5 b",12.40836300,1.37302560000000e+03,3.950000,669.0000,5747.00,0.000000,1415.00
"K2-348 c",2.67000000,,2.200000,,5077.00,,655.00
"K2-132 b",14.57170000,1.55736700000000e+02,0.277000,293.3740,4840.00,0.290000,1586.00
"Kepler-399 c",1.43000000,,4.940000,15.6900,5502.00,0.000000,630.00
"KELT-15 b",19.50366000,4.16357300000000e+02,0.360000,1612.7618,6003.00,0.000000,1642.00
"Kepler-1130 b",0.80000000,,4.690000,162.6500,5403.00,0.000000,904.00
"K2-290 c",11.27625400,2.46000420000000e+02,1.010000,28.2979,6302.00,0.000000,676.00
"TOI-7008 b",4.94735276,,0.985000,1679.3500,5116.06,,1783.00
"Kepler-1367 b",0.92000000,,5.090000,225.2330,4106.00,0.000000,998.00
"DMPP-2 c",8.26000000,,0.505000,553.7504,6500.00,0.280000,1910.88
"Kepler-1716 b",2.42476850,,2.490000,6.3000,4894.00,0.000000,408.00
"TOI-1716.01",3.14300000,,1.770000,254.8300,5879.00,,959.00
"Kepler-1038 c",1.41623380,,5.010000,89.2400,5159.00,0.000000,784.00
"TOI-5159 b",1.54732112,,4.460000,133.1006,5156.16,,866.29
"HD 109271 c",5.27000000,,0.907000,52.0580,5783.00,0.150000,716.68
"K2-202 b",2.30165603,,2.660000,,5491.00,,
"HATS-41 b",14.90797000,3.08295100000000e+03,5.100000,1300.3125,6424.00,0.380000,1710.00
"HD 45350 b",13.50000000,,1.270000,0.3750,5566.00,0.778000,217.81
"GJ 3323 b",1.23000000,,5.960000,2.5800,3159.00,0.230000,290.06
"Kepler-682 b",7.37000000,,0.585000,306.1020,5559.00,0.000000,753.00
"HD 284149 AB b",12.00000000,8.35253053596000e+03,26.600000,0.0000,6035.00,,2395.00
"HATS-77 b",13.05846252,4.36696231218000e+02,1.077000,78.3700,4071.00,0.045000,828.30
"WASP-142 b",17.14977000,2.66977200000000e+02,0.310000,3140.9238,6010.00,0.000000,2000.00
"Kepler-597 b",2.37000000,,2.560000,76.3750,5683.00,0.000000,743.00
"HD 29021 b",12.90000000,1.42069297929000e+03,3.640000,0.1252,5560.00,0.453000,163.20
"GJ 682 b",1.93000000,,3.360000,0.3125,3028.00,0.080000,281.93
"HD 168443 c",12.20000000,5.50033841154200e+03,16.600000,0.2987,5491.00,0.210000,205.47
"WASP-53 b",12.03846600,6.77613560000000e+02,2.280000,241.6656,4953.00,0.030000,1053.00
"Kepler-1857 b",1.96065412,,3.280000,217.4000,6074.00,0.000000,946.00
"Kepler-342 c",1.96000000,,3.280000,77.2900,6175.00,0.000000,754.00
"Kepler-1251 b",1.84000000,,3.560000,13.7800,5545.00,0.000000,487.00
"TOI-5624 f",3.66000000,,1.460000,8.6817,5327.00,0.000000,478.50
"OGLE-2015-BLG-1649L b",13.20000000,8.07000000000000e+02,1.930000,,,,
"Kepler-242 b",2.61000000,,2.260000,43.7680,5020.00,0.000000,742.00
"TOI-220 b",3.03000000,1.38000000000000e+01,2.730000,137.7252,5298.00,0.032000,805.00
"Kepler-374 d",1.31000000,,5.550000,548.0990,5977.00,0.000000,1272.00
"Kepler-1870 b",2.10143764,,3.000000,287.6000,5508.00,0.000000,1046.00
"Kepler-258 b",4.06000000,,1.270000,27.7910,4942.00,0.000000,642.00
"WASP-8 b",12.66617000,8.07288200000000e+02,2.100000,209.1180,5600.00,0.310000,1059.00
"Kepler-1339 b",0.71000000,,4.380000,3094.8170,5586.00,0.000000,1642.00
"HD 106252 b",12.50000000,3.17828407000000e+03,8.940000,0.1884,5874.00,0.480000,178.13
"HD 102956 b",13.80000000,,0.638000,1781.1928,4985.00,0.037000,1804.96
"K2-128 b",1.42000000,,4.990000,68.8000,4469.51,0.230000,803.10
"TOI-139 b",2.45660000,,2.450000,22.4219,4570.00,,561.17
"GJ 508.2 b",,,,0.0025,3720.00,0.270000,59.30
"Kepler-244 b",2.76000000,,2.100000,242.4710,5554.00,0.000000,1038.00
"TOI-4087 b",13.04725353,2.32014737110000e+02,0.570000,753.9000,6060.00,0.000000,1458.00
"OGLE-2015-BLG-1771L b",14.30000000,1.38000000000000e+02,0.259000,,,,
"HAT-P-66 b",17.82231000,2.48860890000000e+02,0.242000,1939.5100,6002.00,0.090000,1896.00
"DMPP-9 b",3.89000000,,1.350000,176.6011,6092.00,0.250000,995.58
"TOI-4898 b",3.71979540,,1.430000,33.0144,4201.57,,667.00
"HD 101581 c",0.99000000,,5.310000,52.0000,4675.00,,747.00
"Kepler-1292 b",1.82000000,,3.620000,521.1010,5556.00,0.000000,1195.00
"Kepler-1906 b",2.77615754,,2.090000,155.7200,5868.00,0.000000,901.00
"GJ 876 e",3.92000000,1.46000000000000e+01,1.330000,0.1110,3293.74,0.055000,150.46
"TOI-1052 c",6.48000000,,0.693000,39.7000,6146.00,0.237000,719.00
"HAT-P-29 b",13.11453000,2.79690400000000e+02,0.710842,433.0000,6087.00,0.090000,1281.00
"YZ Cet c",1.05000000,,5.410000,4.7200,3151.00,0.000000,410.30
"Kepler-434 b",12.67000000,9.08960000000000e+02,2.400000,158.2850,5977.00,0.131000,1000.00
"HD 11755 b",12.80000000,,4.690000,124.3021,4312.00,0.190000,903.49
"Kepler-1471 b",1.41000000,,5.040000,314.2330,5660.00,0.000000,1238.00
"HD 128717 b",12.10000000,6.29300245860000e+03,19.500000,0.0892,6210.00,0.850000,151.90
"HAT-P-46 b",14.39200000,1.56684000000000e+02,0.280000,1405.4798,6120.00,0.123000,1458.00
"TOI-1244 b",2.46700000,6.60000000000000e+00,2.660000,56.6300,4599.00,0.000000,714.86
"HD 39855 b",2.85000000,,2.020000,287.2000,5576.00,0.140000,1145.89
"BD-11 4672 c",4.04000000,,1.280000,1.7444,4550.00,0.400000,320.21
"Kepler-1442 b",3.93000000,,1.330000,25.9720,6394.00,0.000000,522.00
"Kepler-292 d",2.23000000,,2.770000,103.0050,5299.00,0.000000,808.00
"HD 47186 c",13.00000000,,0.279000,0.1925,5657.00,0.249000,183.18
"Kepler-692 b",3.11000000,,1.800000,28.5040,5440.00,0.000000,639.00
"EPIC 206042996 b",1.70000000,,3.950000,,4114.00,,
"OGLE-2012-BLG-0358L b",13.40000000,5.88000000000000e+02,1.340000,,,,
"Kepler-1193 b",1.32000000,,5.500000,1286.3860,5908.00,0.000000,1453.00
"HD 75784 c",12.80000000,,4.700000,0.0808,4867.00,0.489000,149.31
"Kepler-838 b",2.73000000,,2.130000,61.0890,5770.00,0.000000,777.00
"81 Cet b",13.10000000,,2.570000,13.0071,4734.00,0.037000,526.92
"Kepler-1058 b",2.72000000,,2.140000,0.7700,4644.00,0.000000,239.00
"TOI-4214 b",10.68215861,1.65270771640000e+02,0.740000,1210.0000,6370.00,0.170000,1642.00
"Kepler-391 b",2.50000000,1.10000000000000e+03,380.000000,690.0000,5038.00,0.460000,930.00
"Kepler-698 b",3.68000000,,1.440000,172.5570,5612.00,0.000000,727.00
"TOI-3877 b",11.67975789,9.97981197980000e+01,0.342000,729.0000,5731.00,0.220000,1445.00
"Kepler-409 b",1.19900000,6.00000000000000e+00,19.000000,6.1500,5421.00,0.690000,438.00
"Kepler-273 b",1.50000000,,4.660000,285.6360,5626.00,0.000000,1209.00
"Kepler-636 b",4.45000000,,1.130000,67.5090,5203.00,0.000000,614.00
"Kepler-1914 b",2.94298030,,1.930000,27.6600,5982.00,0.000000,585.00
"HD 200964 b",13.50000000,,1.140000,4.7312,4982.00,0.087000,425.95
"pi Men c",2.01890000,3.63000000000000e+00,2.800000,309.0000,5998.00,0.000000,1169.80
"Kepler-150 c",3.69000000,,1.440000,132.0910,5560.00,0.000000,876.00
"HATS-43 b",13.22662000,8.29536300000000e+01,0.191000,192.2328,5099.00,0.173000,1003.00
"TOI-1437 b",2.24000000,9.60000000000000e+00,3.910000,82.0000,6008.00,0.170000,794.23
"Kepler-685 b",10.58000000,,0.366000,1137.1240,5963.00,0.000000,1579.00
"K2-89 b",0.61500000,,4.020000,78.0000,3691.00,0.150000,830.07
"WASP-49 b",12.44199000,1.17597100000000e+02,0.288000,615.4709,5600.00,0.000000,1400.00
"Kepler-1699 b",1.56671124,,4.400000,245.6500,5575.53,0.000000,1010.00
"Kepler-1152 b",0.87000000,,4.920000,139.6010,3964.00,0.000000,806.00
"HD 30669 b",14.30000000,,0.281000,0.0987,5400.00,0.180000,151.45
"HD 155918 c",12.80000000,1.87804805696300e+03,4.920000,0.0060,5771.84,0.071000,77.38
"Kepler-1391 b",1.68000000,,4.010000,33.3350,5840.00,0.000000,513.00
"TOI-2406 b",2.86000000,1.56000000000000e+01,,6.6900,3100.00,0.170000,449.00
"Kepler-25 c",5.21700000,1.52000000000000e+01,0.588000,210.1720,6354.00,0.006100,934.00
"Kepler-1813 b",1.41300000,,5.030000,298.2000,5167.00,0.000000,1059.00
"Kepler-156 b",2.30000000,,2.660000,135.0770,5094.00,0.000000,867.00
"Kepler-477 b",2.07000000,,3.060000,38.7100,5240.00,0.000000,649.00
"WASP-66 b",15.69260000,7.46900500000000e+02,1.144000,1434.7739,6600.00,0.000000,1569.70
"Kepler-275 b",2.34000000,,2.610000,266.3000,6165.00,0.000000,1015.00
"EPIC 206032309 b",1.01000000,,5.390000,,3489.00,,
"HATS-64 b",18.81991100,3.05116800000000e+02,0.245000,1711.0000,6554.00,0.151000,1793.00
"TOI-2876 b",9.63972340,5.40308291900000e+01,0.330000,124.2000,5271.00,0.130000,929.00
"Kepler-80 f",1.21000000,4.45973000000000e+03,703.000000,750.9640,4540.00,0.186000,1054.00
"Kepler-397 b",2.46000000,,2.440000,20.0100,5307.00,0.000000,539.00
"Kepler-967 b",2.35000000,,2.590000,39.1000,5178.00,0.000000,638.00
"HIP 94235 b",3.00000000,3.79000000000000e+02,,219.2841,5991.00,0.320000,1060.00
"HD 95735 c",3.76000000,,1.410000,0.0023,3719.00,0.132000,63.49
"HD 126614 b",12.70000000,1.07743829973000e+02,0.289000,0.2392,5568.00,0.548000,209.54
"G 261-6 b",1.10000000,,5.660000,1.8000,2907.00,0.000000,322.30
"KOI-351 c",1.19000000,,5.900000,236.3150,6080.00,0.000000,987.00
"Kepler-610 b",4.19000000,,1.220000,139.0720,5943.00,0.000000,888.00
"K2-278 b",2.98000000,,1.900000,1051.5587,6747.00,,1711.00
"HIP 111909 b",13.70000000,,0.822000,6.0097,4891.00,,436.91
"Kepler-33 e",4.02000000,5.57000000000000e+00,0.800000,74.7200,5904.00,0.000000,752.00
"Kepler-1932 b",1.51482218,,4.600000,2799.9000,5278.00,0.000000,1891.00
"HD 90156 b",4.43000000,,1.140000,11.5200,5599.00,0.310000,518.01
"K2-384 b",1.07600000,,5.560000,,3623.00,,
"TOI-2068 b",1.82100000,,3.610000,12.2300,3710.00,,520.62
"Kepler-1382 b",1.88000000,,3.470000,198.4710,6161.00,0.000000,959.00
"Kepler-123 b",2.94000000,5.53000000000000e+01,12.000000,138.8070,6089.00,0.000000,817.00
"Kepler-1890 b",0.86867375,,4.920000,493.0000,6046.00,0.000000,1328.00
"Kepler-1030 b",2.48000000,,2.420000,16.8810,4983.00,0.000000,529.00
"Kepler-112 b",2.36000000,,2.580000,123.8180,5544.00,0.000000,809.00
"Kepler-1077 b",2.77000000,,2.090000,26.9280,5816.00,0.000000,576.00
"Kepler-1451 b",3.35000000,,1.640000,18.7510,5782.00,0.000000,523.00
"KMT-2023-BLG-0416L b",3.67000000,1.30309646870000e+01,1.450000,,,,
"Kepler-190 c",1.46000000,,4.820000,181.6990,5106.00,0.000000,948.00
"HD 153950 b",13.20000000,,2.240000,1.3550,6124.00,0.340000,295.30
"Kepler-1431 b",1.47000000,,4.770000,469.8190,5806.00,0.000000,1064.00
"Kepler-1132 b",2.35000000,,2.590000,4.5470,5298.00,0.000000,384.00
"Kepler-216 c",3.04000000,,1.850000,182.0570,6091.00,0.000000,814.00
"CoRoT-13 b",9.92000000,4.15704000000000e+02,2.340000,546.5339,5945.00,0.000000,1700.00
"Kepler-413 b",4.34700000,6.70000000000000e+01,3.200000,2.9436,4700.00,0.118100,334.96
"HR 2562 b",12.44199000,6.99222495400000e+03,,0.0069,6597.00,0.340000,1255.00
"GJ 86 b",12.90000000,,3.600000,33.7048,5182.00,0.040000,661.12
"GJ 849 b",13.90000000,,0.581000,0.0048,3467.00,0.029000,73.63
"Kepler-1804 b",1.59615726,,4.300000,164.6100,5109.00,0.000000,913.00
"Kepler-267 d",2.27000000,,2.710000,2.6470,4258.00,0.000000,301.00
"HD 190360 d",3.48000000,1.19000000000000e+01,1.550000,7.7173,5560.00,0.058000,459.21
"Kepler-1704 b",11.94877343,1.32216617312000e+03,4.070000,0.3420,5746.00,0.920000,253.80
"K2-95 b",3.31000000,,1.670000,8.4172,3566.00,0.160000,474.00
"Kepler-204 b",2.53000000,,2.350000,79.7030,5812.00,0.000000,828.00
"TOI-5630 b",2.37117553,,2.560000,937.8840,5385.64,,1541.00
"HD 23127 b",13.50000000,,1.080000,0.5038,5843.00,0.406000,223.40
"Kepler-1188 b",2.08000000,,3.040000,165.5730,5913.00,0.000000,775.00
"TOI-4562 c",12.80000000,1.83386990839000e+03,4.810000,0.0657,6096.00,0.122000,138.11
"HD 21411 b",9.52000000,,0.420000,4.1365,5605.00,0.400000,408.17
"Kepler-239 c",2.51000000,,2.380000,4.3150,4914.00,0.000000,366.00
"TOI-201 c",10.40000000,4.99000000000000e+03,24.000000,0.1367,6423.00,0.651000,169.58
"Kepler-821 b",1.31000000,,5.550000,496.8200,5191.00,0.000000,1215.00
"XO-5 b",12.78000000,3.78200000000000e+02,1.060000,397.4799,5430.00,0.000000,1230.00
"Kepler-122 d",2.20000000,,2.830000,77.1400,6050.00,0.000000,747.00
"NGTS-4 b",3.18000000,2.06000000000000e+01,3.450000,886.9841,5143.00,0.000000,1650.00
"Kepler-1825 b",1.42200732,,4.990000,1264.7000,5123.00,0.000000,1520.00
"K2-186 b",3.17207779,,1.760000,,5784.00,,
"Kepler-579 b",2.00000000,,3.200000,60.6090,5636.00,0.000000,730.00
"Kepler-55 e",1.55000000,,4.460000,73.1570,4503.00,0.000000,728.00
"Kepler-1717 b",2.98929758,,1.890000,87.6900,6200.00,0.000000,780.00
"MOA-2022-BLG-249L b",2.04000000,4.83000000000000e+00,3.130000,,,,
"HD 216770 b",14.10000000,,0.355000,3.7539,5399.00,0.370000,370.18
"Kepler-1074 b",1.25000000,,5.910000,27.5690,4002.00,0.000000,568.00
"TOI-6016 b",13.67495645,3.71859236190000e+02,0.810000,940.0000,6110.00,0.000000,1890.00
"Kepler-1278 b",1.01000000,,5.390000,1314.6700,6074.00,0.000000,1213.00
"HD 106270 b",12.40000000,3.62324383980000e+03,10.400000,0.5110,5509.00,0.185000,237.07
"Kepler-1558 b",0.68000000,,4.260000,189.8860,5101.00,0.000000,1019.00
"TOI-5720 b",1.09000000,4.30000000000000e+00,,41.7000,3325.00,,708.00
"Kepler-204 c",1.79000000,,3.700000,36.8860,5812.00,0.000000,683.00
"HAT-P-39 b",17.60900000,1.90372000000000e+02,0.190000,1915.6934,6430.00,0.000000,1752.00
"TOI-4578 b",2.26974262,,2.710000,119.0248,5951.32,,842.42
"Kepler-347 c",1.75000000,,3.800000,65.7070,6088.00,0.000000,705.00
"Kepler-203 d",1.44000000,3.39000000000000e+01,62.400000,121.8160,5821.00,0.000000,855.00
"Kepler-786 b",2.43000000,,2.480000,3.6580,4838.00,0.000000,348.00
"Kepler-1905 b",1.44607340,,4.890000,508.7500,5788.00,0.000000,1212.00
"Kepler-1513 b",8.59400000,4.83099178640000e+01,1.304000,2.2300,5491.00,0.306000,346.00
"Kepler-230 c",2.04000000,,3.120000,2.9760,5588.00,0.000000,359.00
"HATS-16 b",14.57170000,1.03930410000000e+03,1.860000,994.8095,5738.00,0.000000,1592.00
"Kepler-1091 b",1.46000000,,4.820000,1740.8580,5851.00,0.000000,1664.00
"TOI-251 b",2.74000000,3.17830000000000e+02,,277.7462,5875.00,0.000000,1041.19
"Kepler-1713 b",1.71673535,,3.900000,144.3000,6477.00,0.000000,900.00
"K2-3 c",1.58200000,2.68000000000000e+00,3.700000,3.1700,3844.00,0.048000,371.80
"Kepler-295 b",1.22000000,,5.990000,287.5000,5603.00,0.000000,741.00
"HATS-3 b",15.48000000,3.40382000000000e+02,0.510000,1212.0044,6351.00,0.000000,1648.00
"Kepler-1121 b",1.91000000,,3.400000,205.2720,6231.00,0.000000,1008.00
"Kepler-466 c",1.25000000,,5.910000,410.4000,5927.00,0.000000,1206.00
"Kepler-197 c",1.23000000,5.30000000000000e+00,15.700000,189.9650,6004.00,0.080000,930.00
"TOI-1839 b",2.21895097,,2.800000,921.8467,5315.91,,1405.35
"CoRoT-36 b",15.80466279,2.16123316760000e+02,0.250000,1491.0287,6730.00,0.000000,1567.00
"Kepler-402 d",1.38000000,,5.190000,214.2770,6090.00,0.000000,1006.00
"TOI-1478 b",11.99360935,2.79688998160000e+02,0.880000,261.0130,5597.00,0.055000,918.00
"GJ 832 b",13.80000000,3.14650122930000e+02,0.658000,0.0019,3472.00,0.050000,57.84
"Barnard b",0.72000000,,4.400000,6.7600,3195.00,0.030000,438.00
"TOI-969 c",12.40000000,,10.400000,0.0208,4435.00,0.628000,96.40
"GJ 3082 b",2.79000000,,2.070000,5.5210,3910.00,0.220000,457.53
"TOI-1294 b",10.12369881,6.39000000000000e+01,0.340000,311.4980,5718.00,0.000000,1392.74
"HD 222155 b",13.40000000,5.81625984810000e+02,1.330000,0.1222,5701.00,0.160000,164.93
"KOI-351 b",1.31000000,,5.550000,316.4420,6080.00,0.000000,1062.00
"WASP-151 b",13.30506009,1.00433776612000e+02,0.250651,460.0000,5871.00,0.000000,1312.00
"HD 117618 b",8.59000000,,0.479000,50.4075,5990.00,0.150000,745.79
"Kepler-1629 b",0.77000000,,4.590000,315.4570,5776.00,0.000000,1081.00
"Kepler-414 b",1.71000000,3.50000000000000e+00,3.850000,241.1710,5536.00,0.000000,1024.00
"HIP 57274 d",14.20000000,,0.321000,1.5183,4640.00,0.270000,183.59
"K2-289 b",9.10000000,,0.445000,27.3178,5529.00,,753.00
"HD 102888 b",12.80000000,,4.740000,37.4512,4990.00,0.110000,688.63
"K2-38 b",1.54000000,7.30000000000000e+00,11.000000,426.0000,5731.00,0.197000,1266.00
"GJ 1002 b",1.03000000,,5.430000,0.6700,3024.00,,230.90
"HD 212301 b",14.20000000,,0.311000,1944.4444,6239.00,0.000000,1870.75
"Kepler-1680 b",1.35954736,,5.290000,49.0000,5021.00,0.000000,771.00
"K2-378 b",2.88000000,,1.990000,,4823.00,,
"HD 43197 b",14.20000000,,0.337000,0.9377,5508.00,0.742000,282.81
"Kepler-379 c",2.29000000,,2.680000,19.7930,6054.00,0.000000,530.00
"Kepler-1321 b",4.92000000,,0.992000,13.5470,4094.00,0.000000,408.00
"Kepler-29 b",2.55000000,5.00000000000000e+00,1.650000,55.9000,5378.00,0.000000,777.00
"Kepler-1486 b",2.32000000,,2.640000,22.3720,5965.00,0.000000,538.00
"Kepler-1718 b",2.56852070,,2.310000,3.7000,5731.00,0.000000,345.00
"HD 181433 c",,2.20700045820800e+03,,0.0984,4918.00,0.240200,153.53
"Kepler-1599 b",1.62000000,,4.210000,8.1960,5767.00,0.000000,407.00
"HD 25912 b",6.90000000,,0.638000,18.7477,5920.58,0.050000,579.16
"TOI-5108 b",6.60000000,3.20000000000000e+01,0.600000,122.7850,5808.00,,1180.00
"BD-08 2823 b",,2.94849413173900e+03,,65.7249,4816.00,0.150000,798.86
"TOI-4914 b",12.87000000,2.27000000000000e+02,0.590000,18.1082,5805.00,0.408000,894.00
"TOI-4495 b",2.48300000,7.70000000000000e+00,2.710000,1001.2800,6210.00,0.078000,1735.00
"K2-37 c",2.41000000,,2.510000,118.0000,5352.00,,839.00
"Kepler-911 b",2.60000000,,2.270000,198.7250,6112.00,0.000000,931.00
"HD 114783 b",13.70000000,,0.747000,0.3152,5135.00,0.144000,210.79
"USco1556 b",12.30000000,4.76745000000000e+03,14.100000,0.0000,3410.00,,2240.00
"Kepler-1679 b",2.06920360,,3.060000,103.3000,5501.00,0.000000,813.00
"Kepler-238 b",1.73000000,3.30502000000000e+03,526.000000,2500.5880,5751.00,0.000000,1642.00
"Kepler-67 b",2.94000000,,1.940000,30.6000,5331.00,0.000000,602.00
"Kepler-350 c",3.10000000,6.10000000000000e+00,0.350000,138.4150,6492.30,0.000000,888.00
"Kepler-1327 b",1.80000000,,3.670000,79.9000,5885.00,0.000000,831.00
"Kepler-677 b",5.38000000,,0.882000,683.2740,5723.00,0.000000,1015.00
"HD 187123 c",13.20000000,9.12167528090000e+02,2.180000,0.0560,5790.00,0.252000,135.42
"Kepler-773 b",1.43000000,,4.940000,490.7070,5850.00,0.000000,1160.00
"BD-06 1339 c",8.38000000,,0.495000,0.5024,4324.00,0.310000,261.91
"Kepler-816 b",10.24000000,,0.381000,50.5630,5286.00,0.000000,668.00
"HD 51608 b",3.62000000,,1.480000,50.8256,5358.00,0.090000,759.92
"HD 202696 b",,6.34388680000000e+02,,9.5418,5040.00,0.011000,492.46
"HD 219134 c",1.51100000,4.36000000000000e+00,6.950000,62.1000,4699.00,0.062000,782.00
"K2-239 d",1.10000000,,5.660000,3.4099,3420.00,,399.00
"NGC 2682 YBP 401 b",14.30000000,,0.275000,,6165.00,0.150000,
"HD 142 b",12.70000000,2.25658168970000e+03,6.050000,2.7603,6245.00,0.158000,358.19
"HD 125390 b",11.90000000,8.64620398402800e+03,28.200000,1.0874,4882.00,0.597000,320.26
"Kepler-182 c",3.43000000,,1.580000,88.8520,6250.00,0.000000,729.00
"Kepler-880 c",2.87000000,,2.000000,926.7200,6900.00,0.000000,1407.00
"Kepler-1303 b",1.42000000,,4.990000,182.3750,5771.00,0.000000,891.00
"Kepler-110 c",2.21000000,,2.810000,45.3360,5960.00,0.000000,743.00
"Kepler-273 c",1.98000000,,3.240000,74.8870,5626.00,0.000000,865.00
"Kepler-1016 b",2.18000000,,2.860000,1445.2040,5821.00,0.000000,1540.00
"GJ 273 b",1.51000000,,4.610000,1.0600,3382.00,0.100000,292.47
"HIP 54373 c",3.57000000,,1.500000,6.1142,4021.00,0.200000,463.20
"Kepler-34 b",8.56400000,6.99200000000000e+01,0.613000,1.2545,5913.00,0.182000,294.42
"HD 108236 e",3.08300000,,1.820000,35.0031,5660.00,0.058000,636.00
"Kepler-1232 b",1.93000000,,3.350000,14.6000,5471.00,0.000000,523.00
"L 363-38 b",2.00000000,,3.210000,5.6424,3129.00,,330.00
"TOI-375 b",10.77183045,2.36782163215000e+02,1.037000,593.3000,5259.90,0.087000,1373.00
"WASP-64 b",14.24700000,4.03945000000000e+02,0.823000,1563.6374,5400.00,0.000000,1689.00
"Kepler-417 c",2.69000000,,2.170000,30.9680,5177.00,0.000000,616.00
"TIC 24750448 c",3.09028272,,1.820000,,4545.43,,
"K2-408 b",1.67700000,,4.020000,,5335.00,,
"WASP-190 b",12.89035000,3.17830000000000e+02,0.815000,747.1320,6400.00,0.000000,1500.00
"HIP 55507 b",12.60000000,2.58553409094500e+03,7.100000,0.0056,4171.00,0.362000,76.05
"Kepler-940 b",3.34000000,,1.640000,10.5190,5769.00,0.000000,486.00
"Kepler-398 c",1.01000000,,5.390000,20.5560,4493.00,0.000000,536.00
"MOA-2015-BLG-337L b",6.42000000,3.37000000000000e+01,0.700000,,,,
"WASP-74 b",15.24424000,2.28837600000000e+02,0.369700,531.1590,5990.00,0.000000,1865.00
"HD 96063 b",13.70000000,,0.863000,10.3076,5020.00,0.170000,500.75
"Kepler-524 c",0.96000000,,5.220000,2959.3380,6014.00,0.000000,1574.00
"Kepler-1916 b",2.61757235,,2.250000,38.5400,6246.00,0.000000,635.00
"TOI-1648 b",2.54000000,7.40000000000000e+00,2.490000,27.4026,4850.00,0.178000,799.00
"Kepler-399 d",1.89000000,,3.440000,5.5700,5502.00,0.000000,486.00
"Kepler-534 c",1.22700000,,6.010000,178.6800,5936.00,0.000000,933.00
"TOI-5817 b",3.08000000,1.03000000000000e+01,1.930000,126.8632,5770.00,0.200000,950.00
"TIC 320419023 b",2.77280763,,2.090000,,5703.36,,
"Kepler-1063 b",1.49000000,,4.700000,54.9300,5945.00,0.000000,931.00
"TIC 65612701 b",5.07802804,,0.953000,,5692.29,,
"Kepler-391 c",2.88000000,4.50000000000000e+02,400.000000,179.0000,5038.00,0.270000,662.00
"TOI-1105 b",3.05823658,,1.840000,20.7383,4678.46,,594.00
"Kepler-136 c",1.99000000,,3.220000,162.0440,6165.00,0.000000,847.00
"EPIC 249893012 d",3.94000000,1.01800000000000e+01,0.910000,53.0000,5430.00,0.150000,752.00
"Kepler-283 b",2.13000000,,2.950000,16.2600,4351.00,0.000000,488.00
"TOI-5595 b",4.73740402,,1.040000,24.7628,4417.30,,621.00
"Kepler-1705 b",2.03000000,4.47000000000000e+00,2.977353,91.7400,6312.00,0.033000,789.00
"HD 3651 b",10.10000000,,0.386000,6.1123,5221.00,0.645000,432.84
"OGLE-2014-BLG-1722L c",11.00000000,8.37000000000000e+01,0.346000,,,,
"HAT-P-52 b",11.30988100,2.59984940000000e+02,0.980000,227.7590,5131.00,0.047000,1218.00
"HD 154391 b",12.50000000,2.89223850370000e+03,8.140000,0.6850,4909.00,0.200000,253.57
"K2-38 c",2.29000000,8.30000000000000e+00,3.800000,117.0000,5731.00,0.161000,916.00
"Kepler-1982 b",0.77000000,,4.590000,638.3800,6202.00,0.000000,1282.00
"KMT-2016-BLG-1337L b",11.40000000,8.89919539600000e+01,0.330000,,,,
"TOI-697 b",2.35859364,,2.580000,117.5495,5681.95,,839.80
"TOI-4747 b",3.95803201,,1.310000,190.7950,5595.08,,1035.00
"Kepler-292 f",2.35000000,,2.590000,24.3250,5299.00,0.000000,563.00
"Kepler-184 c",1.97000000,8.80000000000000e+00,6.320000,29.8750,5788.00,0.000000,630.00
"XO-6 b",23.20263000,1.39845200000000e+03,0.620000,580.3860,6720.00,0.000000,1577.00
"Kepler-1859 b",1.58313575,,4.330000,1056.1500,5887.00,0.000000,1455.00
"TOI-3912 b",14.28024141,1.29038333242000e+02,0.243000,872.2000,5725.00,0.000000,1512.00
"Kepler-650 b",2.96000000,,1.920000,1218.8800,5849.00,0.000000,1507.00
"K2-261 b",9.26982704,6.89687643190000e+01,0.473000,180.0000,5490.00,0.274000,1036.00
"Kepler-128 b",1.42100000,3.79000000000000e+00,7.222837,227.3980,6072.00,0.000000,968.00
"Lupus-TR-3 b",9.97600000,2.57431000000000e+02,1.400000,15.9599,5000.00,0.000000,1013.56
"Kepler-1281 b",1.64000000,,4.150000,375.5500,5353.00,0.000000,1123.00
"HATS-34 b",16.02887000,2.99078030000000e+02,0.400000,691.8428,5380.00,0.108000,1445.00
"Kepler-1693 b",1.28938413,,5.670000,100.3700,5432.34,0.000000,807.00
"Kepler-1087 b",0.61000000,,3.990000,3496.4930,5589.00,0.000000,2161.00
"MOA-2016-BLG-319L b",14.10000000,2.00000000000000e+02,0.392000,,,,
"Kepler-104 b",3.10000000,1.96000000000000e+01,4.064848,119.9070,5711.00,0.000000,852.00
"HD 164922 e",3.23000000,,1.720000,13.3822,5393.43,0.086000,543.73
"HAT-P-51 b",13.50682174,9.75733209490000e+01,0.218000,310.0000,5453.00,0.070000,1168.20
"TOI-1226 b",2.41011120,,2.510000,376.4613,5434.91,,1123.44
"Kepler-491 b",8.92000000,,0.457000,312.5140,5582.00,0.000000,1111.00
"Kepler-1849 b",2.38685349,,2.540000,3.7600,4806.00,0.000000,355.00
"Kepler-316 c",1.16000000,,5.810000,37.3770,4204.00,0.000000,577.00
"DMPP-1 d",2.02000000,,3.150000,1045.9594,6196.00,0.360000,1632.00
"HD 164922 d",1.83000000,,3.590000,66.9243,5390.00,0.120000,787.68
"Kepler-533 b",3.38000000,,1.620000,8.7690,4758.00,0.000000,423.00
"TOI-3894 b",15.27784069,2.60619293740000e+02,0.400000,546.9030,6000.00,0.050000,1531.00
"Kepler-392 c",1.10000000,,5.660000,185.0980,5938.00,0.000000,901.00
"K2-123 b",2.76000000,,2.100000,2.9000,4035.00,0.060000,338.00
"TIC 183374187 b",14.03364384,1.77983907920000e+02,0.350000,,5768.00,0.506000,1379.00
"TIC 290487717 b",6.63777941,,0.671000,,5328.97,,
"Kepler-1543 b",2.71000000,,2.150000,375.6510,6561.00,0.000000,1774.00
"CoRoT-10 b",10.87000000,8.74000000000000e+02,3.700000,16.1089,5075.00,0.530000,600.00
"HD 45184 b",3.52000000,,1.540000,272.4625,5869.00,0.070000,1156.34
"Kepler-1470 b",1.07000000,,5.560000,23.9180,4961.00,0.000000,574.00
"GJ 1061 d",1.16000000,1.67000000000000e+00,5.880000,0.6000,2953.00,0.040000,242.03
"TOI-1249 b",3.27103010,1.19000000000000e+01,1.840000,48.6058,5497.00,0.000000,726.89
"Kepler-715 b",3.75000000,,1.410000,181.4080,5871.00,0.000000,876.00
"TOI-969 b",2.76500000,9.10000000000000e+00,2.340000,188.0000,4435.00,,941.00
"KMT-2021-BLG-1077L b",9.86000000,6.99222495400000e+01,0.401000,,,,
"K2-224 c",2.41000000,,2.510000,73.1328,5620.00,,764.00
"Kepler-700 b",5.99000000,,0.767000,12.0710,5692.00,0.000000,452.00
"Kepler-472 b",3.22000000,,1.730000,139.2360,4996.00,0.000000,876.00
"Kepler-1444 b",2.18000000,,2.860000,25.9420,5810.00,0.000000,581.00
"TYC 2187-512-1 b",12.50000000,,0.295000,0.0279,3734.00,0.050000,114.69
"HD 142 c",12.40000000,3.46464746470700e+03,9.990000,0.0310,6245.00,0.277000,116.56
"Kepler-1129 b",2.96000000,,1.920000,32.2650,5831.00,0.000000,737.00
"Kepler-824 b",1.87000000,,3.500000,454.6040,6035.00,0.000000,1231.00
"HIP 99770 b",12.20000000,5.40308291900000e+03,16.400000,0.0555,8000.00,0.310000,135.17
"KMT-2021-BLG-0852L b",14.20000000,1.55735919430000e+02,0.299000,,,,
"OGLE-2016-BLG-0613L AB b",13.00000000,1.33000000000000e+03,3.330000,,,,
"HD 5319 c",13.80000000,,0.700000,2.1721,4871.00,0.183000,340.67
"K2-168 b",1.86000000,,3.520000,,5502.70,,766.35
"Kepler-1236 b",2.14000000,,2.930000,13.5710,5337.00,0.000000,480.00
"Kepler-1275 b",1.48000000,,4.730000,822.4840,6296.00,0.000000,1368.00
"Kepler-62 d",1.95000000,1.40000000000000e+01,,17.2100,4925.00,0.000000,510.00
"Kepler-720 b",8.41000000,,0.493000,384.5610,5618.00,0.000000,1162.00
"Kepler-1690 b",2.81109223,,2.050000,1.2000,5404.00,0.000000,267.00
"SR 12 AB c",12.30000000,4.13162000000000e+03,12.200000,,3828.93,,
"Kepler-150 b",1.25000000,,5.910000,367.2620,5560.00,0.000000,1131.00
"Kepler-1428 b",1.64000000,,4.150000,817.5790,6184.00,0.000000,1049.00
"Kepler-1133 b",1.97000000,,3.260000,55.7580,5569.00,0.000000,703.00
"GJ 328 b",13.30000000,,1.860000,0.0049,3897.00,0.227000,73.57
"HD 16175 b",12.80000000,1.87518760130000e+03,4.910000,0.7164,5981.00,0.600000,259.78
"HR 5183 b",13.10000000,1.05201202717000e+03,2.570000,0.0077,5794.00,0.840000,171.00
"Kepler-1307 b",2.47000000,,2.430000,41.1850,5884.00,0.000000,768.00
"Kepler-1195 b",2.08000000,,3.040000,79.0300,4965.00,0.000000,702.00
"TIC 142589416 b",2.67899519,,2.190000,,4396.27,,
"Kepler-325 c",2.54000000,,2.340000,53.0440,5752.00,0.000000,721.00
"K2-244 b",1.75000000,,3.800000,37.9007,5677.00,,638.00
"EPIC 212737443 c",2.69000000,,2.170000,2.2653,4684.00,0.200000,316.00
"Kepler-1816 b",1.96793970,,3.270000,2.0000,5051.00,0.000000,310.00
"WASP-36 b",14.87434300,7.50396630000000e+02,1.260000,1422.6075,5959.00,0.000000,1733.00
"Kepler-1176 b",2.45000000,,2.450000,26.0870,5844.00,0.000000,595.00
"Kepler-1783 b",1.31946731,,5.500000,65.5000,5129.00,0.000000,1088.00
"TOI-1634 c",,,,,3472.00,0.000000,
"Kepler-106 d",0.95000000,8.10000000000000e+00,,45.3570,5858.00,0.000000,649.00
"TOI-2194 b",1.98920000,,3.220000,14.2526,4756.00,,590.88
"Kepler-189 b",1.21000000,,5.960000,45.3890,5235.00,0.000000,678.00
"KMT-2017-BLG-0165L b",6.45000000,3.40000000000000e+01,0.696000,,,,
"Kepler-1143 c",3.60000000,,1.480000,0.5680,5053.00,0.000000,234.00
"TOI-261.02",3.34822227,,1.640000,243.5261,5890.30,,1007.53
"HATS-30 b",13.17057500,2.24387980000000e+02,0.543000,718.9097,5943.00,0.096000,1414.00
"K2-136 d",1.56500000,3.00000000000000e+00,4.300000,7.0700,4500.00,0.071000,420.00
"HD 177830 c",7.87000000,,0.537000,18.3487,4949.00,0.300000,538.95
"TOI-1693 b",1.41000000,,5.040000,57.0208,3499.00,,764.00
"TOI-2587 A b",12.07207221,6.92865927260000e+01,0.216000,728.0000,5760.00,0.000000,1445.00
"Kepler-837 b",2.56000000,,2.320000,55.9660,5403.00,0.000000,701.00
"Kepler-1031 b",0.87000000,,4.920000,3973.8600,6011.00,0.000000,2024.00
"Kepler-1154 b",2.34000000,,2.610000,652.9660,6327.00,0.000000,1314.00
"Kepler-919 b",2.25000000,,2.740000,153.9150,6113.00,0.000000,869.00
"Kepler-60 b",1.71000000,4.19000000000000e+00,4.620000,318.0000,5905.00,0.000000,1102.00
"HD 115954 b",12.60000000,2.68565003915000e+03,7.380000,0.0640,5957.00,0.487000,144.90
"OGLE-2018-BLG-1119L b",13.90000000,2.89223850370000e+02,0.592000,,,,
"Kepler-1490 b",3.04000000,,1.850000,3.7880,5515.00,0.000000,348.00
"HD 42012 b",13.50000000,,1.140000,0.1927,5405.00,0.200000,182.63
"Kepler-556 b",2.24000000,,2.760000,81.6410,5740.00,0.000000,766.00
"Kepler-109 c",2.65000000,8.20000000000000e+00,2.400000,91.0000,5950.00,0.098000,859.00
"Kepler-48 e",13.40000000,6.57000000000000e+02,1.500000,0.1426,5194.00,0.003142,171.49
"HD 49674 b",6.20000000,,0.733000,264.2871,5602.00,0.090000,1113.78
"Kepler-101 c",1.25000000,3.78000000000000e+00,10.500000,596.0690,5667.00,0.000000,1413.00
"K2-59 b",2.41000000,,2.510000,17.1000,5055.00,,566.37
"KELT-24 b",12.71098411,1.45883238813000e+03,3.900000,624.0000,6426.00,0.031900,1391.00
"Kepler-1200 b",1.06000000,,5.540000,544.5340,4612.00,0.000000,1174.00
"Kepler-26 d",1.07000000,,5.560000,31.7900,4486.00,0.000000,652.00
"2MASS J19383260+4603591 b",13.40000000,6.03877000000000e+02,1.380000,33.2985,29564.00,0.330000,669.65
"Kepler-363 c",1.69000000,6.64000000000000e+01,75.600000,376.2900,5593.00,0.000000,1054.00
"LHS 1678 c",0.94100000,1.40000000000000e+00,10.600000,13.5000,3490.00,0.039000,510.90
"HATS-12 b",7.76000000,7.59613700000000e+02,1.120000,566.4817,6357.00,0.085000,1446.00
"Kepler-858 b",4.87000000,,1.000000,6.3380,5653.00,0.000000,399.00
"Kepler-450 d",0.83700000,1.76000000000000e+01,77.000000,557.2050,6197.21,0.140000,1199.00
"K2-316 c",1.83000000,,3.600000,4.3703,3436.00,,423.00
"Kepler-1892 b",1.83707938,,3.570000,108.0400,5383.00,0.000000,822.00
"Kepler-432 b",12.83430500,1.71946030000000e+03,4.460000,97.8460,4995.00,0.513400,812.00
"K2-396 c",3.12400000,,1.790000,,5236.00,,
"Kepler-1108 b",1.46000000,,4.820000,206.4140,5406.00,0.000000,1063.00
"Kepler-203 b",2.57000000,,2.310000,668.2150,5821.00,0.000000,1308.00
"Kepler-1656 c",14.00000000,1.26400000000000e+02,0.253000,0.1126,5569.00,0.527000,161.19
"2MASS J01033563-5515561 AB b",12.30000000,4.13179000000000e+03,12.200000,,,,
"HD 143105 b",13.70000000,,0.822000,2502.0025,6380.00,0.070000,2028.25
"Kepler-1992 b",0.91000000,,5.050000,38.9900,5383.00,0.000000,637.00
"HD 159868 c",14.00000000,,0.489000,3.3758,5534.00,0.184000,383.37
"Kepler-140 b",1.61000000,,4.240000,848.6950,6077.00,0.000000,1301.00
"HATS-69 b",10.59250500,1.83387910000000e+02,0.460000,466.6000,5137.00,0.519000,1295.70
"Kepler-139 b",2.94000000,7.00000000000000e+00,2.169438,64.7800,5594.00,0.000000,752.00
"bet UMi b",12.70000000,,5.200000,273.9958,4126.00,0.190000,1040.63
"Kepler-134 b",2.00000000,,3.200000,301.3670,5983.00,0.000000,1105.00
"Kepler-1665 b",2.83910787,,2.030000,40.4000,5049.84,0.000000,906.00
"HD 108236 f",2.01700000,,3.160000,22.9084,5660.00,0.051000,609.59
"HD 73344 b",2.88400000,1.04800000000000e+01,2.451000,111.9729,6252.60,0.030000,911.00
"Kepler-1617 b",1.20000000,,5.950000,64.6890,6167.00,0.000000,736.00
"Kepler-2001 c",1.82000000,,3.620000,30.1000,5081.00,0.000000,597.00
"Kepler-1443 b",0.97000000,,5.240000,2809.1650,6289.00,0.000000,1602.00
"XO-1 b",12.77826000,2.63798900000000e+02,0.640000,321.8500,5750.00,0.000000,1210.00
"HD 206893 c",16.36511182,3.52789531770000e+03,4.420000,0.2043,6500.00,0.283000,1181.90
"HD 233832 b",13.50000000,,1.260000,0.0376,4981.00,0.359000,117.80
"TOI-2364 b",8.60849718,7.15113915750000e+01,0.610000,237.0000,5306.00,0.000000,1091.00
"Kepler-30 d",8.80000000,2.31000000000000e+01,0.190000,1.9620,5498.00,0.022000,308.00
"Kepler-1125 b",1.84000000,,3.560000,41.0400,5683.00,0.000000,778.00
"TOI-4527.01",0.90866170,,5.050000,571.5072,3702.00,,1362.93
"Kepler-1321 c",2.40000000,,2.520000,115.9090,4094.00,0.000000,697.00
"HD 73344 d",13.20000000,8.10462437850000e+02,1.940000,0.0407,6148.00,0.180000,126.51
"TOI-6692 b",11.67975789,1.97053612340000e+02,0.680000,182.3533,5890.00,0.537000,467.00
"Kepler-792 b",1.96000000,,3.280000,176.0320,5971.00,0.000000,852.00
"K2-80 c",1.47000000,,4.770000,166.0000,5441.00,,1002.42
"TOI-6000 b",0.94000000,,5.150000,258.7482,3419.00,,1120.00
"HD 28109 b",2.69000000,6.20000000000000e+00,1.800000,33.4501,6189.00,0.007100,867.00
"Kepler-891 b",6.41000000,,0.701000,44.3260,5887.00,0.000000,486.00
"TOI-5624 d",3.58400000,4.90000000000000e+00,0.590000,157.0550,5327.00,0.000000,712.60
"Kepler-765 b",2.43000000,,2.480000,48.9470,5901.00,0.000000,641.00
"Kepler-1516 b",1.75000000,,3.800000,615.2530,5904.00,0.000000,967.00
"Kepler-1159 b",2.37000000,,2.560000,80.9840,6217.00,0.000000,677.00
"HATS-18 b",14.89676100,6.29144485000000e+02,1.116900,2990.0000,5600.00,0.166000,2069.48
"TOI-1873 b",2.86356397,,2.010000,171.8936,5597.99,,923.50
"Kepler-113 b",1.82000000,1.17000000000000e+01,10.730000,105.3330,4725.00,0.000000,775.00
"TIC 160113658 b",3.49015778,,1.550000,,4817.31,,
"CoRoT-25 b",12.11000000,8.58100000000000e+01,0.150000,414.1434,6040.00,0.000000,1330.00
"HD 216536 b",13.80000000,,0.698000,169.5666,4639.00,0.380000,897.99
"TOI-2407 b",4.26000000,,1.190000,41.0000,3530.00,0.080000,705.00
"Kepler-1060 b",2.38000000,,2.550000,17.4160,5797.00,0.000000,484.00
"Kepler-154 e",1.50000000,,4.660000,480.4050,5769.00,0.000000,1140.00
"Kepler-1844 b",3.03648191,,1.860000,314.2500,5776.00,0.000000,1074.00
"Kepler-1036 b",3.01000000,,1.880000,2.8210,5533.00,0.000000,326.00
"Kepler-561 c",2.68000000,,2.180000,183.1660,5646.00,0.000000,989.00
"Kepler-37 b",0.30980000,7.90000000000000e-01,140.000000,44.5000,5357.00,0.098000,718.00
"Kepler-585 b",2.83000000,,2.040000,489.1490,5593.00,0.000000,1178.00
"K2-203 b",1.26549392,,5.800000,49.6336,5026.00,0.230000,738.40
"Kepler-233 b",2.43000000,,2.480000,85.1310,5360.00,0.000000,751.00
"Kepler-1863 b",2.26309256,,2.720000,41.5000,5871.00,0.000000,508.00
"Kepler-356 c",1.81000000,,3.640000,209.3680,6133.00,0.000000,913.00
"Kepler-1865 b",1.57686072,,4.360000,495.1400,5420.00,0.000000,1203.00
"TOI-5126 b",4.74000000,,1.040000,467.0000,6150.00,0.000000,1442.00
"VHS J125601.92-125723.9 b",13.67495645,5.08525451200000e+03,10.900000,0.0000,2620.00,0.680000,1194.00
"Kepler-505 b",2.60000000,,2.270000,3.6410,3931.00,0.000000,314.00
"WASP-147 b",12.49803500,8.74032500000000e+01,0.263000,639.4923,5702.00,0.000000,1404.00
"HD 23079 c",2.80000000,,2.070000,,5994.00,0.097000,
"Kepler-166 d",1.73000000,,3.860000,651.4090,5350.00,0.000000,1313.00
"Kepler-1480 b",1.67000000,,4.050000,16.3170,5156.00,0.000000,721.00
"Kepler-1987 d",2.66000000,,2.210000,72.3800,4769.00,0.000000,744.00
"HD 125612 d",12.70000000,2.28137230544600e+03,6.120000,0.0724,5900.00,0.115000,147.48
"Kepler-245 b",2.57000000,1.46780000000000e+02,0.120000,77.7490,5100.00,0.000000,753.00
"TOI-2141 c",2.35000000,,2.600000,241.0000,5635.00,,1095.00
"WASP-4 b",15.12091496,3.81394088400000e+02,0.647184,1188.6219,5436.00,0.005300,1653.00
"Kepler-1556 b",1.96000000,,3.280000,92.1380,5608.00,0.000000,797.00
"Kepler-209 b",2.26000000,,2.730000,48.6620,5513.00,0.000000,668.00
"OGLE-2018-BLG-1269L b",14.10000000,2.10000000000000e+02,0.412000,,,,
"Kepler-131 c",0.84000000,8.25000000000000e+00,77.700000,35.7360,5685.00,0.000000,615.00
"Kepler-24 d",1.67000000,2.93959000000000e+02,152.000000,601.8950,5897.00,0.000000,1305.00
"HD 28254 b",13.00000000,1.20774794660000e+03,3.020000,0.3645,5664.00,0.950000,212.28
"HD 127195 c",14.10000000,,0.405000,,4981.00,0.050000,
"HATS-40 b",17.71022000,5.05349700000000e+02,0.490000,3163.3762,6460.00,0.312000,2101.00
"K2-266 e",2.73000000,1.43000000000000e+01,2.210000,9.5810,4285.00,0.043000,490.10
"HD 33283 b",12.50000000,,0.294000,191.9541,5935.00,0.399000,1034.40
"Kepler-237 b",1.41000000,,5.040000,124.9610,4861.00,0.000000,823.00
"K2-126 b",1.97000000,,3.260000,35.3000,4339.00,0.060000,601.00
"HD 224018 d",2.40000000,4.20000000000000e+00,1.700000,4.7348,5784.00,0.040000,411.00
"HD 125612 b",13.20000000,,2.260000,0.6309,5900.00,0.446000,253.38
"K2-183 b",1.10000000,,5.660000,,5482.00,,
"HD 109988 b",12.10000000,6.93533366914700e+03,21.500000,0.0031,5185.97,0.056000,65.91
"Kepler-100 e",5.27000000,,0.906000,25.4128,5884.00,0.026437,621.73
"Kepler-219 c",3.58000000,,1.500000,54.1050,5786.00,0.000000,766.00
"Kepler-1790 b",3.14461450,,1.770000,49.2000,5866.00,0.000000,682.00
"Kepler-1641 c",2.95000000,,1.930000,42.1450,6152.00,0.000000,767.00
"HD 75898 c",12.60000000,2.69836317543000e+03,7.410000,0.0528,6122.00,0.080000,135.20
"WASP-155 b",13.45077684,2.76828542497000e+02,0.620000,771.0000,5660.00,0.000000,1468.00
"K2-386 b",2.32000000,,2.640000,,5749.00,,
"HATS-35 b",16.40997600,3.88388260000000e+02,0.484000,2440.7000,6300.00,0.306000,2037.00
"Kepler-918 b",1.74000000,,3.840000,258.7020,6028.00,0.000000,1052.00
"K2-206 b",2.79522879,,2.070000,,5043.00,,
"Kepler-141 b",0.69000000,,4.300000,228.6630,4910.00,0.000000,968.00
"Kepler-582 b",3.68000000,,1.440000,25.0560,5564.00,0.000000,603.00
"TOI-912 b",1.93000000,5.10000000000000e+00,4.000000,15.0000,3572.00,0.580000,551.00
"Kepler-335 c",3.07000000,,1.830000,32.0350,5877.00,0.000000,592.00
"XO-2 S c",13.60000000,,0.958000,3.3572,5325.00,0.149000,376.79
"Kepler-31 d",3.90000000,2.16124400000000e+03,0.077000,11.8000,6340.00,0.000000,484.00
"TOI-4427 b",13.09208946,8.77206403320000e+01,0.214000,195.0000,5347.00,0.074000,1040.00
"TOI-2583 A b",14.45958510,7.94571017500000e+01,0.144000,750.9000,5936.00,0.000000,1456.00
"Kepler-966 b",4.13000000,,1.250000,10.9720,5840.00,0.000000,391.00
"HD 50499 c",13.20000000,,2.220000,0.0292,6099.00,0.000000,116.69
"WASP-140 b",14.23540549,7.75505200000000e+02,1.578175,491.3260,5300.00,0.047000,1270.00
"Kepler-630 b",3.18000000,,1.740000,5.5680,5829.00,0.000000,343.00
"Kepler-874 b",3.94000000,,1.320000,31.6240,6020.00,0.000000,560.00
"KMT-2021-BLG-0322L b",12.70000000,2.03410180480000e+03,5.460000,,,,
"Kepler-235 b",2.23000000,,2.770000,44.0000,4255.00,0.000000,731.00
"GJ 504 b",12.10569916,1.27130000000000e+03,3.940000,0.0011,6234.00,,510.00
"EPIC 220492298 b",0.99000000,,5.310000,,5620.00,,
"WASP-126 c",9.38000000,6.42000000000000e+01,0.427000,,5800.00,0.050000,
"Kepler-85 c",1.97800000,2.15000000000000e+00,1.527272,61.9290,5505.20,0.027000,706.00
"Kepler-1345 b",2.36000000,,2.580000,68.4690,6449.00,0.000000,693.00
"GJ 667 C c",1.77000000,,3.770000,0.8774,3350.00,0.020000,
"K2-395 c",3.39500000,,1.600000,,5007.00,,
"Kepler-866 b",1.63000000,,4.170000,196.1270,4751.00,0.000000,996.00
"Kepler-223 b",2.99000000,7.40000000000000e+00,1.540000,444.0530,5803.00,0.078000,1042.00
"HD 4732 c",13.10000000,,2.610000,0.5881,4898.00,0.187000,243.69
"Kepler-922 b",1.42000000,,4.990000,2142.6340,5671.00,0.000000,1876.00
"Gaia-2 b",14.81827249,2.59665808519000e+02,0.439000,512.0235,5720.00,,1213.23
"HATS-67 b",18.88716500,4.60853500000000e+02,0.374000,3821.0000,6594.00,0.057000,2193.00
"KMT-2020-BLG-0202L b",12.40000000,3.90293283796000e+03,11.200000,,,,
"Kepler-549 b",2.57000000,1.10000000000000e+01,1.900000,9.5490,5360.00,0.000000,487.00
"HD 127195 b",14.00000000,,0.426000,,4981.00,0.040000,
"GJ 1148 b",11.90000000,,0.315000,0.4906,3287.00,0.380000,232.94
"Kepler-1780 b",3.60600667,,1.490000,3.1400,5403.00,0.000000,340.00
"HD 28471 b",1.75000000,,3.810000,653.3957,5766.00,0.195000,1377.00
"NY Vir b",13.30000000,7.30978000000000e+02,1.710000,2.1780,32780.00,0.150000,338.12
"TOI-2447 b",9.60609646,1.24906563951000e+02,0.774000,44.5933,5730.00,0.170000,414.00
"K2-58 d",1.71000000,,3.920000,24.6000,5413.00,,621.48
"TOI-4137 b",13.57407563,4.57672906080000e+02,1.010000,1013.0000,6202.00,0.000000,1570.00
"GJ 625 b",1.49000000,,4.680000,2.0787,3499.00,0.130000,335.59
"Kepler-267 b",1.98000000,3.79000000000000e+01,26.800000,45.8430,4258.00,0.000000,615.00
"Kepler-775 b",1.19000000,,5.900000,1496.7500,5468.00,0.000000,1612.00
"KIC 10068024 b",13.40000000,,1.450000,,6118.40,,
"WASP-177 b",17.71022000,1.61457640000000e+02,0.172000,279.7736,5017.00,,1142.00
"NGC 2682 Sand 1429 b",13.40000000,,1.310000,37.2589,6000.00,0.000000,683.00
"TOI-6034 b",11.92000000,2.54000000000000e+02,0.820000,43.0000,3635.00,0.040000,714.00
"Kepler-791 b",3.05000000,,1.850000,140.0570,6383.00,0.000000,939.00
"TOI-1260 b",2.41000000,8.56000000000000e+00,3.350000,95.5800,4227.00,0.000000,871.00
"TOI-1062 b",2.26500000,1.01500000000000e+01,4.850000,232.0000,5328.00,0.177000,1077.00
"WASP-79 b",17.14974047,2.70154145950000e+02,0.130000,1645.9887,6600.00,0.000000,1716.20
"Kepler-1630 b",2.19000000,,2.840000,0.2600,4736.00,0.000000,182.00
"Kepler-1365 b",0.92000000,,5.090000,456.2500,5770.00,0.000000,969.00
"Kepler-133 c",2.84000000,,2.030000,67.1610,5736.00,0.000000,663.00
"Kepler-346 c",3.07000000,,1.830000,23.8120,6033.00,0.000000,654.00
"Kepler-160 b",1.71500000,,3.910000,396.6190,5471.00,0.000000,1134.00
"Kepler-341 d",1.85000000,,3.540000,45.4230,6012.00,0.000000,622.00
"K2-125 b",2.18000000,,2.860000,2.0000,3654.47,0.080000,321.22
"HD 27442 b",13.50000000,,1.110000,4.3915,4846.00,0.060000,369.62
"Kepler-1489 b",1.77000000,,3.750000,11.8930,5655.00,0.000000,400.00
"Kepler-1623 b",1.31000000,,5.550000,243.0800,5772.00,0.000000,1000.00
"HD 156411 b",14.00000000,,0.471000,1.5229,5900.00,0.220000,304.95
"Kepler-496 b",2.32000000,,2.640000,62.9260,5293.00,0.000000,747.00
"TOI-4463 A b",13.26022417,2.52355755158000e+02,0.595000,633.0000,5640.00,0.000000,1395.00
"Kepler-1246 b",1.36000000,,5.290000,26.4510,4611.00,0.000000,554.00
"Kepler-1126 b",1.73000000,,3.860000,4.5500,5798.00,0.000000,374.00
"Kepler-926 b",2.31000000,,2.650000,17.8830,5806.00,0.000000,524.00
"GJ 676 A e",2.47000000,,2.430000,2.7678,3734.00,0.152000,351.55
"Kepler-287 b",2.33000000,8.30000000000000e+01,27.300000,35.7500,5806.00,0.000000,667.00
"HAT-P-21 b",12.44199000,1.54783210000000e+03,3.633781,459.5420,5588.00,0.230000,1367.00
"TOI-2145 b",12.24020692,1.80526535176000e+03,5.340000,515.9390,6206.00,0.214000,1484.00
"Kepler-48 c",2.71000000,1.46100000000000e+01,4.010000,67.5930,5194.00,0.000000,736.00
"TOI-2096 b",1.24300000,,5.950000,9.4000,3300.00,0.150000,445.00
"HD 213472 b",13.10000000,,2.720000,0.0114,5729.54,0.530000,91.76
"Kepler-1356 b",1.53000000,,4.540000,1966.0570,5106.00,0.000000,1714.00
"HD 13908 c",12.80000000,,4.270000,0.9705,6255.00,0.120000,273.57
"Kepler-605 c",0.86000000,,4.890000,513.0300,5462.00,0.000000,1278.00
"Kepler-292 c",1.47000000,,4.770000,242.4160,5299.00,0.000000,1001.00
"Kepler-889 b",1.09000000,,5.600000,954.5880,5961.00,0.000000,1328.00
"Kepler-1254 c",1.30000000,,5.600000,132.3910,4985.00,0.000000,927.00
"Kepler-244 c",2.05000000,,3.100000,81.5740,5554.00,0.000000,791.00
"Kepler-1332 b",1.37000000,,5.240000,77.5590,5581.00,0.000000,728.00
"HIP 35965 b",12.60000000,2.58998368864300e+03,7.110000,0.0009,4836.00,0.138000,48.85
"OGLE-2013-BLG-0102L b",12.30000000,4.10000000000000e+03,12.100000,,,,
"HD 80913 b",12.00000000,7.50520000289800e+03,23.900000,0.0326,6013.24,0.313000,118.23
"HD 134060 b",3.16000000,,1.760000,730.4602,5966.00,0.450000,1473.18
"Kepler-1950 b",1.52696349,,4.550000,75.8300,5455.00,0.000000,752.00
"Kepler-1984 b",6.81000000,,0.649000,48.8200,3638.00,0.000000,675.00
"TOI-7510 c",10.81000000,1.31000000000000e+02,0.573000,92.4087,5720.00,0.009100,702.00
"K2-60 b",7.65574700,1.35395580000000e+02,1.700000,1212.0000,5500.00,0.000000,1400.00
"Kepler-1397 b",1.72000000,,3.900000,58.1030,6026.00,0.000000,551.00
"Kepler-358 b",2.72000000,,2.140000,21.8050,5908.00,0.000000,554.00
"Kepler-354 d",1.24000000,,5.970000,8.9490,4648.00,0.000000,451.00
"TOI-3135 b",13.65253849,3.27363259210000e+02,0.700000,464.0000,5890.00,0.240000,1292.00
"Kepler-718 b",16.56000000,,,1324.2000,6191.00,0.000000,1497.00
"Kepler-1179 b",1.32000000,,5.500000,288.5700,5212.00,0.000000,1137.00
"Kepler-381 c",1.12000000,,5.710000,225.3310,6152.00,0.000000,1180.00
"Kepler-1342 b",1.66000000,,4.070000,559.2750,5527.00,0.000000,1283.00
"Kepler-1544 b",1.78000000,,3.720000,0.8330,4886.00,0.000000,269.00
"WASP-174 b",16.10730527,1.04883374310000e+02,0.135000,901.9000,6399.00,0.000000,1528.00
"CD-35 2722 b",17.37392009,9.37593800650000e+03,9.820000,0.0000,3689.00,,1800.00
"Kepler-475 b",2.49000000,,2.410000,215.4620,5009.00,0.000000,980.00
"Kepler-1978 b",2.67000000,,2.200000,49.3000,5251.00,0.000000,676.00
"GJ 3222 b",3.40000000,,1.600000,67.5954,5257.46,0.929000,811.06
"Kepler-1836 b",2.55303229,,2.330000,338.1500,6123.00,0.000000,1093.00
"Barnard e",0.63700000,,4.100000,2.4456,3195.00,0.040000,340.00
"Kepler-141 c",1.41000000,,5.040000,77.4120,4910.00,0.000000,738.00
"Kepler-948 b",1.85000000,,3.540000,126.2030,5679.00,0.000000,841.00
"K2-201 b",1.40006712,,5.090000,,5507.00,,
"HD 181433 d",13.20000000,8.58136698900000e+02,2.050000,0.0077,4918.00,0.444000,81.19
"HD 213885 b",1.74500000,8.83000000000000e+00,9.150000,1882.9400,5978.00,0.000000,2128.00
"HIP 39330 b",13.50000000,5.30773439690000e+02,1.190000,0.0440,5748.00,0.078000,125.05
"OGLE-2016-BLG-1195L b",1.11000000,1.43000000000000e+00,5.750000,,,,
"MOA-2009-BLG-266L b",3.21000000,1.04000000000000e+01,1.730000,,,,
"Kepler-887 c",1.13000000,,5.750000,407.9770,6194.00,0.000000,1089.00
"Kepler-306 d",2.47000000,,2.430000,21.9830,4954.00,0.000000,535.00
"Kepler-177 c",8.73000000,1.47000000000000e+01,0.121000,25.4000,5732.00,0.000000,497.00
"Kepler-52 c",1.84000000,4.54000000000000e+01,20.000000,8.5500,4075.00,0.012000,433.00
"Kepler-572 b",2.58000000,,2.300000,26.8890,5212.00,0.000000,553.00
"Kepler-1450 b",1.71000000,,3.920000,3.0780,4524.00,0.000000,308.00
"HD 10180 f",5.24000000,,0.913000,6.1329,5911.00,0.119000,427.54
"Kepler-882 b",1.23000000,,6.020000,259.0290,5476.00,0.000000,903.00
"Kepler-559 b",3.61000000,,1.480000,42.5430,5630.00,0.000000,706.00
"TOI-1232 b",10.92875618,2.20572914458000e+02,0.926000,90.0659,5823.00,0.065000,785.71
"TOI-4773 b",15.22179579,1.68766884117000e+03,2.630000,3879.8071,6740.00,0.024000,2255.00
"Kepler-1312 b",2.10000000,,3.000000,219.1170,5719.00,0.000000,978.00
"WASP-22 b",13.78707000,2.12946100000000e+02,0.444000,837.7034,6000.00,0.020000,1502.00
"Kepler-272 b",1.43000000,7.80000000000000e+01,147.000000,801.7410,5297.00,0.000000,1200.00
"Kepler-35 b",8.16000000,4.03630000000000e+01,0.410000,2.5804,5606.00,0.042000,352.89
"Kepler-1511 b",1.68000000,,4.010000,228.2190,6064.00,0.000000,903.00
"HD 102117 b",8.47000000,,0.489000,63.8539,5655.00,0.120000,780.86
"WASP-34 b",11.20900000,1.77984800000000e+02,0.412000,229.9620,5700.00,0.040000,1250.00
"Kepler-1426 b",1.56000000,,4.410000,95.2200,5831.00,0.000000,797.00
"Kepler-1988 b",1.53000000,,4.540000,351.7900,6033.00,0.000000,1105.00
"HD 48948 d",3.24000000,,1.710000,2.4600,4593.00,0.055000,349.00
"Kepler-968 c",1.69000000,,3.980000,58.1500,4598.00,0.000000,644.00
"Kepler-678 b",5.14000000,,0.935000,113.6400,5520.00,0.000000,833.00
"Kepler-144 c",1.35000000,,5.340000,207.2470,6075.00,0.000000,1046.00
"Kepler-427 b",13.79000000,9.21700000000000e+01,0.160000,208.7210,5800.00,0.570000,1100.00
"TOI-1298 b",9.65807033,9.90000000000000e+01,0.600000,732.0077,5752.00,0.000000,1278.00
"OGLE-2016-BLG-1067L b",14.30000000,1.40000000000000e+02,0.263000,,,,
"eps Tau b",12.70000000,,6.130000,22.1470,4877.00,0.076000,603.08
"Kepler-1874 b",2.21110724,,2.810000,3.7900,4701.00,0.000000,356.00
"OGLE-2005-BLG-390L b",2.21000000,5.50000000000000e+00,2.800000,,,,50.00
"HD 93385 c",2.56000000,,2.330000,128.3482,5977.00,0.200000,937.43
"K2-88 b",1.23000000,,6.020000,7.8000,3537.00,0.260000,464.60
"OGLE-2014-BLG-0319L b",14.10000000,1.81162191990000e+02,0.355000,,,,
"Teegarden's Star b",1.05000000,,5.510000,1.0800,3034.00,0.030000,277.00
"TOI-5634 A b",10.42000000,5.88000000000000e+02,,77.0000,3896.00,0.000000,837.00
"TOI-883 b",7.17166228,,0.606000,91.5488,5713.15,,861.00
"GJ 667 C e",1.45000000,,4.870000,0.3022,3350.00,0.020000,
"Kepler-164 d",2.45000000,,2.450000,35.8900,5888.00,0.000000,637.00
"Kepler-431 c",0.66800000,,4.220000,415.5450,6004.00,0.000000,951.00
"Kepler-140 c",1.80000000,,3.670000,9.9570,6077.00,0.000000,428.00
"Kepler-247 c",4.09000000,,1.260000,53.8990,5100.00,0.000000,686.00
"Kepler-32 b",2.20000000,1.30300000000000e+03,0.460000,22.0250,3900.00,0.000000,514.00
"TIC 279401253 b",11.20898070,1.95146641898000e+03,7.610000,9.1803,5951.00,0.448000,486.37
"Kepler-1818 b",1.71360684,,3.910000,504.2300,6047.00,0.000000,1209.00
"K2-193 b",3.95000000,,1.320000,59.9210,5817.00,,739.00
"HD 15906 c",2.93000000,,1.950000,13.3700,4757.00,0.040000,532.00
"TOI-1839 c",2.40867246,,2.510000,,5315.91,,
"HD 17156 b",12.26262489,1.03612060682000e+03,3.080000,68.8000,6046.00,0.677200,888.00
"TOI-871 b",1.66400000,,4.070000,24.7800,4929.00,,621.00
"WASP-124 b",13.89916000,1.90698000000000e+02,0.430000,748.0000,6050.00,0.017000,1400.00
"GJ 251 c",1.80000000,,3.660000,0.4040,3342.00,0.000000,216.00
"Kepler-1649 b",1.01700000,,5.380000,2.2080,3240.00,0.000000,307.00
"Kepler-1518 c",2.90000000,,1.970000,338.3300,6432.00,0.000000,1094.00
"ITG 15 b",12.10000000,6.67439654700000e+03,20.700000,,,,2601.00
"TOI-4311 b",1.37600000,4.50000000000000e+00,9.300000,1273.0000,5063.00,,1664.00
"Kepler-767 b",6.64000000,,0.670000,9.3650,5694.00,0.000000,366.00
"TOI-2986 b",9.29224500,9.66198357280000e+01,0.660000,1156.0000,5906.00,0.140000,1622.00
"K2-83 b",1.24400000,,5.940000,41.5000,3910.00,0.070000,707.17
"2MASS J22362452+4751425 b",12.30000000,3.97287500000000e+03,11.700000,0.0000,4045.00,,10.30
"HAT-P-63 b",12.54284940,1.95146641898000e+02,0.540000,387.4000,5400.00,0.069000,1237.00
"Kepler-1182 b",2.41000000,,2.510000,197.8820,5924.00,0.000000,796.00
"Kepler-1990 c",0.98000000,,5.280000,442.0800,5751.00,0.000000,1170.00
"Kepler-1688 b",1.26174569,,5.830000,84.0100,4632.11,0.000000,772.00
"Kepler-1191 b",1.51000000,,4.610000,167.1840,5308.00,0.000000,952.00
"Kepler-328 b",2.30000000,2.85000000000000e+01,7.800000,57.0790,6064.00,0.000000,602.00
"KMT-2019-BLG-0842L b",3.19000000,1.02800000000000e+01,1.740000,,,,
"TOI-4638.01",2.93300000,,1.940000,87.8100,5700.00,,779.83
"Kepler-511 c",4.20964327,,1.220000,101.6000,5866.00,0.000000,742.00
"Kepler-1337 b",2.41000000,,2.510000,9.1830,4523.00,0.000000,437.00
"K2-198 b",4.18900000,,1.220000,,5212.90,,715.80
"TOI-1054.01",2.43432000,,2.480000,88.0718,6122.00,,853.00
"Gaia23braL b",13.50000000,5.18060303410000e+02,1.160000,0.0464,5055.00,,129.20
"Kepler-1997 b",2.28000000,,2.700000,44.8600,6215.00,0.000000,660.00
"TOI-1062 c",3.10000000,,1.800000,95.0000,5328.00,0.140000,859.00
"Kepler-296 c",2.00000000,,1.200000,14.8000,3740.00,0.330000,606.00
"TOI-5678 b",4.91000000,2.00000000000000e+01,0.928000,3.8369,5485.00,0.140000,513.00
"Kepler-1593 b",3.17000000,,1.760000,0.8890,4995.00,0.000000,260.00
"HD 217107 c",12.90000000,1.38891013859000e+03,3.560000,0.0357,5622.00,0.391800,123.27
"Kepler-625 b",1.99000000,,3.220000,407.8330,5789.00,0.000000,852.00
"Kepler-1302 b",1.43000000,,4.940000,58.3440,5236.00,0.000000,778.00
"HD 98219 b",13.40000000,,1.430000,7.0547,4925.00,0.079000,453.77
"K2-129 b",1.04000000,,5.470000,4.5000,3459.09,0.130000,419.19
"Kepler-977 b",2.62000000,,2.250000,13.9550,5315.00,0.000000,544.00
"GJ 393 b",1.17000000,,5.870000,9.2100,3579.00,,485.00
"Kepler-1178 b",1.07000000,,5.560000,23.2370,4990.00,0.000000,378.00
"KMT-2019-BLG-0371L b",12.60000000,2.44727873390000e+03,6.720000,,,,
"EPIC 201170410.02",1.04700000,,5.510000,10.3359,3648.00,0.000000,500.03
"K2-407 b",1.28300000,,5.700000,,5563.00,,
"K2-155 d",1.90000000,,3.420000,1.6700,4258.00,,381.00
"K2-340 b",3.36000000,,1.620000,,5532.00,,606.00
"HD 158038 b",13.50000000,,1.090000,5.2889,4860.00,0.290000,405.91
"K2-255 b",2.90000000,,1.970000,215.9107,4676.00,,1034.00
"Kepler-1678 b",3.30422249,,1.660000,2.7800,5754.00,0.000000,329.00
"TIC 434398831 b",3.51000000,,1.540000,333.6313,5638.00,0.040000,1250.00
"Kepler-432 c",13.30000000,,1.800000,,4995.00,0.498000,
"HD 224018 b",0.91000000,4.10000000000000e+00,17.100000,146.7499,5784.00,0.060000,968.00
"HD 102843 b",13.10000000,,0.278000,0.0438,5436.00,0.110000,127.34
"Kepler-1334 b",2.29000000,,2.680000,78.3550,5614.00,0.000000,710.00
"Gl 378 b",3.66000000,,1.460000,38.5823,3879.00,0.109000,830.00
"Kepler-480 b",2.78000000,,2.080000,764.0780,6322.00,0.000000,1312.00
"HD 28185 b",12.80000000,,4.870000,0.9073,5602.00,0.063000,271.95
"tau Boo b",12.80000000,1.89100000000000e+03,4.950000,1333.7826,6466.27,0.011000,1682.02
"Kepler-1644 b",1.88000000,,3.470000,31.8600,5499.00,0.000000,606.00
"Kepler-1209 b",1.51000000,,4.610000,63.2460,6210.00,0.000000,755.00
"Kepler-1953 b",1.28574667,,5.690000,67.6200,4858.00,0.000000,731.00
"Kepler-384 b",1.12000000,,5.710000,101.5490,5577.00,0.000000,670.00
"Kepler-1249 b",2.38000000,,2.550000,98.3360,6202.00,0.000000,647.00
"TOI-2641 b",18.10250383,1.22681765102000e+02,0.092000,602.0000,6100.00,0.180000,1387.00
"Kepler-303 b",0.89000000,,4.990000,145.4360,3944.00,0.000000,802.00
"HATS-65 b",16.82470900,2.60938430000000e+02,0.300000,1178.0000,6277.00,0.062000,1634.00
"Kepler-255 c",2.99000000,,1.900000,83.2640,5573.00,0.000000,807.00
"Kepler-357 d",3.43000000,,1.580000,4.6190,5036.00,0.000000,402.00
"Kepler-1674 b",3.20577490,,1.730000,7.1300,5473.91,0.000000,417.00
"Kepler-1238 b",1.93000000,,3.350000,1195.2010,6386.00,0.000000,1389.00
"HD 192263 b",14.20000000,,0.342000,15.0597,4976.00,0.050000,486.00
"K2-35 c",1.93000000,,3.350000,68.0000,4402.71,0.120000,766.00
"HD 190360 c",5.53000000,2.62000000000000e+01,0.851000,69.1705,5560.00,0.163000,794.55
"Kepler-1940 b",1.54732469,,4.460000,145.2300,5431.00,0.000000,885.00
"HD 51608 c",3.87000000,,1.360000,3.9287,5358.00,0.140000,400.69
"Kepler-1786 b",3.16305828,,1.750000,10.7000,5808.00,0.000000,501.00
"TOI-2267 d",1.77000000,,3.750000,5.3000,3022.00,,422.00
"K2-121 b",7.16000000,5.10000000000000e+01,0.700000,62.5000,4526.00,0.220000,716.00
"K2-252 b",1.74000000,,3.840000,36.0315,5152.00,,639.00
"Kepler-850 b",1.78000000,,3.720000,329.2830,5932.00,0.000000,995.00
"K2-119 b",2.53000000,,2.350000,54.9000,4740.00,0.070000,666.00
"Kepler-265 d",2.49000000,,2.410000,18.9410,5835.00,0.000000,554.00
"GJ 876 c",14.00000000,2.26984600000000e+02,0.455000,0.7384,3293.74,0.255910,241.66
"PSR J2322-2650 b",13.90000000,,1.840000,,,0.001700,
"Kepler-1962 b",1.21463929,,5.980000,155.9500,5700.00,0.000000,901.00
"MASCARA-1 b",17.90074218,1.17597100000000e+03,1.500000,38711.5000,7490.00,0.000340,2594.30
"Kepler-266 b",2.48000000,,2.420000,230.4030,5885.00,0.000000,1066.00
"Kepler-856 b",9.30000000,,0.432000,153.4970,5535.00,0.000000,824.00
"TOI-1266 d",1.74000000,3.68000000000000e+00,3.840000,1.3000,3563.00,0.087000,288.00
"Kepler-691 b",2.09000000,,3.020000,12.9950,3715.00,0.000000,460.00
"HD 113996 b",12.70000000,,5.370000,113.6719,4181.00,0.280000,798.69
"HD 147379 b",4.94000000,,0.985000,0.7847,4090.00,0.063000,276.66
"HAT-P-2 b",10.65975900,2.86681223114000e+03,7.290000,588.5180,6380.00,0.517200,1540.00
"TOI-4127 b",12.07000000,7.43718472380000e+02,2.170000,22.3000,6096.00,0.748400,556.00
"HD 136352 c",2.91600000,1.12400000000000e+01,2.497668,35.1000,5664.00,0.000000,677.00
"OGLE-2017-BLG-1237L b",13.00000000,1.20774794660000e+03,3.020000,,,,
"K2-213 b",1.51398464,,4.590000,,5794.00,,
"HD 142415 b",13.50000000,,1.190000,1.0219,5940.00,0.500000,283.72
"Kepler-1279 b",1.75000000,,3.800000,190.8510,6221.00,0.000000,738.00
"Kepler-1083 b",3.36000000,,1.620000,10.1480,5049.00,0.000000,448.00
"Kepler-79 d",7.15000000,5.30000000000000e+00,0.080000,33.8740,6389.00,0.051000,592.00
"Kepler-724 b",3.29000000,,1.670000,339.4010,5437.00,0.000000,1155.00
"CHXR 73 b",12.30000000,3.99448600000000e+03,11.800000,,3099.00,,
"Kepler-190 b",1.56000000,,4.410000,417.2380,5106.00,0.000000,1166.00
"WASP-10 b",12.10600000,1.00112000000000e+03,4.140000,174.0323,4675.00,0.047300,1370.00
"Kepler-1661 b",3.87000000,1.70000000000000e+01,1.600000,0.8800,5100.00,0.057000,243.00
"HD 213885 c",4.71000000,,1.050000,426.5327,5978.00,0.000000,1265.40
"TOI-1438 b",3.04000000,9.40000000000000e+00,1.800000,145.0000,5230.00,0.000000,971.00
"HD 192699 b",13.40000000,,1.520000,9.0351,5041.00,0.082000,495.11
"Kepler-112 c",2.40000000,,2.520000,24.2550,5544.00,0.000000,538.00
"NGTS-17 b",13.89913607,2.42820902948000e+02,0.500000,1160.0000,5650.00,0.000000,1457.00
"K2-15 b",2.48000000,,2.420000,48.0000,5131.00,,676.00
"Kepler-377 b",1.39000000,,5.140000,139.1120,5949.00,0.000000,875.00
"Kepler-54 d",1.53000000,1.20946000000000e+01,9.200000,3.4250,4252.00,0.000000,328.00
"HD 111998 b",12.90000000,1.52557635360000e+03,3.910000,0.8918,6557.00,0.130000,275.49
"HD 103891 b",13.20000000,9.18524096230000e+02,2.190000,0.5714,6072.00,0.310000,241.25
"MOA-2016-BLG-526L b",3.97000000,1.49379351290000e+01,1.310000,,,,
"TOI-1694 c",13.80000000,,0.662000,0.4016,5005.00,0.111000,222.00
"NGTS-5 b",12.73342400,7.27830700000000e+01,0.194000,101.2530,4987.00,0.000000,952.00
"HD 115404 A c",12.50000000,3.27967133183300e+03,9.230000,0.0023,5019.17,0.211000,61.22
"K2-87 b",7.60000000,,0.562000,85.0000,5747.00,,979.00
"Qatar-1 b",12.81188700,4.11272020000000e+02,1.076000,382.3280,5013.00,0.000000,1418.00
"WASP-8 c",12.50000000,,8.450000,0.0314,5690.00,0.000000,116.99
"OGLE-2013-BLG-1721L b",14.10000000,2.00000000000000e+02,0.392000,,,,
"K2-136 c",3.00000000,1.81000000000000e+01,3.690000,11.9100,4500.00,0.047000,470.00
"Kepler-983 b",2.36000000,,2.580000,30.9970,6052.00,0.000000,485.00
"Kepler-887 b",1.84000000,,3.560000,109.8420,6194.00,0.000000,785.00
"Kepler-1948 b",1.03283226,,5.440000,5.9800,3872.00,0.000000,399.00
"Kepler-39 b",13.90000000,6.38810000000000e+03,13.000000,90.2200,6350.00,0.112000,897.00
"HD 101930 b",10.60000000,,0.367000,5.4444,5108.00,0.110000,417.04
"K2-50 b",1.59000000,,4.310000,18.8000,4326.00,,580.53
"Kepler-196 c",2.24000000,,2.760000,6.8800,5128.00,0.000000,407.00
"Kepler-444 c",0.49700000,,3.550000,165.7300,5046.00,0.310000,868.00
"Kepler-321 c",2.32000000,,2.640000,80.1030,5740.00,0.000000,752.00
"Kepler-1828 b",2.11598626,,2.980000,96.2700,5806.00,0.000000,799.00
"Kepler-76 b",15.24424000,6.38838300000000e+02,1.100000,3583.6730,6409.00,0.000000,2140.00
"TIC 434398831 c",5.63000000,,0.831000,166.3776,5638.00,0.013000,1050.00
"Kepler-535 b",2.36000000,,2.580000,601.8910,6123.00,0.000000,1247.00
"HD 105618 c",11.90000000,8.41959232983700e+03,27.500000,0.0012,5671.00,0.126000,51.64
"TOI-3082 b",3.66210000,,1.450000,131.6480,4263.00,,1032.78
"Kepler-1037 b",1.28000000,,5.710000,1015.4340,5105.00,0.000000,1650.00
"Kepler-107 b",1.53600000,3.80000000000000e+00,5.800000,1073.0000,5854.00,0.100000,1592.00
"Kepler-378 c",0.70000000,,4.340000,8.1660,4661.00,0.000000,414.00
"OGLE-2018-BLG-0962L b",13.60000000,4.25890065380000e+02,0.930000,,,,
"Kepler-347 d",3.04000000,,1.850000,12.7500,5592.00,0.000000,482.00
"Kepler-1645 b",1.78000000,,3.720000,138.5380,5812.00,0.000000,754.00
"WISPIT 2 b",17.93436912,1.54146777395000e+03,1.470000,0.0002,4400.00,,33.46
"K2-157 d",5.16000000,,0.932000,6.4600,5334.00,0.500000,429.10
"HD 88072 b",12.60000000,2.51179790052100e+03,6.900000,0.0056,5785.33,0.156000,76.03
"KMT-2017-BLG-2197L b",12.50000000,2.80960311788000e+03,7.900000,,,,
"Kepler-965 b",3.38000000,,1.620000,4.9800,5886.00,0.000000,393.00
"Kepler-404 b",1.27000000,,5.770000,44.5340,5654.00,0.000000,730.00
"BD+20 2457 c",12.40000000,,11.400000,366.1069,4137.00,0.180000,984.96
"HD 164922 c",3.66000000,,1.460000,6.2900,5390.00,0.120000,400.50
"TOI-6303 b",11.59000000,2.49300000000000e+03,8.820000,14.2800,3977.00,0.020000,541.00
"Kepler-1530 b",1.64000000,,4.150000,353.5610,5477.00,0.000000,1484.00
"WASP-167 b",17.71022000,2.54264000000000e+03,,3208.4100,7000.00,,2329.00
"HD 330075 b",14.30000000,,0.287000,292.3345,5000.00,0.000000,990.00
"HD 35759 b",13.00000000,,2.990000,22.7689,6060.00,0.389000,621.56
"Kepler-360 c",2.10000000,,3.000000,146.5000,6053.00,0.000000,860.00
"K2-412 b",2.11600000,,2.980000,243.5180,5590.00,,1100.64
"Kepler-1996 c",2.81000000,,2.060000,1.3800,4580.00,0.000000,276.00
"Kepler-1441 b",1.31000000,,5.550000,33.0460,5802.00,0.000000,682.00
"Kepler-498 b",3.03000000,,1.860000,202.7750,5744.00,0.000000,931.00
"EPIC 201615463 c",1.22000000,,5.990000,,5960.00,,
"CoRoT-28 b",10.70459500,1.53829720000000e+02,0.690000,672.7522,5150.00,0.047000,1349.25
"OGLE-TR-211 b",15.24400000,3.27351000000000e+02,0.420000,710.2804,6325.00,0.000000,1686.00
"K2-247 b",2.12000000,,2.960000,142.1387,4667.00,,979.00
"Kepler-1324 b",1.51000000,,4.610000,98.4140,4776.00,0.000000,895.00
"TOI-3919 b",12.31866979,1.23317421916000e+03,3.630000,184.3220,6100.00,0.259000,1198.00
"HIP 67851 c",12.70000000,2.20477565935900e+03,5.910000,0.7091,4840.00,0.300000,255.43
"Kepler-354 c",1.31000000,,5.550000,14.4040,4648.00,0.000000,508.00
"TOI-5789 d",1.91000000,,3.380000,15.2098,5185.00,0.096000,545.00
"HD 104985 b",12.80000000,,4.630000,115.1548,4738.00,0.047000,901.01
"CoRoT-22 b",4.88000000,1.22000000000000e+01,0.249000,121.8837,5939.00,0.077000,885.00
"TIC 198190129 b",2.92284949,,1.950000,,4377.53,,
"K2-325 b",2.20000000,,2.830000,5.0999,3287.00,,423.00
"Kepler-320 c",1.37000000,,5.240000,101.6190,6435.00,0.000000,1002.00
"Kepler-879 b",2.57000000,,2.310000,29.1280,5792.00,0.000000,580.00
"K2-368 d",1.94800000,,3.310000,,4663.00,,
"Kepler-1933 b",1.17984089,,5.890000,250.5000,5661.00,0.000000,1058.00
"OGLE-2018-BLG-1011L b",13.50000000,5.70000000000000e+02,1.270000,,,,
"TOI-2537 b",11.25381662,4.15401727949000e+02,1.600000,7.4445,4870.00,0.364000,338.00
"Kepler-1641 b",3.11000000,,1.800000,82.8280,6152.00,0.000000,908.00
"GJ 687 b",4.32000000,,1.170000,0.8010,3413.00,0.170000,263.65
"Kepler-23 b",1.63800000,2.56000000000000e+00,3.186870,446.1070,5828.00,0.017000,1157.00
"Kepler-1173 b",0.89000000,,4.990000,1462.0980,5252.00,0.000000,1650.00
"Kepler-367 b",1.30000000,,5.600000,5.9850,4710.00,0.000000,401.00
"Kepler-1166 b",1.69000000,,3.980000,14.1880,5446.00,0.000000,486.00
"LHS 1815 b",1.08800000,1.58000000000000e+00,6.700000,26.3712,3643.00,0.000000,617.00
"HD 219077 b",12.50000000,3.05750927534000e+03,8.600000,0.0755,5362.00,0.768000,146.68
"Kepler-603 d",1.32000000,,5.500000,497.4000,5808.00,0.000000,1098.00
"Kepler-458 c",4.20000000,,1.220000,279.7870,6117.21,0.000000,798.00
"Kepler-1922 b",2.29064904,,2.680000,71.1100,5931.00,0.000000,740.00
"Kepler-969 c",0.99000000,,5.310000,564.5810,5214.00,0.000000,1270.00
"HD 96127 b",13.00000000,1.20774794660000e+03,3.020000,364.3861,3943.00,0.300000,947.29
"TOI-6223 b",5.07000000,,0.953000,41.8646,3895.00,,714.00
"Kepler-178 d",3.95000000,,1.320000,3.8740,5676.00,0.000000,392.00
"HD 88133 b",13.80000000,3.24186600000000e+02,0.678000,1368.0872,5392.00,0.031000,1762.08
"TOI-7384 b",3.56000000,,1.510000,4.9000,3185.00,0.400000,378.00
"K2-281 b",8.18000000,,0.511000,37.7384,4812.00,,665.00
"HD 80869 b",12.80000000,1.60980088145500e+03,4.220000,0.1420,5837.00,0.924000,203.20
"TOI-1448 b",2.74900000,1.95000000000000e+01,,5.4500,3412.00,0.360000,426.00
"TOI-2141 d",3.97000000,,1.310000,9.8000,5635.00,,491.40
"Kepler-862 b",2.21000000,,2.810000,547.2930,5333.00,0.000000,1097.00
"TOI-5350 b",12.41955062,2.09448920213000e+03,6.030000,321.8790,6220.00,0.016500,1195.00
"Kepler-138 c",1.51000000,2.30000000000000e+00,3.600000,6.8000,3841.00,0.017000,410.00
"Kepler-1001 b",3.15000000,,1.780000,40.8530,5491.00,0.000000,693.00
"TIC 294329732 b",2.07692266,,3.050000,,5201.93,,
"TOI-1814 b",5.18536642,,0.926000,216.0619,4872.84,,977.83
"Kepler-1059 b",1.73000000,,3.860000,174.0740,4906.00,0.000000,908.00
"HD 86728 b",3.03000000,,1.860000,37.1828,5610.00,0.067000,687.36
"Kepler-518 b",2.11000000,,2.980000,133.3170,5842.00,0.000000,839.00
"Kepler-28 b",1.95900000,1.63000000000000e+00,1.185427,62.5770,4499.30,0.000000,585.00
"HD 63433 c",2.69200000,1.55390000000000e+01,4.630000,35.3582,5553.00,0.210000,678.92
"AB Aur b",12.50000000,2.86045566300000e+03,8.050000,0.0067,9770.00,0.400000,83.63
"TOI-128.01",2.21898000,,2.800000,182.4060,6086.00,,1344.51
"Kepler-49 d",1.60000000,2.35982000000000e+02,20.000000,64.3900,4252.00,0.000000,717.00
"HD 114729 b",13.90000000,,0.537000,0.6170,5844.00,0.079000,237.89
"Kepler-107 c",1.59700000,1.00000000000000e+01,13.500000,602.0000,5854.00,0.080000,1378.00
"Kepler-88 d",13.10000000,,2.360000,0.1124,5466.00,0.410000,158.95
"TOI-2095 b",1.25000000,4.10000000000000e+00,,3.4300,3759.00,0.000000,347.00
"WASP-67 b",12.89035000,1.36666900000000e+02,0.388000,188.1062,5200.00,0.000000,1003.00
"Kepler-1755 b",5.91688317,,0.780000,37.4300,6086.00,0.000000,631.00
"Teegarden's Star c",1.02000000,,5.440000,0.3500,3034.00,0.040000,209.00
"TOI-2000 b",2.70000000,1.10000000000000e+01,3.070000,628.0000,5611.00,0.000000,1488.00
"HD 144899 b",4.77000000,,1.030000,58.8430,6126.00,0.821000,770.87
"TOI-5736 b",1.56000000,,4.410000,493.4827,3949.00,,1311.00
"mu2 Sco b",12.30000000,4.57672906080000e+03,13.500000,0.1074,21700.00,0.560000,159.05
"Kepler-9 c",8.08000000,2.99000000000000e+01,0.310000,18.9030,5774.00,0.066910,523.00
"HD 219828 b",4.59000000,,1.080000,1095.4885,5891.00,0.091000,1602.83
"OGLE-TR-113 b",12.25100000,4.00449000000000e+02,1.200000,528.4147,4790.00,0.000000,1342.00
"HD 156279 c",12.50000000,3.09882696825000e+03,8.720000,0.0237,5453.00,0.261000,109.42
"Kepler-1041 b",2.94000000,,1.940000,117.9560,5957.00,0.000000,644.00
"Kepler-877 b",2.12000000,,2.960000,37.8100,5261.00,0.000000,632.00
"KIC 10525077 b",5.50000000,,0.855000,,6091.00,,
"HD 135694 b",2.85700000,6.10000000000000e+00,2.050000,71.8000,5712.00,0.000000,750.83
"K2-70 b",2.89000000,,1.980000,62.0000,5622.00,,783.99
"TIC 237913194 b",12.52045300,6.17225860000000e+02,1.847000,83.3856,5788.00,0.575000,974.00
"Kepler-1578 b",1.04000000,,5.470000,1486.4380,5545.00,0.000000,1700.00
"Kepler-212 b",1.09000000,,5.600000,133.8660,5852.00,0.000000,830.00
"Kepler-1577 b",1.13000000,,5.750000,57.7510,4862.00,0.000000,1125.00
"Kepler-257 b",2.61000000,,2.260000,343.6000,5180.00,0.000000,1237.00
"WASP-61 b",15.80469000,8.51784400000000e+02,1.423000,1062.0298,6250.00,0.000000,1624.40
"Kepler-165 b",2.32000000,,2.640000,59.7990,5211.00,0.000000,716.00
"Kepler-55 d",1.59000000,,4.310000,195.0050,4503.00,0.000000,931.00
"HD 27894 b",14.10000000,,0.386000,22.7604,4875.00,0.047000,627.88
"Kepler-1700 b",2.90129941,,1.970000,2.2000,6031.00,0.000000,329.00
"TOI-2093 b",3.25000000,,1.700000,19.5345,4426.00,0.000000,535.00
"HD 45364 b",9.03000000,,0.449000,1.3804,5466.00,0.067000,301.69
"EPIC 212499991 b",1.60000000,,4.280000,,4982.79,,
"Kepler-1608 b",1.73000000,,3.860000,33.2200,4992.00,0.000000,612.00
"HATS-11 b",18.03000000,2.63798900000000e+02,0.315000,1027.2960,6563.00,0.340000,1596.00
"TOI-1789 b",16.14093221,2.22479884900000e+02,0.280000,2300.0000,5991.00,,1927.00
"EPIC 201757695.02",0.90819000,,5.050000,494.2020,4520.00,0.000000,1025.29
"Kepler-152 b",2.79000000,,2.070000,21.0840,5088.00,0.000000,551.00
"Kepler-253 c",2.65000000,,2.220000,51.2730,5208.00,0.000000,680.00
"Kepler-759 b",2.27000000,,2.710000,19.0200,5860.00,0.000000,533.00
"HIP 8152 c",2.52442508,1.07000000000000e+01,3.630000,39.9000,5618.00,0.200000,650.68
"DE CVn b",12.40000000,,11.000000,0.0008,3579.00,0.000000,46.91
"HATS-29 b",14.02245900,2.07542990000000e+02,0.411000,356.0000,5670.00,0.158000,1212.00
"Kepler-365 c",1.64000000,,4.150000,66.8700,6012.00,0.000000,729.00
"TOI-942 c",4.67000000,3.70000000000000e+01,,59.2488,4969.00,0.320000,772.63
"Kepler-899 b",2.68000000,,2.180000,62.1980,5595.00,0.000000,640.00
"K2-272 b",3.13000000,,1.780000,49.1810,5397.00,,747.00
"TOI-3474 b",14.67255574,1.93875328270000e+02,0.337000,740.0000,6020.00,0.130000,1451.00
"Kepler-1328 b",0.98000000,,5.280000,545.6720,5780.00,0.000000,1214.00
"K2-61 b",1.92000000,,3.380000,730.0000,5748.00,,1325.00
"Kepler-1329 b",2.17000000,,2.880000,26.6450,4500.00,0.000000,577.00
"WISPIT 2 c",17.93436912,3.17828407000000e+03,3.030000,0.0034,4530.00,,2050.00
"Kepler-825 c",1.84000000,,3.560000,261.6280,5976.00,0.000000,981.00
"Kepler-281 c",5.31000000,1.61124000000000e+02,0.005100,35.2030,5723.00,0.000000,513.00
"Kepler-382 b",1.32000000,,5.500000,381.4650,5600.00,0.000000,1166.00
"TOI-4329 b",16.81347105,1.43022783150000e+02,0.165000,3990.5716,6000.00,0.068000,2027.12
"Kepler-1106 b",1.65000000,,4.110000,2399.9740,6104.00,0.000000,2199.00
"WASP-129 b",10.42437000,3.17830000000000e+02,1.600000,345.7201,5900.00,0.096000,1100.00
"Kepler-171 c",2.56000000,,2.320000,78.9050,5642.00,0.000000,752.00
"HD 86264 b",12.50000000,3.11726101585600e+03,8.770000,0.5987,6210.00,0.821000,247.01
"WASP-33 b",17.85593700,6.65218190000000e+02,0.689000,9392.0471,7430.00,0.000000,2781.70
"eps Eri b",13.80000000,3.17828407000000e+02,0.665000,0.0306,5020.38,0.060000,112.26
"HD 66141 b",12.80000000,,5.000000,120.6806,4323.00,0.070000,880.31
"Kepler-835 b",2.79000000,,2.070000,170.3300,5954.00,0.000000,921.00
"Kepler-1666 c",3.23564749,,1.700000,26.3400,6293.00,0.000000,578.00
"Kepler-1341 b",2.99000000,,1.900000,1.1410,4662.00,0.000000,241.00
"HAT-P-23 b",15.33400000,6.64237000000000e+02,1.010000,2796.2342,5905.00,0.106000,2056.00
"Kepler-396 b",3.50000000,7.55000000000000e+01,9.680000,13.7310,5656.00,0.000000,496.00
"gam Cep b",12.70000000,2.09766748620000e+03,5.630000,2.6076,4775.00,0.150000,343.48
"Kepler-1143 b",1.67000000,,4.050000,173.0560,5053.00,0.000000,976.00
"Kepler-1801 b",2.70926154,,2.160000,111.5200,5738.00,0.000000,829.00
"Kepler-136 b",2.05000000,1.98000000000000e+01,12.600000,257.9840,6165.00,0.000000,951.00
"WASP-120 b",15.58048317,1.54147550000000e+03,2.334107,1818.5489,6450.00,0.057000,1749.00
"WASP-72 b",14.45961000,7.31009000000000e+02,0.870000,6233.7915,6250.00,0.000000,2210.00
"Kepler-244 d",2.31000000,1.52000000000000e+01,6.780000,31.2670,5554.00,0.000000,622.00
"TOI-1680 b",1.46600000,,4.800000,4.4100,3225.00,,404.00
"HD 118203 b",12.77823800,6.80152790980000e+02,1.790000,593.4000,5742.00,0.313600,1361.00
"Kepler-146 c",3.13000000,,1.780000,9.8870,5948.00,0.000000,473.00
"KOI-4777.01",0.51000000,9.92000000000000e+01,,320.0000,3515.00,0.000000,1180.00
"NY Vir c",12.80000000,,4.610000,,32780.00,0.150000,
"Kepler-166 b",2.27000000,,2.710000,77.5430,5413.00,0.000000,772.00
"HATS-4 b",11.43300000,4.20471000000000e+02,1.550000,558.8280,5403.00,0.013000,1315.00
"Kepler-507 b",1.30000000,,14.828486,877.3270,6113.00,0.000000,1407.00
"TOI-5704 b",3.22740000,,1.720000,125.0643,4590.00,,949.07
"Kepler-121 b",2.34000000,,2.610000,220.4890,5311.00,0.000000,997.00
"HD 63433 d",1.07300000,,5.560000,296.4321,5688.00,0.160000,1040.00
"Kepler-172 d",2.25000000,,2.740000,75.2900,5526.00,0.000000,736.00
"Kepler-1204 b",3.05000000,,1.850000,7.0210,5825.00,0.000000,448.00
"Kepler-705 b",2.11000000,,2.980000,0.7290,3722.00,0.000000,265.00
"TOI-238 c",2.18000000,6.70000000000000e+00,1.830000,58.3000,5059.00,0.360000,696.00
"Kepler-716 c",1.39281536,,5.120000,151.8000,5012.00,0.000000,992.00
"HD 166724 b",13.00000000,1.20774794660000e+03,3.020000,0.0105,5127.00,0.734000,94.83
"HD 131496 b",13.40000000,,1.310000,2.4257,4846.00,0.181000,347.30
"HD 163607 b",13.90000000,,0.510000,20.0716,5522.00,0.744100,587.13
"Kepler-1858 b",2.42168247,,2.490000,2.7900,4939.00,0.000000,330.00
"Kepler-160 d",,1.00000000000000e+02,,34.9481,5471.00,,676.54
"KOI-13 b",16.94800800,2.94946240000000e+03,3.600000,25339.9010,7650.00,0.000640,2550.00
"K2-365 b",2.90600000,,1.970000,,5561.00,,
"K2-376 b",1.73600000,,3.840000,,5937.00,,
"Kepler-728 b",3.34000000,,1.640000,484.5100,5660.00,0.000000,982.00
"Kepler-563 b",3.09000000,,1.820000,18.7380,5066.00,0.000000,546.00
"Kepler-221 d",2.73000000,3.61000000000000e+00,0.900000,56.2930,5243.00,0.000000,712.00
"Kepler-595 b",3.70800000,1.74000000000000e+01,1.230000,17.3820,5138.50,0.000000,535.00
"Kepler-296 f",1.80000000,,3.200000,0.6200,3740.00,0.330000,274.00
"HD 173416 b",13.40000000,,1.340000,58.1544,4683.00,0.208000,771.03
"TOI-682.01",3.74186000,,1.420000,234.4600,5085.00,,1090.00
"Kepler-534 b",2.24000000,,2.760000,63.9500,5884.00,0.000000,721.00
"TOI-1736 c",12.50000000,2.80000000000000e+03,7.880000,0.9000,5636.00,0.368500,249.00
"TOI-5789 b",1.26000000,,5.820000,360.2797,5185.00,0.000000,1201.00
"USco CTIO 108 b",12.30000000,4.44962000000000e+03,13.100000,0.0000,2700.00,,2.96
"TOI-512 b",1.54000000,3.57000000000000e+00,5.623888,127.0000,5277.00,0.020000,1009.00
"Kepler-1270 b",3.32000000,,1.650000,1217.3950,5047.00,0.000000,1598.00
"Kepler-1370 b",1.84000000,,3.560000,132.5870,6202.00,0.000000,770.00
"Kepler-172 c",2.86000000,,2.010000,227.2250,5526.00,0.000000,970.00
"Kepler-1429 b",1.29000000,,5.660000,551.1560,5902.00,0.000000,1199.00
"Kepler-419 c",12.60000000,2.32010000000000e+03,6.370000,1.8888,6430.00,0.184000,315.55
"K2-266 d",2.93000000,8.90000000000000e+00,2.030000,13.9500,4285.00,0.047000,538.30
"KMT-2021-BLG-0119L b",12.80000000,1.75441280664000e+03,4.600000,,,,
"HD 75784 b",13.80000000,,0.665000,5.3535,4867.00,0.097000,425.98
"Kepler-1022 b",2.36000000,,2.580000,19.2580,4445.00,0.000000,512.00
"Kepler-1321 d",2.62843782,,2.240000,15.8400,3640.00,0.000000,509.00
"Kepler-433 b",16.25000000,8.96240000000000e+02,1.130000,1682.6600,6360.00,0.119000,1776.00
"Kepler-886 b",1.52000000,,4.570000,231.4320,6098.00,0.000000,1111.00
"Kepler-1340 b",1.55000000,,4.460000,4793.0010,6331.00,0.000000,2174.00
"HD 110113 c",2.11384817,,6.110000,199.9000,5732.00,0.045000,990.00
"Kepler-220 b",0.81000000,,4.730000,105.0010,4632.00,0.000000,759.00
"HD 99706 b",13.70000000,,0.835000,3.9282,4862.00,0.250000,391.46
"Kepler-1472 b",1.90000000,,3.420000,57.0790,6159.00,0.000000,613.00
"Kepler-133 b",1.76000000,,3.780000,408.5800,5736.00,0.000000,1041.00
"GJ 3138 d",3.23000000,,1.710000,0.1000,3717.00,0.320000,151.70
"Kepler-283 c",1.82000000,,3.620000,0.9490,4351.00,0.000000,240.00
"Kepler-444 b",0.40300000,,3.140000,225.7350,5046.00,0.160000,938.00
"Kepler-631 b",2.90000000,,1.970000,94.1370,6185.00,0.000000,828.00
"Kepler-1086 b",2.44000000,,2.470000,9.1570,4350.00,0.000000,433.00
"Kepler-998 b",2.32000000,,2.640000,409.9170,6058.00,0.000000,1020.00
"KIC 10001893 b",,,,,27500.00,,
"HD 20781 e",3.83000000,,1.370000,4.3043,5256.00,0.060000,398.38
"Kepler-1023 b",2.63000000,,2.240000,6.9780,5494.00,0.000000,524.00
"Kepler-104 c",3.13000000,,2.994855,45.4380,5711.00,0.000000,668.00
"Kepler-576 b",3.27000000,,1.680000,16.8170,5672.00,0.000000,541.00
"Kepler-1115 b",1.70000000,,3.950000,516.1010,8480.00,0.000000,1381.00
"K2-344 b",1.59000000,,4.310000,37.2966,4374.00,,722.00
"KIC 5437945 b",6.40000000,,0.704000,2.9000,6340.00,0.000000,308.00
"Gl 410 b",2.83000000,,2.040000,20.4555,3842.00,,592.44
"Kepler-1859 c",1.66000000,,4.070000,732.8200,5887.00,0.000000,1327.00
"K2-323 b",2.10000000,,3.000000,2.8163,3710.00,,318.00
"HD 95544 b",12.80000000,1.91364483854700e+03,5.010000,0.1000,5722.00,0.049000,156.50
"HD 132406 b",12.80000000,1.88790073758000e+03,4.950000,0.4641,5766.00,0.250000,228.73
"TOI-5688 A b",10.30000000,1.24000000000000e+02,0.610000,50.3000,3713.00,0.128000,742.00
"Kepler-1201 b",2.29000000,,2.680000,89.4310,6177.00,0.000000,789.00
"Kepler-370 c",1.91000000,,3.400000,54.1970,5852.00,0.000000,647.00
"Kepler-1570 b",1.07000000,,5.560000,76.4570,5550.00,0.000000,836.00
"HD 159243 c",13.40000000,,1.380000,2.0315,6123.00,0.075000,349.35
"Kepler-33 d",5.35000000,3.91000000000000e+00,0.250000,123.6910,5904.00,0.000000,853.00
"Kepler-232 c",3.83000000,,1.370000,116.5240,5847.00,0.000000,806.00
"HD 80883 b",12.80000000,1.74805623850000e+03,4.580000,0.0103,5177.91,0.203000,88.66
"KMT-2021-BLG-0912L b",1.49000000,2.81000000000000e+00,4.670000,,,,
"Kepler-1505 b",0.93000000,,5.120000,36.1210,5686.00,0.000000,525.00
"MWC 758 c",,,,0.0010,7314.00,,500.00
"WASP-92 b",16.37634900,2.55853150000000e+02,0.346000,1622.2528,6280.00,0.000000,1871.00
"Kepler-949 c",2.97000000,,1.910000,27.2000,5211.00,0.000000,582.00
"tau Cet g",1.18000000,,5.850000,27.9835,5310.00,0.060000,639.65
"Kepler-151 b",3.06000000,,1.840000,40.7280,5460.00,0.000000,639.00
"Kepler-1290 b",1.42000000,,4.990000,443.2210,5660.00,0.000000,1098.00
"K2-371 b",13.02400000,,,198.0922,4925.00,,956.83
"TOI-201 b",11.40000000,1.64000000000000e+02,0.610000,68.4513,6423.00,0.275000,759.00
"Kepler-1025 b",1.98000000,,3.240000,17.9520,6089.00,0.000000,1654.00
"WASP-16 b",13.67498000,3.94109200000000e+02,0.572000,481.9170,5700.00,0.000000,1389.00
"Kepler-366 b",1.46000000,,4.820000,1873.3110,6209.00,0.000000,1326.00
"Kepler-207 d",3.31000000,,1.670000,732.6040,5920.00,0.000000,1254.00
"Kepler-1924 b",2.65446572,,2.210000,107.4400,5726.00,0.000000,821.00
"Kepler-1767 b",3.01299077,,1.880000,5.6600,5243.00,0.000000,393.00
"GJ 887 e",1.12000000,,5.710000,20.9000,3688.00,,544.00
"TOI-929 b",2.68983343,,2.170000,59.7261,4457.16,,774.00
"Kepler-1654 b",9.18017100,1.58915000000000e+02,1.200000,0.3000,5597.00,0.260000,206.00
"GJ 740 b",1.53000000,,4.540000,79.0000,3913.00,0.240000,829.00
"Kepler-1524 b",3.54000000,,1.520000,8.4430,6179.00,0.000000,438.00
"Kepler-68 d",13.90000000,2.67000000000000e+02,0.546000,0.7889,5847.00,0.102000,260.75
"Kepler-359 c",4.30000000,2.90000000000000e+00,0.100000,8.1000,6248.00,0.000000,512.00
"TOI-1181 b",17.02644168,3.74719691853000e+02,0.490000,14140.0000,6054.00,0.011000,1942.12
"Kepler-324 e",2.03862444,2.35014000000000e+02,0.160000,38.9000,5191.00,0.000000,635.00
"HD 177830 b",13.50000000,,1.200000,3.7258,4901.00,0.100000,399.64
"Kepler-279 b",3.62000000,4.18093000000000e+03,165.000000,249.0210,6363.00,0.000000,1104.00
"Kepler-147 b",1.53000000,,4.540000,224.6100,6012.00,0.000000,953.00
"WASP-108 b",15.13212395,2.83502939044000e+02,0.477431,1360.1641,6783.00,0.000000,1589.00
"TOI-1853 b",3.46000000,7.32000000000000e+01,9.740000,435.3300,4985.00,0.030000,1479.00
"K2-356 b",2.29000000,,2.680000,22.3128,5568.00,,624.00
"Kepler-1521 b",2.50000000,,2.390000,5.1220,5042.00,0.000000,391.00
"K2-288 B b",1.90000000,,3.420000,0.4368,3341.00,,226.36
"HD 60532 b",13.80000000,,0.704000,16.9008,6245.00,0.260000,550.16
"Kepler-238 c",2.39000000,1.52522000000000e+02,3.200000,592.2980,5751.00,0.000000,1146.00
"Kepler-1901 b",1.47418907,,4.750000,389.4100,5696.00,0.000000,1132.00
"HD 135344 A b",16.25302201,3.17828407000000e+03,4.070000,0.0610,9540.00,0.500000,1585.00
"Kepler-55 c",2.21000000,6.98000000000000e+01,35.500000,3.8400,4362.00,0.000000,349.00
"Kepler-673 b",6.54000000,,0.684000,253.4560,5355.00,0.000000,1023.00
"GJ 676 A d",1.78000000,,3.720000,59.6154,3734.00,0.192000,757.36
"Kepler-218 b",1.48000000,,4.730000,460.6560,5502.00,0.000000,1156.00
"WASP-78 b",21.63337000,3.52791300000000e+02,0.131000,4812.6238,6100.00,0.000000,2469.70
"Kepler-620 b",3.32000000,,1.650000,219.0510,6155.00,0.000000,849.00
"Kepler-1330 b",1.65000000,,4.110000,322.3990,5608.00,0.000000,879.00
"TOI-2989 b",12.55405838,9.53485221000000e+02,2.700000,124.0000,4672.00,0.000000,1001.00
"Kepler-424 b",9.98000000,3.27350000000000e+02,1.940000,470.7540,5460.00,0.000000,1116.00
"Kepler-349 c",1.96000000,,3.280000,94.4910,5956.00,0.000000,763.00
"KMT-2018-BLG-1988L b",2.22000000,5.56000000000000e+00,2.790000,,,,
"Kepler-1231 b",1.42000000,,4.990000,117.5150,5778.00,0.000000,870.00
"Kepler-274 b",1.54000000,,4.500000,147.8120,6023.00,0.000000,961.00
"Kepler-280 c",2.01000000,,3.180000,279.0850,5744.00,0.000000,1088.00
"TOI-163 b",16.69020100,3.87752600000000e+02,0.490000,1489.1126,6495.00,0.000000,1669.00
"Kepler-969 b",2.07000000,,3.060000,10.1660,5214.00,0.000000,465.00
"Kepler-359 b",3.53000000,,1.520000,23.9000,6248.00,0.000000,671.00
"Kepler-1385 b",0.85000000,,4.860000,1591.4770,5732.00,0.000000,1423.00
"Kepler-369 c",1.41000000,,5.040000,4.2100,3591.00,0.000000,391.00
"WASP-102 b",14.90794433,1.97689269154000e+02,0.320000,1293.0000,5990.00,0.000000,1671.00
"Kepler-645 b",2.10000000,,3.000000,1364.7620,6170.00,0.000000,1730.00
"GJ 480 b",2.91000000,,1.960000,5.9290,3509.00,0.000000,406.00
"gam Psc b",13.60000000,,0.930000,33.5227,4742.00,0.204000,666.07
"Kepler-1253 b",1.33000000,,5.440000,21.6240,5850.00,0.000000,501.00
"Kepler-65 b",1.42000000,2.40000000000000e+00,4.400000,2316.0950,6211.00,0.028000,1740.00
"TOI-1467 b",1.92000000,9.00000000000000e+00,11.000000,18.1300,3834.00,0.000000,506.07
"RR Cae b",13.00000000,,3.340000,0.0003,3904.00,0.000000,35.94
"WASP-186 b",12.44199000,1.34124260000000e+03,3.821000,853.1355,6361.00,0.330000,1378.40
"Kepler-832 b",2.06000000,,3.080000,256.8280,5596.00,0.000000,965.00
"Kepler-281 d",5.93747806,6.54000000000000e+02,12.300000,2.5100,5717.00,0.000000,321.00
"DMPP-3 A b",1.44000000,,4.910000,142.7812,5138.00,0.420000,854.00
"Kepler-1889 b",2.94360686,,1.930000,14.0000,5646.00,0.000000,493.00
"TOI-5340 b",15.07607904,2.70154145950000e+02,0.430000,1004.0000,5990.00,0.130000,1566.00
"Kepler-988 b",2.07000000,,3.060000,6.5600,4005.00,0.000000,368.00
"KMT-2023-BLG-0735L b",6.97000000,3.87750656540000e+01,0.629000,,,,
"KMT-2022-BLG-1818L b",13.00000000,1.27131362800000e+03,3.180000,,,,
"K2-117 c",2.06000000,,3.080000,21.4000,3778.00,0.150000,537.00
"Kepler-400 c",1.49000000,,4.700000,76.8600,5886.00,0.000000,755.00
"WASP-118 b",16.14096000,1.63364620000000e+02,0.233000,6586.4700,6410.00,0.000000,1729.00
"TOI-880 c",4.95000000,,0.983000,73.9967,5050.00,,805.00
"TOI-1278 b",12.21778896,5.87982552950000e+03,18.000000,6.5402,3799.00,0.013000,407.87
"KMT-2022-BLG-0303L b",14.20000000,1.63045972791000e+02,0.313000,,,,
"HD 12235 b",3.23000000,,1.710000,1287.9273,5986.00,0.376000,1667.37
"Kepler-364 b",1.55000000,,4.460000,68.7100,6108.00,0.000000,753.00
"Kepler-732 c",1.27000000,,5.770000,199.8460,3631.00,0.000000,893.00
"HD 220689 b",13.70000000,3.81394088400000e+02,0.815000,0.1074,5921.00,0.054000,160.11
"Kepler-444 f",0.74100000,,4.480000,59.9150,5046.00,0.290000,673.00
"Kepler-222 c",4.64000000,,1.070000,59.0760,5433.00,0.000000,734.00
"K2-107 b",15.98000000,2.66977200000000e+02,0.350000,1291.4267,6061.00,0.000000,1649.00
"Kepler-999 b",2.34000000,,2.610000,740.1730,6237.00,0.000000,1355.00
"GJ 887 c",2.43000000,,2.490000,2.5000,3688.00,0.170000,320.00
"TOI-1450 A b",1.13000000,1.25800000000000e+00,4.790000,44.9493,3437.00,,722.00
"Kepler-524 b",1.91000000,,3.400000,434.2370,6014.00,0.000000,974.00
"Kepler-291 c",1.88000000,,3.470000,332.7370,6002.00,0.000000,1035.00
"WASP-132 c",1.84100000,6.26000000000000e+00,5.470000,791.0000,4686.00,0.000000,1329.00
"K2-273 b",3.05000000,,1.850000,83.5129,5161.00,,849.00
"OGLE-2011-BLG-0173L b",9.01000000,6.00000000000000e+01,0.451000,,,,
"Kepler-1491 b",1.51000000,,4.610000,138.1080,5728.00,0.000000,821.00
"HD 106906 b",12.40000000,3.49600000000000e+03,10.100000,0.0000,6516.00,,1800.00
"Kepler-177 b",3.50000000,5.84000000000000e+00,0.750000,30.4000,5732.00,0.000000,549.00
"Kepler-1528 b",1.46000000,,4.820000,1106.8510,5857.00,0.000000,1549.00
"Kepler-376 c",1.79000000,,3.700000,168.2900,5900.00,0.000000,873.00
"Kepler-1075 b",1.42000000,,4.990000,143.9680,3959.00,0.000000,818.00
"Kepler-160 c",3.76000000,,1.410000,84.8480,5471.00,0.000000,771.00
"HAT-P-36 b",14.31389300,5.87413406000000e+02,1.175000,1821.0000,5620.00,0.063000,1780.97
"Kepler-368 b",3.26000000,,1.700000,107.5800,5502.00,0.000000,800.00
"Kepler-192 b",2.74000000,,2.120000,105.2970,5479.00,0.000000,803.00
"Kepler-115 b",1.09000000,,5.600000,1215.7570,5979.00,0.000000,1489.00
"Kepler-527 b",2.84000000,,2.030000,147.0460,6388.00,0.000000,1157.00
"HD 190647 b",13.40000000,,1.440000,0.3978,5656.00,0.224000,214.19
"Kepler-183 b",2.06000000,,3.080000,281.8450,5888.00,0.000000,1088.00
"TOI-216.01",10.10000000,1.77983907920000e+02,0.760000,10.1000,5026.00,0.004600,497.00
"HD 37605 b",13.20000000,,2.040000,7.8531,5329.00,0.674500,465.76
"Kepler-1735 b",1.19429134,,5.940000,15.0100,3975.00,0.000000,502.00
"KMT-2021-BLG-0320L b",6.20000000,3.17828407000000e+01,0.733000,,,,
"Kepler-1618 b",1.26000000,,5.850000,903.9080,6620.00,0.000000,1267.00
"Kepler-1455 b",2.16000000,,2.900000,1.5330,4075.00,0.000000,298.00
"Kepler-296 e",1.53000000,,4.100000,1.4100,3740.00,0.330000,337.00
"TOI-4311 c",2.47000000,1.35800000000000e+01,5.290000,33.8000,5063.00,0.220000,671.00
"Kepler-325 b",2.91000000,,1.960000,210.5540,5752.00,0.000000,1017.00
"Kepler-1376 b",1.05000000,,5.510000,278.9020,5659.00,0.000000,1042.00
"EPIC 220674823 c",2.71200000,7.90000000000000e+00,2.336119,70.0000,5578.00,0.180000,838.00
"Kepler-1190 b",1.33000000,,5.440000,24.2110,4730.00,0.000000,609.00
"MOA-2012-BLG-006L b",12.60000000,2.70000000000000e+03,7.420000,,,,
"WASP-81 b",16.01766100,2.31698070000000e+02,0.332000,1034.0911,5870.00,0.066000,1623.00
"Kepler-154 c",2.95000000,,1.930000,12.0710,5690.00,0.000000,454.00
"TOI-1774.01",2.78000000,,2.170000,73.7609,5746.00,0.050000,824.00
"OGLE-2019-BLG-0954L b",12.30000000,4.51316337940000e+03,13.300000,,,,
"Kepler-1194 b",1.51000000,,4.610000,49.3500,5590.00,0.000000,676.00
"Kepler-352 d",0.80628032,,4.710000,81.3000,5208.00,0.000000,788.00
"HIP 97166 b",2.48013380,1.91000000000000e+01,6.860000,9.0686,5216.00,0.290000,701.66
"HD 5388 b",13.10000000,1.01705090240000e+03,2.490000,1.4901,6297.00,0.410000,316.59
"ROXs 12 b",12.20000000,5.08500000000000e+03,15.400000,0.0000,3850.00,0.830000,13.23
"TOI-558 b",12.17295304,1.14736054927000e+03,3.500000,248.8554,6466.00,0.298000,1061.00
"Kepler-176 c",2.60000000,1.33000000000000e+00,0.487000,39.6310,5232.00,0.000000,633.00
"Kepler-833 b",2.02000000,,3.160000,8.3130,4339.00,0.000000,382.00
"HD 23472 b",2.00000000,8.32000000000000e+00,6.150000,16.0000,4684.00,0.072000,543.00
"K2-108 b",5.33000000,5.94000000000000e+01,2.220000,762.0000,5599.00,0.180000,1360.00
"TOI-1859 b",9.75181321,,0.406000,23.7860,6341.00,0.570000,615.00
"Kepler-914 b",1.38000000,,5.190000,568.3780,5877.00,0.000000,1192.00
"2MASS J01225093-2439505 b",11.20900000,7.78650000000000e+03,30.400000,0.0000,3530.00,,1600.00
"Kepler-973 b",1.96000000,,3.280000,7.8920,5213.00,0.000000,402.00
"CoRoT-27 b",11.28700000,3.30211000000000e+03,12.600000,300.8697,5900.00,0.065000,1500.00
"Kepler-440 b",1.86000000,,3.520000,1.2000,4134.00,0.340000,229.00
"K2-343 b",1.65000000,,4.110000,,3804.00,,653.00
"Kepler-903 b",2.01000000,,3.180000,274.8450,5682.00,0.000000,842.00
"HIP 54515 b",12.20000000,5.62556280390000e+03,17.000000,0.0171,8100.00,0.420000,100.72
"HD 5278 b",2.45000000,7.80000000000000e+00,2.900000,132.0000,6203.00,0.080000,943.00
"K2-237 b",16.06246934,4.34153603962000e+02,0.577000,1860.0000,6180.00,0.030000,1759.00
"Kepler-331 d",1.64000000,,4.150000,6.0650,4347.00,0.000000,346.00
"WASP-156 b",6.15000000,4.20000000000000e+01,0.990000,150.0000,5036.00,0.160000,934.50
"TOI-5322 b",16.61170940,1.84022647653000e+02,0.220000,554.0000,5692.00,0.055000,1350.00
"HD 290327 b",13.30000000,,1.800000,0.0616,5505.00,0.080000,139.70
"Kepler-1810 b",3.91815325,,1.330000,4.9100,5492.00,0.000000,380.00
"K2-84 b",2.41000000,,2.510000,178.0000,5652.00,,1019.22
"Kepler-299 c",2.65000000,,2.220000,198.5540,5617.00,0.000000,946.00
"K2-409 b",2.48200000,,2.420000,,5742.00,,
"Kepler-997 b",1.36000000,,5.290000,1900.1310,6150.00,0.000000,1709.00
"Kepler-1160 b",2.14000000,,2.930000,93.3080,5519.00,0.000000,839.00
"Kepler-162 b",1.26000000,,5.850000,305.9460,5816.00,0.000000,961.00
"PDS 70 c",22.19378179,2.38371305250000e+03,1.200000,0.0003,4109.00,0.037000,1054.00
"Kepler-975 c",10.69000000,,0.361000,439.8000,4883.00,0.000000,1168.00
"Kepler-247 b",1.64000000,,4.150000,216.1110,5100.00,0.000000,970.00
"HD 2039 b",12.70000000,,5.360000,0.3229,5945.00,0.710000,210.84
"Kepler-1336 c",1.71000000,,3.920000,662.7130,5512.00,0.000000,1260.00
"KMT-2023-BLG-0830L b",4.41000000,1.77983907920000e+01,1.140000,,,,
"TOI-216.02",8.00000000,1.87518760130000e+01,0.340000,25.9000,5026.00,0.160000,628.00
"Kepler-978 b",2.99000000,,1.900000,20.9900,6002.00,0.000000,546.00
"HD 89307 b",13.40000000,6.42013382140000e+02,1.470000,0.1265,5955.00,0.200000,166.55
"OGLE-2011-BLG-0265L b",13.90000000,2.80000000000000e+02,0.573000,,,,
"Kepler-763 c",1.42000000,,4.990000,182.9000,4999.00,0.000000,938.00
"Kepler-236 c",2.00000000,,3.200000,3.8020,3750.00,0.000000,329.00
"Kepler-851 b",1.68000000,,4.010000,103.8280,5455.00,0.000000,900.00
"TOI-2328 b",9.97599282,5.08525451200000e+01,0.290000,20.0982,5525.00,0.057000,842.00
"Kepler-206 d",1.19000000,,5.900000,44.1700,5764.00,0.000000,681.00
"Kepler-605 b",1.44000000,,4.910000,316.7180,5462.00,0.000000,1133.00
"Kepler-453 b",6.20400000,1.60000000000000e+01,,0.9636,5527.00,0.035900,273.62
"HD 5319 b",13.50000000,,1.100000,3.2825,4871.00,0.092000,377.72
"TOI-2152 A b",14.35870428,8.99454391810000e+02,1.670000,2195.7879,6630.00,0.057000,1802.00
"MOA-2020-BLG-208L b",7.71000000,4.60000000000000e+01,0.552000,,,,
"HD 196067 b",12.40000000,3.62324383980000e+03,10.400000,0.1596,6072.00,0.562920,176.42
"Kepler-1569 b",1.68000000,,4.010000,495.6520,6319.00,0.000000,1222.00
"Kepler-234 b",3.70000000,,1.430000,1007.7160,6224.00,0.000000,1420.00
"Kepler-1100 b",1.75000000,,3.800000,238.5080,6247.00,0.000000,1000.00
"Kepler-929 b",1.11000000,,5.670000,8159.9330,5869.00,0.000000,2362.00
"HD 114386 b",13.60000000,4.64029474220000e+02,1.010000,0.0964,4836.00,0.230000,154.56
"Kepler-860 b",3.24000000,,1.710000,233.6210,5836.00,0.000000,1050.00
"TOI-2524 b",11.20898070,2.03410180480000e+02,0.790000,210.6090,5831.00,0.000000,1100.00
"HATS-2 b",12.57647635,4.35424917590000e+02,1.206840,950.0563,5227.00,0.000000,1550.00
"K2-17 b",2.23000000,,2.770000,4.9100,4320.00,0.180000,487.00
"HIP 67537 b",12.30000000,4.30911754210600e+03,12.700000,1.7903,4985.00,0.586000,323.20
"TOI-1451 b",2.61143902,1.52000000000000e+01,4.670000,53.0216,5801.00,0.000000,723.33
"HD 14787 b",13.70000000,,0.761000,4.5099,4946.00,0.155000,409.43
"HD 4313 b",13.40000000,,1.400000,10.5330,4943.00,0.147000,502.39
"HD 83443 b",14.10000000,,0.250000,477.4442,5442.00,0.012000,1262.68
"WASP-106 b",12.10569916,6.13408825510000e+02,1.860000,327.8307,6002.00,0.023000,1140.00
"HD 93083 b",14.30000000,,0.269000,1.5900,5033.80,0.118000,311.57
"TOI-1259 A b",11.60000000,1.41000000000000e+02,0.490000,153.1389,4775.00,0.000000,963.00
"HD 133131 A b",13.60000000,,0.986000,0.4642,5799.00,0.330000,227.72
"KOINTREAU-4 b",12.20000000,4.86277462710000e+03,14.700000,,3252.00,,
"HD 214823 b",12.10000000,5.91478665427000e+03,18.300000,0.4586,6215.00,0.161000,243.90
"K2-181 b",2.69000000,,2.170000,192.0000,5528.00,0.400000,949.00
"Kepler-1039 b",1.46000000,,4.820000,668.1280,4870.00,0.000000,2080.00
"Kepler-206 c",1.77000000,,3.750000,95.5100,5764.00,0.000000,825.00
"Kepler-1090 c",3.29265785,,1.680000,13.8000,5330.00,0.000000,496.00
"HAT-P-60 b",18.28184752,1.82433505618000e+02,0.164000,1634.0000,6212.00,0.250000,1772.00
"K2-239 c",1.00000000,,5.340000,4.8225,3420.00,,427.00
"HD 88986 b",2.49000000,1.72000000000000e+01,6.100000,7.3543,5861.00,0.240000,460.00
"Kepler-976 b",3.96000000,,1.320000,2.6610,5232.00,0.000000,324.00
"HD 215152 e",,9.75415381083000e+02,,12.6318,4935.00,0.000000,517.82
"Kepler-1694 b",1.17986031,,5.890000,197.6600,4954.00,0.000000,956.00
"Kepler-1776 b",2.61157023,,2.260000,29.9000,5872.00,0.000000,603.00
"HD 18143 c",12.50000000,3.17764841318600e+03,8.940000,0.0016,5078.00,0.194000,54.55
"HD 219134 d",1.61000000,1.61700000000000e+01,,4.7200,4699.00,0.138000,410.50
"KIC 8540376 b",4.10000000,,1.260000,,6474.00,,
"WASP-123 b",15.13212395,2.85729170000000e+02,0.490693,758.3240,5740.00,0.000000,1500.00
"Kepler-221 e",2.63000000,7.86706000000000e+00,0.570000,25.1560,5243.00,0.000000,582.00
"Kepler-280 b",1.45000000,,4.870000,821.8940,5744.00,0.000000,1425.00
"TOI-2202 c",13.40000000,1.17278682183000e+02,0.268000,16.4310,5144.00,0.062200,560.61
"Kepler-411 b",2.40100000,2.56000000000000e+01,10.300000,201.3000,4974.00,0.146000,1138.00
"Kepler-1358 b",1.12000000,,5.710000,98.8340,5181.00,0.000000,827.00
"TOI-791 b",11.13051784,9.50000000000000e+00,0.037000,8.4700,6294.00,0.032000,434.30
"HD 87816 b",12.70000000,,5.750000,17.2656,4989.00,0.780000,567.39
"K2-316 b",1.33000000,,5.440000,68.5057,3436.00,,841.00
"HD 360 b",14.00000000,,0.477000,57.4344,4770.00,0.139000,765.69
"GJ 273 c",1.06000000,,5.440000,6.6600,3382.00,0.170000,462.26
"TOI-4030 b",5.84625590,,0.792000,609.9610,5640.37,,1384.00
"EPIC 206215704 b",1.00000000,,5.340000,,3297.00,,
"TIC 161045582 b",2.24566738,,2.750000,,5683.87,,
"Kepler-1436 b",1.31000000,,5.550000,772.0790,5972.00,0.000000,1001.00
"TOI-813 b",6.71000000,,0.662000,23.1000,5907.00,0.000000,610.00
"NGC 2682 Sand 978 b",13.30000000,,1.620000,,4200.00,0.160000,
"Kepler-1571 b",1.52000000,,4.570000,757.1320,6297.00,0.000000,1476.00
"HAT-P-41 b",22.97845000,3.78217700000000e+02,0.204000,2485.0721,6390.00,0.000000,1941.00
"TOI-1227 b",9.57246952,,0.417000,3.2100,3072.00,,243.77
"HD 185283 b",13.60000000,4.13176929100000e+02,0.903000,0.0130,4848.00,0.070000,93.97
"HD 41004 A b",13.20000000,,1.930000,,5310.00,0.740000,
"MOA-2010-BLG-477L b",13.60000000,4.80000000000000e+02,1.050000,,5950.00,,
"HIP 54373 b",2.87000000,,2.000000,15.0984,4021.00,0.200000,580.66
"Kepler-598 b",1.50000000,,4.660000,265.4070,5307.00,0.000000,1050.00
"Kepler-1028 b",1.33000000,,5.440000,519.6360,5522.00,0.000000,1217.00
"CoRoT-14 b",12.22000000,2.41540000000000e+03,7.300000,1803.4781,6035.00,0.000000,1952.00
"HD 9446 b",14.00000000,,0.446000,30.7942,5793.00,0.200000,642.55
"Kepler-1627 b",3.69000000,,1.440000,143.1200,5445.00,0.000000,794.00
"Kepler-1920 b",2.95415848,,1.920000,44.8700,6277.00,0.000000,660.00
"Kepler-1155 b",2.03000000,,3.140000,32.5200,5842.00,0.000000,609.00
"Kepler-1171 b",2.56000000,,2.320000,10171.0050,7044.00,0.000000,2700.00
"HD 65216 b",13.60000000,,0.899000,0.4185,5612.00,0.270000,222.56
"HIP 90988 b",13.40000000,,1.530000,4.1955,4883.00,0.081000,400.77
"47 UMa c",14.20000000,,0.329000,0.1217,5872.00,0.098000,164.38
"Kepler-436 c",2.33000000,,2.620000,14.5200,4685.00,0.000000,503.00
"HD 175167 b",12.30000000,4.70386042360000e+03,13.900000,0.4960,5635.00,0.510000,232.03
"Kepler-1743 b",1.59887007,,4.280000,515.0000,5855.00,0.000000,1144.00
"Kepler-721 b",2.64000000,,2.230000,138.7510,5075.00,0.000000,850.00
"Kepler-314 c",2.90000000,,1.970000,149.9770,5378.00,0.000000,890.00
"HAT-P-31 b",12.21781000,7.21474100000000e+02,2.180000,746.9025,6065.00,0.250000,1450.00
"K2-173 b",1.60826194,,4.250000,,5580.00,,
"HD 11964 b",14.10000000,,0.388000,0.2882,5303.00,0.041000,203.93
"K2-211 b",1.33162691,,5.420000,2056.0589,5117.00,0.190000,1873.00
"TOI-4029 b",6.73756618,,0.658000,282.5090,5662.53,,1142.00
"Kepler-2001 b",1.04000000,,5.470000,911.2800,5081.00,0.000000,1402.00
"TOI-238 b",1.55900000,3.37000000000000e+00,6.800000,753.1000,5059.00,0.180000,1378.00
"HD 215497 b",,1.58882420659300e+03,,155.6181,5110.00,0.160000,1015.96
"Kepler-1817 b",2.27349126,,2.710000,10.8500,5316.00,0.000000,463.00
"HD 220197 b",9.32000000,,0.431000,0.1332,5683.00,0.187000,164.22
"Kepler-1247 b",2.33000000,,2.620000,41.4720,5303.00,0.000000,676.00
"HD 154345 b",13.70000000,3.76944490702000e+02,0.806000,0.0349,5468.00,0.058000,119.21
"Kepler-243 b",2.45000000,,2.450000,115.5050,5228.00,0.000000,850.00
"Kepler-308 b",2.12000000,,2.960000,108.6400,5895.00,0.000000,833.00
"Teegarden's Star d",0.95400000,,5.190000,0.1200,3034.00,0.070000,159.00
"Kepler-254 d",2.50000000,,2.390000,38.8440,5957.00,0.000000,686.00
"K2-19 b",7.00000000,3.08000000000000e+01,0.494000,87.0000,5322.00,0.100000,857.00
"TCP J05074264+2447555 b",4.72000000,2.00000000000000e+01,1.050000,2.3507,5805.00,,344.63
"HD 30177 b",12.60000000,2.62208435775000e+03,7.200000,0.0995,5680.00,0.186000,148.00
"Kepler-1475 b",2.92000000,,1.950000,13.7600,6214.00,0.000000,441.00
"K2-111 c",3.34000000,,1.640000,142.0569,5775.00,0.069000,923.00
"HAT-P-67 b",23.98721870,1.43022783150000e+02,0.061000,2029.1700,6640.00,0.000000,1903.00
"TOI-2459 b",2.95310000,,1.930000,8.5187,4195.00,,445.01
"TOI-2373 b",10.42435205,2.95580418510000e+03,14.400000,69.8726,5651.00,0.112000,860.00
"Kepler-1530 d",3.27870115,,1.680000,69.2000,5678.00,0.000000,972.00
"TOI-1288 b",4.96846551,4.41000000000000e+01,1.970000,1198.4100,5388.00,0.000000,1203.44
"Kepler-660 b",2.57000000,,2.310000,44.0900,4779.00,0.000000,649.00
"Kepler-760 b",3.06000000,,1.840000,84.4060,5322.00,0.000000,748.00
"Kepler-1712 b",2.28372556,,2.690000,5.5200,3732.00,0.000000,391.00
"Kepler-784 b",1.58000000,,4.350000,194.3850,5674.00,0.000000,688.00
"Kepler-1612 b",1.03000000,,5.430000,269.2480,5643.00,0.000000,1030.00
"TOI-1246 e",3.51418750,1.45000000000000e+01,1.830000,11.0000,5213.00,0.000000,463.98
"K2-157 b",0.93500000,1.14000000000000e+00,7.700000,6660.0000,5334.00,,2432.00
"Kepler-1335 b",1.45000000,,4.870000,80.7410,4903.00,0.000000,809.00
"Kepler-612 b",2.84000000,,2.030000,997.0890,5693.00,0.000000,1046.00
"KMT-2023-BLG-1642L b",13.80000000,3.43254679560000e+02,0.718000,,,,
"Kepler-20 f",0.95200000,1.40000000000000e+00,8.400000,35.9000,5495.00,0.094000,681.00
"CoRoT-32 b",6.38913000,4.76745000000000e+01,1.100000,132.2600,5970.00,,938.00
"Kepler-289 d",3.03000000,5.33000000000000e+00,1.140000,10.5675,5990.00,,502.81
"Kepler-383 c",1.24000000,,5.970000,6.4400,4710.00,0.000000,406.00
"Kepler-228 c",2.70000000,,2.160000,457.3180,6043.00,0.000000,1160.00
"K2-32 b",5.29900000,1.50000000000000e+01,0.550000,79.5000,5271.00,0.030000,837.00
"GJ 2030 c",12.30000000,4.06915709482100e+03,12.000000,0.0146,5485.00,0.041000,96.71
"Kepler-1882 b",1.48674404,,4.700000,122.1000,5691.00,0.000000,894.00
"Kepler-664 b",2.66000000,,2.210000,652.4350,5754.00,0.000000,1406.00
"K2-25 b",3.44000000,2.45000000000000e+01,3.310000,9.9100,3207.00,0.428000,494.00
"Kepler-450 b",6.14000000,1.94000000000000e+01,0.750000,94.3250,6197.21,0.020000,769.00
"Kepler-1054 b",2.63000000,,2.240000,760.5240,6209.00,0.000000,1177.00
"TOI-5386 A b",14.70618268,1.55100262616000e+02,0.268000,817.0000,6094.00,0.072000,1488.00
"Kepler-387 c",0.89000000,,4.990000,144.9630,5774.00,0.000000,826.00
"Kepler-157 c",2.24000000,,2.760000,101.7540,5774.00,0.000000,779.00
"OGLE-2012-BLG-0838L b",8.39000000,5.31000000000000e+01,0.494000,,,,
"Kepler-680 b",2.42000000,,2.500000,706.6200,5890.00,0.000000,1147.00
"Kepler-697 b",4.13000000,,1.250000,472.2360,5513.00,0.000000,1151.00
"Kepler-616 b",2.43000000,,2.480000,129.1800,5753.00,0.000000,860.00
"Kepler-202 c",1.85000000,,3.540000,17.0700,4668.00,0.000000,505.00
"K2-339 b",1.92000000,,3.380000,,4857.00,,508.00
"HD 141399 e",14.10000000,,0.411000,0.0636,5600.00,0.260000,142.24
"HD 7924 c",,1.76267634522200e+03,,28.3500,5075.00,0.098000,583.60
"TOI-2449 b",11.24000000,2.22000000000000e+02,0.859000,362.6420,6021.00,0.098000,400.00
"Kepler-338 e",1.56000000,8.50000000000000e+00,12.300000,428.5240,5999.00,0.050000,1143.00
"K2-229 c",2.03000000,7.00000000000000e+00,5.100000,66.0000,5315.00,0.000000,750.00
"tau Cet h",1.19000000,,5.970000,8.3829,5310.00,0.230000,473.22
"Kepler-1749 b",1.61301783,,4.230000,7.3400,3957.00,0.000000,420.00
"HIP 63242 b",12.50000000,,8.210000,133.6297,4830.00,0.230000,993.26
"Kepler-1793 b",3.79037518,,1.390000,61.2400,5191.00,0.000000,713.00
"TOI-1203 b",1.52000000,3.51000000000000e+00,5.480000,572.2000,5737.00,0.067000,1361.20
"OGLE-2017-BLG-0173L b",1.62000000,3.26900000000000e+00,4.230000,,,,
"Kepler-1107 b",1.34000000,,5.390000,2387.2610,5268.00,0.000000,1897.00
"HD 457 b",11.90000000,8.44533643080400e+03,27.500000,0.0088,6114.04,0.565000,85.15
"Kepler-80 g",1.13000000,6.50000000000000e-02,0.310000,,4540.00,0.130300,418.00
"HD 112640 b",12.90000000,,4.070000,98.0969,4155.00,0.240000,959.65
"Kepler-166 c",2.38000000,,2.550000,10.5070,5413.00,0.000000,468.00
"Kepler-1647 b",11.87390000,4.83000000000000e+02,1.590000,0.5956,6210.00,0.058100,242.92
"HD 181234 b",12.50000000,2.98091262925300e+03,8.390000,0.0144,5386.00,0.726000,98.09
"Kepler-349 b",1.90000000,9.45000000000000e+01,75.700000,248.2740,5956.00,0.000000,972.00
"OGLE-2013-BLG-1761L b",13.20000000,8.60000000000000e+02,2.050000,,,,
"Kepler-1815 b",2.74892620,,2.110000,80.0100,5516.00,0.000000,763.00
"MOA-2010-BLG-117L b",14.20000000,1.70000000000000e+02,0.326000,,,,
"TOI-907.01",9.61588510,,0.414000,1729.6714,6272.00,,1846.60
"Kepler-1417 b",1.00000000,,5.340000,114.3320,5839.00,0.000000,695.00
"Kepler-56 b",6.51000000,2.21000000000000e+01,0.442000,819.2450,4840.00,0.040000,1378.00
"TOI-4363 b",1.76689273,,3.760000,144.7854,4278.45,,884.71
"HD 41004 B b",12.10000000,,18.100000,,5036.00,0.081000,
"Kepler-1197 b",1.25000000,,5.910000,267.1420,4708.00,0.000000,1011.00
"Kepler-1921 b",2.89459458,,1.980000,216.2000,6120.00,0.000000,967.00
"Kepler-1484 b",2.11000000,,2.980000,35.9200,5730.00,0.000000,624.00
"HD 47366 c",13.50000000,,1.080000,7.7091,4866.00,0.161000,467.37
"Kepler-1210 b",1.70000000,,3.950000,152.0470,5568.00,0.000000,856.00
"K2-245 b",4.34000000,,1.170000,83.0000,5793.00,,923.00
"Kepler-159 b",2.38000000,,2.550000,33.4630,4625.00,0.000000,447.00
"Kepler-91 b",15.32270300,2.57442300000000e+02,0.400000,3273.3240,4550.00,0.051900,2040.00
"Kepler-354 b",1.84000000,,3.560000,64.8450,4648.00,0.000000,741.00
"K2-290 b",3.06000000,1.09000000000000e+01,4.100000,308.9946,6302.00,0.000000,1230.00
"Kepler-1766 b",2.27904508,,2.700000,7.8000,5868.00,0.000000,406.00
"Kepler-774 b",3.17000000,,1.760000,451.1770,6403.00,0.000000,1422.00
"Kepler-859 b",3.09000000,,1.820000,14.8970,5020.00,0.000000,528.00
"UCAC3 113-933 b",12.10000000,6.67439654700000e+03,20.700000,0.0000,3864.00,,1.79
"TIC 231949697 b",1.52831855,,4.540000,154.9700,3451.32,,982.91
"Kepler-1972 c",0.86800000,2.11000000000000e+00,18.400000,198.4000,5818.00,0.043000,1215.00
"HD 176986 c",,2.09798531460700e+03,,22.9000,4931.00,0.111000,558.00
"Kepler-1833 b",1.30027362,,5.600000,439.2000,6164.00,0.000000,1177.00
"Kepler-401 d",2.27000000,,2.710000,8.4850,6184.00,0.000000,380.00
"TOI-4458 b",12.40834163,5.52067942959000e+02,1.590000,1595.0000,6151.00,0.030000,1759.00
"OGLE-2017-BLG-1099L b",13.10000000,9.59841789140000e+02,2.350000,,,,
"K2-219 b",1.34762583,,5.340000,,5753.00,,
"GJ 667 C b",2.25000000,,2.740000,5.3902,3350.00,0.200000,
"Kepler-1621 b",2.16000000,,2.900000,14.0550,6158.00,0.000000,469.00
"HD 206893 b",14.01122587,6.19765393650000e+03,12.400000,0.0247,6500.00,0.069000,1429.20
"HD 238090 b",2.52000000,,2.370000,8.1000,3933.00,0.300000,469.60
"Kepler-1840 b",2.77771129,,2.080000,1.3000,4898.00,0.000000,284.00
"Kepler-1362 b",2.60000000,,2.270000,1.0110,4857.00,0.000000,248.00
"OGLE-2006-BLG-109L b",14.00000000,2.31000000000000e+02,0.463000,,,,82.00
"KOI-984 b",4.30000000,,1.180000,186.3100,5295.00,0.120000,1022.00
"Kepler-37 c",0.75500000,1.30000000000000e+00,15.000000,23.9000,5357.00,0.099000,615.00
"Kepler-717 b",2.42000000,,2.500000,398.0000,5485.00,0.000000,1139.00
"K2-188 c",2.83000000,,2.040000,230.6280,5977.00,,1026.00
"K2-148 d",1.64000000,,4.150000,16.8000,4079.00,,562.05
"TOI-4791 b",12.44196858,7.34183620170000e+02,2.090000,783.2000,6058.00,0.000000,1472.00
"Kepler-1566 b",0.79000000,,4.660000,2340.9840,5254.00,0.000000,1871.00
"kap And b",15.91675259,5.49843144110000e+03,7.490000,0.0207,11327.00,,1791.00
"Kepler-1751 b",1.82417378,,3.600000,221.4600,6052.00,0.000000,984.00
"WASP-132 d",12.80000000,,4.300000,0.0363,4686.00,0.120000,107.00
"Kepler-704 b",2.61000000,,2.260000,514.1240,5616.00,0.000000,1121.00
"TIC 147027702 b",10.92875618,3.46432963630000e+02,1.566600,90.5749,6410.00,0.127000,863.00
"K2-156 b",1.10000000,,5.660000,654.0363,4460.00,,1347.00
"HATS-56 b",18.92079200,1.91333660000000e+02,0.155000,1080.8700,6536.00,0.019000,1902.00
"K2-385 b",1.53900000,,4.490000,,4844.00,,
"K2-334 b",5.65000000,,0.829000,832.2294,6502.00,,1380.00
"WASP-154 b",10.76062147,1.98960582782000e+02,0.880000,162.0000,4774.00,0.000000,994.00
"Kepler-150 f",3.64000000,,1.470000,0.4485,5528.00,,227.77
"Kepler-304 c",2.17000000,,2.880000,73.5980,4731.00,0.000000,746.00
"HAT-P-43 b",13.63000000,2.10395000000000e+02,0.390000,521.8770,5693.00,0.000000,1353.00
"Kepler-279 d",3.10000000,3.75000000000000e+01,0.300000,35.7390,6689.45,0.000000,574.00
"NGTS-38 b",12.11690814,1.51604150139000e+03,4.670000,10.1316,6310.00,0.308600,457.00
"Kepler-49 e",1.56000000,1.03815000000000e+00,0.046000,6.0630,4252.00,0.000000,371.00
"Kepler-1432 b",2.22000000,,2.790000,119.2370,6031.00,0.000000,709.00
"HAT-P-42 b",14.34800000,3.31801000000000e+02,0.610000,684.0973,5743.00,0.000000,1428.00
"Kepler-355 c",2.71000000,,2.150000,49.9730,6184.00,0.000000,633.00
"Kepler-326 c",1.40000000,1.74000000000000e+01,34.800000,303.6200,5105.00,0.000000,889.00
"Kepler-1299 b",2.98000000,,1.900000,45.1460,5609.00,0.000000,588.00
"K2-346 b",2.26000000,,2.730000,8.8138,4801.00,,450.00
"TOI-172 b",10.81668500,1.72263860000000e+03,7.530000,299.0000,5645.00,0.380600,1198.00
"Kepler-741 b",2.97000000,,1.910000,461.9930,6129.00,0.000000,1051.00
"Kepler-1806 b",2.35560189,,2.590000,66.8900,5311.00,0.000000,729.00
"Kepler-353 c",1.38000000,,5.190000,16.5610,3903.00,0.000000,472.00
"HD 2952 b",13.90000000,,0.583000,46.9588,4853.00,0.269000,731.02
"TOI-375 c",13.40000000,,1.530000,21.0700,5259.90,,596.00
"Kepler-1226 b",1.45000000,,4.870000,140.3760,5923.00,0.000000,809.00
"Kepler-560 b",1.72000000,,3.900000,2.4600,3556.00,0.170000,298.00
"PZ Tel b",11.90000000,8.58136698900000e+03,28.000000,0.0014,5169.00,0.520000,53.77
"HD 164604 c",12.50000000,3.01936986650000e+03,8.490000,0.0084,4663.00,0.196000,84.25
"Kepler-1048 b",1.61000000,,4.240000,96.9760,4651.00,0.000000,619.00
"Kepler-1422 b",2.02000000,,3.160000,156.9000,6194.00,0.000000,833.00
"Kepler-1094 b",3.18000000,,1.740000,10.3360,6112.00,0.000000,480.00
"HD 69830 c",3.46000000,,1.570000,17.4170,5385.00,0.130000,567.04
"HD 82943 c",13.40000000,6.22603000000000e+02,1.420000,2.8285,5935.00,0.366300,360.95
"TOI-1749 d",2.52000000,1.50000000000000e+01,,14.2074,3985.00,0.062000,533.00
"EPIC 206042996 c",1.20000000,,5.950000,,4114.00,,
"Kepler-954 b",2.32000000,,2.640000,21.5310,4990.00,0.000000,545.00
"HATS-38 b",6.88232600,2.35194200000000e+01,0.403000,464.7000,5732.00,0.000000,1294.00
"K2-36 c",3.20000000,7.90000000000000e+00,1.300000,89.0000,4916.00,0.089000,854.00
"Kepler-1388 c",2.26000000,,2.730000,51.0440,4098.00,0.000000,566.00
"TIC 178172313 b",2.80405322,,2.060000,,5405.59,,
"Kepler-416 b",2.48000000,5.82000000000000e+01,21.000000,224.0890,5718.00,0.000000,986.00
"OGLE-2012-BLG-0406L b",13.20000000,8.68000000000000e+02,2.070000,,,,
"Kepler-1567 b",2.73000000,,2.130000,2.7230,5655.00,0.000000,330.00
"HD 147873 c",13.30000000,,1.710000,3.2385,5972.00,0.230000,373.68
"Kepler-290 b",2.25000000,,2.740000,22.6370,5147.00,0.000000,594.00
"Kepler-1212 b",2.14000000,,2.930000,142.0960,6051.00,0.000000,795.00
"Kepler-857 b",6.80000000,,0.650000,5.7470,5773.00,0.000000,390.00
"Kepler-1626 b",2.02000000,,3.160000,1328.6540,6826.00,0.000000,1352.00
"TOI-1836 c",2.59987579,8.00000000000000e+00,3.000000,2981.9800,6237.00,0.000000,2007.60
"K2-64 b",2.07000000,,3.060000,98.0000,5312.00,,877.23
"Kepler-1336 b",1.98000000,,3.240000,103.7200,5512.00,0.000000,793.00
"Kepler-872 b",1.99000000,,3.220000,553.0560,5902.00,0.000000,1230.00
"Kepler-1656 b",4.57400000,4.78000000000000e+01,2.130000,24.6000,5569.00,0.838000,651.00
"POTS-1 b",10.54800000,7.34160000000000e+02,3.440000,58.7159,4400.00,,841.95
"Kepler-68 e",11.20000000,,0.338000,0.0805,5847.00,0.330000,147.35
"HD 85426 c",3.19000000,,1.740000,,5746.00,0.060000,640.00
"Kepler-1406 b",1.10000000,,5.660000,125.8900,5892.00,0.000000,854.00
"Kepler-758 e",1.53000000,,4.540000,588.4020,6228.00,0.000000,1144.00
"Kepler-675 b",2.44000000,,2.470000,308.5470,4945.00,0.000000,1070.00
"Kepler-77 b",10.76100000,1.36661000000000e+02,0.603000,432.8710,5520.00,0.000000,1440.00
"Kepler-679 b",3.01000000,,1.880000,56.0020,5403.00,0.000000,677.00
"K2-265 b",1.70824866,7.34183620170000e+00,7.900000,592.0000,5420.00,0.160000,1366.00
"Kepler-1682 b",2.88940836,,1.980000,54.7400,5619.12,0.000000,694.00
"Kepler-1907 c",1.15547044,,5.810000,20.6000,5159.00,0.000000,620.00
"Kepler-996 b",1.98000000,,3.240000,723.0810,6014.00,0.000000,1272.00
"Kepler-174 d",2.19000000,,2.840000,0.5300,4880.00,0.000000,212.00
"Kepler-282 d",2.46000000,6.10000000000000e+01,22.500000,52.3480,5656.00,0.000000,588.00
"HD 219828 c",12.20000000,5.10241724597800e+03,15.400000,0.0822,5891.00,0.811000,149.17
"Kepler-758 d",2.12000000,,2.960000,173.1710,6228.00,0.000000,843.00
"K2-85 b",1.40000000,3.20000000000000e+00,5.900000,800.0000,4232.00,0.240000,1355.00
"K2-3 d",1.45800000,2.20000000000000e+00,17.500000,1.4400,3844.00,0.091000,305.20
"HAT-P-47 b",14.71739166,6.54726518420000e+01,0.113000,379.5670,6703.00,,1605.00
"Kepler-360 b",1.65000000,,4.110000,415.4340,6053.00,0.000000,1116.00
"TOI-3664 b",13.69737442,1.14418226520000e+02,0.248000,349.5440,5593.00,0.159000,1232.00
"Kepler-293 b",3.07000000,,1.830000,28.9440,5804.00,0.000000,657.00
"HD 135625 b",13.30000000,7.31005336100000e+02,1.710000,0.0758,6040.64,0.160000,146.04
"K2-419 A b",10.55000000,1.96000000000000e+02,0.916000,3.3000,3711.00,0.042000,377.00
"HD 126105 b",13.50000000,,1.190000,4.8659,4875.00,0.103000,413.60
"TOI-756 b",2.81000000,9.83000000000000e+00,2.420000,127.0000,3657.00,0.000000,934.00
"TOI-4794 b",14.35870428,3.08293554790000e+02,0.570000,1310.0000,6390.00,0.100000,1673.00
"HD 52265 b",13.70000000,,0.822000,7.3281,6136.00,0.270000,405.00
"Kepler-974 b",1.57000000,,4.390000,28.5110,3687.00,0.000000,577.00
"Kepler-1008 b",1.28000000,,5.710000,35.4080,5066.00,0.000000,627.00
"Kepler-1373 b",1.16000000,,5.810000,8385.9000,6299.00,0.000000,1887.00
"Kepler-172 e",2.76000000,,2.100000,23.4310,5526.00,0.000000,550.00
"TOI-2338 b",11.20898070,1.90061387386000e+03,7.420000,13.8485,5581.00,0.676000,799.00
"Kepler-275 d",3.33000000,,1.650000,50.7000,6165.00,0.000000,671.00
"Kepler-305 e",1.79381530,,3.680000,220.4000,4974.00,0.000000,1000.00
"TOI-2133 b",2.37000000,,2.560000,81.1072,4250.00,,798.00
"K2-188 b",1.35000000,,5.340000,1945.6975,5977.00,,1692.00
"Kepler-32 d",2.70000000,3.99089000000000e+01,0.520000,3.6310,3900.00,0.000000,328.00
"Qatar-3 b",12.28506400,1.36984730000000e+03,4.000000,1330.0000,6007.00,0.000000,1681.00
"Kepler-1787 b",2.31898181,,2.640000,20.0400,6060.00,0.000000,540.00
"Kepler-1979 b",29.33000000,,,51.3200,5942.00,0.000000,683.00
"GJ 849 c",13.80000000,,0.658000,0.0010,3467.00,0.092000,50.41
"Kepler-231 c",1.93000000,2.41000000000000e+01,0.970000,6.2670,3767.00,0.000000,393.00
"HD 153557 b",4.77000000,,1.030000,59.2234,4837.00,0.065000,772.12
"Kepler-1939 b",1.16480773,,5.840000,104.7400,4353.00,0.000000,816.00
"Kepler-1170 b",2.41000000,,2.510000,69.5370,5069.00,0.000000,705.00
"Kepler-245 e",1.75000000,1.80636000000000e+03,902.000000,240.1510,5174.00,0.000000,998.00
"HD 128356 b",13.90000000,,0.579000,0.4756,4875.00,0.570000,232.36
"K2-384 d",1.39200000,,5.130000,,3623.00,,
"HD 219134 f",1.31000000,7.30000000000000e+00,,12.3800,4699.00,0.148000,522.60
"Kepler-487 c",2.68000000,,2.180000,15.0380,5444.00,0.000000,487.00
"Kepler-157 b",1.32000000,,5.500000,1572.3090,5774.00,0.000000,1546.00
"HD 20794 e",2.03000000,,3.130000,2.6513,5401.00,0.290000,352.04
"TIC 117642575 b",2.82716337,,2.040000,,5719.98,,
"Kepler-40 b",13.11000000,6.99200000000000e+02,1.680000,1187.9650,6510.00,0.000000,1620.00
"Kepler-621 b",2.30000000,,2.660000,69.5600,4521.00,0.000000,737.00
"Kepler-323 b",1.38100000,3.90000000000000e+00,8.200000,1900.0000,6004.00,0.095000,1838.00
"OGLE-2018-BLG-0567L b",12.30000000,1.01705090240000e+02,0.300000,,,,
"TOI-6651 b",5.09000000,6.10000000000000e+01,2.520000,817.0000,5940.00,0.091000,1493.00
"TOI-908 b",3.18600000,1.61370000000000e+01,2.742000,80.8840,5626.00,0.132000,1317.00
"Kepler-1582 b",1.49000000,,4.700000,2.5000,3208.00,0.000000,354.00
"HD 177565 b",4.00000000,,1.300000,14.5941,5627.00,0.059300,539.21
"WASP-90 b",18.27067000,2.00232900000000e+02,0.193000,1704.4939,6430.00,0.000000,1840.00
"HD 211810 b",14.00000000,,0.426000,0.1665,5652.00,0.680000,177.77
"K2-133 d",2.00300000,,3.190000,48.3251,3655.00,,734.00
"GJ 96 b",4.67000000,,1.060000,1.0486,3785.00,0.440000,257.81
"K2-165 b",1.27443657,,5.760000,,5185.00,,
"Kepler-512 b",2.69000000,,2.170000,32.3290,5997.00,0.000000,652.00
"K2-138 b",1.51000000,3.10000000000000e+00,4.900000,486.0000,5356.30,0.048000,1157.00
"K2-170 c",1.80176470,,3.660000,,5748.00,,
"HD 191939 e",13.00000000,,0.281000,3.9000,5348.00,0.031000,390.00
"Kepler-298 c",1.93000000,,3.350000,8.6960,4465.00,0.000000,416.00
"GJ 896 A b",13.30000000,7.18292199820000e+02,1.680000,0.0429,3345.00,0.350000,126.70
"HD 72490 b",13.50000000,,1.260000,3.4894,4934.00,0.124000,386.45
"K2-63 b",3.22000000,,1.730000,188.0000,6771.00,,1033.44
"GJ 433 c",6.27000000,,0.723000,0.0009,3461.00,0.120000,53.76
"KMT-2021-BLG-0909L b",13.70000000,4.00463792820000e+02,0.856000,,,,
"HD 12661 c",13.20000000,8.99454391810000e+02,2.150000,0.1459,5748.00,0.031000,174.06
"KMT-2024-BLG-2087L b",12.90000000,1.39526670673000e+03,3.570000,,,,
"KOI-351 g",7.71800000,1.50000000000000e+01,0.272128,3.3870,6031.13,0.029200,342.00
"KMT-2018-BLG-1025L b",2.34000000,6.05900000000000e+00,2.600000,,,,
"Kepler-1931 b",2.65323514,,2.220000,51.7000,6167.00,0.000000,619.00
"TOI-519 b",11.54525012,1.47154552441000e+02,0.560000,54.0000,3322.00,0.330000,687.00
"Kepler-287 c",3.26000000,6.60000000000000e+01,15.400000,12.4570,5806.00,0.000000,513.00
"TOI-2578 b",19.66055215,1.67177742082000e+02,0.121000,1667.0000,6333.00,0.098000,1778.00
"Kepler-1067 b",0.80000000,,4.690000,2761.7570,5592.00,0.000000,1872.00
"Kepler-1753 b",2.22678077,,2.780000,27.4100,5180.00,0.000000,583.00
"K2-219 d",2.57634456,,2.300000,,5753.00,,
"Kepler-570 b",2.45000000,,2.450000,214.0400,5496.00,0.000000,1009.00
"Kepler-1049 b",0.95000000,,5.180000,50.4270,3864.00,0.000000,625.00
"Kepler-663 b",2.60000000,,2.270000,167.9790,5264.00,0.000000,917.00
"TOI-2498 b",6.06000000,3.46200000000000e+01,0.860000,790.4759,5905.00,0.089000,1443.00
"Kepler-762 b",12.68000000,,,1065.7340,5944.00,0.000000,1302.00
"CoRoT-30 b",11.30988100,9.21707000000000e+02,3.450000,89.2872,5650.00,0.007000,894.60
"WASP-98 b",12.82309600,2.93039260000000e+02,0.764000,269.8828,5473.00,0.000000,1171.00
"Kepler-10 c",2.35500000,1.12900000000000e+01,4.750000,18.3000,5708.00,0.136000,579.00
"Kepler-337 b",1.54000000,,4.500000,1589.0120,5684.00,0.000000,1458.00
"Kepler-108 b",8.65000000,,0.475000,47.4000,5854.00,0.220000,669.00
"2MASS J21252752-8138278 b",12.40000000,3.81394088400000e+03,11.000000,0.0000,3592.00,,1616.00
"Kepler-707 b",1.33000000,,5.440000,336.6730,5099.00,0.000000,1160.00
"Luhman 16 b",11.90000000,9.34415516580000e+03,30.500000,0.0000,,0.344000,
"OGLE-2018-BLG-0677L b",1.82000000,3.96000000000000e+00,3.610000,,,,
"Kepler-284 b",2.24000000,,2.760000,38.3660,5615.00,0.000000,686.00
"Kepler-135 c",1.16000000,,5.810000,209.9670,6090.00,0.000000,975.00
"GJ 3634 b",2.83000000,8.40000000000000e+00,2.040000,24.2793,3517.00,0.080000,656.45
"MOA-2009-BLG-387L b",13.20000000,8.30000000000000e+02,1.980000,,,,
"KMT-2017-BLG-0673L b",13.00000000,1.16643025369000e+03,2.920000,,,,
"Kepler-950 b",8.98000000,,0.452000,3.9700,5857.00,0.000000,360.00
"HD 73526 b",13.10000000,,2.390000,5.1529,5601.00,0.190000,414.37
"Kepler-102 d",1.15400000,3.00000000000000e+00,10.700000,36.9000,4909.00,0.092000,686.00
"Kepler-959 b",4.38000000,,1.150000,165.8680,7005.00,0.000000,1912.00
"K2-243 b",2.17000000,,2.880000,226.0950,6570.00,,1035.00
"K2-133 c",1.60300000,,4.270000,17.6181,3655.00,,570.60
"Kepler-1310 b",1.44000000,,4.910000,2830.9100,5549.00,0.000000,1883.00
"HIP 74890 b",13.30000000,,1.780000,3.7188,4850.00,0.070000,387.66
"GJ 15 A c",6.67000000,,0.667000,0.0008,3607.00,0.270000,46.14
"Kepler-1509 b",1.85000000,,3.540000,83.0810,5780.00,0.000000,667.00
"Kepler-749 b",3.10000000,,1.810000,24.6310,5009.00,0.000000,454.00
"HD 102329 b",12.60000000,,7.120000,5.9827,4745.00,0.210000,532.95
"TOI-1194 b",8.71664516,1.20000000000000e+02,0.990000,203.6850,5394.00,0.000000,1264.29
"Barnard d",0.69400000,,4.320000,10.0441,3195.00,0.040000,483.00
"K2-398 b",2.27400000,,2.710000,,5946.00,,
"Kepler-1951 b",2.32107188,,2.640000,66.2700,5468.00,0.000000,728.00
"GJ 180 b",2.43000000,,2.490000,1.5359,3371.00,0.070000,344.43
"Kepler-389 b",1.51000000,,4.610000,167.0580,5376.00,0.000000,1047.00
"HD 20794 d",2.04000000,,3.110000,5.2273,5368.00,0.077000,388.00
"HU Aqr AB c",12.90000000,,3.660000,,5952.00,0.510000,
"LkCa 15 c",,,,0.0019,4194.00,,59.45
"TOI-837 b",9.16894621,1.20456966253000e+02,0.890000,164.0000,5995.00,0.000000,995.30
"Kepler-1877 b",0.62408600,,4.050000,691.1000,5615.00,0.000000,1278.00
"Kepler-543 b",2.50000000,,2.390000,23.0810,4671.00,0.000000,521.00
"HD 74698 b",5.12000000,,0.942000,123.0000,5783.00,0.100000,925.57
"HD 160691 e",,2.22479884900000e+03,,2.0603,5773.00,0.066600,327.66
"Kepler-152 c",2.39000000,,2.540000,2.5700,5088.00,0.000000,326.00
"Gliese 12 b",0.93000000,9.50000000000000e-01,6.400000,1.6200,3328.00,0.240000,314.60
"Kepler-266 c",3.89000000,,1.340000,5.5920,5885.00,0.000000,421.00
"TOI-6130 b",14.34749530,3.33719827350000e+02,0.640000,1150.0000,6110.00,0.036000,1750.00
"rho CrB b",13.70000000,,0.744000,34.7000,5817.00,0.046000,614.00
"Kepler-1531 b",1.11000000,,5.670000,4457.2000,6260.00,0.000000,2537.00
"K2-12 b",2.44000000,5.20000000000000e+00,1.600000,185.0000,5672.00,0.500000,1026.00
"GJ 581 b",4.79000000,2.05000000000000e+01,1.020000,7.7669,3500.00,0.034200,464.32
"Kepler-84 c",2.36000000,2.02000000000000e+01,8.440000,132.2300,6039.00,0.000000,865.00
"TOI-5210 b",10.72699453,8.19997290060000e+01,0.364000,456.0000,5723.00,0.066000,1286.00
"NGTS-30 b",10.40193409,3.05115270720000e+02,1.490000,172.8570,5455.00,0.294000,500.00
"K2-413 c",1.23270000,,6.010000,69.5290,4116.00,,804.55
"K2-353 b",5.55000000,,0.845000,33.0649,5698.00,,735.00
"CoRoT-16 b",13.11000000,1.70032000000000e+02,0.440000,96.1756,5650.00,0.330000,1195.53
"HD 94890 b",13.30000000,,1.580000,13.5382,4867.00,0.220000,533.83
"TOI-1533 b",2.89000000,2.81000000000000e+01,6.500000,173.9080,5146.00,0.000000,1011.00
"HD 31253 b",14.10000000,,0.386000,2.0698,6130.00,0.300000,348.36
"HD 208527 b",12.50000000,,8.850000,165.4934,4035.00,0.080000,959.79
"Kepler-326 b",1.52000000,4.46000000000000e+01,69.800000,783.4490,5105.00,0.000000,1127.00
"HD 153557 d",11.90000000,8.72566108577800e+03,28.500000,0.0006,4837.00,0.152000,43.47
"Kepler-1573 b",1.20000000,,5.950000,1343.1140,5808.00,0.000000,1379.00
"HD 70642 b",13.00000000,1.23953078730000e+03,3.100000,0.0934,5732.00,0.175000,150.52
"PSR B1620-26 b",13.30000000,7.94575000000000e+02,1.860000,,,,
"Kepler-175 b",2.56000000,,2.320000,129.6390,6064.00,0.000000,827.00
"Kepler-375 c",2.65000000,,2.220000,33.1520,5826.00,0.000000,720.00
"GJ 3998 d",2.34000000,,2.600000,1.2000,3726.00,0.000000,292.23
"HD 39194 c",2.65000000,,2.210000,33.2512,5205.00,0.078000,675.19
"Kepler-1044 b",2.67000000,,2.200000,218.4970,5985.00,0.000000,1058.00
"K2-189 c",2.31000000,,2.650000,140.0000,5442.00,,877.00
"HD 205158 b",13.90000000,,0.255000,143.4540,6133.55,0.145000,963.25
"Kepler-1489 c",0.51000000,,3.600000,,5565.53,,
"Kepler-1714 b",3.26437302,,1.690000,504.3000,6150.00,0.000000,1211.00
"HD 219134 h",12.70000000,,0.290000,0.0321,4913.00,0.060000,117.88
"TOI-470 b",4.34000000,,1.170000,44.7551,5190.00,,660.00
"Kepler-1241 b",2.63000000,,2.240000,31.4560,5261.00,0.000000,612.00
"Kepler-164 b",1.41000000,,5.040000,370.9220,5888.00,0.000000,1141.00
"WASP-116 b",13.67495645,2.03410180480000e+02,0.430000,663.0000,6250.00,0.000000,1414.00
"TOI-1898 b",9.39553231,1.29000000000000e+02,0.850000,51.0074,6241.00,0.485000,674.54
"Kepler-1820 b",3.11883067,,1.790000,23.4100,5841.00,0.000000,561.00
"K2-209 b",0.86850263,,4.920000,,4720.00,,
"HIP 8152 b",2.53625843,8.90000000000000e+00,2.970000,88.9000,5618.00,0.000000,794.96
"Kepler-1722 b",2.86719266,,2.000000,76.1400,5506.00,0.000000,753.00
"TOI-1937 A b",13.97759893,6.38835098070000e+02,1.280000,3230.0000,5814.00,0.000000,2097.00
"Kepler-1388 d",2.86000000,,2.010000,8.6600,4098.00,0.000000,363.00
"Kepler-1130 c",0.79239584,,4.660000,316.9000,5450.00,0.000000,1072.00
"Kepler-114 b",1.26000000,1.09000000000000e+00,2.530000,92.5350,4605.00,0.000000,586.00
"MOA-2013-BLG-220L b",13.20000000,8.71000000000000e+02,2.080000,,,,
"HD 20782 b",13.60000000,,1.030000,0.6863,5782.13,0.950000,253.34
"Kepler-410 A b",2.83800000,,2.030000,159.5000,6273.00,0.170000,866.00
"Kepler-254 b",3.87000000,,1.360000,184.3410,5957.00,0.000000,1013.00
"Kepler-1113 b",2.81000000,,2.060000,22.8490,5931.00,0.000000,558.00
"Kepler-841 b",5.23000000,,0.914000,1.6480,5324.00,0.000000,416.00
"Kepler-331 b",1.82000000,,3.620000,35.9840,4347.00,0.000000,540.00
"Kepler-25 d",10.00000000,7.19000000000000e+01,0.395000,15.2243,6354.00,0.130000,544.68
"Kepler-1792 b",2.51990972,,2.370000,283.7800,5229.00,0.000000,1047.00
"HD 136418 b",13.30000000,,1.590000,4.0863,4989.00,0.250000,411.81
"Kepler-1485 b",1.47000000,,4.770000,85.1760,6087.00,0.000000,728.00
"HD 16417 b",5.00000000,,0.972000,141.5514,5841.00,0.200000,964.00
"Kepler-142 b",1.99000000,,3.220000,1247.9080,5790.00,0.000000,1597.00
"EPIC 201754305 d",1.03000000,,5.430000,,4761.00,,
"TOI-1288 c",11.10000000,,0.344000,0.6114,5388.00,0.000000,245.88
"Kepler-103 b",3.48570000,1.16700000000000e+01,1.520000,150.5360,6047.00,0.171000,973.00
"Kepler-1415 b",1.29000000,,5.660000,2138.0790,5267.00,0.000000,1846.00
"GJ 1002 c",1.10000000,,5.610000,0.2570,3024.00,,181.70
"Kepler-662 b",2.18000000,,2.860000,23.8240,4897.00,0.000000,530.00
"TOI-1235 b",1.69000000,6.69000000000000e+00,7.250000,60.3000,3997.00,0.049000,775.00
"OGLE-2017-BLG-0406L b",14.20000000,1.30000000000000e+02,0.249000,,,,
"HD 68475 b",12.80000000,1.63999458012000e+03,4.300000,0.0068,5022.00,0.620000,79.88
"TOI-663 d",1.92000000,5.20000000000000e+00,4.000000,12.9000,3681.00,,482.00
"Kepler-754 b",2.01000000,,3.180000,216.4730,5935.00,0.000000,758.00
"HD 207897 b",2.34302132,1.48000000000000e+01,6.290000,26.5000,5106.00,0.000000,581.75
"Kepler-1667 b",2.98385261,,1.900000,9.3000,5941.54,0.000000,655.00
"TOI-905 b",13.12573900,2.11992610000000e+02,0.515000,337.0000,5570.00,0.024000,1192.00
"Kepler-1468 d",3.33187146,,1.650000,52.7700,5794.00,0.000000,819.00
"TOI-2267 c",1.14000000,,5.750000,4.7000,3030.00,,374.00
"TOI-2000 c",8.14000000,8.17000000000000e+01,0.829000,149.0000,5611.00,0.063000,1038.00
"TOI-1333 b",15.64776400,7.53257100000000e+02,1.080000,1112.8500,6274.00,0.073000,1679.00
"HD 75898 b",13.20000000,,1.940000,1.9945,6122.00,0.105000,335.16
"Kepler-275 c",3.38000000,,1.620000,146.5000,6165.00,0.000000,875.00
"Kepler-1459 b",1.36000000,,5.290000,3.5110,4828.00,0.000000,349.00
"BD-210397 c",12.90000000,1.52557635360000e+03,3.910000,0.0039,4051.00,0.430000,69.51
"Kepler-671 b",2.69000000,,2.170000,331.4380,5624.00,0.000000,1012.00
"Kepler-519 b",2.10000000,,3.000000,19.8700,5260.00,0.000000,532.00
"HD 1397 b",11.50043400,1.31899450000000e+02,0.477000,356.0000,5521.00,0.251000,1228.30
"Kepler-320 b",1.14000000,,5.750000,280.5590,6435.00,0.000000,1292.00
"Kepler-1769 b",4.46500000,,1.120000,8.9000,6071.00,0.000000,483.00
"Kepler-1726 b",2.50861954,,2.380000,24.0000,5316.00,0.000000,582.00
"HD 42618 b",3.89000000,,1.340000,3.1600,5727.00,0.190000,337.00
"GJ 338 B b",3.25000000,,1.700000,3.9278,4014.00,0.109000,391.00
"KMT-2018-BLG-1976L b",13.30000000,7.05579063540000e+02,1.650000,,,,
"K2-183 c",2.30000000,,2.660000,84.9927,5482.00,,787.00
"Kepler-1772 b",2.68609988,,2.180000,1485.0000,5541.00,0.000000,1155.00
"Kepler-1396 b",2.07000000,,3.060000,71.8160,6195.00,0.000000,786.00
"Kepler-1165 c",3.36093385,,1.620000,40.7600,6249.00,0.000000,644.00
"TOI-4582 b",10.53644186,1.68449055710000e+02,0.791000,33.7343,5190.00,0.510000,614.66
"NGTS-21 b",14.90794433,7.50075040520000e+02,1.250000,514.2853,4660.00,0.000000,1357.00
"K2-330 b",2.77000000,,2.090000,114.9290,6232.00,,969.00
"Kepler-1519 b",7.06000000,,0.618000,3.9440,5644.00,0.000000,342.00
"TOI-2545 b",2.75000000,,2.110000,258.8217,5846.29,,1022.99
"Kepler-338 d",3.00000000,,1.890000,53.5560,5923.00,0.030000,680.00
"Kepler-121 c",2.27000000,,2.710000,7.2960,5311.00,0.000000,425.00
"K2-154 c",2.07000000,,3.060000,20.5000,4097.00,,552.00
"Kepler-262 b",1.36000000,,5.290000,50.1690,5841.00,0.000000,734.00
"WASP-11 b",12.44199000,2.51085700000000e+02,0.632000,184.9880,4800.00,0.000000,992.00
"KMT-2022-BLG-1551L b",13.20000000,9.40772084720000e+02,2.250000,,,,
"TOI-2211.01",1.56100000,,4.420000,296.1300,5253.00,,1056.92
"Kepler-1821 b",2.59248115,,2.280000,40.6100,5475.00,0.000000,644.00
"Kepler-124 b",0.73000000,,4.450000,198.8430,4984.00,0.000000,892.00
"Kepler-380 b",1.19000000,,5.900000,808.0930,6045.00,0.000000,1317.00
"TOI-5777 b",3.09551273,,1.810000,21.9209,4408.03,,602.00
"Kepler-1259 b",1.43000000,,4.940000,2460.5820,5053.00,0.000000,1681.00
"TOI-2518 b",2.26838675,,2.720000,239.1330,5751.20,,1095.00
"TIC 206466666 b",2.14817673,,2.920000,,4620.30,,
"Kepler-156 c",2.55000000,,2.330000,28.6420,5094.00,0.000000,588.00
"Kepler-406 b",1.43000000,6.35000000000000e+00,11.820000,826.9330,5538.00,0.000000,1302.00
"HD 18143 b",3.28000000,,1.680000,61.8730,5078.00,0.224000,769.92
"Kepler-286 e",1.77000000,,3.750000,20.6000,5580.00,0.000000,539.00
"HD 82886 b",13.30000000,,1.730000,5.5680,4953.00,0.070000,435.78
"CoRoT-11 b",16.03000000,7.40510000000000e+02,0.990000,1890.6490,6440.00,0.000000,1657.00
"HD 154857 b",13.30000000,,1.820000,2.7638,5589.00,0.460000,359.86
"Kepler-624 b",2.31000000,,2.650000,130.7570,6117.00,0.000000,852.00
"Kepler-1530 c",1.65000000,,4.110000,135.1790,5477.00,0.000000,1167.00
"TOI-5349 b",10.20000000,1.27400000000000e+02,0.660000,44.5000,3751.00,0.030000,719.00
"HD 108202 b",13.10000000,9.53485221000000e+02,2.330000,0.0125,4556.03,0.520000,93.04
"K2-321 b",2.05124347,,3.090000,68.5516,3750.00,0.440000,830.00
"Kepler-14 b",12.73300000,2.66966000000000e+03,7.100000,1029.5100,6395.00,0.035000,1605.00
"Kepler-448 c",12.00000000,6.99226000000000e+03,22.200000,0.2399,6635.00,0.650000,184.72
"Kepler-1047 c",0.99000000,,5.310000,1323.0650,5754.00,0.000000,1309.00
"TOI-1294 c",14.30000000,,0.276000,6.2779,5718.00,0.000000,440.45
"BD+49 828 b",13.50000000,,1.140000,1.6730,4943.00,0.350000,320.63
"OGLE-2007-BLG-349L AB c",10.70000000,8.00000000000000e+01,0.359000,,,,
"TOI-1117 b",2.46000000,8.90000000000000e+00,3.300000,928.0000,5635.00,0.000000,1538.00
"Kepler-106 b",0.82000000,5.30000000000000e+00,,277.2160,5858.00,0.000000,1021.00
"TOI-4406 b",11.20898070,9.53485221000000e+01,0.372000,58.0054,6219.00,0.150000,904.00
"HD 108147 b",10.90000000,,0.352000,193.0925,6255.73,0.530000,890.00
"Kepler-1430 b",1.18000000,,5.890000,208.5400,4796.00,0.000000,969.00
"Kepler-1388 e",2.46000000,,2.440000,3.9700,4098.00,0.000000,299.00
"TOI-2322 b",0.99400000,2.31000000000000e+00,12.750000,22.0400,4664.00,0.000000,603.10
"Kepler-1311 b",1.24000000,,5.970000,296.9200,5748.00,0.000000,1019.00
"CoRoT-6 b",13.06800000,9.40740000000000e+02,2.320000,145.1436,6090.00,0.100000,1017.00
"K2-58 c",1.62000000,,4.210000,462.0000,5413.00,,1293.86
"K2-182 b",2.71257333,2.09766748620000e+01,5.700000,146.9000,5128.00,0.071000,965.80
"Kepler-1991 c",2.57000000,,2.310000,38.2700,5478.00,0.000000,634.00
"TOI-2345 c",2.45100000,7.27000000000000e+00,2.710000,14.5700,4687.00,,544.00
"Kepler-126 d",2.50000000,,18.398878,14.7140,6239.00,0.020000,475.00
"HD 145377 b",12.80000000,,5.010000,7.7037,6014.00,0.310000,442.98
"HD 40307 b",,1.18899607058700e+03,,104.8355,4956.00,0.200000,910.00
"Kepler-445 c",2.51000000,,2.380000,9.1770,3157.00,0.000000,341.00
"KMT-2021-BLG-0736L b",4.86000000,2.10000000000000e+01,1.010000,,,,
"HD 25912 c",12.20000000,5.25275008248900e+03,15.900000,0.0034,5920.58,0.051000,67.44
"Kepler-1635 b",3.64000000,,1.470000,0.4000,5347.00,0.000000,200.00
"Kepler-1709 b",3.12424875,,1.790000,11.7000,5918.00,0.000000,472.00
"Kepler-611 b",1.65000000,,4.110000,1825.3010,5761.00,0.000000,1513.00
"Kepler-1904 b",1.39049940,,5.130000,24.3800,3805.00,0.000000,567.00
"Kepler-473 b",4.08000000,,1.260000,243.3760,5816.00,0.000000,879.00
"Kepler-1061 b",1.98000000,,3.240000,788.5010,6067.00,0.000000,1332.00
"Kepler-9 d",1.64000000,,13.547166,1339.6580,5777.00,0.000000,2026.00
"DMPP-6 b",2.28000000,,2.690000,340.6970,6182.09,0.340000,1203.65
"TOI-7510 d",10.52000000,1.90000000000000e+02,0.890000,20.6036,5720.00,0.040000,542.40
"HD 83443 c",13.60000000,4.76742610500000e+02,1.040000,0.0123,5442.00,0.760000,89.95
"Kepler-802 b",3.54000000,,1.520000,13.5080,5507.00,0.000000,489.00
"Kepler-865 c",0.89000000,,4.990000,164.9800,5440.00,0.000000,914.00
"Kepler-316 b",1.06000000,,5.540000,164.7760,4204.00,0.000000,837.00
"Kepler-329 b",1.40000000,,5.090000,40.6890,4257.00,0.000000,547.00
"Kepler-1085 c",3.26817741,,1.680000,11.8000,5816.00,0.000000,491.00
"Pr0211 c",12.60000000,,6.800000,0.0152,5300.00,0.710000,99.10
"UCAC4 328-061594 b",12.10000000,6.67439654700000e+03,20.700000,,,,
"Kepler-1068 b",3.63000000,,1.470000,55.9330,5806.00,0.000000,702.00
"Kepler-1856 b",1.73447868,,3.850000,772.7300,4948.00,0.000000,1344.00
"Kepler-7 b",18.18099800,1.40163030000000e+02,0.140000,1375.1100,5933.00,0.000000,1630.00
"Kepler-1799 b",4.12801189,,1.240000,83.0400,5831.00,0.000000,770.00
"KMT-2023-BLG-1454L b",14.10000000,2.00231896410000e+02,0.393000,,,,
"K2-146 c",2.19000000,7.49000000000000e+00,3.920000,14.0280,3385.00,0.075000,518.53
"HIP 114933 b",13.40000000,,1.410000,1.7110,4823.00,0.210000,316.81
"Kepler-1305 b",1.88000000,,3.470000,103.5100,5701.00,0.000000,733.00
"11 Com b",12.20000000,,14.900000,68.5387,4874.00,0.238000,803.26
"Kepler-1144 b",1.99000000,,3.220000,62.0610,5753.00,0.000000,811.00
"Kepler-1162 c",1.81000000,,3.640000,6.1400,5225.00,0.000000,401.00
"HD 224693 b",14.00000000,,0.446000,111.6692,5894.00,0.104000,903.45
"PSR B1257+12 c",1.91000000,4.30000000000000e+00,3.390000,,,0.018600,
"Kepler-1088 b",1.42000000,,4.990000,44.8870,5975.00,0.000000,667.00
"Kepler-393 c",1.33000000,,5.440000,231.2130,6189.00,0.000000,901.00
"HD 202772 A b",18.23701160,3.23549318326000e+02,0.293000,3770.0000,6442.00,0.030000,2181.00
"Kepler-1597 b",1.06000000,,5.540000,1431.3110,6377.00,0.000000,1497.00
"KMT-2025-BLG-0481L b",14.10000000,1.87518760130000e+02,0.368000,,,,
"TOI-480 b",2.85372018,2.08000000000000e+01,4.910000,531.5210,6174.00,0.000000,1198.94
"Kepler-1560 b",0.89000000,,4.990000,593.9190,5815.00,0.000000,1269.00
"Kepler-1440 b",1.26000000,,5.850000,44.7280,5698.00,0.000000,597.00
"WASP-130 b",9.97601000,3.90930900000000e+02,2.340000,56.3550,5625.00,0.000000,833.00
"HD 162020 b",12.50000000,,8.800000,39.0625,4723.00,0.280000,650.00
"WASP-157 b",11.19000000,1.82434420000000e+02,0.640000,482.1005,5772.00,0.000000,1193.00
"OGLE-2017-BLG-1522L b",14.00000000,2.40000000000000e+02,0.481000,,,,
"Kepler-188 b",1.68000000,,4.010000,1069.2350,6021.00,0.000000,1463.00
"HD 136352 b",1.66400000,4.72000000000000e+00,5.623888,111.6000,5664.00,0.000000,905.00
"Kepler-588 b",2.63000000,,2.240000,718.0750,5835.00,0.000000,1176.00
"HD 156279 b",12.50000000,,8.430000,2.8355,5453.00,0.647000,361.73
"Kepler-693 b",10.18000000,,0.384000,31.6410,4881.00,0.000000,600.00
"Kepler-1380 b",1.43000000,,4.940000,90.1000,5570.00,0.000000,786.00
"Kepler-387 b",1.03000000,,5.430000,304.0810,5774.00,0.000000,994.00
"K2-54 b",2.61169250,,2.260000,6.1000,3990.00,0.240000,560.00
"Kepler-1126 c",1.45000000,,4.870000,2.0600,5678.00,0.000000,305.00
"K2-263 b",2.51300000,1.54000000000000e+01,5.650354,8.1700,5368.00,0.080000,482.00
"Kepler-1469 b",2.80000000,,2.070000,24.9010,5507.00,0.000000,551.00
"Kepler-462 b",3.00000000,5.39000000000000e+01,9.300000,31.2690,7500.00,0.042000,611.00
"Kepler-1183 b",2.82000000,,2.050000,61.6630,5765.00,0.000000,555.00
"TOI-1443 b",2.30381001,3.00000000000000e+01,14.000000,16.8576,5224.00,0.000000,520.66
"Kepler-1900 b",1.62314676,,4.200000,798.3500,6173.00,0.000000,1356.00
"47 UMa d",13.50000000,,1.160000,0.0117,5872.00,0.160000,91.58
"TOI-5624 b",2.31400000,9.40000000000000e+00,4.000000,251.1030,5327.00,0.000000,1136.00
"Kepler-739 b",3.32000000,,1.650000,115.9630,5601.00,0.000000,775.00
"GJ 9066 c",9.60000000,,0.415000,0.0033,3154.00,0.460000,65.66
"K2-384 e",1.34500000,,5.350000,,3623.00,,
"gam Lib c",12.80000000,,4.360000,14.6916,4879.00,0.065000,543.71
"Kepler-261 b",2.18000000,,2.860000,45.7790,5098.00,0.000000,672.00
"TrES-5 b",13.38354600,5.68915700000000e+02,1.310000,442.9930,5171.00,0.000000,1480.00
"HD 204313 b",12.90000000,1.46677809830500e+03,3.750000,0.1240,5767.00,0.100000,163.43
"Kepler-18 b",2.00000000,6.90000000000000e+00,4.900000,355.7350,5345.00,0.000000,1165.00
"K2-205 b",1.99552771,,3.210000,,5890.00,,
"Kepler-1400 b",1.62000000,,4.210000,44.5170,5044.00,0.000000,725.00
"Kepler-84 d",1.38000000,,5.190000,584.2400,6031.00,0.000000,1254.00
"K2-258 b",3.00000000,,1.890000,84.2989,6351.00,,831.00
"Kepler-1855 b",1.21620500,,5.990000,86.9700,3460.00,0.000000,849.00
"Kepler-1987 e",1.92000000,,3.380000,40.3300,4769.00,0.000000,643.00
"K2-276 b",3.77000000,,1.400000,23.5921,5139.00,,583.00
"Kepler-415 c",2.01000000,,3.180000,26.2370,4362.00,0.000000,543.00
"K2-127 b",8.37000000,,0.496000,105.6000,4575.00,0.120000,809.00
"WASP-119 b",15.69260000,3.90930900000000e+02,0.700000,907.8624,5650.00,0.058000,1600.00
"TOI-1782.02",1.83900000,,3.570000,214.1700,4336.00,,974.95
"WTS-1 b",16.70000000,1.27444000000000e+03,1.610000,554.9183,6250.00,0.100000,1500.00
"Kepler-893 b",3.03000000,,1.860000,266.2710,5820.00,0.000000,1034.00
"KMT-2022-BLG-0440L b",4.05000000,1.54000000000000e+01,1.270000,,,,
"HD 103949 b",3.35000000,,1.640000,1.3983,4792.00,0.190000,302.65
"Kepler-1487 c",7.97000000,,0.529000,227.6800,5745.00,0.000000,991.00
"K2-155 b",1.80000000,,3.670000,19.9000,4258.00,,708.00
"OGLE-2017-BLG-1049L b",12.80000000,1.76000000000000e+03,4.610000,,,,
"Kepler-1579 b",0.84000000,,4.820000,396.6400,4584.00,0.000000,1139.00
"K2-264 b",2.23100000,,2.780000,13.0794,3660.00,0.500000,496.00
"Kepler-1351 b",0.65000000,,4.160000,421.9650,4439.00,0.000000,1212.00
"Kepler-8 b",15.87194400,1.87519700000000e+02,0.270000,1444.8810,6213.00,0.000000,1680.00
"K2-406 b",4.60200000,,1.080000,,5784.00,,
"Kepler-1363 b",1.25000000,,5.910000,191.9190,4839.00,0.000000,988.00
"HD 221420 b",12.00000000,7.27827052030000e+03,23.100000,0.0389,5847.00,0.140000,123.49
"HD 109833 b",2.88800000,,1.980000,63.4589,5881.00,0.180000,786.00
"HD 117207 b",13.40000000,6.69346625142000e+02,1.530000,0.0811,5732.00,0.157000,147.20
"OGLE-2013-BLG-0341L B b",1.16000000,1.66000000000000e+00,5.840000,,,,
"HIP 71135 b",4.55000000,,1.100000,1.1013,4146.00,0.210000,285.11
"HATS-51 b",15.80469000,2.44093440000000e+02,0.340000,740.2246,5758.00,0.330000,1553.00
"Kepler-168 b",1.46000000,,4.820000,725.0640,6282.00,0.000000,1240.00
"Kepler-382 c",1.59000000,,4.310000,124.7430,5600.00,0.000000,882.00
"K2-246 b",3.49000000,,1.550000,194.9508,5610.00,,977.00
"OGLE-2017-BLG-0448L b",4.08000000,1.56000000000000e+01,1.260000,,,,
"HAT-P-15 b",11.88154000,6.16590200000000e+02,1.960000,79.7578,5568.00,0.190000,904.00
"K2-238 b",14.57170000,2.73333800000000e+02,0.560000,1082.6407,5630.00,0.000000,1587.00
"Kepler-42 c",0.73000000,6.03370000000000e+01,98.000000,82.1250,3068.00,0.000000,720.00
"HD 96700 c",1.69000000,,3.980000,69.4130,5845.00,0.293000,808.42
"K2-147 b",1.47286006,,4.760000,200.1000,3690.00,0.380000,1077.00
"Kepler-725 b",10.80000000,,0.356000,12.1000,5395.00,0.231000,514.00
"CoRoT-5 b",15.55800000,1.48420000000000e+02,0.217000,786.2949,6100.00,0.090000,1438.00
"Kepler-1819 b",3.90351256,,1.340000,78.9900,6090.00,0.000000,760.00
"CoRoT-29 b",10.08810000,2.70155500000000e+02,1.450000,540.3673,5260.00,0.082000,1224.75
"BD+48 738 b",13.90000000,,0.592000,48.9779,4414.00,0.200000,705.93
"TOI-757 b",2.50000000,1.05000000000000e+01,3.600000,24.3644,5278.00,0.390000,641.00
"HD 156098 c",12.80000000,1.66160691179600e+03,4.350000,0.1642,6419.19,0.391000,177.18
"HD 56957 b",12.80000000,1.88090851262600e+03,4.930000,0.0750,5743.00,0.273000,145.67
"Kepler-1014 b",2.39000000,,2.540000,33.4790,5388.00,0.000000,614.00
"TOI-1453 b",1.17300000,2.32000000000000e+00,8.215288,132.6000,4975.00,0.000000,944.20
"Kepler-437 b",2.14000000,,2.930000,2.1500,4551.00,0.020000,308.00
"Kepler-395 c",1.32000000,,5.500000,2.1100,4262.00,0.000000,341.00
"BD+20 2457 b",12.10000000,,21.100000,703.4998,4137.00,0.150000,1159.67
"Kepler-1609 b",2.22000000,,2.790000,12.9750,6132.00,0.000000,429.00
"WASP-197 b",14.44837612,4.03324248483000e+02,0.740000,1276.0000,6050.00,0.000000,1665.00
"TYC 8998-760-1 b",21.18497352,6.92865927260000e+03,4.000000,0.0000,4573.00,0.440000,2638.00
"Kepler-281 b",2.82000000,3.24000000000000e+02,52.000000,118.2460,5723.00,0.000000,694.00
"Kepler-908 b",1.22000000,,5.990000,3304.1010,5973.00,0.000000,1783.00
"K2-318 b",1.66000000,,4.070000,6.3680,3851.00,,456.00
"Kepler-1449 b",1.68000000,,4.010000,271.8850,5979.00,0.000000,867.00
"WASP-181 b",13.27145600,9.50311700000000e+01,0.237000,382.4492,5839.00,,1186.00
"Kepler-1965 b",1.35415138,,5.310000,13.8000,5852.00,0.000000,492.00
"HIP 38594 b",2.77000000,,2.090000,1.3216,4086.30,0.170000,308.29
"HD 38801 b",12.50000000,,8.670000,1.7311,5338.00,0.017000,287.80
"Kepler-241 b",2.33000000,,2.620000,23.6000,4699.00,0.000000,562.00
"Kepler-129 d",12.60000000,,7.250000,0.1818,5770.00,0.150000,178.86
"HAT-P-69 b",18.78628400,1.13783140000000e+03,1.020000,2320.1800,7394.00,0.000000,1930.00
"Kepler-389 c",1.46000000,,4.820000,22.7350,5376.00,0.000000,636.00
"Kepler-286 c",1.37000000,,5.240000,353.0000,5580.00,0.000000,1098.00
"K2-158 c",1.28000000,,5.710000,177.6001,5503.00,,948.00
"Kepler-864 c",1.62000000,,4.210000,1305.0400,6213.00,0.000000,1532.00
"Kepler-460 c",5.52000000,,0.853000,7.4000,6146.00,0.000000,389.00
"EPIC 220674823 b",1.60600000,7.54000000000000e+00,10.684836,4467.0000,5578.00,0.000000,2324.00
"OGLE-TR-111 b",11.42197100,1.74799000000000e+02,0.650000,204.9529,5040.00,0.000000,1019.00
"6 Lyn b",13.40000000,,1.370000,3.1949,4941.00,0.042000,371.86
"TOI-1630.01",2.41700000,,2.500000,55.5800,5504.00,,584.00
"CWISEP J193518.59-154620.3 b",12.20000000,4.92634030850000e+03,14.900000,,,,390.00
"Kepler-1763 b",1.14651332,,5.800000,2597.2700,5897.00,0.000000,1822.00
"PSR B1257+12 d",1.80000000,3.90000000000000e+00,3.670000,,,0.026400,
"Kepler-961 b",2.55000000,,2.330000,40.4000,5582.00,0.000000,642.00
"TOI-1472 c",3.33400000,2.11300000000000e+01,3.140000,32.7735,5100.00,0.172000,662.00
"TOI-5153 b",11.88151954,1.03612060682000e+03,3.390000,49.5559,6300.00,0.091000,906.00
"Kepler-1239 b",2.90000000,,1.970000,462.9100,6564.00,0.000000,1183.00
"KOI-7913 b",2.34000000,,2.610000,8.2700,4324.00,0.000000,432.00
"Kepler-1312 c",1.02732734,,5.420000,1770.2000,5721.00,0.000000,1659.00
"OGLE-2016-BLG-1227L b",13.90000000,2.50000000000000e+02,0.512000,,,,
"Kepler-1902 b",1.17563613,,5.880000,30.8400,3729.00,0.000000,601.00
"TOI-5926 b",7.56807148,,0.565000,157.6440,5388.92,,987.00
"Kepler-747 b",5.27000000,,0.905000,10.1900,5096.00,0.000000,456.00
"K2-264 c",2.66800000,,2.200000,2.5922,3660.00,0.450000,331.00
"Kepler-297 b",2.87000000,4.85000000000000e+01,11.300000,16.4640,5619.00,0.000000,509.00
"Kepler-949 b",2.91000000,,1.960000,58.4420,5403.00,0.000000,782.00
"TOI-5238 b",5.22000000,,0.916000,195.9250,5631.00,,1042.00
"HD 12648 b",13.40000000,,1.420000,194.0796,4835.00,0.040000,1053.23
"Kepler-53 b",2.89000000,1.11000000000000e+02,1.180000,60.9970,5858.00,0.000000,701.00
"HD 159243 b",13.70000000,,0.767000,107.4520,6123.00,0.020000,942.13
"HD 95127 b",12.40000000,,9.740000,116.3001,4218.00,0.110000,1151.28
"Kepler-105 b",2.53000000,1.08000000000000e+01,3.680000,341.8090,5933.00,0.020000,1418.00
"GJ 876 d",2.51000000,6.83000000000000e+00,2.370000,28.6429,3293.74,0.207000,603.09
"Kepler-1177 b",1.90000000,,3.420000,11.8620,5712.00,0.000000,377.00
"TOI-1710 b",5.06000000,1.91000000000000e+01,0.800000,33.0000,5775.00,0.050000,602.99
"HD 145675 c",12.60000000,2.51084441530000e+03,6.900000,0.0018,5338.00,0.520000,55.51
"BD+15 2940 b",13.70000000,,0.754000,352.2269,4796.00,0.260000,1207.75
"OGLE-2017-BLG-1140L b",13.50000000,5.05000000000000e+02,1.130000,,,,
"Kepler-1588 b",0.76000000,,4.540000,359.7900,5817.00,0.000000,925.00
"Kepler-226 b",1.55000000,2.40000000000000e+01,35.400000,270.4020,5571.00,0.000000,1018.00
"Kepler-11 d",3.12000000,7.30000000000000e+00,1.280000,51.1150,5663.00,0.004000,653.00
"NGTS-14 A b",4.97679600,2.92403600000000e+01,1.395000,191.7820,5187.00,0.000000,1143.00
"K2-131 b",1.69000000,7.90000000000000e+00,8.800000,4070.0000,5120.00,0.000000,2223.00
"Kepler-937 c",2.67000000,,2.200000,6.9300,6095.00,0.000000,377.00
"Kepler-218 d",2.66000000,,2.210000,4.1180,5542.00,0.000000,356.00
"Kepler-487 b",11.42000000,,,51.4920,5444.00,0.000000,662.00
"TOI-6054.01",2.64000000,1.25000000000000e+01,3.700000,570.0000,6047.00,0.164000,1360.00
"HD 97658 b",2.12000000,8.30000000000000e+00,4.800000,41.9240,5212.00,0.050000,751.00
"Kepler-135 b",1.81000000,,3.640000,496.6780,6090.00,0.000000,1209.00
"Kepler-501 b",4.30000000,,1.180000,324.8560,5904.00,0.000000,1125.00
"K2-137 b",0.64000000,1.58915000000000e+02,,975.5731,3697.00,0.000000,1471.00
"HD 208487 b",14.30000000,,0.275000,6.0876,6134.00,0.370000,437.59
"DMPP-8 b",10.80000000,,0.354000,17.7838,6009.00,0.275000,579.70
"HAT-P-25 b",12.72221500,1.80845270000000e+02,0.483000,325.0000,5519.00,0.023000,1182.00
"Kepler-1416 b",0.88000000,,4.960000,2658.5500,6019.00,0.000000,1870.00
"OGLE-2017-BLG-1434L b",1.94000000,4.43000000000000e+00,3.330000,,,,
"Kepler-100 d",1.61000000,3.00000000000000e+00,2.695922,53.9810,5825.00,0.380000,670.00
"TOI-892 b",11.99363000,3.01938500000000e+02,0.962000,571.0070,6261.00,0.125000,1397.00
"Kepler-1466 b",1.55000000,,4.460000,21.8750,5884.00,0.000000,585.00
"HD 221287 b",13.10000000,,2.400000,1.0624,6304.00,0.080000,290.13
"G 196-3 b",12.00000000,8.26353858200000e+03,26.300000,0.0000,3517.00,,1670.00
"K2-124 b",2.90000000,,1.970000,8.7000,3570.00,0.080000,442.00
"TOI-1203 c",2.20000000,,2.820000,,5737.00,0.092000,
"HD 145934 b",13.40000000,6.58540459304000e+02,1.500000,0.9461,4823.75,0.078000,276.92
"Kepler-566 b",2.15000000,,2.910000,16.8790,5132.00,0.000000,526.00
"Kepler-648 b",3.22000000,,1.730000,47.3360,5741.00,0.000000,674.00
"TOI-5800 b",2.46000000,9.50000000000000e+00,3.460000,274.1630,4850.00,0.300000,1108.00
"Kepler-1224 b",1.33000000,,5.440000,132.6630,6155.00,0.000000,872.00
"TOI-1739 b",1.94600000,,3.320000,53.9100,4814.00,,755.55
"TIC 88785435 b",5.03000000,,0.963000,28.3253,3998.00,0.131000,635.00
"Kepler-770 c",1.20000000,,5.950000,833.5880,5598.00,0.000000,2740.00
"TOI-6707 b",5.72673066,,0.813000,1226.7862,6289.49,,1509.43
"Kepler-1946 b",2.48812698,,2.410000,403.5300,5505.00,0.000000,1143.00
"TOI-4507 b",8.20000000,2.00000000000000e+01,0.200000,23.5778,6260.00,0.090000,464.80
"TOI-3540 A b",23.53885947,3.75037520260000e+02,0.065000,841.3000,5810.00,0.000000,1498.00
"TOI-2803 A b",18.11371281,3.09882696825000e+02,0.287000,2150.0000,6280.00,0.000000,1893.00
"Kepler-274 c",1.84000000,,3.560000,36.5180,6023.00,0.000000,678.00
"TOI-262 b",2.07000000,,3.060000,56.9133,5310.00,,584.00
"Kepler-1884 b",1.81406781,,3.640000,131.9200,5984.00,0.000000,864.00
"TOI-2420 b",15.02003414,2.94626933289000e+02,0.477000,1017.0000,5707.00,0.055000,1571.60
"Wolf 1061 c",1.66000000,,4.100000,1.3000,3342.00,0.110000,299.30
"Kepler-1964 b",1.78105870,,3.730000,223.8000,4803.00,0.000000,986.00
"Kepler-1072 b",1.58000000,,4.350000,2944.0000,6199.00,0.000000,1849.00
"Kepler-1462 b",3.82000000,,1.380000,4.7040,5756.00,0.000000,390.00
"HATS-25 b",14.12334000,1.94829790000000e+02,0.380000,454.8721,5715.00,0.176000,1277.00
"HAT-P-50 b",14.43719200,4.29070500000000e+02,0.780000,2108.4362,6280.00,0.115000,1862.00
"K2-233 c",1.27200000,4.60000000000000e+00,12.400000,66.2000,4796.00,0.000000,794.00
"Kepler-351 d",2.72000000,,2.140000,1.9890,5225.00,0.000000,318.00
"KMT-2022-BLG-1790L b",13.50000000,5.49843144110000e+02,1.230000,,,,
"KMT-2018-BLG-1996L b",13.70000000,3.46432963630000e+02,0.740000,,,,
"1RXS J160929.1-210524 b",18.64700000,3.00000000000000e+03,2.540000,0.0000,4060.00,,1700.00
"TOI-4465 b",14.01122587,1.87200931723000e+03,3.730000,130.5280,5545.00,0.240000,427.00
"Kepler-1542 e",0.76000000,,4.540000,369.9990,5564.00,0.000000,1065.00
"Kepler-789 b",2.12000000,,2.960000,312.3400,5870.00,0.000000,1419.00
"Kepler-328 c",5.40000000,3.94000000000000e+01,0.600000,22.0250,6064.00,0.000000,475.00
"Kepler-311 d",2.05000000,,3.100000,2.7100,5903.00,0.000000,327.00
"KMT-2019-BLG-1216L b",5.98000000,2.98758702580000e+01,0.768000,,,,
"Kepler-285 b",1.34000000,,5.390000,428.4070,5411.00,0.000000,1131.00
"Kepler-1073 d",1.48770949,,4.710000,828.5900,5509.00,0.000000,1369.00
"Kepler-804 c",1.14000000,,5.750000,141.8390,5817.00,0.000000,890.00
"Kepler-55 f",1.59000000,,4.310000,25.4380,4503.00,0.000000,559.00
"WASP-149 b",15.24421375,3.14967951337000e+02,0.490000,1966.0000,5750.00,0.000000,1855.00
"K2-279 b",1.21000000,,5.960000,139.1055,5558.00,,879.00
"TOI-2274 b",2.45000000,,2.450000,83.7078,3943.00,,771.46
"Kepler-173 b",1.29000000,,5.660000,599.4950,6031.00,0.000000,1179.00
"Kepler-1937 b",3.02291330,,1.870000,163.1000,6457.00,0.000000,1014.00
"TOI-942 b",3.89000000,8.26358000000000e+02,,261.8580,4969.00,0.340000,1120.00
"Kepler-335 b",3.39000000,,1.610000,721.1240,5877.00,0.000000,1290.00
"TOI-880.02",2.19000000,,2.840000,301.8661,5050.00,,1085.00
"TOI-4940 b",6.61000000,8.90000000000000e+01,,40.4612,5504.00,,643.00
"Kepler-1393 b",0.80000000,,4.690000,574.3700,5697.00,0.000000,1249.00
"Kepler-1035 b",1.17000000,,5.870000,1180.0640,5763.00,0.000000,1301.00
"K2-315 b",0.95000000,,5.180000,7.4500,3300.00,,460.00
"HD 109286 b",13.20000000,,2.270000,0.7090,5694.00,0.338000,259.40
"Kepler-1895 b",2.11934728,,2.970000,91.4500,5076.00,0.000000,789.00
"TOI-2049 b",16.64533634,4.86277462710000e+02,0.578000,2032.0000,6164.00,0.054000,1869.00
"TOI-5605 b",2.52611303,,2.360000,33.3499,4583.79,,669.00
"Kepler-761 b",2.03000000,,3.140000,95.4470,5706.00,0.000000,767.00
"Kepler-1985 b",2.27000000,,2.710000,382.6800,5370.00,0.000000,1129.00
"Kepler-1607 b",0.92000000,,5.090000,449.6320,6116.00,0.000000,913.00
"Kepler-1464 c",1.00000000,,5.340000,968.5550,5828.00,0.000000,1023.00
"Kepler-1898 b",0.93353523,,5.130000,204.6000,5702.00,0.000000,1167.00
"Kepler-1801 c",2.91000000,,1.960000,4.4700,5738.00,0.000000,371.00
"Kepler-1274 b",1.42000000,,4.990000,975.8100,6179.00,0.000000,1384.00
"GJ 674 b",3.33000000,,1.650000,10.5165,3600.00,0.200000,530.80
"K2-73 b",2.58000000,9.20000000000000e+00,2.800000,209.0000,5867.00,,968.00
"Kepler-428 b",12.11000000,4.03630000000000e+02,1.020000,195.0880,5150.00,0.220000,1070.00
"HIP 10090 b",13.00000000,1.22999593509000e+03,3.080000,0.1074,5661.00,0.115000,163.17
"Kepler-1729 b",3.89404186,,1.340000,29.6800,3837.00,0.000000,595.00
"K2-31 b",11.88154000,5.63830420000000e+02,0.032000,1272.0000,5280.00,0.000000,1688.00
"Kepler-147 c",2.43000000,,2.480000,61.2870,6012.00,0.000000,689.00
"Kepler-1619 b",0.76000000,,4.540000,74.6350,5852.00,0.000000,797.00
"GJ 1265 b",2.63000000,,2.240000,5.3846,3236.00,0.040000,424.04
"KMT-2023-BLG-1592L b",14.10000000,1.84340476060000e+02,0.361000,,,,
"K2-133 e",1.73000000,,3.860000,1.8000,3655.00,,296.00
"HATS-47 b",12.52045300,1.17279270000000e+02,0.331000,87.7300,4512.00,0.088000,852.90
"HD 1502 b",13.20000000,,2.090000,7.2835,4947.00,0.031000,458.89
"G 9-40 b",1.90000000,4.00000000000000e+00,3.200000,6.2700,3395.00,0.000000,440.60
"Kepler-604 b",2.59000000,,2.280000,46.9820,5890.00,0.000000,637.00
"Kepler-220 d",0.98000000,,5.280000,8.2080,4632.00,0.000000,401.00
"HD 191939 b",3.41000000,1.00000000000000e+01,1.400000,100.0000,5348.00,0.031000,880.00
"Kepler-54 b",2.10000000,9.80000000000000e-01,0.760000,12.3570,3705.00,0.022000,453.00
"OGLE-2019-BLG-1180L b",13.50000000,5.55246227029000e+02,1.240000,,,,
"TOI-1107 b",14.57167491,1.06472516345000e+03,1.890000,532.0000,6311.00,0.025000,1728.00
"TOI-6330 b",10.89000000,3.17900000000000e+03,13.570000,9.9700,3539.00,0.340000,495.00
"51 Eri b",,3.46432963630000e+03,,0.0529,7422.00,0.570000,807.00
"Kepler-111 c",7.08407580,2.22479884900000e+02,3.420000,2.4800,5914.00,0.176000,352.20
"GJ 3293 e",1.63000000,,4.160000,3.3400,3466.00,0.210000,370.79
"HIP 109384 b",13.50000000,,1.110000,0.3732,5180.00,0.549000,213.83
"Kepler-890 b",8.89000000,,0.458000,30.2270,5954.00,0.000000,540.00
"HD 212771 b",13.30000000,,1.770000,10.8749,5003.00,0.076000,507.69
"Kepler-591 b",3.39000000,,1.610000,5.6150,5677.00,0.000000,436.00
"K2-372 b",2.94500000,,1.930000,,5479.00,,
"Kepler-65 e",13.90000000,2.60000000000000e+02,0.532000,4.0231,6220.00,0.283000,389.08
"Kepler-1471 c",1.88000000,,3.470000,118.5000,5533.00,0.000000,841.00
"HD 147018 c",12.70000000,,5.580000,0.1927,5441.00,0.133000,183.28
"Kepler-1695 b",1.11948901,,5.720000,198.5700,5473.19,0.000000,957.00
"Kepler-1728 b",2.95501875,,1.930000,145.4800,5170.00,0.000000,886.00
"Kepler-32 c",2.00000000,1.58900000000000e+02,0.330000,10.6800,3900.00,0.000000,451.00
"nu Oph c",12.00000000,7.83832346000000e+03,24.900000,2.3098,4887.00,0.179000,341.48
"KELT-2 A b",15.13215000,5.40311000000000e+02,0.910000,3108.4500,6327.00,0.000000,2080.00
"TOI-1751 b",2.95078450,1.95000000000000e+01,4.130000,192.5210,5970.00,0.327000,651.64
"TOI-1273 b",11.09689089,7.05579063540000e+01,0.280000,225.0130,5690.00,0.055000,1211.00
"Kepler-1370 c",1.27000000,,5.770000,503.7220,6202.00,0.000000,1075.00
"PH1 b",6.18000000,1.69000000000000e+02,,10.7524,6407.00,0.070200,481.00
"KOI-1599.02",1.90000000,9.00000000000000e+00,7.210000,76.8100,5833.00,0.011400,755.00
"Kepler-510 b",2.47000000,,2.430000,114.3890,5746.00,0.000000,797.00
"HD 81817 c",12.00000000,,22.900000,337.2228,4140.00,0.095000,1198.52
"GJ 433 d",2.14000000,,2.930000,0.6312,3461.00,0.070000,279.71
"TOI-4487 A b",14.60530185,3.97285508750000e+02,0.700000,1203.0000,6206.00,0.083000,1639.00
"TOI-2981 b",13.40000000,6.38000000000000e+02,1.460000,556.6160,5940.00,0.035000,1358.00
"Kepler-145 b",2.65000000,3.71000000000000e+01,13.000000,154.7050,6022.00,0.430000,873.00
"HIP 79431 b",13.40000000,,1.520000,0.2179,3191.00,0.290000,177.42
"GJ 3512 b",14.30000000,,0.275000,0.0138,3141.00,0.427900,97.19
"HAT-P-56 b",16.92559000,7.34187300000000e+02,0.750000,3515.0000,6566.00,0.290000,1840.00
"GJ 163 d",5.92000000,,0.779000,0.0184,3500.00,0.373000,106.43
"KMT-2017-BLG-2509L b",13.40000000,6.64261370630000e+02,1.520000,,,,
"HD 8574 b",13.40000000,,1.470000,4.1197,6064.00,0.300000,394.03
"K2-138 e",3.39000000,1.29700000000000e+01,1.800000,91.1000,5356.30,0.077000,757.00
"Kepler-1317 b",1.56000000,,4.410000,2413.2610,5144.00,0.000000,1796.00
"HD 50554 b",12.80000000,1.85929618095000e+03,4.870000,0.2510,5987.00,0.501000,190.08
"CoRoT-20 c",12.20000000,,16.400000,0.1759,5880.00,0.600000,168.16
"Kepler-1477 b",1.18000000,,5.890000,78.1630,5100.00,0.000000,674.00
"WASP-168 b",16.81350000,1.33488600000000e+02,0.160000,278.8860,6000.00,0.000000,1340.00
"Kepler-1199 b",1.15000000,,5.780000,131.7000,5889.00,0.000000,931.00
"HATS-71 b",11.47801600,1.17597100000000e+02,0.420000,18.0832,3405.00,0.000000,586.80
"Kepler-935 b",1.35000000,,5.340000,94.6070,4830.00,0.000000,879.00
"KELT-6 b",14.57170000,1.65271600000000e+02,0.270000,718.1880,6102.00,0.220000,1313.00
"DH Tau b",30.26430000,3.49600000000000e+03,0.693000,0.0000,4371.00,,2200.00
"K2-341 b",3.21000000,,1.730000,,5817.00,,598.00
"K2-72 c",1.16000000,,5.810000,2.2000,3360.47,0.110000,333.81
"Kepler-15 b",10.76000000,2.09760000000000e+02,0.930000,430.6770,5515.00,0.060000,1251.00
"HD 134606 f",2.24000000,,2.750000,36.4790,5576.00,0.081000,685.04
"WASP-114 b",15.00885100,5.62241270000000e+02,0.970000,2978.2048,5940.00,0.012000,2043.00
"Kepler-62 e",1.61000000,3.60000000000000e+01,,1.3520,4925.00,0.000000,270.00
"Kepler-1945 b",1.28900000,,5.670000,100.7200,4991.00,0.000000,808.00
"TOI-6002 b",1.65000000,,4.110000,1.6823,3229.00,0.150000,321.40
"Kepler-192 c",2.79000000,,2.070000,38.2160,5479.00,0.000000,623.00
"K2-46 b",2.05000000,,3.100000,119.0000,6256.00,,889.00
"Kepler-1777 b",2.13189678,,2.940000,71.3000,5771.00,0.000000,819.00
"Kepler-1360 b",3.40000000,,1.610000,82.5640,6778.00,0.000000,933.00
"Kepler-746 b",1.11000000,,5.670000,421.6100,5418.00,0.000000,1156.00
"Kepler-270 b",2.01000000,,3.180000,178.3620,6067.00,0.000000,984.00
"Kepler-1668 b",4.34764405,,1.160000,63.7900,5542.00,0.000000,721.00
"Kepler-319 b",1.63000000,,4.170000,253.6650,5526.00,0.000000,1023.00
"K2-199 c",2.85000000,1.24000000000000e+01,2.900000,38.6000,4491.00,0.030000,694.00
"TOI-1723 b",3.43500000,1.04000000000000e+01,1.600000,92.3600,5777.00,0.000000,782.98
"TOI-2005 b",11.99360935,2.03410180480000e+03,,525.9409,7130.00,0.597000,1221.39
"Kepler-95 b",3.42000000,1.30000000000000e+01,1.710000,178.8320,5699.00,0.000000,927.00
"Kepler-482 b",2.36000000,,2.580000,4.4360,4871.00,0.000000,352.00
"Kepler-356 b",1.57000000,,4.390000,844.9790,6133.00,0.000000,1294.00
"Kepler-1065 b",3.73000000,,1.420000,419.9100,5635.00,0.000000,1092.00
"Kepler-2000 c",1.57000000,,4.390000,3.9200,3757.00,0.000000,359.00
"Kepler-511 b",6.35000000,,0.710000,4.2080,5770.00,0.000000,332.00
"Kepler-23 c",3.00500000,7.81000000000000e+00,1.576894,257.3900,5828.00,0.021000,1008.00
"HD 68402 b",12.60000000,2.51084441530000e+03,6.900000,0.2462,5950.00,0.030000,196.26
"TrES-1 b",12.66617000,2.66977200000000e+02,0.712000,318.4582,5230.00,0.000000,1140.00
"Gliese 48 b",2.77000000,,2.100000,0.8900,3450.00,0.000000,271.00
"TOI-444 b",2.77000000,,2.090000,23.4694,5225.00,,609.00
"K2-368 b",1.33200000,,5.440000,,4663.00,,
"Kepler-111 b",1.58000000,,4.350000,677.5030,5952.00,0.000000,1356.00
"Kepler-119 c",0.92000000,,5.090000,367.3220,5595.00,0.000000,1016.00
"TOI-2202 b",10.95117414,2.87316879928000e+02,1.200000,42.7254,5169.00,0.022000,652.07
"OGLE-2018-BLG-0740L b",12.90000000,1.50000000000000e+03,3.840000,,5912.00,0.000000,
"Wendelstein-2 b",12.99347280,2.32333730000000e+02,0.620000,282.3101,4591.00,0.057000,2470.00
"HD 112300 b",12.20000000,,15.200000,284.1257,3657.00,0.360000,1240.35
"Kepler-753 b",1.91000000,,3.400000,41.6740,4346.00,0.000000,641.00
"TOI-5614 b",3.21759316,,1.720000,74.1594,4553.00,,817.00
"Kepler-399 b",0.96000000,,5.220000,35.6300,5502.00,0.000000,773.00
"Kepler-466 b",2.85000000,,2.020000,12.5000,5927.00,0.000000,503.00
"Kepler-593 b",2.87000000,,2.000000,61.0200,5967.00,0.000000,706.00
"Kepler-793 b",1.37000000,,5.240000,617.4070,5745.00,0.000000,1177.00
"DMPP-7 b",9.13000000,,0.443000,800.5908,5996.82,0.100000,1480.51
"Kepler-1967 b",0.73022577,,4.450000,57.1000,4970.00,0.000000,1086.00
"Kepler-1006 b",1.54000000,,4.500000,153.4930,5328.00,0.000000,791.00
"Kepler-90 i",1.32000000,,5.500000,128.5790,6015.00,0.000000,709.00
"HD 194490 b",12.40000000,3.56190295724900e+03,10.300000,0.0114,5861.32,0.251000,90.87
"Kepler-625 c",1.05000000,,5.510000,932.1320,5789.00,0.000000,1048.00
"K2-164 b",3.24925008,,1.700000,,5791.00,,
"Kepler-130 c",2.90000000,,1.970000,46.0110,5879.00,0.000000,683.00
"Kepler-307 c",2.20000000,3.64000000000000e+00,1.740000,44.0000,5367.00,0.000000,739.00
"Kepler-393 b",1.29000000,,5.660000,429.8130,6189.00,0.000000,1052.00
"Kepler-613 b",2.29000000,,2.680000,66.2690,5723.00,0.000000,713.00
"HD 23472 f",1.13700000,7.70000000000000e-01,3.000000,26.3000,4684.00,0.070000,630.00
"Kepler-1903 b",2.28642395,,2.690000,82.5600,6347.00,0.000000,769.00
"HR 810 b",12.70000000,1.97053612340000e+03,5.290000,2.1160,6167.00,0.140000,329.57
"K2-68 b",1.58000000,,4.350000,41.0000,4746.00,,706.64
"Kepler-250 b",1.13000000,,5.750000,148.1030,5160.00,0.000000,938.00
"Kepler-695 b",9.21000000,,0.438000,499.0640,5181.00,0.000000,1021.00
"K2-84 c",2.03000000,,3.140000,25.3000,5652.00,,625.08
"Kepler-1052 c",2.30000000,,2.660000,1.9600,5818.00,0.000000,302.00
"OGLE-2019-BLG-0299L b",12.70000000,1.97689269154000e+03,5.300000,,,,
"K2-138 g",3.01300000,4.32000000000000e+00,0.900000,9.2900,5356.30,0.059000,445.00
"HD 62364 b",12.10000000,5.96563919939000e+03,18.500000,0.0720,6255.00,0.607000,143.96
"HD 128311 b",13.50000000,,1.260000,0.2620,4965.00,0.303000,200.47
"TOI-1749 b",1.39000000,5.70000000000000e+01,,83.8379,3985.00,0.140000,831.00
"Kepler-20 b",1.77300000,9.70000000000000e+00,9.400000,331.0000,5495.00,0.083000,1187.00
"CoRoT-4 b",13.34000000,2.28830000000000e+02,0.525000,203.9517,6190.00,0.000000,1074.00
"Kepler-53 d",2.12000000,1.66503000000000e+02,1.400000,144.8520,6085.00,0.000000,870.00
"NGTS-20 b",11.99360935,9.47128652860000e+02,3.020000,6.7645,5980.00,0.432000,688.00
"Kepler-58 e",1.61000000,5.97796000000000e+02,131.000000,511.6000,6100.00,0.000000,1212.00
"Kepler-1622 b",1.47000000,,4.770000,236.0050,6436.00,0.000000,922.00
"Kepler-1634 b",3.19000000,,1.740000,0.5440,5474.00,0.000000,282.00
"Kepler-294 b",1.77000000,,3.750000,329.8010,5913.00,0.000000,1087.00
"K2-331 b",1.79000000,,3.700000,,5994.00,,909.00
"GJ 581 e",1.38000000,2.48000000000000e+00,5.190000,15.7830,3500.00,0.012000,554.37
"TOI-2427 b",1.80000000,,3.670000,62.7136,4072.00,,1117.00
"Kepler-1853 b",1.51862272,,4.580000,5.2300,4821.00,0.000000,386.00
"USco1621 b",12.20000000,5.08528000000000e+03,15.400000,0.0000,3460.00,,2270.00
"Kepler-445 d",1.25000000,,5.910000,4.3140,3157.00,0.000000,305.00
"Kepler-937 b",3.72000000,,1.430000,20.6270,6095.00,0.000000,495.00
"Kepler-1701 b",2.22186207,,2.790000,1.3000,5146.00,0.000000,273.00
"Kepler-312 b",1.29000000,,5.660000,4124.0220,6115.00,0.000000,1685.00
"Kepler-200 b",2.13000000,,2.950000,159.0690,5678.00,0.000000,854.00
"TOI-1777.01",2.24600000,,2.750000,71.3400,5859.00,,580.00
"HD 47186 b",5.02000000,,0.966000,441.6068,5657.00,0.040000,1267.79
"Kepler-1024 b",3.91000000,,1.330000,5.4460,5143.00,0.000000,376.00
"HD 285968 b",2.83000000,,2.040000,5.0456,3703.49,0.000000,450.00
"HD 134606 e",1.33000000,,5.470000,418.0334,5576.00,0.200000,1260.39
"Kepler-1835 b",3.53387773,,1.520000,100.9600,5903.00,0.000000,808.00
"WASP-162 b",11.20900000,1.65271600000000e+03,6.900000,121.9180,5300.00,0.434000,910.00
"HD 108874 c",13.80000000,,0.658000,0.1412,5551.00,0.239000,168.21
"TIC 172900988 b",11.25000000,9.42000000000000e+02,3.640000,5.7522,6050.00,0.027100,361.24
"Kepler-1050 b",1.60000000,,4.280000,62.0250,6010.00,0.000000,1039.00
"HD 93351 b",1.69000000,,3.980000,522.5845,5408.00,0.549000,1330.76
"HD 28471 d",2.06000000,,3.090000,115.2590,5766.00,0.093000,945.00
"K2-294 b",1.66000000,,4.070000,,5612.00,,1425.00
"Kepler-1545 b",2.70000000,,2.160000,1.4080,5201.00,0.000000,274.00
"Kepler-1811 b",3.84829873,,1.360000,10.1100,5561.00,0.000000,455.00
"Kepler-1774 b",3.18179549,,1.740000,16.4000,6214.00,0.000000,522.00
"Kepler-771 b",1.82000000,,3.620000,339.2960,5906.00,0.000000,890.00
"KOBE-1 b",2.91000000,,1.960000,20.5600,4135.00,0.000000,594.40
"Kepler-1196 b",2.23000000,,2.770000,8.3020,5756.00,0.000000,436.00
"Kepler-1277 b",1.60000000,,4.280000,12.1100,5578.00,0.000000,496.00
"CoRoT-3 b",11.32000000,6.88391000000000e+03,26.400000,735.4472,6740.00,0.000000,1695.00
"Kepler-333 b",1.32000000,2.82000000000000e+01,67.400000,16.8190,4259.00,0.000000,480.00
"Kepler-562 b",5.21000000,,0.921000,67.4350,5575.00,0.000000,658.00
"Kepler-1671 b",1.32557381,,5.470000,205.0000,5135.55,0.000000,962.00
"HIP 34222 b",13.90000000,,0.540000,0.3832,4050.00,0.305000,218.98
"TOI-1221 b",2.91000000,1.11239942450000e+03,,6.0600,5592.00,0.210000,440.00
"Kepler-206 b",1.20000000,,5.950000,192.2730,5764.00,0.000000,983.00
"Kepler-1852 b",1.88610592,,3.460000,79.1000,5237.00,0.000000,760.00
"BD+37 3172 b",12.40000000,,9.710000,31.9959,4500.00,0.590000,713.25
"Kepler-881 b",1.78000000,,3.720000,538.5690,5961.00,0.000000,1217.00
"Kepler-185 b",1.17000000,,5.870000,475.5070,5208.00,0.000000,1237.00
"Kepler-422 b",12.89000000,1.36660000000000e+02,0.380000,264.9830,5972.00,0.000000,1028.00
"Kepler-1294 b",3.19000000,,1.740000,12.3620,5776.00,0.000000,401.00
"HD 153557 c",4.36000000,,1.160000,22.2262,4837.00,0.511000,604.33
"Kepler-324 c",3.15000000,6.20000000000000e+00,1.730000,7.2330,5194.00,0.000000,410.00
"Kepler-490 b",11.65000000,,,1059.5220,6045.00,0.000000,1597.00
"Gl 725 A b",1.48000000,,4.710000,3.3572,3433.00,0.000000,376.10
"Kepler-1379 b",1.30000000,,5.600000,1600.0490,5188.00,0.000000,1564.00
"Kepler-1122 b",2.04000000,,3.120000,23.2630,5544.00,0.000000,526.00
"Kepler-1826 b",1.47519116,,4.760000,99.3200,3821.00,0.000000,806.00
"Kepler-913 c",3.85807090,,1.360000,122.8200,6068.00,0.000000,1357.00
"KMT-2019-BLG-1552L b",13.00000000,1.28720504835000e+03,3.220000,,,,
"HD 134606 c",3.37000000,,1.620000,12.8400,5576.00,0.055000,527.65
"Kepler-1847 b",2.74516914,,2.120000,119.4400,6122.00,0.000000,843.00
"Kepler-770 d",1.40000000,,5.090000,209.7520,5598.00,0.000000,1941.00
"K2-190 c",1.09308317,,5.640000,,5631.00,,
"HATS-5 b",10.22300000,7.53230000000000e+01,0.390000,183.2395,5304.00,0.019000,1025.00
"Kepler-46 c",13.50000000,1.19499000000000e+02,0.267000,7.0957,5155.00,0.014600,455.00
"HD 10180 e",5.39000000,,0.881000,20.4541,5911.00,0.051000,577.77
"TIC 150070085 b",3.62000000,,1.480000,,5999.00,,945.06
"TOI-1291 b",5.63826391,,0.831000,1230.4200,6139.95,,1649.00
"Kepler-1027 b",0.89000000,,4.990000,1162.5100,5436.00,0.000000,1268.00
"OGLE-2018-BLG-0932L b",13.90000000,2.82867282230000e+02,0.579000,,,,
"Kepler-276 c",2.90000000,1.66000000000000e+01,0.890000,19.7930,5693.00,0.000000,563.00
"HIP 75092 b",13.50000000,,1.270000,2.5659,4891.00,0.420000,353.19
"Kepler-828 b",1.51000000,,4.610000,1835.1590,5039.00,0.000000,1848.00
"K2-350 b",1.54000000,,4.500000,,5789.00,,1158.00
"Kepler-1145 b",1.40000000,,5.090000,198.4300,5064.00,0.000000,958.00
"AB Pic b",12.30000000,4.29050000000000e+03,12.700000,0.0000,5285.00,,15.80
"HD 181433 b",,1.70864551603200e+03,,51.0227,4918.00,0.396000,732.52
"HIP 107773 b",13.40000000,,1.440000,142.9997,4945.00,0.090000,957.11
"HIP 65426 b",16.81350000,2.86047000000000e+03,3.310000,0.0022,8840.00,,1500.00
"WASP-50 b",13.06969400,4.66828704000000e+02,1.325000,690.3398,5400.00,0.009000,1394.84
"HD 145457 b",13.20000000,,2.120000,77.8446,4757.00,0.111000,826.81
"Kepler-1925 b",3.00177922,,1.890000,18.7400,5856.00,0.000000,531.00
"XO-7 b",15.38995700,2.25341470000000e+02,0.340000,1540.0000,6250.00,0.038000,1743.00
"K2-101 b",2.00000000,,3.200000,20.1207,4927.00,0.100000,618.00
"HN Lib b",2.20000000,,2.820000,0.5030,3347.00,0.079000,234.40
"ups And d",12.50000000,3.25774117175000e+03,9.170000,0.5308,6156.77,0.298700,233.90
"Kepler-1620 b",1.61000000,,4.240000,7.9200,6157.00,0.000000,428.00
"Kepler-1157 b",1.09000000,,5.600000,95.4430,4679.00,0.000000,732.00
"Kepler-249 c",1.51000000,,4.610000,12.5290,3568.00,0.000000,429.00
"Kepler-1610 b",1.61000000,,4.240000,56.2120,5383.00,0.000000,750.00
"Kepler-1245 c",1.44000000,,4.910000,328.9840,5306.00,0.000000,1190.00
"Kepler-1746 b",8.93504475,,0.455000,3.4000,6018.00,0.000000,310.00
"Kepler-297 d",32.60000000,,,2.6200,5618.00,0.000000,325.00
"K2-379 b",2.18100000,,2.860000,,4603.00,,
"HD 2638 b",14.30000000,,0.251000,292.3345,5186.00,0.000000,1212.27
"BD-13 2130 b",12.50000000,,8.750000,40.0372,4545.00,0.210000,744.77
"KIC 10001893 c",,,,,27500.00,,
"HD 19615 b",12.60000000,,7.420000,270.2479,4263.00,0.200000,1113.92
"Kepler-305 c",3.30000000,6.00000000000000e+00,0.917000,65.1000,5080.00,0.000000,728.00
"HD 77338 b",4.12000000,1.59000000000000e+01,1.250000,152.7909,5341.00,0.090000,1035.54
"TOI-4603 b",11.67975789,4.09680816623000e+03,14.100000,1192.0000,6264.00,0.325000,1677.00
"Kepler-209 c",3.10000000,,1.810000,13.6370,5513.00,0.000000,486.00
"Kepler-826 b",1.25000000,,5.910000,827.2210,6079.00,0.000000,1305.00
"HD 66428 c",13.50000000,5.60649309948000e+02,1.250000,0.0141,5716.00,0.207000,95.52
"EPIC 205950854 c",1.31000000,,5.550000,,5502.70,,960.60
"Kepler-17 b",14.68000000,7.78650000000000e+02,1.350000,1481.7660,5781.00,0.011000,1570.00
"HD 163607 c",13.30000000,,1.630000,0.4605,5522.00,0.080000,228.50
"TOI-132 b",3.42000000,2.24000000000000e+01,3.080000,860.0000,5397.00,0.059000,1395.00
"TOI-4633 c",3.20000000,1.23000000000000e+02,,1.5600,5800.00,0.117000,268.57
"CT Cha b",24.66000000,5.40300000000000e+03,1.980000,0.0000,4403.00,,2600.00
"OGLE-2014-BLG-0124L b",14.10000000,2.06588464550000e+02,0.405000,,,,
"Kepler-1696 b",2.80982017,,2.050000,10.0400,5712.00,0.000000,454.00
"Kepler-1401 b",1.68000000,,4.010000,100.9100,5964.00,0.000000,808.00
"Kepler-1996 b",2.26000000,,2.730000,5.6100,4580.00,0.000000,392.00
"OGLE-2019-BLG-0362L b",13.10000000,1.03612060682000e+03,2.530000,,,,
"Kepler-928 b",1.59000000,,4.310000,111.1100,4700.00,0.000000,894.00
"HIP 107772 b",3.64000000,,1.470000,1.1630,4006.00,0.180000,280.92
"Kepler-153 c",2.53000000,,2.350000,6.4220,5404.00,0.000000,458.00
"HD 73256 c",12.20000000,5.08525451200000e+03,15.400000,0.0511,5570.00,0.160000,133.92
"HD 149143 b",13.60000000,,0.923000,796.9815,5856.00,0.016700,1471.90
"Kepler-48 d",2.04000000,7.93000000000000e+00,5.080000,9.2920,5194.00,0.000000,448.00
"WASP-48 b",16.81350000,2.54264000000000e+02,0.415000,3410.2601,5920.00,0.000000,2035.00
"Kepler-18 d",6.98000000,1.64000000000000e+01,0.270000,51.9220,5345.00,0.000000,720.00
"TOI-4443.01",1.71932650,,3.890000,1194.2104,5834.00,,1638.82
"TOI-3856 b",13.59649359,1.71627339780000e+02,0.371000,949.0000,5622.00,0.083000,1544.00
"Kepler-106 c",2.50000000,1.04400000000000e+01,3.280000,96.9050,5858.00,0.000000,785.00
"Kepler-957 b",5.50000000,,0.855000,124.9110,4963.00,0.000000,769.00
"Kepler-309 b",1.56000000,,4.410000,99.4930,4713.00,0.000000,531.00
"K2-398 c",5.09800000,,0.946000,,5946.00,,
"TOI-5734 b",2.10000000,9.10000000000000e+00,5.403344,56.3778,4750.00,,688.00
"Kepler-1740 b",3.32321414,,1.650000,127.9500,5705.00,0.000000,858.00
"Kepler-176 d",2.51000000,1.72000000000000e+00,0.600000,15.5360,5232.00,0.000000,501.00
"TOI-1695 b",1.90000000,6.36000000000000e+00,5.000000,39.0000,3690.00,0.097000,698.00
"HATS-24 b",15.63655500,7.18295800000000e+02,1.030000,2706.9606,6125.00,0.000000,2166.00
"K2-150 b",2.00000000,,3.200000,4.9000,3499.00,,413.19
"HD 20868 b",13.70000000,,0.849000,0.3278,4802.00,0.750000,207.11
"Kepler-1829 b",2.47887001,,2.420000,129.3700,5230.00,0.000000,860.00
"HD 37124 c",14.10000000,,0.406000,0.2641,5698.64,0.125000,204.73
"HD 67087 c",12.90000000,,3.940000,0.2327,6330.00,0.760000,193.42
"Kepler-277 c",3.36000000,6.42000000000000e+01,7.800000,83.8980,5946.00,0.000000,778.00
"K2-116 b",0.69000000,,4.300000,78.6000,4348.35,0.060000,783.03
"Kepler-1350 b",2.52000000,,2.370000,27.1760,3827.00,0.000000,535.00
"Kepler-995 b",2.70000000,,2.160000,11.9200,5206.00,0.000000,517.00
"TIC 188624430 b",3.64811843,,1.460000,,5369.46,,
"CFHTWIR-Oph 98 b",20.84870410,2.47906157460000e+03,1.500000,0.0000,2320.00,,1800.00
"Kepler-1174 b",1.59000000,,4.310000,641.8140,5936.00,0.000000,1156.00
"KOI-3503 c",1.21000000,1.03600000000000e+01,10.000000,52.5000,6001.00,0.000000,686.00
"Kepler-269 c",1.69000000,,3.980000,342.6000,5847.00,0.000000,875.00
"TOI-6054.02",2.82000000,9.30000000000000e+00,2.250000,285.0000,6047.00,0.332000,1143.00
"TOI-5788 c",2.27200000,6.40000000000000e+00,3.032489,49.8000,5615.00,0.046000,667.00
"UZ For c",,2.44720000000000e+03,,,5286.90,0.050000,
"Kepler-1719 b",3.95000623,,1.320000,686.9000,5687.00,0.000000,1287.00
"K2-171 b",2.68657205,,2.180000,,5250.00,,
"Kepler-122 b",2.34000000,,2.610000,448.1020,6050.00,0.000000,1159.00
"Kepler-607 b",0.87000000,,4.920000,2302.6130,5196.00,0.000000,1874.00
"Kepler-1981 b",9.23000000,,0.437000,5.4500,5874.00,0.000000,390.00
"Kepler-430 b",3.25000000,,1.700000,40.8440,5884.00,0.000000,667.00
"Kepler-1229 b",1.40000000,,5.090000,0.5240,3784.00,0.000000,212.00
"HD 37605 c",13.10000000,,2.480000,0.0431,5329.00,0.030000,126.75
"TOI-1431 b",16.70138124,9.91624629840000e+02,1.170000,5300.0000,7690.00,0.002200,2370.00
"Kepler-1266 c",1.68023962,,4.010000,110.4000,4996.00,0.000000,881.00
"TOI-7009 b",3.71000000,,1.430000,42.4124,4080.00,,872.00
"K2-163 b",2.46610713,,2.440000,,4937.00,,
"Kepler-32 e",1.50000000,4.08181000000000e+00,0.091000,56.6490,3900.00,0.000000,652.00
"Kepler-1555 b",1.61000000,,4.240000,483.2620,5866.00,0.000000,959.00
"Kepler-1725 b",2.81251770,,2.050000,84.1000,6020.00,0.000000,767.00
"Kepler-155 c",2.24000000,,2.760000,1.2800,4508.00,0.000000,286.00
"HD 38529 c",12.50000000,3.29905886466000e+03,9.280000,0.6560,5697.00,0.357000,258.56
"TOI-6716 b",0.98200000,,5.290000,4.4000,3110.00,0.880000,369.00
"Kepler-163 c",2.26000000,,2.730000,30.2380,5776.00,0.000000,648.00
"Kepler-52 b",2.10000000,1.35000000000000e+02,3.350000,22.7200,4075.00,0.000000,553.00
"Kepler-439 b",2.24000000,,2.760000,1.8300,5431.00,0.030000,291.00
"Kepler-1491 c",2.44000000,,2.470000,18.6600,5626.00,0.000000,530.00
"TOI-5532 b",2.52763693,,2.360000,34.3229,4208.45,,617.33
"WASP-194 b",15.47960235,3.73130549818000e+02,0.550000,1365.0000,6405.00,0.000000,1693.00
"Kepler-1758 b",2.57059831,,2.310000,93.6400,5557.00,0.000000,1028.00
"OGLE-2006-BLG-109L c",11.10000000,8.60000000000000e+01,0.346000,,,0.150000,59.00
"Kepler-1158 b",2.34000000,,2.610000,449.6990,6203.00,0.000000,1079.00
"Kepler-311 b",1.70000000,,3.950000,201.3620,5905.00,0.000000,960.00
"MOA-2022-BLG-033L b",3.52000000,1.21500000000000e+01,1.530000,,,,
"Kepler-1956 b",1.08940238,,5.610000,48.8200,4391.00,0.000000,674.00
"Kepler-402 e",1.46000000,,4.820000,157.4810,6090.00,0.000000,931.00
"K2-335 b",2.21000000,,2.810000,,6222.00,,949.00
"MOA-2011-BLG-293L b",12.90000000,1.50000000000000e+03,3.840000,,,,
"Kepler-565 b",3.64000000,,1.470000,301.4600,5735.00,0.000000,1063.00
"Kepler-750 b",3.07000000,,1.830000,255.7400,6160.00,0.000000,1163.00
"K2-382 b",2.07200000,,3.060000,,5452.00,,
"TOI-1272 b",4.26000000,2.41000000000000e+01,1.720000,120.5950,4985.00,0.345000,1051.00
"Kepler-238 e",5.60000000,1.69700000000000e+02,0.540000,98.4610,5800.00,0.000000,731.00
"Kepler-1255 b",2.32000000,,2.640000,39.6710,6018.00,0.000000,694.00
"Kepler-352 c",1.24000000,,5.970000,26.3730,5212.00,0.000000,591.00
"Kepler-1742 b",2.17824130,,2.860000,10.7300,5776.00,0.000000,462.00
"Kepler-127 b",1.40000000,,5.090000,159.1630,6106.00,0.470000,884.00
"KMT-2018-BLG-1292L b",12.90000000,1.40000000000000e+03,3.580000,,,,
"HIP 111909 c",13.90000000,,0.527000,2.6982,4891.00,,357.64
"Kepler-568 b",2.26000000,,2.730000,8.3700,3768.00,0.000000,429.00
"Kepler-1611 b",0.81000000,,4.730000,146.2200,5605.00,0.000000,1243.00
"Kepler-1923 b",1.95958179,,3.290000,8.6300,5881.00,0.000000,553.00
"HD 63765 b",14.20000000,,0.323000,0.6270,5449.00,0.240000,246.90
"Kepler-896 b",2.53000000,,2.350000,1.9900,5262.00,0.000000,303.00
"Kepler-1208 b",2.32000000,,2.640000,37.6640,5001.00,0.000000,665.00
"Kepler-499 b",2.17000000,,2.880000,148.4560,5312.00,0.000000,844.00
"HD 62549 b",12.60000000,2.70758019923300e+03,7.440000,0.0121,5930.46,0.150000,92.25
"TOI-921 b",3.53409617,,1.520000,426.7683,6011.66,,951.00
"Kepler-155 b",2.09000000,,3.020000,23.5000,4508.00,0.000000,614.00
"HD 111591 b",12.90000000,,3.580000,6.0912,4884.00,0.260000,422.08
"Kepler-45 b",10.76000000,1.60497000000000e+02,0.800000,68.3700,3820.00,0.110000,1000.00
"Kepler-406 c",0.85000000,2.71000000000000e+00,24.390000,349.7690,5538.00,0.000000,1050.00
"KMT-2017-BLG-1057L b",5.19000000,2.35000000000000e+01,0.924000,,,,
"ups And c",12.30000000,4.44324112986000e+03,13.100000,4.8931,6156.77,0.259600,407.56
"Kepler-93 b",1.47800000,4.66000000000000e+00,7.930000,275.0000,5669.00,0.000000,1133.00
"TOI-3464 b",13.76462830,3.97285508750000e+02,0.830000,1370.0000,6370.00,0.250000,1693.00
"K2-375 b",2.24300000,,2.760000,,5822.00,,
"K2-5 b",1.91000000,,3.400000,24.1000,3930.00,,565.00
"TOI-5486 b",3.96824928,,1.310000,53.3297,3750.17,,752.00
"Kepler-596 b",3.46000000,,1.570000,82.3020,6267.00,0.000000,725.00
"Kepler-1757 b",2.94660251,,1.930000,21.5000,5288.00,0.000000,549.00
"OGLE-2017-BLG-0604L b",14.20000000,1.60000000000000e+02,0.307000,,,,
"K2-174 b",2.60000000,,2.270000,10.9555,4455.00,,455.00
"TOI-2267 b",1.00000000,,5.340000,8.4000,3030.00,,424.00
"TOI-756 c",13.00000000,,3.220000,0.2400,3657.00,0.445000,194.00
"K2-274 b",2.08000000,,3.040000,33.3287,5044.00,,655.00
"Kepler-415 b",1.21000000,1.19900000000000e+02,372.000000,69.8340,4362.00,0.000000,694.00
"Kepler-1686 b",1.42553017,,4.970000,167.2000,5714.96,0.000000,913.00
"Kepler-85 b",1.77800000,1.84000000000000e+00,1.819493,107.0280,5505.20,0.020000,809.00
"TOI-3593 b",11.02963701,5.65734564460000e+02,2.310000,308.0000,5550.00,0.105000,1170.00
"OGLE-2016-BLG-0007L b",1.09000000,1.32000000000000e+00,5.600000,,,,
"Kepler-263 c",2.47000000,,2.430000,5.9940,5265.00,0.000000,386.00
"K2-324 b",2.43000000,,2.480000,42.3931,3752.00,,707.00
"K2-218 b",2.56948149,,2.310000,,5757.00,,
"Kepler-403 d",1.42000000,,4.990000,285.2950,6209.00,0.000000,958.00
"TOI-954 b",9.55006800,5.53024200000000e+01,0.350000,1393.0000,5710.00,0.140000,1526.00
"HD 213519 b",2.99000000,,1.890000,125.3797,5840.00,0.413000,931.36
"Kepler-725 c",3.08000000,9.70000000000000e+00,1.820000,1.4000,5395.00,0.436000,268.00
"Kepler-378 b",0.75000000,,4.520000,17.8190,4661.00,0.000000,503.00
"Kepler-82 d",1.77000000,8.85098000000000e+02,220.000000,484.3510,5428.00,0.000000,1253.00
"TOI-1752 b",1.69300000,,3.970000,194.1729,3762.00,,1036.00
"K2-317 b",2.93000000,,1.950000,4.5848,3387.00,,432.00
"Kepler-1375 b",1.74000000,,3.840000,2948.3620,6704.00,0.000000,1543.00
"TIC 32032563 b",3.47739942,,1.560000,,5567.93,,
"WASP-29 b",8.63093000,7.31009000000000e+01,0.650000,121.7724,4800.00,0.030000,970.00
"Kepler-1476 b",1.67000000,,4.050000,75.6410,5663.00,0.000000,860.00
"Kepler-883 b",1.78000000,,3.720000,163.0520,6116.00,0.000000,818.00
"TOI-1820 b",12.77823800,7.31005336100000e+02,2.000000,292.2450,5734.00,0.043000,1375.00
"Kepler-1220 b",1.52000000,,4.570000,177.8420,5842.00,0.000000,899.00
"Kepler-1284 b",1.21000000,,5.960000,2190.0820,5123.00,0.000000,1703.00
"TOI-938 b",4.82401567,,1.020000,220.7350,5829.42,,1073.00
"HD 4760 b",12.30000000,,13.000000,654.9231,4076.00,0.230000,1198.67
"OGLE-2008-BLG-092L b",8.74000000,5.70000000000000e+01,0.469000,,,,
"HD 10180 g",,3.37533768234000e+03,,0.7317,5911.00,0.263000,251.27
"Kepler-1425 b",0.94000000,,5.150000,216.4050,5718.00,0.000000,676.00
"TOI-2497 b",11.14172682,1.53193292174000e+03,6.100000,997.8085,7360.00,0.195000,1595.00
"HD 240210 b",12.80000000,,4.340000,26.3684,4297.00,0.150000,970.67
"TOI-3362 b",12.80065596,1.59835905880300e+03,4.190000,37.2117,6532.00,0.815000,688.00
"Kepler-146 b",3.71000000,,1.430000,32.8900,5948.00,0.000000,639.00
"HIP 113103 c",2.40000000,,2.520000,180.4870,4930.00,0.170000,585.00
"TOI-1080 b",1.20000000,1.07000000000000e+01,,4.3500,3065.00,,368.00
"WASP-32 b",10.76064000,8.35892900000000e+02,3.240000,616.3300,6140.00,0.000000,1388.00
"Kepler-192 d",1.02000000,,5.390000,186.0760,5487.00,0.000000,926.00
"Kepler-1488 b",1.86000000,,3.520000,73.3350,5820.00,0.000000,650.00
"BD+14 4559 b",13.80000000,,0.691000,0.7867,4864.00,0.290000,246.28
"TOI-2977 b",13.15934334,5.33951723760000e+02,1.280000,947.8000,5691.00,0.000000,1544.00
"Kepler-1873 b",1.62573811,,4.190000,2412.1500,5151.00,0.000000,1787.00
"Kepler-52 d",1.95000000,8.88775000000000e+01,18.000000,2.9450,4263.00,0.000000,332.00
"K2-370 b",2.67000000,1.11000000000000e+01,3.200000,428.2050,5662.00,0.000000,1267.00
"Kepler-829 b",2.11000000,,2.980000,247.4700,5698.00,0.000000,857.00
"HIP 29442 d",1.53800000,5.14000000000000e+00,11.000000,203.0000,5289.00,,920.00
"nu Oct A b",13.30000000,6.96044211330000e+02,1.630000,8.5848,4910.00,0.195000,477.33
"Kepler-196 b",1.90000000,,3.420000,20.7350,5128.00,0.000000,536.00
"Kepler-131 b",2.41000000,1.61300000000000e+01,6.000000,66.1220,5685.00,0.000000,718.00
"Kepler-179 b",1.64000000,,4.150000,360.2620,5302.00,0.000000,1075.00
"Kepler-1745 b",1.92872921,,3.350000,1044.4900,5611.00,0.000000,1449.00
"Kepler-251 c",2.77000000,,2.090000,38.9530,5526.00,0.000000,655.00
"Kepler-806 b",1.14000000,,5.750000,413.6030,5770.00,0.000000,1089.00
"HD 38529 b",14.10000000,,0.405000,516.1847,5697.00,0.256000,1369.46
"Kepler-200 c",1.59000000,,4.310000,126.3610,5678.00,0.000000,806.00
"Kepler-1854 b",2.58746104,,2.290000,7.3300,5026.00,0.000000,420.00
"WASP-158 b",11.99363000,8.86745700000000e+02,3.100000,903.0130,6350.00,0.000000,1590.00
"OGLE-2017-BLG-1375L b",12.40000000,3.58500000000000e+03,10.300000,,,,
"KMT-2025-BLG-1616L b",7.34000000,4.23200000000000e+01,0.588000,,,,
"Kepler-438 b",1.12000000,,5.710000,1.4000,3748.00,0.030000,288.00
"TIC 139270665 c",12.90000000,,3.980000,0.2100,5844.00,0.566000,200.00
"HD 175541 b",14.10000000,,0.373000,9.0363,5013.00,0.110000,501.11
"Kepler-1266 b",2.58000000,,2.300000,10.3130,5044.00,0.000000,489.00
"Kepler-255 b",1.55000000,,4.460000,174.3950,5573.00,0.000000,971.00
"Kepler-1423 b",1.06000000,,5.540000,71.1600,4939.00,0.000000,741.00
"HIP 81208 C b",12.30000000,4.70386042360000e+03,13.900000,,,,2050.00
"Kepler-1869 b",1.11955354,,5.720000,138.5000,5808.00,0.000000,865.00
"Kepler-1831 b",1.97019818,,3.260000,288.6900,6063.00,0.000000,1051.00
"HD 219134 b",1.60200000,4.74000000000000e+00,6.340000,176.2000,4699.00,0.000000,1015.00
"TOI-6695 c",13.60000000,,1.010000,4.9413,6400.00,0.022000,415.00
"Kepler-1797 b",3.05774442,,1.840000,51.6800,6244.00,0.000000,684.00
"HIP 35173 b",3.61000000,,1.480000,6.4967,4881.00,0.160000,444.34
"Kepler-1894 b",1.20117759,,5.930000,544.0500,5772.00,0.000000,1231.00
"Kepler-1223 b",1.22000000,,5.990000,20.5100,4870.00,0.000000,557.00
"K2-7 b",4.03523305,,1.280000,125.0000,5700.00,0.240000,786.00
"Kepler-307 b",2.43000000,7.44000000000000e+00,2.620000,59.7000,5367.00,0.000000,797.00
"KMT-2024-BLG-2005L b",8.18000000,5.08525451200000e+01,0.511000,,,,
"Kepler-755 c",1.26000000,,5.850000,302.5740,5043.00,0.000000,1016.00
"HAT-P-22 b",12.89035000,7.85040100000000e+02,2.140000,325.5690,5302.00,0.020000,1463.00
"Kepler-268 b",2.55000000,,2.330000,64.9330,6081.00,0.000000,695.00
"K2-381 c",2.00000000,,3.200000,,4473.00,,
"Kepler-1775 b",3.64762153,,1.460000,9.9000,5818.00,0.000000,522.00
"HAT-P-20 b",9.71800000,2.30289900000000e+03,13.780000,85.1168,4595.00,0.015000,970.00
"Kepler-607 c",2.76001201,,2.100000,8.8000,5244.00,0.000000,473.00
"Kepler-730 b",12.32990000,,,418.7970,5620.00,0.000000,1219.00
"Kepler-907 b",1.20000000,,5.950000,137.6600,6106.00,0.000000,879.00
"Kepler-318 c",3.68000000,,1.440000,96.5130,5746.00,0.000000,762.00
"Kepler-823 b",1.57000000,,4.390000,803.3530,5643.00,0.000000,1277.00
"HD 75302 b",12.80000000,1.71627339780000e+03,4.500000,0.0299,5697.46,0.390000,115.76
"TOI-540 b",0.90300000,,5.030000,23.4000,3216.00,0.000000,611.00
"Kepler-225 b",1.20000000,,5.950000,38.8830,3682.00,0.000000,579.00
"GJ 3323 c",1.32000000,,5.520000,0.1700,3159.00,0.170000,147.80
"K2-13 b",1.89000000,,3.440000,22.8000,5698.00,,511.00
"Kepler-647 c",4.00135002,,1.300000,69.0000,5906.74,0.000000,644.00
"HD 24085 b",3.46000000,,1.570000,2061.4187,6034.00,0.220000,1875.43
"K2-360 c",4.02000000,,1.290000,115.0000,5679.00,0.110000,912.00
"Kepler-1513 c",11.00000000,8.45423562620000e+01,0.349000,,5491.00,0.125000,
"Kepler-314 b",0.83000000,,4.790000,488.6740,5378.00,0.000000,1195.00
"Kepler-1184 b",2.68000000,,2.180000,18.0390,5983.00,0.000000,529.00
"TOI-1438 c",2.75000000,1.06000000000000e+01,2.900000,65.0000,5230.00,0.000000,794.00
"HD 155193 b",14.00000000,,0.477000,4.0461,6239.00,0.210000,391.86
"KMT-2019-BLG-0578L b",13.70000000,3.81394088400000e+02,0.815000,,,,
"Kepler-10 d",3.49000000,,1.550000,3.9198,5708.00,0.190000,387.00
"TOI-6041 c",10.50000000,,0.370000,4.4200,5445.00,,403.50
"HIP 97233 b",12.10000000,6.09817364510900e+03,18.900000,2.5778,5020.00,0.630000,354.42
"HD 109833 c",2.59000000,,2.280000,77.4842,5881.00,0.300000,756.70
"HD 107148 c",4.70000000,,1.050000,66.7145,5752.92,0.340000,799.68
"TOI-2104 b",1.52898127,,4.540000,85.3357,4856.13,,846.00
"Kepler-502 b",4.77000000,,1.030000,859.5090,6125.00,0.000000,1217.00
"Kepler-1871 b",2.42172881,,2.490000,917.1500,5741.00,0.000000,1403.00
"Kepler-1235 b",0.79000000,,4.660000,265.3250,5541.00,0.000000,985.00
"OGLE-2013-BLG-0911L b",12.50000000,3.02000000000000e+03,8.500000,,,,
"Kepler-1625 b",6.06000000,,0.756000,3.3000,5677.00,0.000000,350.00
"K2-158 b",2.64000000,,2.230000,87.3327,5503.00,,794.00
"Kepler-302 c",12.45000000,,,4.5850,5740.00,0.000000,392.00
"TOI-1669 c",2.29639770,1.30000000000000e+01,6.000000,342.9970,5497.00,0.000000,1285.16
"Kepler-69 b",2.24000000,,2.760000,123.5170,5638.00,0.160000,779.00
"Kepler-120 b",2.15000000,8.50000000000000e+00,4.700000,42.6920,4096.00,0.000000,575.00
"HIP 77900 b",12.10000000,6.67439654700000e+03,20.700000,,13646.00,,2507.00
"WASP-153 b",17.37395000,1.23953700000000e+02,0.150000,1400.0000,5914.00,0.009000,1700.00
"KMT-2021-BLG-0712L b",6.91000000,3.81900000000000e+01,0.636000,,,,
"Kepler-341 e",1.99000000,,3.220000,25.6670,6012.00,0.000000,539.00
"Kepler-627 b",3.73000000,,1.420000,39.3030,6424.00,0.000000,685.00
"OGLE-2018-BLG-0506L b",4.18000000,1.63000000000000e+01,1.230000,,,,
"TOI-778 b",15.40000000,8.78000000000000e+02,1.300000,734.6720,6643.00,0.210000,1561.00
"TOI-7333 b",2.09469416,,3.010000,53.9635,4586.87,,755.00
"K2-176 b",1.49090097,,4.690000,,5428.00,,
"Kepler-737 b",1.96000000,,3.280000,2.2970,3813.00,0.000000,298.00
"NGTS-13 b",12.80067800,1.53829720000000e+03,4.020000,1096.0000,5819.00,0.086000,1605.00
"Kepler-1175 b",2.99000000,,1.900000,12.9380,5453.00,0.000000,515.00
"HD 130322 b",13.70000000,,0.781000,67.9633,5387.00,0.029000,720.00
"K2-77 b",2.49960270,6.03877000000000e+02,,58.0000,5160.00,0.290000,806.00
"TOI-2453 b",3.24380341,,1.710000,21.7490,3720.23,,550.78
"Gl 49 b",2.24000000,,2.750000,6.0291,3805.00,0.363000,435.99
"TOI-2416 b",9.86390302,9.53485221000000e+02,5.400000,130.9300,5808.00,0.320000,1080.00
"TOI-3523 A b",15.97279750,4.35424917590000e+02,0.587000,2590.0000,6450.00,0.047000,1984.00
"Kepler-843 b",2.59000000,,2.280000,890.3330,5830.00,0.000000,1523.00
"Kepler-249 b",1.09000000,,5.600000,24.2600,3568.00,0.000000,554.00
"TOI-4640 b",2.84326517,,2.020000,854.2741,5743.01,,1378.86
"TYC 1422-614-1 c",12.50000000,,8.940000,11.9278,4806.00,0.048000,518.21
"K2-349 b",1.38000000,,5.190000,,4385.00,,518.00
"GJ 2056 b",4.17000000,,1.230000,1.5537,4069.95,0.720000,310.74
"Kepler-1910 b",1.18400000,,5.890000,40.8800,4234.00,0.000000,645.00
"Kepler-1655 b",2.21300000,5.40000000000000e+00,2.720000,129.1000,6148.00,0.190000,938.00
"TOI-1453 c",2.22400000,2.95000000000000e+00,1.472135,75.3000,4975.00,0.000000,819.80
"HD 191939 g",3.74000000,,1.420000,0.9900,5348.00,0.030000,278.00
"K2-358 b",2.68000000,,2.180000,92.6053,5650.00,,888.00
"K2-336 b",1.22000000,,5.990000,,5424.00,,569.00
"Kepler-1237 b",2.86000000,,2.010000,4.0420,5472.00,0.000000,366.00
"HAT-P-38 b",9.24700000,8.48570000000000e+01,0.590000,243.0337,5330.00,0.067000,1082.00
"K2-55 b",4.43000000,4.40000000000000e+01,2.800000,141.3000,4300.00,0.070000,900.00
"HD 21693 c",4.34000000,,1.170000,9.2712,5430.00,0.070000,492.36
"TOI-7149 b",13.20000000,2.24000000000000e+02,0.530000,20.6000,3363.00,0.078000,593.00
"Kepler-852 b",2.54000000,,2.340000,92.1310,6100.00,0.000000,565.00
"K2-357 b",3.72000000,,1.430000,40.8918,5794.00,,735.00
"KMT-2021-BLG-1391L b",1.97000000,4.55000000000000e+00,3.270000,,,,
"TOI-3976 A b",12.27383387,5.56199712250000e+01,0.165000,469.0000,5975.00,0.000000,1295.00
"Kepler-1357 b",1.28000000,,5.710000,449.9750,5597.00,0.000000,1177.00
"Kepler-132 e",1.18000000,,5.890000,6.1000,6023.00,0.000000,414.00
"OGLE-2015-BLG-1609L b",10.40000000,7.62788176800000e+01,0.373000,,,,
"TOI-763 b",2.28000000,9.79000000000000e+00,4.510000,182.9350,5450.00,0.040000,1038.00
"HATS-14 b",11.64615100,3.40395930000000e+02,1.191000,505.8840,5346.00,0.142000,1276.00
"Kepler-1320 b",1.70000000,,3.950000,672.1130,4817.00,0.000000,1389.00
"Kepler-1807 b",2.70393215,,2.160000,356.2400,6455.00,0.000000,1108.00
"rho CrB e",1.75000000,,3.800000,151.5473,5817.00,0.082000,1004.88
"Kepler-1613 b",2.08000000,,3.040000,6797.6230,6005.00,0.000000,1926.00
"HD 20794 b",1.45000000,,4.870000,43.4733,5368.00,0.064000,660.00
"K2-277 b",2.18575124,7.40000000000000e+00,4.000000,195.0000,5680.00,0.520000,1049.00
"Kepler-1032 b",1.87000000,,3.500000,176.1440,4647.00,0.000000,802.00
"TOI-5726.01",2.55400000,,2.330000,338.9500,5874.00,,1093.03
"Wolf 327 b",1.24000000,2.53000000000000e+00,7.240000,233.9000,3542.00,0.000000,996.00
"GJ 3378 b",1.32000000,,5.500000,0.9100,3340.00,0.000000,272.00
"Kepler-62 f",1.41000000,3.50000000000000e+01,,0.5000,4925.00,0.000000,208.00
"OGLE-2018-BLG-1185L b",2.83000000,8.40000000000000e+00,2.040000,,,,
"Kepler-294 c",2.71000000,,2.150000,151.4910,5913.00,0.000000,895.00
"Kepler-21 b",1.63900000,7.50000000000000e+00,9.300000,2749.0000,6305.00,0.000000,2015.00
"HD 161178 b",14.10000000,,0.355000,78.0069,4786.00,0.044000,828.33
"Kepler-36 b",1.49800000,3.83000000000000e+00,6.260000,247.0000,5979.00,0.000000,978.00
"ups And b",14.00000000,,0.438000,955.9835,6156.77,0.021500,1523.73
"Kepler-42 d",0.57000000,3.57785000000000e-01,0.550000,12.5380,3068.00,0.020000,450.00
"KMT-2016-BLG-1105L b",1.33000000,2.32000000000000e+00,5.420000,,,,
"TOI-6478 b",4.60000000,,1.080000,0.0003,3230.00,,204.40
"Kepler-125 b",2.37000000,,2.560000,33.1840,3810.00,0.000000,590.00
"Kepler-1407 b",2.25000000,,2.740000,78.6670,6010.00,0.000000,826.00
"TOI-1246 b",3.01000000,8.10000000000000e+00,1.630000,196.0000,5151.00,,955.00
"HD 16760 b",12.10000000,6.83331075050000e+03,21.200000,0.5388,5518.00,0.079000,226.14
"Kepler-471 b",14.96000000,,,1146.8780,6733.00,0.000000,1308.00
"TOI-3837 b",10.87271128,1.87518760130000e+02,0.820000,138.0650,5905.00,0.221000,1178.00
"Kepler-1561 b",1.09000000,,5.600000,2364.8070,5957.00,0.000000,1682.00
"Kepler-1338 b",0.92000000,,5.090000,4712.1110,5909.00,0.000000,2124.00
"HD 143361 b",12.90000000,1.38255357045000e+03,3.540000,0.2050,5507.00,0.197000,180.26
"WASP-59 b",8.68700000,2.74276000000000e+02,2.400000,38.0328,4650.00,0.100000,670.00
"Kepler-1293 b",0.97000000,,5.240000,929.1220,6241.00,0.000000,1183.00
"Kepler-59 c",1.98000000,3.81000000000000e+00,1.620000,107.7410,6074.00,0.000000,752.00
"Kepler-825 b",1.53000000,,4.540000,734.4640,5976.00,0.000000,1270.00
"KELT-14 b",19.53728700,4.08093720000000e+02,0.322000,826.1130,5720.00,0.000000,1970.00
"Kepler-339 d",1.17000000,1.47000000000000e+01,50.400000,58.6510,5631.00,0.000000,796.00
"Kepler-1280 b",1.87000000,,3.500000,35.2930,6227.00,0.000000,757.00
"Kepler-245 c",2.18000000,2.67000000000000e+01,9.400000,25.1520,5100.00,0.000000,568.00
"Kepler-1481 b",1.23000000,,6.020000,71.9400,4908.00,0.000000,797.00
"TOI-1266 c",1.98000000,3.17000000000000e+00,2.250000,2.4200,3563.00,0.071000,346.00
"Kepler-1838 b",1.66049425,,4.080000,271.6000,5877.00,0.000000,1097.00
"K2-75 c",2.77000000,,2.090000,138.0000,5995.00,,955.14
"CoRoT-18 b",14.68000000,1.10282000000000e+03,2.200000,823.7009,5440.00,0.080000,1550.00
"HD 76920 b",13.10000000,,2.430000,24.7841,4664.00,0.878200,621.44
"KOI-351 d",2.87000000,,2.000000,18.1680,6080.00,0.000000,520.00
"Kepler-1414 b",1.23000000,,6.020000,209.4640,4951.00,0.000000,1033.00
"alf Tau b",12.70000000,,5.520000,220.4420,4055.00,0.100000,1086.77
"Kepler-178 c",2.88000000,,1.990000,30.5460,5676.00,0.000000,656.00
"Kepler-1731 b",2.93295657,,1.940000,13.3000,4859.00,0.000000,486.00
"Kepler-710 b",1.88000000,,3.470000,710.8720,5611.00,0.000000,1174.00
"HD 219134 g",3.28000000,,1.680000,2.2009,4913.00,0.000000,339.34
"K2-5 c",2.26000000,,2.730000,10.2000,3930.00,,456.00
"Kepler-708 b",2.93000000,,1.950000,684.7650,5692.00,0.000000,1221.00
"HD 69123 b",13.10000000,9.82089777630000e+02,2.400000,4.7903,4842.00,0.190000,411.78
"WASP-54 b",17.71022000,1.87519700000000e+02,0.167000,1639.1072,6100.00,0.070000,1759.00
"ROXs 42 B b",12.50000000,2.86000000000000e+03,8.050000,0.0000,3433.00,0.580000,1975.00
"Kepler-398 b",0.93000000,,5.120000,81.2870,4493.00,0.000000,755.00
"Kepler-1018 b",2.58000000,,2.300000,12.0980,5518.00,0.000000,498.00
"TOI-4734 b",10.91754720,6.16587109580000e+01,0.260000,775.0000,6070.00,0.120000,1468.00
"K2-250 b",2.71257333,,2.150000,169.2180,5003.00,0.210000,1003.00
"K2-381 d",1.68900000,,3.990000,,4473.00,,
"KMT-2021-BLG-1077L c",10.60000000,7.94571017500000e+01,0.367000,,,,
"TOI-2842 b",12.84549188,1.17596510590000e+02,0.304000,781.8000,5910.00,0.000000,1471.00
"HD 105779 b",14.10000000,,0.399000,0.0683,5792.00,0.000000,147.29
"Kepler-1181 c",1.83000000,,3.600000,377.2500,6688.00,0.000000,1124.00
"Kepler-31 b",5.50000000,3.67418000000000e+01,0.780000,91.4740,6340.00,0.000000,781.00
"EPIC 206024342 c",1.40000000,,5.090000,,5724.00,,
"Kepler-633 c",2.29600000,,2.670000,115.4000,5877.00,0.000000,725.00
"K2-320 b",2.62000000,,2.250000,37.1662,3157.00,,698.00
"HD 114386 c",13.40000000,,0.269000,0.2616,4895.00,0.100000,200.82
"Kepler-1523 b",1.58000000,,4.350000,2218.1450,5708.00,0.000000,1676.00
"GJ 463 b",13.10000000,1.08061658380000e+03,2.640000,0.0024,3563.00,0.146000,63.55
"Kepler-1606 b",2.07000000,,3.060000,1.2900,5422.00,0.000000,324.00
"TOI-6699 b",2.32645266,,2.630000,150.9100,4705.10,,976.00
"GQ Lup b",33.60000000,6.35600000000000e+03,0.921000,0.0001,4360.00,,2650.00
"HD 33564 b",12.50000000,,8.140000,2.8331,6250.00,0.340000,344.43
"Kepler-30 c",12.30000000,6.40000000000000e+02,1.880000,6.2170,5498.00,0.011100,411.00
"TOI-2886 b",18.64053490,4.44959769800000e+02,0.377000,2560.0000,6240.00,0.110000,1978.00
"Kepler-62 c",0.54000000,4.00000000000000e+00,,28.4890,4925.00,0.000000,578.00
"Kepler-1016 c",3.68000000,,1.440000,7.0710,5821.00,0.000000,407.00
"HD 125612 c",4.07000000,,1.270000,441.4278,5900.00,0.149000,1303.14
"Kepler-1930 b",1.52955541,,4.530000,31.6000,5083.00,0.000000,643.00
"Wolf 1061 d",2.69000000,,2.170000,0.0600,3342.00,0.550000,130.24
"K2-397 b",2.41700000,,2.500000,,5387.00,,
"Kepler-270 c",1.77000000,,3.750000,62.2410,6067.00,0.000000,756.00
"Kepler-589 b",2.27000000,,2.710000,32.1420,5296.00,0.000000,656.00
"Kepler-1082 b",1.12000000,,5.710000,2949.5570,5923.00,0.000000,1827.00
"Kepler-431 d",1.11000000,,5.670000,272.8380,6004.00,0.000000,856.00
"KIC 3558849 b",6.90000000,,0.637000,,6175.00,,
"Kepler-11 e",4.19000000,8.00000000000000e+00,0.580000,32.3400,5663.00,0.012000,582.00
"K2-387 b",7.32200000,,0.591000,,3572.00,,
"Kepler-1824 b",2.38127597,,2.550000,7.4500,6002.00,0.000000,421.00
"WASP-170 b",12.28506400,5.08528000000000e+02,1.600000,680.0000,5600.00,,1422.00
"WD 0806-661 b",12.10569916,2.22479884900000e+03,6.890000,,10393.00,,357.00
"K2-74 b",2.31000000,,2.650000,59.1000,6060.00,,772.58
"K2-239 b",1.10000000,,5.660000,8.2270,3420.00,,502.00
"Kepler-544 b",2.12000000,,2.960000,126.0310,6206.00,0.000000,748.00
"TOI-1246 d",3.43139739,5.40000000000000e+00,0.730000,28.0000,5213.00,0.000000,587.77
"HD 39194 d",2.12000000,,2.980000,10.2669,5205.00,0.159000,503.31
"KOINTREAU-3 b",13.10000000,1.08061658380000e+03,2.640000,0.0000,3920.00,,8.74
"Kepler-1326 b",4.18000000,,1.230000,47.8400,6725.00,0.000000,938.00
"HATS-9 b",13.85000000,2.66023710000000e+02,0.626000,2292.0839,5599.00,0.075000,1746.00
"Kepler-1563 b",0.75000000,,4.520000,390.5700,5765.00,0.000000,1134.00
"Kepler-1721 b",3.11856756,,1.790000,172.6000,5351.00,0.000000,924.00
"Kepler-256 e",2.35000000,,2.590000,98.9000,5551.00,0.000000,897.00
"TOI-1184 b",2.39000000,6.80000000000000e+00,2.630000,57.5400,4534.00,0.000000,715.47
"G 192-15 b",1.02000000,,5.330000,7.0600,2999.00,0.000000,453.60
"HD 168746 b",11.10000000,,0.345000,224.4898,5570.00,0.110000,900.00
"HD 20781 c",2.17000000,,2.870000,48.6103,5256.00,0.090000,730.30
"HATS-61 b",13.39475500,1.08062200000000e+03,2.470000,374.2000,5542.00,0.092000,1226.10
"Kepler-848 b",1.70000000,,3.950000,794.7780,5695.00,0.000000,1086.00
"HD 184010 b",12.10000000,,0.306000,14.8144,4971.00,0.000000,545.04
"WASP-132 b",10.09929161,1.36030558196000e+02,0.730000,58.5000,4686.00,0.016300,682.00
"HD 23472 d",0.75000000,5.50000000000000e-01,7.500000,117.0000,4684.00,0.070000,909.00
"Kepler-1227 b",2.29000000,,2.680000,4.1790,5747.00,0.000000,369.00
"Kepler-388 c",0.86000000,,4.890000,16.6400,4498.00,0.000000,515.00
"HD 129445 b",13.30000000,7.97749301570000e+02,1.860000,0.1462,5646.00,0.700000,173.36
"WASP-141 b",13.56289000,8.54962700000000e+02,1.980000,1061.5542,5900.00,0.000000,1540.00
"TrES-2 b",15.24424000,4.73566700000000e+02,0.884000,903.8640,5850.00,0.000000,1466.00
"HD 108863 b",13.30000000,,1.790000,9.6419,4878.00,0.032000,490.51
"Kepler-1586 b",1.52000000,,4.570000,105.7710,6681.00,0.000000,1013.00
"HD 109749 b",11.10000000,,0.345000,409.4961,5824.00,0.000000,1250.83
"Kepler-1355 b",1.46000000,,4.820000,944.8730,5352.00,0.000000,1448.00
"TOI-2015 c",2.93000000,8.91000000000000e+00,1.950000,6.6800,3297.00,0.000330,448.00
"Kepler-1747 b",4.26508000,,1.190000,138.3300,5477.00,0.000000,875.00
"Kepler-411 d",3.31900000,1.52000000000000e+01,2.300000,3.9000,4974.00,0.128000,410.00
"Kepler-909 b",1.47000000,,4.770000,127.2400,6154.00,0.000000,852.00
"Kepler-169 b",1.13000000,,5.750000,195.2210,4997.00,0.000000,962.00
"Kepler-1557 b",1.53000000,,4.540000,645.5430,6099.00,0.000000,1287.00
"Kepler-30 b",3.90000000,1.13000000000000e+01,1.020000,16.3790,5498.00,0.042000,524.00
"TOI-4156 c",2.92303762,,1.950000,101.3929,5971.64,,809.32
"HD 87816 c",12.40000000,,11.200000,0.4396,4989.00,0.190000,226.65
"Kepler-1710 b",3.19744103,,1.112250,48.9000,5650.00,0.000000,694.00
"Kepler-842 b",1.60000000,,4.280000,588.9500,4848.00,0.000000,1252.00
"Kepler-185 c",2.02000000,,3.160000,16.0290,5208.00,0.000000,530.00
"HD 168009 b",3.05000000,,1.850000,99.3735,5778.33,0.120000,887.57
"MOA-2022-BLG-563L b",14.00000000,1.27131362800000e+02,0.255000,,,,
"Kepler-245 d",3.03000000,2.16000000000000e+01,0.011100,9.4920,5100.00,0.000000,445.00
"Kepler-81 c",2.37000000,4.30000000000000e+00,1.770000,15.6200,4385.00,0.000000,502.00
"HIP 105854 b",12.60000000,,7.160000,71.2902,4780.00,0.020000,822.14
"Kepler-1001 c",1.57799279,,4.350000,72.4000,5376.00,0.000000,804.00
"Kepler-763 b",1.22000000,,5.990000,974.0890,5166.00,0.000000,1414.00
"Kepler-738 b",2.50000000,,2.390000,27.6440,5327.00,0.000000,530.00
"EPIC 211945201 b",5.76000000,1.10000000000000e+01,0.330000,101.0000,6069.00,0.000000,817.00
"TOI-2796 b",17.26183028,1.39844499080000e+02,0.150000,352.0000,5764.00,0.000000,1205.00
"HD 6860 b",11.90000000,,29.300000,406.4355,3802.00,0.280000,1196.06
"HD 86081 b",13.60000000,,1.030000,2003.7697,5939.00,0.011900,1860.31
"Kepler-317 c",1.72000000,,3.900000,81.7610,5497.00,0.000000,837.00
"HD 34445 b",13.90000000,,0.533000,0.4691,5879.00,0.270000,231.47
"OGLE-2018-BLG-0383L b",2.41000000,6.40000000000000e+00,2.510000,,,,
"K2-37 d",2.31000000,1.25000000000000e+01,4.700000,41.3000,5352.00,,646.00
"NGTS-31 b",18.04645893,3.55967815840000e+02,0.300000,643.0000,5710.00,0.000000,1410.00
"Kepler-1498 b",1.33000000,,5.440000,9.8600,5256.00,0.000000,564.00
"HIP 18606 b",14.00000000,,0.490000,4.4294,4860.00,,405.91
"Kepler-256 b",1.59000000,,4.310000,1225.9340,5551.00,0.000000,1681.00
"Kepler-801 b",2.00000000,,3.200000,14.4420,4435.00,0.000000,419.00
"TOI-2525 c",10.13291855,2.08813263399000e+02,1.110000,6.0478,5096.00,0.157000,399.96
"KIC 3526061 b",12.10000000,,17.900000,0.6208,4829.00,0.850000,248.63
"TOI-1248 b",6.80848590,2.74000000000000e+01,0.470000,202.0739,5205.00,0.000000,952.09
"HD 23079 b",13.20000000,,2.020000,0.5273,5994.00,0.073480,237.47
"K2-381 b",1.07500000,,5.570000,,4473.00,,
"WASP-110 b",13.19297028,1.54782434209000e+02,0.396533,279.0000,5392.00,0.000000,1158.00
"HD 11964 c",5.38000000,,0.882000,54.8750,5303.00,0.300000,757.54
"Kepler-219 d",2.81000000,1.91000000000000e+01,4.730000,20.0100,5786.00,0.000000,598.00
"Kepler-962 b",1.97000000,,3.260000,53.8230,5478.00,0.000000,689.00
"OGLE-2018-BLG-1126L b",4.41000000,1.77983907920000e+01,1.140000,,,,
"Kepler-1663 b",3.30395896,,1.660000,4.0700,3844.00,0.000000,362.00
"TIC 52059926 b",10.71000000,5.38000000000000e+03,24.100000,4.4802,4505.00,0.510000,229.60
"Kepler-1998 b",0.60000000,,3.970000,468.3100,5640.00,0.000000,1187.00
"Kepler-921 b",2.87000000,,2.000000,15.0070,5663.00,0.000000,492.00
"Kepler-1137 b",2.20000000,,2.830000,197.8460,6807.00,0.000000,1020.00
"KMT-2021-BLG-0171L b",3.35000000,1.12000000000000e+01,1.640000,,5200.00,,
"HD 224538 b",12.70000000,2.07573732611700e+03,5.570000,0.5230,6097.00,0.476000,236.74
"K2-63 c",3.90000000,,1.340000,139.0000,6771.00,,958.85
"KOI-4978 b",0.70000000,,4.340000,,5050.28,,
"TOI-3364 b",12.22899794,5.30773439690000e+02,1.600000,425.0000,5706.00,0.000000,1264.00
"Kepler-569 b",3.16000000,,1.760000,19.3140,5616.00,0.000000,526.00
"Kepler-1539 b",2.70000000,,2.160000,1.5720,5176.00,0.000000,301.00
"HIP 4845 b",3.89000000,,1.340000,2.9859,4010.00,0.250000,358.21
"KMT-2021-BLG-0240L b",9.60000000,6.67439654700000e+01,0.415000,,,,
"Kepler-1482 b",1.01000000,,5.390000,86.4990,5381.00,0.000000,678.00
"HATS-53 b",15.02006000,1.89108850000000e+02,0.303000,471.6100,5644.00,0.330000,1312.00
"TOI-5422 b",9.10169233,8.89919539600000e+03,65.800000,580.0000,5820.00,0.094000,1369.00
"Kepler-117 b",8.05900000,2.98750000000000e+01,0.300000,157.5410,6150.00,0.049300,984.00
"Kepler-1976 b",12.21000000,,,349.4000,5712.00,0.000000,1103.00
"Kepler-1676 b",3.37695960,,1.610000,33.4500,5878.30,0.000000,782.00
"LHS 1678 d",0.98100000,,5.280000,9.1000,3490.00,0.036000,462.95
"Kepler-289 c",11.23000000,1.57180000000000e+02,0.660000,4.8820,5990.00,0.000000,394.00
"WASP-161 b",12.81188700,7.91396700000000e+02,2.200000,990.0000,6400.00,,1557.00
"Kepler-449 c",2.76400000,,2.100000,45.0900,5649.18,0.050000,661.00
"Kepler-169 e",2.20000000,,2.830000,28.5480,4997.00,0.000000,595.00
"KMT-2018-BLG-0030L b",13.60000000,4.60851190150000e+02,1.010000,,,,
"HD 86950 b",13.00000000,,2.860000,4.9065,4805.00,0.170000,416.76
"HD 127506 b",5.67000000,,0.824000,2.6404,4595.32,0.240000,354.80
"TOI-1347 c",1.60000000,6.40000000000000e+00,4.100000,183.6642,5464.00,0.000000,1000.00
"Kepler-54 c",1.23000000,7.00000000000000e-01,2.376368,3.0700,3705.00,0.000000,395.00
"Kepler-1150 b",1.02000000,,5.390000,153.7410,4754.00,0.000000,1432.00
"Kepler-390 c",0.79000000,,4.660000,41.3510,5166.00,0.000000,630.00
"Kepler-1092 b",2.07000000,,3.060000,17.0160,5862.00,0.000000,508.00
"Kepler-259 c",2.70000000,,2.160000,15.0540,5938.00,0.000000,530.00
"Kepler-1765 b",2.49508857,,2.400000,126.4800,5692.00,0.000000,855.00
"Kepler-138 b",0.64000000,7.00000000000000e-02,1.700000,9.9000,3841.00,0.020000,452.00
"HD 219415 b",13.80000000,,0.665000,0.4071,4820.00,0.400000,221.26
"HD 175607 b",,2.45617792929600e+03,,,5392.00,0.110000,
"K2-285 d",2.48000000,6.50000000000000e+00,,24.6100,4975.00,0.000000,619.90
"HD 140901 c",13.40000000,5.72091132600000e+02,1.310000,0.0057,5610.00,0.770000,76.76
"Kepler-1536 b",3.14000000,,1.770000,0.1930,4434.00,0.000000,166.00
"TOI-1824 b",2.74382690,1.60000000000000e+01,4.240000,14.6287,5165.00,0.000000,528.67
"Kepler-509 b",2.49000000,,2.410000,28.4810,6060.00,0.000000,584.00
"Kepler-431 b",0.76400000,,4.560000,577.5450,6004.00,0.000000,1032.00
"GJ 649 b",10.80000000,,0.358000,0.0352,3734.00,0.083000,120.74
"DMPP-4 b",3.53000000,,1.520000,1222.8464,6400.00,0.063000,1645.69
"Kepler-184 d",2.49000000,,2.410000,18.5570,5788.00,0.000000,559.00
"Kepler-813 b",2.14000000,,2.930000,56.0400,5743.00,0.000000,817.00
"Kepler-1140 b",2.77000000,,2.090000,13.0510,4850.00,0.000000,500.00
"TOI-1799 b",1.64200000,4.00000000000000e+00,7.510000,164.2600,5690.00,0.000000,922.72
"K2-65 b",1.58000000,,4.350000,45.0000,5213.00,,723.51
"Kepler-104 d",3.58000000,,1.668541,16.0120,5711.00,0.000000,515.00
"K2-72 d",1.01000000,,5.390000,5.4000,3360.47,0.110000,416.92
"Kepler-11 g",3.33000000,2.50000000000000e+01,4.000000,5.6500,5663.00,0.150000,376.00
"HD 148164 b",13.70000000,,0.835000,2.1682,6032.00,0.587000,337.89
"TOI-1269 c",2.22999162,,2.770000,54.6767,5554.02,,757.00
"Kepler-402 b",1.22000000,,5.990000,619.8440,6090.00,0.000000,1311.00
"K2-184 b",1.47000000,,4.770000,14.0501,5245.00,,533.00
"Kepler-372 d",1.69000000,,3.980000,53.4710,6509.00,0.000000,660.00
"2MASS J11550485-7919108 b",12.10000000,6.35656814000000e+03,19.700000,0.0000,3021.00,,2506.00
"HD 25723 b",13.30000000,,1.860000,39.6333,4766.00,0.040000,698.40
"TOI-7155 b",2.40821473,,2.510000,116.2530,4673.03,,914.00
"TOI-941 b",6.51165317,,0.689000,220.1422,5745.88,,982.42
"Kepler-1499 b",1.19000000,,5.900000,7.3710,5097.00,0.000000,409.00
"HD 187123 b",14.20000000,,0.319000,738.4255,5790.00,0.010300,1450.90
"Kepler-1073 b",2.30000000,,2.660000,128.5500,5792.00,0.000000,905.00
"HD 1666 b",12.70000000,,5.470000,6.0778,6317.00,0.630000,436.47
"OGLE-TR-10 b",14.01100000,1.97046000000000e+02,0.400000,818.5035,5950.00,0.000000,1702.00
"Kepler-436 b",2.73000000,,2.130000,1.6900,4651.00,0.190000,322.00
"Kepler-84 b",2.23000000,4.00000000000000e+01,19.800000,222.1900,6039.00,0.000000,985.00
"MOA-2010-BLG-328L b",2.99000000,9.20000000000000e+00,1.890000,,,,
"8 UMi b",13.50000000,,1.170000,247.8402,4847.00,0.062000,1126.38
"Kepler-1093 b",1.95000000,,3.310000,98.8000,6166.00,0.000000,776.00
"KOI-351 e",2.66000000,,2.210000,10.2280,6080.00,0.000000,450.00
"Kepler-778 b",1.68000000,,4.010000,216.5680,5102.00,0.000000,977.00
"HD 101581 b",0.95600000,,5.200000,80.0000,4675.00,,834.00
"TOI-1883 b",5.65000000,1.37000000000000e+01,0.400000,14.7000,3554.00,0.000000,544.00
"Kepler-1522 b",1.73000000,,3.860000,1513.4570,5706.00,0.000000,1374.00
"Kepler-1245 b",1.44000000,,4.910000,194.3440,5306.00,0.000000,1043.00
"SWEEPS-11 b",12.66600000,3.08282000000000e+03,8.340000,,,,
"HD 159868 b",13.30000000,,1.650000,0.6680,5534.00,0.024000,255.69
"OGLE-2018-BLG-0799L b",10.90000000,8.26353858200000e+01,0.351000,,,,
"K2-220 b",2.37000000,,2.560000,79.7000,5612.00,,761.00
"Kepler-154 f",1.50000000,,4.660000,139.8840,5769.00,0.000000,838.00
"Kepler-1938 b",1.82828927,,3.600000,18.2500,4522.00,0.000000,527.00
"TOI-2322 c",1.87400000,1.81000000000000e+01,14.690000,10.1500,4664.00,0.000000,496.80
"WASP-53 c",,,,0.0247,4953.00,0.836900,110.47
"WASP-68 b",14.79588000,3.43256400000000e+02,0.665000,843.4794,5910.00,0.000000,1490.00
"Kepler-658 b",1.63000000,,4.170000,223.7450,4103.00,0.000000,871.00
"HD 76700 b",9.60000000,,0.415000,723.1837,5644.00,0.090000,1424.61
"Kepler-227 b",3.11000000,,1.800000,104.6410,5854.00,0.000000,793.00
"Kepler-260 b",2.01000000,,3.180000,132.1340,5250.00,0.000000,782.00
"Kepler-1089 b",1.83000000,,3.600000,26.2660,3753.00,0.000000,584.00
"HD 235088 b",1.98200000,4.15000000000000e+00,2.922216,70.0000,5075.00,0.000000,805.00
"NGTS-34 b",3.65000000,1.91000000000000e+01,2.160000,36.0339,6134.00,,624.00
"K2-138 f",2.90400000,1.63000000000000e+00,0.400000,51.0000,5356.30,0.062000,653.00
"TOI-1683.01",2.63820000,,2.230000,163.0560,4402.00,,929.25
"Kepler-18 c",5.49000000,1.73000000000000e+01,0.590000,126.0810,5345.00,0.000000,899.00
"Kepler-831 b",1.27000000,,5.770000,266.2490,5732.00,0.000000,992.00
"Kepler-221 c",2.93000000,9.30000000000000e+00,1.940000,119.8360,5243.00,0.000000,860.00
"KMT-2021-BLG-1253L b",4.59000000,1.90500000000000e+01,1.080000,,,,
"K2-257 b",0.83000000,,4.790000,89.1463,3725.00,,789.00
"Kepler-27 d",2.70619460,,2.160000,88.2000,5251.00,0.000000,810.00
"BD+55 362 b",14.00000000,,0.458000,0.7996,5012.00,0.270000,259.06
"Kepler-412 b",15.03126900,2.99078030000000e+02,0.520000,2144.3070,5750.00,0.003800,1850.00
"TOI-2158 b",10.76062147,2.60619293740000e+02,1.140000,81.4989,5673.00,0.070000,1188.00
"Kepler-651 b",2.37000000,,2.560000,27.2230,5522.00,0.000000,574.00
"HD 151450 b",6.94000000,,0.632000,66.5618,6091.98,0.496000,795.00
"HD 134987 b",13.50000000,,1.140000,2.7435,5736.00,0.230000,339.45
"CoRoT-8 b",6.39000000,6.99200000000000e+01,1.600000,100.3041,5080.00,0.000000,870.00
"K2-411 b",0.98980000,,5.310000,619.0380,5711.00,,1428.52
"TOI-6281 b",1.92416074,,3.360000,4181.0200,4533.23,,2240.00
"Kepler-1381 b",2.25000000,,2.740000,29.7010,5747.00,0.000000,649.00
"Kepler-1325 b",2.86000000,,2.010000,18.1530,5550.00,0.000000,564.00
"COCONUTS-2 b",12.57647635,2.38371305250000e+03,6.580000,0.0000,3552.00,,493.00
"Kepler-703 b",8.20000000,,0.509000,373.1080,6185.00,0.000000,1038.00
"Kepler-616 c",3.41000000,,1.590000,6.8600,5753.00,0.000000,413.00
"TOI-1533 c",7.50000000,3.66000000000000e+01,0.480000,25.9007,5146.00,0.000000,628.00
"TOI-1408 b",25.00000000,5.93000000000000e+02,0.180000,465.1790,6117.00,0.002300,1293.00
"OGLE-2006-BLG-284L A b",14.30000000,1.44000000000000e+02,0.271000,,,,
"TOI-5502 b",4.12873780,,1.240000,95.1955,6088.71,,870.00
"HIP 91258 b",13.70000000,,0.740000,166.6086,5519.00,0.020000,1024.97
"CD Cet b",1.82000000,,3.600000,8.6000,3130.00,,464.00
"Kepler-1322 b",1.61000000,,4.240000,2651.4240,5488.00,0.000000,1666.00
"HAT-P-16 b",14.68376472,1.34156043000000e+03,2.479989,1597.5900,6140.00,0.046200,1566.00
"Kepler-1999 b",3.29000000,,1.670000,26.1700,4406.00,0.000000,577.00
"Kepler-1285 b",0.97000000,,5.240000,181.5910,6170.00,0.000000,874.00
"TOI-3688 A b",13.08088048,3.11471838860000e+02,0.760000,924.3000,5950.00,0.000000,1534.00
"HD 5278 c",4.49000000,,1.120000,32.6706,6203.00,0.070000,664.95
"Kepler-1592 b",1.54000000,,4.500000,1918.3400,6213.00,0.000000,1202.00
"HD 12484 b",13.20000000,,2.260000,11.9305,5920.00,0.070000,524.30
"Kepler-1003 b",1.78000000,,3.720000,814.9250,6109.00,0.000000,1157.00
"Kepler-213 b",1.62000000,,4.210000,833.4690,5696.00,0.000000,1326.00
"Kepler-305 b",3.60000000,1.05000000000000e+01,1.240000,112.9140,5080.00,0.005000,836.00
"GJ 536 b",2.41000000,,2.500000,9.9000,3641.00,0.000000,451.00
"Kepler-361 c",2.52000000,,2.370000,33.9480,6169.00,0.000000,568.00
"Kepler-1778 b",3.01665969,,1.870000,186.1400,6310.00,0.000000,942.00
"Kepler-1005 b",1.50000000,,4.660000,301.3290,5782.00,0.000000,1026.00
"Kepler-346 b",2.66000000,,2.210000,134.3570,6033.00,0.000000,1008.00
"TOI-5728 b",1.31000000,,5.550000,3.5120,3419.00,,382.00
"Kepler-421 b",4.16000000,,1.230000,0.2000,5308.00,0.041000,185.00
"Kepler-688 b",9.76000000,,0.406000,458.9120,5715.00,0.000000,1005.00
"Kepler-123 c",1.48000000,,4.730000,77.3990,6089.00,0.000000,706.00
"Kepler-614 b",2.39000000,,2.540000,37.2000,5268.00,0.000000,641.00
"Kepler-1079 b",1.63000000,,4.170000,195.3530,5758.00,0.000000,887.00
"Kepler-211 b",1.26000000,,5.850000,158.1880,5123.00,0.000000,954.00
"Kepler-870 b",2.78000000,,2.080000,54.8690,5857.00,0.000000,691.00
"Kepler-257 c",5.41000000,,0.875000,88.6000,5180.00,0.000000,881.00
"Kepler-1724 b",2.83677238,,2.030000,234.9800,6092.00,0.000000,999.00
"TOI-5398 b",10.30000000,5.87000000000000e+01,0.290000,118.4130,6000.00,0.130000,947.00
"OGLE-2015-BLG-1670L b",4.42000000,1.79000000000000e+01,1.140000,,,,
"TOI-5515 b",2.65362762,,2.210000,86.6267,5483.65,,778.10
"K2-348 b",3.26000000,,1.700000,133.0830,5077.00,,908.00
"TOI-640 b",19.27944680,1.81162191990000e+02,0.138000,1150.1200,6460.00,0.013000,1816.00
"Kepler-187 b",1.41000000,,5.040000,902.2390,6105.00,0.000000,1244.00
"KMT-2019-BLG-0414L b",12.90000000,1.45247581999000e+03,3.720000,,,,
"HIP 66074 b",12.90000000,1.58914203500000e+03,4.070000,0.2381,4300.00,0.948000,192.69
"HD 147018 b",13.40000000,,1.540000,12.4842,5441.00,0.468600,519.98
"HD 160691 c",,1.39844499080000e+03,,0.1092,5773.00,0.039000,157.21
"HD 216520 b",3.18000000,,1.750000,9.0089,5103.00,0.090000,482.10
"Kepler-573 b",2.79000000,,2.070000,46.4400,5746.00,0.000000,646.00
"Kepler-975 b",1.48000000,,4.730000,328.6980,4897.00,0.000000,1599.00
"Kepler-520 c",1.07000000,,5.560000,351.6900,6112.00,0.000000,1107.00
"Kepler-476 b",3.08000000,,1.820000,100.0900,5837.00,0.000000,807.00
"Kepler-1073 c",1.64000000,,4.150000,357.0820,5792.00,0.000000,1169.00
"Kepler-684 b",3.36000000,,1.620000,102.8700,5493.00,0.000000,812.00
"Kepler-351 b",3.06000000,4.80000000000000e+00,0.921000,11.9830,5643.00,0.000000,498.00
"Kepler-1295 b",1.55000000,,4.460000,279.9410,5486.00,0.000000,1029.00
"KMT-2023-BLG-0466L b",13.10000000,1.03294232275000e+03,2.520000,,,,
"HD 158259 e",2.34000000,,2.610000,,5801.89,,
"HATS-54 b",11.37711541,2.39324790471000e+02,0.770000,476.9650,5621.00,0.000000,1429.00
"WASP-159 b",15.46842000,1.74806500000000e+02,0.280000,1599.9200,6120.00,0.000000,1850.00
"K2-26 b",2.67000000,,2.200000,5.8000,3785.00,,430.00
"TIC 9344899 b",9.16000000,6.17000000000000e+03,44.100000,149.8610,5800.00,0.029000,923.00
"Kepler-670 b",13.18000000,,,528.2230,5709.00,0.000000,1219.00
"Kepler-118 b",1.96000000,,3.280000,79.7530,5274.00,0.000000,784.00
"BD-210397 b",14.00000000,,0.429000,0.0200,4051.00,0.100000,104.11
"LHS 1903 d",2.50000000,5.96000000000000e+00,2.090000,6.3500,3664.00,0.112000,442.00
"CoRoT-24 b",3.70000000,5.70000000000000e+00,0.900000,79.8260,4950.00,0.000000,1070.00
"HIP 948 b",12.10000000,6.54726518420000e+03,20.300000,0.0008,4497.00,0.230000,46.40
"KMT-2023-BLG-1743L b",12.10000000,6.35656814000000e+03,19.700000,,,,
"Kepler-1062 b",1.76000000,,3.780000,33.7600,4597.00,0.000000,583.00
"K2-167 b",2.36509493,6.50000000000000e+00,2.870000,317.0000,6310.00,0.480000,1220.00
"Kepler-495 b",5.23000000,,0.914000,310.0210,5346.00,0.000000,1200.00
"Kepler-1151 b",2.22000000,,2.790000,4.8600,5470.00,0.000000,485.00
"Kepler-574 b",2.39000000,,2.540000,120.4700,5612.00,0.000000,858.00
"TOI-3819 b",13.13692538,3.52789531770000e+02,0.850000,1186.0000,5859.00,0.000000,1633.00
"Kepler-1162 b",2.21000000,,2.810000,12.2450,5390.00,0.000000,490.00
"GJ 414 A c",8.40000000,,0.499000,0.0607,4120.00,0.105000,124.70
"Kepler-401 b",1.71000000,,3.920000,254.2500,6117.00,0.000000,889.00
"Kepler-37 e",0.37000000,,879.000000,7.6252,5288.00,0.000000,401.00
"HD 28185 c",12.80000000,1.90697044200000e+03,5.000000,0.0134,5602.00,0.150000,94.85
"HD 10180 c",,2.74158783878200e+03,,362.4092,5911.00,0.073000,1185.40
"HAT-P-19 b",11.29865255,8.80384687390000e+01,0.335000,154.0000,4962.00,0.070000,981.20
"TOI-1634 b",1.75900000,4.90000000000000e+00,5.282044,121.0000,3550.00,0.000000,900.00
"HD 19994 b",13.60000000,,0.951000,2.2324,6188.00,0.063000,350.10
"Kepler-82 b",4.07000000,1.21500000000000e+01,0.980000,19.5580,5401.00,0.003300,562.00
"Kepler-446 c",1.11000000,,5.670000,6.7050,3359.00,0.000000,520.00
"KOI-1257 b",10.54000000,4.60830000000000e+02,2.100000,7.2800,5520.00,0.772000,511.00
"Kepler-138 e",0.79700000,4.30000000000000e-01,4.670000,1.7300,3841.00,0.112000,292.00
"TOI-5789 c",2.86000000,5.00000000000000e+00,1.160000,8.7194,5185.00,0.067000,718.00
"HD 222582 b",12.60000000,,7.310000,0.7253,5790.00,0.730000,256.39
"Kepler-1650 b",0.96000000,,5.220000,54.5620,3410.00,0.010000,602.00
"Kepler-210 c",3.62000000,,1.480000,25.4400,4559.00,0.000000,497.00
"TOI-1269 b",2.40144286,6.40000000000000e+00,2.530000,231.2034,5499.00,0.000000,1004.90
"Kepler-1551 b",2.66000000,,2.210000,60.4210,6136.00,0.000000,722.00
"K2-159 b",2.26000000,,2.730000,49.2934,5425.00,,684.00
"Kepler-1352 b",0.89000000,,4.990000,1892.5860,6118.00,0.000000,1701.00
"TOI-2236 b",14.36991326,5.02168883060000e+02,0.930000,1356.0000,6248.00,0.000000,1688.00
"HD 132563 b",13.60000000,,1.030000,0.3447,6289.00,0.220000,213.27
"Kepler-1439 b",1.46000000,,4.820000,9.0810,3578.00,0.000000,420.00
"Kepler-1202 b",2.94000000,,1.940000,23.8760,5834.00,0.000000,547.00
"HIP 113103 b",1.82900000,,3.590000,55.7356,4930.00,0.170000,721.00
"MOA-2011-BLG-322L b",12.40000000,3.69000000000000e+03,10.600000,,,,
"HAT-P-44 c",13.00000000,,3.180000,0.2084,5295.00,0.494000,187.92
"K2-149 b",1.64000000,,4.150000,7.0000,3745.00,,472.41
"Kepler-139 d",1.69500000,2.00000000000000e+00,5.270467,172.3000,5622.00,0.000000,972.00
"Kepler-1474 b",2.16000000,,2.900000,21.3920,5870.00,0.000000,561.00
"HD 14067 b",12.20000000,4.86277462710000e+03,14.700000,2.9812,4815.00,0.650000,360.28
"Kepler-128 c",1.52100000,3.38000000000000e+00,5.237935,130.9790,6072.00,0.037000,843.00
"Kepler-1639 b",2.58000000,,2.300000,187.8480,6150.00,0.000000,1003.00
"TOI-2580 b",17.37392009,2.00231896410000e+02,0.220000,1730.0000,6120.00,0.080000,2410.00
"Kepler-485 b",14.41000000,,,622.0140,5958.00,0.000000,1243.00
"Kepler-1000 b",4.76000000,,1.030000,18.0000,6453.00,0.000000,473.00
"HAT-P-7 b",16.92559000,5.84807200000000e+02,0.712000,4353.4080,6389.00,0.000000,2733.00
"Kepler-33 b",1.74000000,,3.840000,744.0110,5904.00,0.000000,1336.00
"2MASS J02192210-3925225 b",16.14096000,4.41783700000000e+03,5.770000,0.0000,3064.00,,6.27
"TOI-2084 b",2.47000000,,2.430000,12.8000,3551.00,,527.00
"Kepler-1602 b",1.34000000,,5.390000,124.5070,6296.00,0.000000,1159.00
"K2-222 b",2.27500000,7.50000000000000e+00,3.721139,95.0000,5942.00,0.021000,803.00
"KMT-2021-BLG-1372L b",9.12000000,6.12700000000000e+01,0.444000,,,,
"K2-72 e",1.29000000,,5.660000,1.2000,3360.47,0.110000,286.34
"HD 25171 b",13.90000000,,0.595000,0.2141,6125.00,0.042000,190.04
"K2-195 b",3.13000000,,1.780000,66.6667,5713.00,,720.00
"TOI-2458 b",2.83000000,1.33100000000000e+01,3.230000,865.0000,6005.00,0.087000,1509.40
"K2-146 b",2.05000000,5.77000000000000e+00,3.690000,20.7000,3385.00,0.129000,534.00
"Kepler-644 b",3.15000000,,1.780000,2381.7700,6747.00,0.000000,1655.00
"Kepler-120 c",1.53000000,,4.540000,16.6250,4096.00,0.000000,455.00
"K2-172 b",1.66608079,,4.060000,,5569.00,,
"TIC 365102760 b",6.21000000,1.92000000000000e+01,0.437000,1316.4951,4900.00,0.406000,1676.12
"Kepler-1153 b",1.73000000,,3.860000,761.8080,5470.00,0.000000,1343.00
"Kepler-1738 b",2.82472883,,2.040000,198.6700,6063.00,0.000000,957.00
"WASP-7 b",14.90797000,3.05116800000000e+02,0.550000,612.6860,6400.00,0.034000,1487.00
"K2-283 b",3.52000000,,1.540000,353.6521,5060.00,,1186.00
"Kepler-226 d",1.22000000,,5.990000,103.6450,5571.00,0.000000,800.00
"Kepler-327 b",1.11000000,,5.670000,73.0560,3799.00,0.000000,682.00
"TOI-1347 b",1.80000000,1.11000000000000e+01,9.900000,1876.1315,5464.00,0.000000,1400.00
"OGLE-2023-BLG-0836L b",12.90000000,1.38573185452000e+03,3.550000,,,,
"HD 10975 b",14.30000000,,0.269000,68.2992,4840.00,0.442000,799.92
"Kepler-109 b",2.49000000,4.90000000000000e+00,1.700000,442.0000,5950.00,0.110000,1276.00
"KMT-2021-BLG-2010L b",13.80000000,3.40076395490000e+02,0.711000,,,,
"K2-28 b",2.32000000,,2.640000,30.1000,3214.00,0.000000,568.00
"K2-6 b",2.50000000,,2.390000,28.6000,5850.00,,615.00
"Kepler-952 b",7.65000000,,0.557000,5.0460,5730.00,0.000000,369.00
"MOA-2019-BLG-008L b",12.20000000,5.72091132600000e+03,17.300000,,,,
"KMT-2019-BLG-0297L b",12.10000000,6.03873973300000e+03,18.700000,,,,
"WASP-26 b",13.56289000,2.70155500000000e+02,0.703000,1225.5264,6034.00,0.000000,1650.00
"Kepler-334 c",1.43000000,,4.940000,97.2100,5828.00,0.000000,822.00
"Kepler-194 d",2.40000000,,2.520000,12.8630,6089.00,0.000000,562.00
"Kepler-272 c",1.79000000,9.78000000000000e+01,93.700000,310.7600,5297.00,0.000000,947.00
"WASP-87 b",15.52446500,6.92869400000000e+02,1.020000,4170.0965,6450.00,0.000000,2049.54
"K2-160 b",3.17824034,,1.750000,,5649.00,,
"Kepler-92 d",2.06700000,,7.457871,46.8440,5904.34,0.070000,637.00
"Kepler-945 b",2.63000000,,2.240000,31.7020,5718.00,0.000000,616.00
"Kepler-723 b",12.19000000,,,251.4800,5539.00,0.000000,1016.00
"K2-90 b",2.60000000,,2.270000,10.2000,4484.00,0.070000,502.00
"GJ 1061 b",1.04000000,1.11000000000000e+00,5.420000,3.8000,2953.00,0.050000,388.11
"Kepler-102 b",0.46000000,1.10000000000000e+00,62.000000,90.0000,4909.00,0.100000,857.00
"HD 202696 c",,5.92435120000000e+02,,4.2662,5040.00,0.028000,402.69
"Kepler-1764 b",4.55527871,,1.090000,16.1700,6461.00,0.000000,511.00
"TOI-1722 b",4.38298108,,1.150000,136.8600,5999.55,,952.00
"TOI-4930 b",6.93277225,,0.633000,310.0790,5624.72,,1169.00
"Kepler-634 b",1.89000000,,3.440000,808.8440,6075.00,0.000000,1309.00
"EPIC 211822797 b",1.92000000,,3.380000,3.5000,4057.00,0.060000,431.00
"Kepler-681 b",3.08000000,,1.820000,14.1510,5021.00,0.000000,489.00
"Kepler-68 b",2.35700000,8.03000000000000e+00,3.370000,441.0000,5847.00,0.090000,1275.00
"Kepler-53 c",3.17000000,3.60000000000000e+01,0.920000,23.1760,5858.00,0.000000,550.00
"Kepler-1652 b",1.60000000,,4.280000,0.8100,3638.00,0.000000,268.00
"Kepler-352 b",0.86000000,,4.890000,50.3890,5212.00,0.000000,694.00
"HD 18742 b",13.10000000,,2.640000,4.1964,4940.00,0.040000,399.93
"Kepler-731 b",13.88000000,,,456.7030,5849.00,0.000000,1212.00
"KOI-7368 b",2.22000000,,2.790000,99.2400,5241.00,0.000000,805.00
"EPIC 201833600 c",1.00000000,,5.340000,,4326.00,,
"TOI-2088 b",3.68311790,3.70000000000000e+01,2.000000,1.7338,5081.00,0.000000,300.33
"GJ 238 b",0.56600000,,3.820000,229.4579,3485.00,,758.00
"Kepler-1192 b",2.36000000,,2.580000,34.7420,5438.00,0.000000,600.00
"Kepler-214 b",2.61000000,,2.260000,196.4020,6169.00,0.000000,758.00
"Kepler-1354 b",2.97000000,,1.910000,18.8600,6168.00,0.000000,466.00
"Kepler-1897 b",2.81407954,,2.050000,15.4300,5165.00,0.000000,505.00
"Kepler-452 b",1.63000000,,4.170000,1.1000,5757.00,0.000000,265.00
"CI Tau c",13.00000000,,2.860000,19.2542,3807.00,0.580000,610.62
"Kepler-259 b",2.80000000,,2.070000,113.4510,5938.00,0.000000,879.00
"HIP 98599 b",12.70000000,2.17712458795000e+03,5.840000,0.1724,5978.00,0.169000,171.08
"WASP-82 b",18.15858000,3.71861100000000e+02,0.354000,3557.2900,6480.00,0.000000,2190.00
"K2-154 b",1.99000000,,3.220000,57.5000,4097.00,,715.00
"Kepler-1869 c",0.74000000,,4.470000,1056.8400,5808.00,0.000000,1455.00
"Kepler-240 b",1.37000000,,5.240000,142.7360,4985.00,0.000000,864.00
"M62H b",,7.85036165290000e+02,,,,,
"Kepler-601 b",1.90000000,,3.420000,110.6190,5160.00,0.000000,833.00
"gam Lib b",13.70000000,,0.765000,45.3740,4879.00,0.160000,720.78
"HD 136118 b",12.30000000,4.16418778851400e+03,12.300000,0.6840,6097.00,0.344000,249.62
"Kepler-781 b",2.89000000,,1.980000,44.3970,5162.00,0.000000,629.00
"Kepler-1550 b",3.02000000,,1.870000,2.3050,5991.00,0.000000,348.00
"K2-72 b",1.08000000,,5.580000,8.5000,3360.47,0.110000,466.13
"KMT-2024-BLG-0176L b",14.00000000,2.41549589320000e+02,0.484000,,,,
"Kepler-743 b",1.21000000,,5.960000,397.2520,5486.00,0.000000,1101.00
"NGTS-32 b",15.91675259,1.81162191990000e+02,0.240000,1554.0000,5680.00,0.000000,1750.00
"HD 155358 b",13.80000000,,0.658000,5.0212,5905.00,0.170000,421.43
"TOI-5126 c",3.86000000,,1.360000,96.0000,6150.00,0.000000,971.00
"TOI-406 c",1.32000000,2.08000000000000e+00,4.900000,19.0000,3392.00,0.032000,584.00
"Kepler-545 b",2.69000000,,2.170000,101.1430,5882.00,0.000000,806.00
"KPS-1 b",11.54527000,3.46434700000000e+02,1.310000,729.0000,5165.00,0.000000,1459.00
"Kepler-916 b",1.76000000,,3.780000,14.6830,5248.00,0.000000,503.00
"NGTS-25 b",11.46678726,2.03092352073000e+02,0.740000,339.4356,5321.00,0.000000,1101.00
"Kepler-20 e",0.82100000,7.60000000000000e-01,7.500000,169.8000,5495.00,0.092000,1004.00
"TOI-277 b",2.65000000,,2.220000,28.2360,4031.00,,587.92
"HD 156846 b",12.40000000,,9.770000,3.9700,6090.00,0.850000,382.49
"TOI-2025 b",11.89272852,1.14418226520000e+03,3.740000,343.7178,5977.00,0.394000,1166.00
"Kepler-845 b",2.04000000,,3.120000,772.4980,4913.00,0.000000,1361.00
"Kepler-1919 b",2.62390658,,2.240000,12.4600,5513.00,0.000000,479.00
"HD 13808 b",3.35000000,,1.640000,33.2278,5035.00,0.071000,661.56
"HD 192310 c",5.25000000,,0.911000,0.2765,5166.00,0.320000,185.00
"K2-151 b",1.49000000,,4.700000,20.8000,3695.00,,566.00
"TOI-799 b",2.06631784,,3.060000,199.6326,5662.81,,958.69
"HIP 56640 b",12.70000000,2.15169831539000e+03,5.770000,0.5420,4769.00,0.118000,239.37
"Kepler-1878 b",2.92019781,,1.960000,302.6000,5918.00,0.000000,1063.00
"TOI-2443 b",2.36300000,4.80000000000000e+00,2.000000,13.2931,4375.00,0.301000,519.00
"HD 219139 b",14.00000000,,0.496000,70.5297,4831.00,0.110000,804.83
"Kepler-1020 b",2.28000000,,2.700000,2.3390,5227.00,0.000000,325.00
"Kepler-1447 b",2.90000000,,1.970000,10.3490,5722.00,0.000000,522.00
"TOI-1470 c",2.47000000,7.24000000000000e+00,2.660000,3.3500,3709.00,0.500000,373.00
"K2-178 b",3.55790985,,1.510000,117.8260,5525.00,,840.29
"HD 74698 c",14.00000000,,0.252000,0.0880,5783.00,0.200000,151.77
"KMT-2016-BLG-1397L b",12.70000000,2.20000000000000e+03,5.900000,,,,
"K2-194 b",3.64229858,,1.470000,,5979.00,,
"Kepler-915 b",1.50000000,,4.660000,844.7510,6173.00,0.000000,1319.00
"TOI-4379 b",16.69017226,3.53743016991000e+02,0.418000,2886.0903,6020.00,0.018000,1869.38
"OGLE-2003-BLG-235L b",13.20000000,8.30000000000000e+02,1.980000,,,,
"HATS-58 A b",12.27385500,3.27364900000000e+02,0.960000,382.7103,7175.00,0.168000,1721.00
"TIC 241249530 b",13.29385111,1.58278546686000e+03,3.700000,6.2305,6166.00,0.941200,438.94
"TOI-3261 b",3.82000000,3.03000000000000e+01,3.000000,1466.0000,5068.00,0.000000,1722.00
"HAT-P-59 b",12.58768533,4.89455746780000e+02,1.347000,441.4000,5678.00,0.030000,1277.80
"KMT-2021-BLG-1554L b",6.90000000,3.81394088400000e+01,0.638000,,,,
"Kepler-910 b",0.82000000,,4.750000,2108.0730,6230.00,0.000000,1752.00
"K2-268 d",1.49000000,,4.700000,,5106.00,,888.00
"HD 102195 b",14.20000000,,0.250000,185.2000,5301.00,0.000000,1035.17
"K2-8 c",2.41000000,,2.510000,97.8000,4870.00,,801.00
"Kepler-849 b",8.08167508,2.98758702580000e+02,3.090000,2.8600,5950.00,0.078000,362.70
"Kepler-92 b",3.51000000,6.43000000000000e+01,2.098071,257.7760,5883.00,0.170000,975.00
"HD 17674 b",13.90000000,,0.566000,0.7946,5904.00,0.130000,259.52
"OGLE-2018-BLG-1367L b",13.80000000,3.01936986650000e+02,0.631000,,,,
"Kepler-405 c",4.66000000,,1.060000,14.0860,5818.00,0.000000,557.00
"K2-223 b",0.89000000,,4.990000,5714.3505,5859.00,,2271.00
"Kepler-1065 c",1.60000000,,4.280000,734.6190,5635.00,0.000000,1256.00
"KMT-2024-BLG-1209L b",13.20000000,8.39066994480000e+02,2.000000,,,,
"TOI-6086 b",1.18000000,,5.890000,26.8000,3200.00,,634.00
"Kepler-46 b",9.05700000,1.90700000000000e+03,14.000000,10.9000,5155.00,0.010000,543.00
"HIP 38594 c",7.94000000,,0.531000,0.0060,4086.30,0.160000,79.96
"TOI-3071 b",7.16000000,6.82000000000000e+01,1.020000,2579.6100,6177.00,0.090000,2155.00
"HD 178911 B b",12.60000000,,7.010000,7.8319,5588.00,0.110000,480.24
"Kepler-145 c",4.32000000,7.94000000000000e+01,2.580000,67.1930,6022.00,0.110000,709.00
"GJ 682 c",2.89000000,,1.980000,0.0646,3028.00,0.100000,190.08
"Kepler-144 b",1.33000000,,5.440000,426.7190,6075.00,0.000000,1253.00
"Kepler-251 e",2.77000000,,2.090000,3.5480,5526.00,0.000000,360.00
"TOI-406.01",2.08000000,6.57000000000000e+00,4.100000,3.0000,3392.00,0.056000,368.00
"HD 216437 b",13.00000000,1.33487930940000e+03,3.340000,0.3389,5909.00,0.310000,209.85
"Kepler-196 d",2.66065673,,2.210000,1.8000,5132.00,0.000000,297.00
"HIP 65 A b",22.75427000,1.02118779000000e+03,0.480000,661.0000,4590.00,0.000000,1411.00
"Kepler-549 d",4.20000000,,1.220000,27.9300,5312.00,0.000000,586.00
"Kepler-235 e",2.22000000,,2.790000,1.3300,4255.00,0.000000,306.00
"HD 40307 c",,1.86851320475300e+03,,35.9672,4956.00,0.060000,696.00
"Kepler-1013 b",2.15000000,,2.910000,16.1010,4954.00,0.000000,766.00
"Kepler-451 d",13.50000000,,1.250000,,29564.00,0.000000,
"TOI-5789 e",3.43000000,,1.580000,5.5729,5185.00,0.071000,424.00
"Kepler-405 b",2.08000000,,3.040000,55.6230,5818.00,0.000000,785.00
"Kepler-1883 b",3.25107395,,1.700000,7.0800,6208.00,0.000000,416.00
"Kepler-313 b",2.53000000,,2.350000,142.4000,5727.00,0.000000,883.00
"HD 210702 b",13.60000000,,1.050000,9.3194,4912.00,0.071000,485.86
"Kepler-1421 b",0.93000000,,5.120000,649.1510,6335.00,0.000000,1209.00
"Kepler-1660 AB b",12.90000000,1.58659940774400e+03,4.060000,7.2787,6305.24,0.055410,415.08
"WISEP J121756.91+162640.2 A b",10.46800000,6.99200000000000e+03,33.500000,0.0000,575.00,,450.00
"HD 36384 b",12.70000000,,5.630000,229.7515,3940.00,0.200000,1032.58
"TIC 139270665 b",7.22979255,1.47154552441000e+02,2.130000,40.3000,5844.00,0.105000,703.00
"Kepler-1372 b",1.27000000,,5.770000,2176.3580,5677.00,0.000000,1655.00
"Kepler-84 f",2.20000000,,2.830000,25.3000,6031.00,0.000000,572.00
"Kepler-205 c",1.64000000,,4.150000,7.1400,4321.00,0.000000,389.00
"Kepler-1507 b",0.84000000,,4.820000,30.4760,5410.00,0.000000,630.00
"Kepler-702 b",9.17000000,,0.440000,88.9060,5419.00,0.000000,713.00
"K2-417 b",3.31000000,6.99222495400000e+02,,15.8226,3861.00,,558.00
"K2-332 b",2.20000000,,2.830000,,3315.00,,266.00
"Kepler-186 c",1.25000000,,5.910000,13.9800,3788.00,0.000000,464.00
"TOI-1794 b",3.29701268,8.70000000000000e+00,1.310000,228.9130,5631.00,0.000000,992.91
"Kepler-339 b",1.42000000,,4.990000,159.9450,5631.00,0.000000,1023.00
"K2-228 b",1.21000000,,5.960000,123.9803,4715.00,,914.00
"Kepler-1805 b",1.54502915,,4.470000,12.4800,3867.00,0.000000,479.00
"HD 158259 f",2.35000000,,2.600000,,5801.89,,
"TOI-261.01",3.04498630,,1.850000,874.7956,5890.30,,1722.49
"TOI-1201 b",2.41500000,6.28000000000000e+00,2.450000,40.6000,3476.00,0.000000,703.00
"K2-286 b",2.10000000,,3.000000,2.8792,3926.00,,347.00
"Kepler-370 b",1.59000000,,4.310000,361.5140,5852.00,0.000000,1040.00
"TOI-559 b",12.22899794,1.91014872607000e+03,5.740000,404.9150,5925.00,0.151000,1180.00
"Kepler-224 c",3.12000000,,1.790000,86.3320,5018.00,0.000000,758.00
"K2-389 c",2.04000000,,3.120000,,5782.00,,
"Kepler-956 b",3.00000000,,1.890000,307.0580,6040.00,0.000000,1056.00
"Kepler-1052 b",2.93000000,,1.950000,20.9760,5888.00,0.000000,522.00
"Kepler-1405 b",3.96000000,,1.320000,33.8020,5925.00,0.000000,565.00
"HATS-63 b",13.52926300,3.05116800000000e+02,0.670000,634.1000,5627.00,0.136000,1398.30
"K2-414 b",1.21900000,,6.010000,72.1130,4343.00,,811.92
"TOI-5795 b",5.62000000,2.36600000000000e+01,0.730000,240.6761,5715.00,0.250000,1136.78
"TOI-1052 b",2.87000000,1.69000000000000e+01,3.930000,246.0000,6146.00,0.180000,1135.00
"TOI-1174 b",2.56200000,3.20000000000000e+01,11.000000,52.0200,5030.00,0.000000,713.83
"K2-196 b",3.59970536,,1.480000,,6045.00,,
"HD 200964 c",13.70000000,,0.825000,3.0164,4982.00,0.243000,380.62
"Kepler-1315 b",1.38000000,,5.190000,897.9000,4861.00,0.000000,1541.00
"Kepler-93 c",,9.54000000000000e+02,,,5669.00,,
"Kepler-425 b",10.96200000,7.94500000000000e+01,0.270000,229.0360,5170.00,0.330000,1070.00
"Kepler-197 b",1.02000000,,5.390000,431.2560,6004.00,0.020000,1142.00
"KMT-2021-BLG-1150L b",13.90000000,2.79688998160000e+02,0.572000,,,,
"Kepler-1271 b",1.48000000,,4.730000,975.1810,6143.00,0.000000,1484.00
"Kepler-790 b",2.18000000,,2.860000,38.2740,5208.00,0.000000,634.00
"Kepler-395 b",1.03000000,,5.430000,17.8000,4262.00,0.000000,576.00
"KMT-2022-BLG-2286L b",12.10000000,6.03873973300000e+03,18.700000,,,,
"TOI-1011 b",1.45000000,4.04000000000000e+00,7.280000,575.5970,5475.00,0.000000,1364.00
"TOI-1846 b",1.79200000,,3.700000,17.3500,3568.00,,568.10
"Kepler-1957 b",0.94374867,,5.160000,345.0700,4904.00,0.000000,1099.00
"Kepler-515 b",1.46000000,,4.820000,47.9700,5293.00,0.000000,564.00
"GU Psc b",14.17900000,3.59130000000000e+03,6.920000,0.0000,4031.81,,1050.00
"K2-98 b",5.06645928,3.40076395490000e+01,1.400000,339.0000,6260.00,0.119000,1185.00
"HS Psc b",13.60000000,,1.010000,64.4735,4203.00,0.270000,783.44
"Kepler-113 c",2.18000000,8.70000000000000e+00,0.308247,45.5960,4725.00,0.000000,628.00
"BD+42 2315 b",14.20000000,,0.335000,335.1294,4500.00,0.730000,1247.58
"Kepler-219 b",2.95000000,,1.930000,456.7320,5786.00,0.000000,1307.00
"Kepler-297 c",6.54000000,4.21000000000000e+01,0.827000,6.8600,5619.00,0.000000,409.00
"OGLE-2015-BLG-0051L b",14.00000000,2.30000000000000e+02,0.461000,,,,
"Kepler-1314 b",5.11000000,,0.943000,36.0500,4188.00,0.000000,625.00
"HD 10180 h",9.40000000,,0.426000,0.1303,5911.00,0.095000,163.24
"MOA-2008-BLG-310L b",5.18000000,2.34000000000000e+01,0.925000,,,,
"Kepler-1053 b",0.98000000,,5.280000,139.8180,4529.00,0.000000,953.00
"HD 93351 c",12.30000000,4.15401727949000e+03,12.300000,0.0051,5408.00,0.109000,74.54
"Kepler-1313 b",1.76000000,,3.780000,227.1980,5453.00,0.000000,1012.00
"Kepler-1791 b",3.12103321,,1.790000,257.1400,5887.00,0.000000,1021.00
"Kepler-340 c",3.37000000,,1.620000,154.6530,6620.00,0.000000,946.00
"EPIC 212297394 b",1.48000000,,4.730000,,5171.00,,1149.00
"WASP-165 b",14.12334000,2.09132140000000e+02,0.440000,1373.5324,5599.00,0.000000,1624.00
"Kepler-408 b",0.82000000,5.00000000000000e+00,,1503.5810,6104.00,0.000000,1561.00
"HD 217107 b",13.60000000,4.59579876522000e+02,1.000000,231.1546,5622.00,0.128400,1105.84
"Kepler-1163 b",1.03000000,,5.430000,511.7570,6302.00,0.000000,1211.00
"HD 106515 A b",12.10000000,6.00695689230000e+03,18.600000,0.0342,5362.00,0.571000,116.53
"Kepler-1546 b",3.13000000,,1.780000,36.3020,5623.00,0.000000,671.00
"Kepler-1288 b",1.12000000,,5.710000,1342.5000,6132.00,0.000000,2017.00
"HD 10647 b",13.80000000,,0.625000,0.3471,6218.00,0.150000,221.54
"GJ 1151 c",3.25000000,,1.700000,0.0102,3280.00,,88.30
"Kepler-581 b",2.63000000,,2.240000,12.3900,5772.00,0.000000,521.00
"Kepler-1261 b",2.26000000,,2.730000,4.7440,5006.00,0.000000,396.00
"TOI-815 c",2.62000000,2.35000000000000e+01,7.200000,8.0300,4869.00,0.220000,469.00
"TIC 67686059 b",2.59125922,,2.280000,,5090.09,,
"WASP-171 b",10.98482000,3.44527720000000e+02,1.500000,1200.2400,5965.00,0.000000,1642.00
"Kepler-80 c",2.74000000,6.74000000000000e+00,1.220000,36.4820,4540.00,0.007900,495.00
"HATS-49 b",8.57488500,1.12193990000000e+02,0.986000,80.4500,4405.00,0.071000,834.80
"EPIC 206317286 b",0.96000000,,5.220000,,4752.00,,
"Kepler-925 b",2.34000000,,2.610000,5.8330,4673.00,0.000000,394.00
"HD 73267 b",13.00000000,1.32153051630600e+03,3.310000,0.1577,5387.00,0.261000,165.89
"Kepler-1631 b",1.35000000,,5.340000,446.9180,5679.00,0.000000,1122.00
"Kepler-1893 b",1.70557445,,3.930000,478.9800,5633.00,0.000000,1194.00
"KELT-12 b",19.95202000,3.01938500000000e+02,0.209000,1749.0000,6279.00,0.000000,1800.00
"HD 63433 b",2.14000000,2.17550000000000e+01,12.998000,145.5707,5553.00,0.240000,967.11
"HD 72892 b",12.80000000,,4.550000,26.9314,5688.00,0.419000,634.46
"Kepler-1139 b",1.19000000,,5.900000,1717.2760,5550.00,0.000000,1693.00
"HD 149806 b",12.30000000,4.00368444297900e+03,11.800000,0.0037,5352.05,0.357000,69.13
"Kepler-231 b",1.73000000,3.54000000000000e+01,13.800000,14.8790,3767.00,0.000000,488.00
"HD 110082 b",3.20000000,,1.730000,198.3948,6200.00,0.200000,957.20
"Kepler-1142 b",1.47000000,,4.770000,147.8170,5685.00,0.000000,902.00
"Kepler-82 e",2.47000000,2.54020000000000e+02,0.540000,144.3370,5428.00,0.000000,926.00
"HD 167042 b",13.60000000,,0.970000,7.6592,4919.00,0.010000,462.08
"K2-16 c",2.54000000,,2.340000,13.1000,4742.00,,485.00
"HD 169830 b",13.20000000,,1.920000,7.8465,6300.00,0.294000,345.00
"Kepler-853 b",1.69000000,,3.980000,499.3010,6350.00,0.000000,1187.00
"Kepler-449 b",2.05600000,,3.090000,167.4100,5649.18,0.030000,917.00
"TOI-5599 b",7.18882120,,0.605000,833.2180,6137.02,,1496.00
"Kepler-906 b",2.11000000,,2.980000,21.9870,6035.00,0.000000,537.00
"Kepler-1912 b",1.35670508,,5.300000,201.8000,5734.00,0.000000,976.00
"HIP 57274 c",14.20000000,,0.249000,48.8832,4640.00,0.050000,437.32
"HATS-1 b",14.59400000,5.89550000000000e+02,1.030000,489.9461,5870.00,0.120000,1359.00
"KMT-2019-BLG-1042L b",9.05000000,6.03873973300000e+01,0.448000,,,,
"Kepler-735 b",2.95000000,,1.930000,32.6790,5107.00,0.000000,657.00
"HD 100655 b",13.50000000,,1.140000,92.9931,4891.00,0.090000,907.14
"GJ 676 A c",12.30000000,4.28814086724400e+03,12.700000,0.0010,3734.00,0.295000,47.96
"HD 25463 b",2.54535814,8.70000000000000e+00,2.870000,461.4000,6353.00,0.000000,1198.46
"TOI-5160 b",2.39729851,,2.520000,177.5370,5622.14,,1016.00
"TOI-1260 c",2.76000000,1.32000000000000e+01,3.450000,29.8100,4227.00,0.000000,651.00
"Kepler-1730 b",4.48524519,,1.120000,113.7500,5942.00,0.000000,833.00
"Kepler-1583 b",0.60000000,,3.970000,124.3070,5645.00,0.000000,788.00
"Kepler-306 e",2.27000000,,2.710000,6.1850,4954.00,0.000000,390.00
"HD 217958 b",14.20000000,1.66542085268000e+02,0.320000,0.1388,5930.64,0.156000,169.89
"KMT-2019-BLG-0298L b",13.40000000,5.75269416670000e+02,1.310000,,,,
"Kepler-1839 b",1.94937590,,3.310000,286.3200,5926.00,0.000000,1049.00
"OGLE2-TR-L9 b",18.04600000,1.43017500000000e+03,1.250000,4135.4482,6933.00,,2034.00
"Kepler-694 b",2.80000000,,2.070000,206.4380,5700.00,0.000000,914.00
"Kepler-150 d",2.79000000,,2.070000,65.1420,5560.00,0.000000,734.00
"Kepler-1994 b",0.51000000,,3.600000,268.2700,5495.00,0.000000,1032.00
"K2-396 b",1.57900000,,4.350000,,5236.00,,
"HD 10442 b",13.60000000,,1.030000,0.5054,4912.00,0.132000,234.49
"Kepler-148 c",3.60000000,,1.480000,187.1970,5272.00,0.000000,957.00
"HATS-32 b",14.00004100,2.92403600000000e+02,0.580000,614.5934,5700.00,0.471000,1437.00
"Kepler-547 b",4.00000000,,1.300000,87.7130,4828.00,0.000000,768.00
"V2376 Ori b",87.20586985,6.35656814000000e+03,0.052700,,,,2100.00
"WASP-38 b",13.78707000,1.09333520000000e+03,2.300000,501.5014,6180.00,0.030000,1250.00
"Kepler-1488 c",1.65156749,,4.110000,760.6000,5710.00,0.000000,1212.00
"Kepler-124 c",1.75000000,,3.800000,30.7160,4984.00,0.000000,560.00
"Kepler-198 c",2.47000000,,2.430000,11.3540,5574.00,0.000000,465.00
"Kepler-129 b",2.40000000,,8.100000,158.3060,5770.00,0.010000,910.00
"LHS 1903 c",2.04600000,4.55000000000000e+00,2.910000,16.2000,3664.00,0.089000,559.00
"HAT-P-57 b",19.50366000,4.48140300000000e+02,0.332000,2726.6328,6330.00,0.000000,2200.00
"Kepler-446 b",1.50000000,,4.660000,16.2130,3359.00,0.000000,648.00
"HD 8326 b",9.58000000,,0.416000,1.1342,4914.00,0.200000,287.23
"K2-216 b",1.75000000,8.00000000000000e+00,8.200000,248.0000,4503.00,0.000000,1103.00
"Kepler-1549 b",2.57000000,,2.310000,1.1840,5324.00,0.000000,286.00
"Kepler-1198 b",1.47000000,,4.770000,108.0690,5517.00,0.000000,830.00
"HD 143811 AB b",15.69257298,1.93875328270000e+03,2.760000,0.0011,6791.00,0.190000,1042.00
"WASP-104 b",12.74500000,4.04263000000000e+02,1.074000,867.7365,5475.00,0.000000,1516.00
"51 Peg b",14.10000000,1.93875328270000e+02,0.380000,506.1775,5761.00,0.006300,1328.93
"TOI-5335 b",4.02422162,,1.290000,200.8300,5528.92,,1048.00
"K2-187 e",1.90000000,,3.420000,52.0501,5438.00,,698.00
"Kepler-1086 c",2.94000000,,1.940000,0.5190,4350.00,0.000000,211.00
"K2-32 e",1.21200000,2.10000000000000e+00,6.300000,210.7222,5271.00,0.043000,1066.00
"Kepler-1800 b",0.99679734,,5.330000,242.0000,5343.00,0.000000,1533.00
"Kepler-78 b",1.20100000,1.68000000000000e+00,5.330000,4070.0000,5058.00,0.000000,2223.00
"Kepler-1944 b",2.75971163,,2.100000,97.6200,5585.00,0.000000,801.00
"TOI-1742 b",2.36507598,9.70000000000000e+00,4.000000,58.6180,5815.00,0.300000,694.09
"K2-105 b",3.40000000,1.54000000000000e+01,2.240000,100.0000,5373.00,0.000000,805.00
"BD+45 564 b",13.60000000,,0.944000,0.5790,5004.00,0.120000,238.82
"WASP-60 b",9.86392000,1.74806500000000e+02,0.378000,925.4935,5900.00,0.000000,1479.00
"HD 11343 c",13.90000000,,0.523000,23.9661,4672.00,0.169000,613.29
"Kepler-1762 b",2.76022913,,2.100000,61.4900,6572.00,0.000000,714.00
"HD 102329 c",13.50000000,,1.080000,,4830.00,0.209000,
"HD 7449 b",12.60000000,2.59792939881800e+03,7.140000,0.2125,6024.00,0.752000,183.23
"HD 197037 b",13.90000000,,0.514000,0.4042,6150.00,0.220000,216.67
"K2-270 b",1.38000000,,5.190000,497.0717,4877.00,,1203.00
"Kepler-1529 b",2.10000000,,3.000000,115.7650,5048.00,0.000000,817.00
"Kepler-98 b",1.99000000,3.55000000000000e+00,2.180000,1107.3890,5539.00,0.000000,1592.00
"HD 140901 b",4.07000000,,1.270000,109.3426,5610.00,0.472000,904.37
"Pr0201 b",14.20000000,,0.329000,487.9693,6174.00,0.000000,1303.39
"Kepler-362 b",0.88000000,,4.960000,207.3360,5788.00,0.000000,838.00
"TOI-2295 b",16.47720163,2.78099856125000e+02,0.340000,42.0912,5730.00,0.334000,747.00
"HD 99283 b",13.80000000,,0.645000,55.3069,4886.00,0.200000,759.06
"HD 39194 b",1.99000000,,3.220000,112.2269,5205.00,0.101000,915.16
"KMT-2018-BLG-1990L b",12.90000000,1.11000000000000e+02,0.284000,,,,
"TIC 24750448 b",2.43722231,,2.470000,,4545.43,,
"Kepler-656 c",1.41000000,,5.040000,213.2500,5550.00,0.000000,975.00
"TOI-1295 b",15.69257298,4.51316337940000e+02,0.650000,1800.0000,6280.00,0.024000,2360.00
"NGTS-15 b",12.32987877,2.38689133657000e+02,0.740000,425.0000,5600.00,0.000000,1146.00
"HD 62509 b",13.30000000,,1.710000,15.2164,4892.63,0.020000,549.60
"HD 81817 b",12.00000000,7.66856380409600e+03,24.400000,174.4020,4140.00,0.097000,1016.37
"Kepler-1941 b",2.64976949,,2.220000,46.5300,6404.00,0.000000,666.00
"Kepler-1691 b",1.83470985,,3.580000,641.5300,6000.00,0.000000,1283.00
"TOI-2184 b",11.39953337,2.06588464550000e+02,0.760000,1429.0000,5966.00,0.080000,1676.05
"K2-254 b",1.63000000,,4.170000,74.9905,4629.00,,791.00
"OGLE-2016-BLG-1598L b",13.60000000,1.20774794660000e+02,0.264000,,,,
"Kepler-180 c",3.01000000,,1.880000,16.4230,5731.00,0.000000,540.00
"Kepler-1316 b",3.54000000,,1.520000,10.7140,5884.00,0.000000,446.00
"OGLE-2018-BLG-1212L b",9.32000000,6.35656814000000e+01,0.431000,,,,
"Kepler-1542 b",0.76000000,,4.540000,518.4370,5564.00,0.000000,1160.00
"Kepler-1311 d",9.65837605,,0.412000,6.0000,5616.00,0.000000,391.00
"Kepler-1866 b",2.08215108,,3.040000,114.3600,5791.00,0.000000,834.00
"K2-165 d",2.64809498,,2.220000,37.0819,5185.00,,629.38
"TOI-2018 b",2.26800000,9.20000000000000e+00,4.330000,26.0758,4174.00,0.000000,576.34
"HD 155918 b",2.67000000,,2.200000,1153.7389,5771.84,0.194000,1622.13
"DMPP-2 d",11.60000000,,0.323000,61.9324,6500.00,0.100000,1105.06
"Kepler-300 c",2.25000000,,2.740000,43.2480,5986.00,0.000000,516.00
"Kepler-1392 b",1.96000000,,3.280000,61.4200,5479.00,0.000000,714.00
"TOI-669 b",2.58606487,1.00000000000000e+01,3.170000,388.2000,5597.00,0.000000,1124.85
"Kepler-347 b",1.97000000,,3.260000,180.5490,6088.00,0.000000,908.00
"WASP-184 b",14.90797000,1.81163100000000e+02,0.320000,669.0180,6000.00,0.000000,1480.00
"TOI-4559 b",1.41500000,,5.020000,15.7700,3558.00,,554.16
"OGLE-2019-BLG-0304L b",14.20000000,1.62092487570000e+02,0.311000,,,,
"Kepler-105 c",1.44000000,5.60000000000000e+00,10.400000,236.1670,5933.00,0.020000,997.00
"HD 34445 d",6.07000000,,0.754000,8.6625,5836.00,0.027000,476.32
"TOI-6954 b",3.63524486,,1.460000,124.5690,5170.87,,930.00
"LHS 1903 e",1.73200000,5.79000000000000e+00,6.100000,2.0500,3664.00,0.014000,333.00
"OGLE-2017-BLG-1275L b",12.80000000,1.87518760130000e+03,4.910000,,,,
"Kepler-504 b",1.59000000,,4.310000,5.9910,3519.00,0.000000,374.00
"HD 199509 b",7.43000000,,0.579000,4.5393,5796.02,0.373000,410.73
"Kepler-256 d",2.48000000,,2.420000,221.1000,5551.00,0.000000,1097.00
"Kepler-214 c",2.13000000,,2.950000,87.2440,6169.00,0.000000,619.00
"Kepler-197 d",1.22000000,,5.990000,109.0910,6004.00,0.030000,810.00
"HIP 5158 b",13.60000000,,0.985000,0.1389,4962.00,0.520000,219.65
"HD 33142 b",13.70000000,,0.856000,8.6781,5025.40,0.049000,477.50
"TOI-2421 b",10.36830715,1.05836859531000e+02,0.520000,923.6000,5607.00,0.000000,1534.00
"Kepler-323 c",1.57000000,6.80000000000000e+00,9.600000,700.0000,6004.00,0.095000,1431.00
"TOI-7510 b",7.31000000,1.81000000000000e+01,0.255000,1678.5119,5720.00,0.057200,878.00
"HATS-17 b",8.70939300,4.25256540000000e+02,3.500000,72.7000,5846.00,0.029000,814.00
"K2-90 c",1.30000000,,5.600000,80.8000,4421.98,0.190000,908.07
"TIC 260969020 b",2.22686612,,2.780000,,4572.94,,
"Kepler-867 b",4.64000000,,1.070000,2.7200,5541.00,0.000000,327.00
"Kepler-315 c",4.15000000,,1.240000,1.7220,5796.00,0.000000,291.00
"HD 77946 b",2.89646124,1.09000000000000e+01,2.440000,413.1008,6007.00,0.211000,1128.86
"TOI-5143 c",16.25302201,,,158.1646,5183.00,,904.48
"Kepler-768 b",1.79000000,,3.700000,40.5890,5108.00,0.000000,618.00
"TOI-2147 b",10.50000000,1.16000000000000e+02,0.550000,68.2928,5983.00,0.290000,820.00
"K2-251 b",2.35000000,,2.590000,9.4444,3717.00,,437.00
"KELT-6 c",13.00000000,,2.950000,0.5448,6272.00,0.210000,241.90
"TOI-5803 b",3.27320000,,1.680000,73.7220,5134.00,,678.87
"Kepler-626 b",2.29000000,,2.680000,69.7950,5813.00,0.000000,784.00
"Kepler-94 b",3.51000000,1.08400000000000e+01,1.450000,216.0940,4781.00,0.000000,997.00
"MOA-2007-BLG-192L b",3.58000000,1.24900000000000e+01,1.500000,,,,
"Kepler-47 d",7.04000000,1.90200000000000e+01,0.300000,1.7171,5636.00,0.024000,314.44
"Kepler-325 d",2.79000000,,2.070000,12.0830,5752.00,0.000000,498.00
"Kepler-298 b",1.96000000,,3.280000,24.7070,4465.00,0.000000,540.00
"TOI-2136 b",2.19000000,6.37000000000000e+00,3.340000,4.0000,3342.00,0.000000,395.00
"TIC 279401253 c",12.60000000,,7.000000,3.5788,5951.00,0.254000,384.31
"HD 11506 d",12.30000000,4.06820360960000e+03,12.000000,0.0066,6123.00,0.290000,77.07
"Kepler-282 c",1.20000000,,5.950000,116.1170,5602.00,0.000000,717.00
"Kepler-811 b",2.70000000,,2.160000,78.5900,5747.00,0.000000,730.00
"Kepler-1493 b",1.41000000,,5.040000,137.9100,5863.00,0.000000,874.00
"HAT-P-6 b",16.58932000,4.19535600000000e+02,0.558000,1099.4400,6570.00,0.000000,1675.00
"Kepler-1118 b",2.74000000,,2.120000,20.0110,5688.00,0.000000,502.00
"WASP-185 b",14.01125000,3.11473400000000e+02,0.660000,662.3252,5900.00,0.240000,1160.00
"Kepler-982 b",2.25000000,,2.740000,185.2030,6139.00,0.000000,955.00
"TOI-1752 c",2.29000000,,2.680000,1.6973,3762.00,,291.00
"K2-247 c",2.19000000,,2.840000,34.7304,4667.00,,688.00
"Kepler-1841 b",1.48912557,,4.690000,20.3500,5190.00,0.000000,542.00
"TOI-5261 b",11.60129502,3.65184839643000e+03,12.900000,159.5920,5790.00,0.158500,1244.00
"K2-322 b",1.92000000,,3.380000,25.9048,4141.00,,635.00
"Kepler-1917 b",1.88971288,,3.440000,48.9900,5530.00,0.000000,675.00
"K2-293 b",2.45000000,,2.450000,,5532.00,,750.00
"HD 141004 b",3.77000000,,1.400000,144.7300,5885.38,0.160000,950.73
"HATS-44 b",11.96000300,1.77984800000000e+02,0.560000,306.4170,5080.00,0.279000,1161.00
"Kepler-168 c",2.69000000,,2.170000,169.0020,6282.00,0.000000,862.00
"TOI-1450 A c",1.13000000,,5.820000,,3437.00,,533.00
"HD 160691 b",,1.36666215010000e+03,,0.8439,5773.00,0.050500,262.13
"Kepler-701 b",2.84000000,,2.030000,75.6230,5343.00,0.000000,777.00
"Kepler-1515 b",9.55000000,,0.418000,6.0170,6511.00,0.000000,380.00
"TOI-5616 b",10.78000000,6.24000000000000e+02,,137.0000,3996.00,0.000000,939.00
"Kepler-1723 b",2.88046569,,1.990000,24.5400,6072.00,0.000000,568.00
"Kepler-990 c",1.53000000,,4.540000,5272.4000,5948.00,0.000000,2386.00
"KMT-2021-BLG-1105L b",13.60000000,4.13176929100000e+02,0.903000,,,,
"Kepler-386 c",1.58000000,,4.350000,16.6570,5178.00,0.000000,513.00
"omi UMa b",13.00000000,,2.900000,8.4795,5075.00,0.149000,473.88
"KMT-2017-BLG-1146L b",14.00000000,2.30000000000000e+02,0.461000,,,,
"Kepler-1993 b",4.15000000,,1.240000,157.4500,5159.00,0.000000,903.00
"Kepler-795 b",1.68000000,,4.010000,28.9000,5631.00,0.000000,580.00
"Kepler-207 b",1.57000000,,4.390000,4097.3180,5920.00,0.000000,1930.00
"Kepler-163 b",1.05000000,,5.510000,115.6120,5776.00,0.000000,906.00
"GJ 9689 b",3.07000000,,1.830000,4.8635,3836.00,0.290000,453.04
"GJ 179 b",13.80000000,3.01936986650000e+02,0.631000,0.0028,3370.00,0.210000,64.53
"Kepler-1987 c",1.33000000,,5.440000,129.4400,4769.00,0.000000,860.00
"HATS-42 b",15.69260000,5.97520400000000e+02,0.830000,1637.2058,6060.00,0.229000,1856.00
"Kepler-169 d",1.25000000,,5.910000,55.5300,4997.00,0.000000,702.00
"EPIC 201497682 b",0.69200000,,4.310000,,4991.00,,
"Kepler-875 b",2.90000000,,1.970000,41.4310,5958.00,0.000000,569.00
"Kepler-653 c",0.78000000,,4.620000,3743.2750,5665.00,0.000000,2078.00
"Kepler-191 d",2.28000000,,2.700000,99.6000,5215.00,0.000000,857.00
"Kepler-400 b",1.65000000,,4.110000,183.3900,5886.00,0.000000,939.00
"EPIC 212297394 c",2.27000000,,2.710000,,5171.00,,866.00
"K2-59 c",2.30000000,,2.660000,38.3000,5055.00,,692.77
"Kepler-1881 b",2.98104391,,1.900000,1.5000,5135.00,0.000000,289.00
"TOI-329 b",4.94057819,4.04000000000000e+01,1.840000,576.8749,5614.00,0.390000,1213.02
"Kepler-308 c",2.16000000,,2.900000,58.6790,5895.00,0.000000,714.00
"TOI-5788 b",1.52800000,3.72000000000000e+00,5.734161,175.1000,5615.00,0.061000,910.00
"TOI-1753 b",2.47852533,1.66000000000000e+01,5.950000,237.9960,5621.00,0.000000,1005.43
"BD-08 2823 c",12.50000000,,0.293000,0.5117,4746.00,0.190000,233.85
"BD-14 3065 b",21.59000000,3.93200000000000e+03,2.150000,646.7610,6935.00,0.066000,2001.00
"HD 154857 c",13.20000000,,1.960000,0.1601,5605.00,0.060000,154.88
"HD 152079 b",13.20000000,,2.020000,0.0730,5907.00,0.532000,147.84
"TOI-833 b",1.27000000,,5.770000,270.0682,3920.00,,1118.00
"Kepler-348 c",1.33000000,,5.440000,133.2590,6177.00,0.000000,888.00
"HD 179079 b",,4.19533497240000e+03,,162.7656,5646.00,0.049000,997.61
"Kepler-592 b",2.39000000,,2.540000,935.8270,5913.00,0.000000,1367.00
"Kepler-139 f",6.67000000,3.60000000000000e+01,0.667000,,5630.00,,
"TOI-904 c",2.16700000,,2.880000,0.5449,3770.20,,217.26
"Kepler-1542 d",0.87000000,,4.920000,297.8060,5564.00,0.000000,1010.00
"Kepler-222 b",3.16000000,,1.760000,206.7690,5433.00,0.000000,1004.00
"Qatar-10 b",17.29548700,2.33922880000000e+02,0.248000,1816.4800,6124.00,0.000000,1955.00
"Kepler-1213 b",1.19000000,,5.900000,595.4240,6050.00,0.000000,1156.00
"KMT-2021-BLG-2609L b",3.17000000,1.01705090240000e+01,1.750000,,,,
"Kepler-29 c",2.34000000,4.50000000000000e+00,1.910000,34.4000,5378.00,0.000000,715.00
"Kepler-554 b",4.29000000,,1.180000,877.9450,5447.00,0.000000,1346.00
"Kepler-506 b",2.73000000,,2.130000,330.5470,6236.00,0.000000,1080.00
"Kepler-1823 b",2.08612680,,3.030000,78.0000,6000.00,0.000000,718.00
"Kepler-237 c",2.08000000,,3.040000,60.6420,4861.00,0.000000,687.00
"Kepler-208 e",1.48000000,,4.730000,106.3450,6092.00,0.000000,880.00
"HAT-P-5 b",13.56289000,3.11473400000000e+02,0.668403,850.6754,5960.00,0.000000,1517.00
"Kepler-254 c",2.15000000,3.20000000000000e+00,1.770000,67.2250,5957.00,0.000000,787.00
"Kepler-1287 b",1.54000000,,4.500000,78.1560,5715.00,0.000000,796.00
"WASP-183 b",16.47723000,1.59550660000000e+02,0.210000,268.7176,5313.00,,1111.00
"Kepler-337 c",2.05000000,,3.100000,376.2100,5684.00,0.000000,1017.00
"Kepler-1506 b",1.32000000,,5.500000,235.8070,5676.00,0.000000,783.00
"K2-394 b",1.69200000,,3.980000,28.5068,4938.00,,643.00
"TOI-3457 b",10.64000000,7.97749301570000e+02,,17.4858,6300.00,0.590000,824.20
"Kepler-1830 b",3.32992941,,1.650000,35.8000,6160.00,0.000000,681.00
"7 CMa b",13.40000000,,1.340000,3.7372,4826.00,0.060000,387.33
"Kepler-1390 b",1.18000000,,5.890000,171.1330,5753.00,0.000000,934.00
"Kepler-913 b",2.06000000,,3.080000,58.9000,4687.00,0.000000,1129.00
"Kepler-350 d",2.80000000,1.49000000000000e+01,2.690000,83.2370,6492.30,0.000000,782.00
"K2-19 c",4.10000000,1.10000000000000e+01,0.877000,51.0000,5322.00,0.100000,679.00
"TOI-3160 A b",13.76462830,3.78215804330000e+02,0.790000,933.0000,6190.00,0.180000,1539.00
"HD 176986 d",2.49000000,,2.410000,4.0900,4931.00,,363.00
"HAT-P-45 b",15.98400000,2.83492000000000e+02,0.380000,1052.2390,6330.00,0.049000,1652.00
"TOI-622 b",9.23620010,9.63020073210000e+01,0.507000,602.0000,6400.00,0.420000,1388.00
"KELT-19 A b",21.40919000,1.29356810000000e+03,0.744000,2340.0000,7500.00,,1935.00
"HATS-59 c",12.30000000,,11.900000,0.1590,5670.00,0.083000,175.90
"Kepler-1333 b",2.81000000,,2.060000,3.2980,5628.00,0.000000,428.00
"Kepler-1605 b",1.08000000,,5.580000,16.7340,5280.00,0.000000,528.00
"Kepler-1913 b",1.51852059,,4.580000,105.7000,6214.00,0.000000,818.00
"Kepler-1465 b",1.77000000,,3.750000,6.2460,4726.00,0.000000,668.00
"Kepler-16 b",8.44930000,1.05833000000000e+02,0.964000,0.2517,4450.00,0.006900,205.90
"K2-21 b",1.84000000,,2.700000,10.0000,4222.06,0.100000,500.00
"Kepler-1918 b",2.29763023,,2.670000,14.4300,5889.00,0.000000,497.00
"Kepler-577 b",2.55000000,,2.330000,5.6880,4984.00,0.000000,314.00
"Kepler-1120 b",1.38000000,,5.190000,206.8740,4904.00,0.000000,1027.00
"KMT-2019-BLG-1715L b",13.20000000,8.13640721920000e+02,1.940000,,,,
"Kepler-953 b",4.21000000,,1.220000,5.8400,5416.00,0.000000,410.00
"Kepler-149 b",4.21000000,,1.220000,23.6400,5381.00,0.000000,540.00
"HD 124330 b",14.00000000,,0.477000,2.9422,5873.00,0.340000,348.79
"KELT-23 A b",14.82950700,2.98124540000000e+02,0.503000,991.1830,5899.00,0.000000,1561.00
"Kepler-871 b",3.74000000,,1.420000,79.7220,5993.00,0.000000,640.00
"WASP-89 b",11.65736000,1.87519700000000e+03,7.000000,278.8533,5130.00,0.193000,1120.00
"Kepler-385 c",3.04000000,1.32000000000000e+01,2.580000,83.1550,6326.00,0.000000,829.00
"Kepler-942 b",2.13000000,,2.950000,4.9570,4861.00,0.000000,379.00
"WASP-55 b",14.72860064,1.86247446502000e+02,0.342159,504.0000,6096.00,0.000000,1342.00
"Kepler-1966 b",1.10479327,,5.660000,68.2800,5009.00,0.000000,733.00
"Kepler-212 c",2.74000000,,2.120000,54.6620,5852.00,0.000000,664.00
"K2-285 e",1.95000000,1.07000000000000e+01,,10.5000,4975.00,0.000000,500.90
"K2-91 b",1.10000000,,5.660000,46.0000,3622.00,0.090000,726.81
"K2-329 b",8.67576600,8.26358000000000e+01,0.694000,45.7000,5282.00,0.069700,650.00
"Kepler-819 b",2.76000000,,2.100000,9.9130,5279.00,0.000000,485.00
"TOI-2345 b",1.50400000,3.49000000000000e+00,5.640000,791.0000,4687.00,,1478.00
"DMPP-1 e",1.86000000,,3.530000,492.4756,6196.00,0.070000,1314.00
"KMT-2020-BLG-0414L b",1.20000000,1.87000000000000e+00,5.950000,,,,
"HD 11505 b",12.60000000,2.51052658689300e+03,6.900000,0.0035,5757.15,0.144000,67.46
"WASP-45 b",10.60371400,3.06388120000000e+02,1.418000,294.0000,5150.00,0.000000,1153.00
"75 Cet c",13.90000000,,0.593000,3.3569,4809.00,0.023000,376.92
"Kepler-195 b",2.03000000,,3.140000,74.1480,5329.00,0.000000,751.00
"K2-83 c",1.48300000,,4.720000,7.4200,3910.00,0.060000,459.75
"Kepler-994 b",1.60000000,,4.280000,243.9840,3934.00,0.000000,957.00
"Kepler-548 b",11.99000000,,,237.0350,5535.00,0.000000,1017.00
"KELT-21 b",17.77747400,1.24271530000000e+03,1.240000,2950.0000,7598.00,0.000000,2051.00
"GJ 9404 b",3.48000000,,1.550000,11.2454,3811.00,0.490000,473.50
"Kepler-376 b",1.07000000,,5.560000,689.9120,5900.00,0.000000,1242.00
"Kepler-1517 b",9.76000000,,0.406000,1526.9830,7010.00,0.000000,2336.00
"Kepler-1876 b",0.85300000,2.40000000000000e+00,19.000000,475.0000,6104.00,0.098000,1299.00
"EPIC 246851721 b",11.78065900,9.53490000000000e+02,3.100000,642.0000,6202.00,,1401.00
"K2-226 b",1.53899305,,4.490000,332.7564,5288.00,0.220000,1187.00
"TOI-4860 b",8.70000000,8.67000000000000e+01,0.750000,42.5000,3260.00,0.008000,694.00
"HD 203387 b",13.10000000,,2.700000,23.0974,5174.32,0.732000,610.00
"Kepler-199 b",3.11000000,,1.800000,31.6790,5644.00,0.000000,595.00
"WASP-42 b",12.57649800,1.67496410000000e+02,0.464000,137.1180,5315.00,0.062000,1021.00
"HD 6061 b",2.42763557,1.00000000000000e+01,3.820000,339.1000,5934.00,0.000000,1075.31
"Kepler-248 c",4.07000000,,1.270000,22.4590,5190.00,0.000000,598.00
"HD 13189 b",12.40000000,,10.000000,277.0528,4175.00,0.270000,1115.98
"HD 1461 b",2.42000000,,2.500000,309.8969,5765.00,0.172000,1185.14
"TOI-5232 b",12.77823800,7.43718472380000e+02,1.960000,1193.8600,6500.00,0.035000,1772.00
"HD 133131 A c",14.30000000,,0.251000,0.0477,5799.00,0.490000,128.96
"TOI-333 b",4.26000000,2.01000000000000e+01,1.420000,650.4959,6241.00,0.000000,1445.00
"HD 285507 b",13.80000000,,0.651000,53.0123,4503.00,0.090000,736.35
"Kepler-1319 b",1.34000000,,5.390000,38.4520,3655.00,0.330000,557.00
"K2-374 c",2.21300000,,2.800000,,5789.00,,
"TOI-4529 b",1.77000000,4.90000000000000e+00,4.800000,14.6089,3697.00,,511.00
"K2-395 b",2.59700000,,2.280000,,5007.00,,
"Kepler-1047 b",2.09000000,,3.020000,28.8510,5754.00,0.000000,503.00
"KOI-1833 d",2.58000000,1.10200000000000e+01,4.500000,27.3500,4413.00,0.000000,613.00
"HD 16905 b",12.40000000,3.59146099910000e+03,10.400000,0.0039,4866.12,0.680000,69.63
"Kepler-1711 b",1.92300000,,3.370000,47.3900,5706.00,0.000000,669.00
"Kepler-734 b",3.56000000,,1.510000,89.2500,5326.00,0.000000,784.00
"Kepler-521 b",3.18000000,,1.740000,160.6120,6406.00,0.000000,803.00
"TOI-1516 b",15.24421375,1.00433776612000e+03,1.560000,1899.8300,6520.00,,1839.00
"WASP-163 b",13.47321800,5.94342100000000e+02,1.420000,1200.0000,5500.00,,1638.00
"TYC 8998-760-1 c",12.32990000,1.90698000000000e+03,5.590000,0.0000,4573.00,,1240.00
"HD 104067 c",3.69000000,,1.440000,27.4455,4952.00,0.290000,648.36
"TOI-150.01",14.06729500,7.97753300000000e+02,1.680000,750.9220,6255.00,0.262000,1404.50
"Kepler-514 b",1.72000000,,3.900000,506.4120,6106.00,0.000000,1248.00
"Kepler-358 c",2.85000000,,2.020000,6.5990,5908.00,0.000000,411.00
"Kepler-1377 b",1.25000000,,5.910000,2909.2100,5218.00,0.000000,1873.00
"Kepler-1720 b",3.21585295,,1.720000,55.8600,5573.00,0.000000,697.00
"TIC 86380416 b",2.41236120,,2.510000,,5723.74,,
"Kepler-665 b",2.60000000,,2.270000,20.7190,4913.00,0.000000,593.00
"TOI-332 b",3.20000000,5.72000000000000e+01,9.600000,4180.3200,5251.00,0.000000,1871.00
"K2-133 b",1.34000000,,5.390000,32.5438,3655.00,,665.21
"OGLE-2018-BLG-0298L b",7.56000000,4.44959769800000e+01,0.566000,,,,
"K2-43 b",4.51000000,,1.110000,49.0000,3840.60,0.070000,939.30
"K2-215 b",2.12381238,,2.960000,,5704.00,,
"Kepler-223 e",4.60000000,4.80000000000000e+00,0.280000,119.8820,5803.00,0.051000,751.00
"K2-179 b",2.51267885,,2.380000,,5015.00,,
"Kepler-1069 b",1.60000000,,4.280000,78.1750,5722.00,0.000000,823.00
"WASP-91 b",11.54527000,4.25892200000000e+02,1.590000,332.5562,4920.00,0.000000,1160.00
"Kepler-68 c",0.97900000,1.30000000000000e+00,7.500000,204.0000,5847.00,0.099000,1052.00
"TOI-5301 b",13.09208946,1.18232167404000e+03,2.880000,429.7940,6240.00,0.330000,1648.00
"Kepler-253 d",3.17000000,,1.760000,24.0840,5208.00,0.000000,563.00
"Kepler-1651 b",1.84000000,,3.560000,5.6500,3713.00,0.130000,393.00
"K2-62 b",2.02000000,,3.160000,46.7000,4455.00,,666.00
"K2-166 b",2.19000000,,2.840000,390.3952,5960.00,,1140.00
"TOI-2096 c",1.91400000,,3.390000,3.7000,3300.00,0.100000,349.00
"Kepler-369 b",1.13000000,,5.750000,40.2950,3591.00,0.000000,687.00
"HD 183579 b",3.49000000,2.04000000000000e+01,2.650000,58.1000,5784.00,0.061000,752.00
"Kepler-657 b",3.52000000,,1.540000,62.2000,5808.00,0.000000,616.00
"Kepler-240 c",2.20000000,1.02300000000000e+02,52.800000,59.8380,4985.00,0.000000,696.00
"K2-198 c",1.42300000,,4.980000,,5212.90,,1229.90
"Kepler-403 c",1.75000000,,3.800000,45.1540,6090.00,0.000000,604.00
"GJ 887 d",2.34000000,,2.620000,0.8100,3688.00,,241.00
"HD 219666 b",4.89800000,1.76000000000000e+01,0.870000,598.4408,5540.00,0.050000,1076.00
"HAT-P-34 b",13.41717300,1.05837390000000e+03,2.500000,433.7800,6442.00,0.432000,1520.00
"TOI-2046 b",16.14093221,7.31005336100000e+02,0.955000,2643.6550,6250.00,,1828.82
"K2-170 b",1.41817537,,5.010000,,5748.00,,
"HD 170469 b",14.10000000,,0.411000,0.3188,5842.00,0.110000,209.60
"OGLE-2015-BLG-0966L b",4.86000000,2.10000000000000e+01,1.010000,,,,
"Kepler-292 b",1.32000000,,5.500000,394.3010,5299.00,0.000000,1130.00
"OGLE-2014-BLG-0221L b",12.90000000,1.38255357045000e+03,3.540000,,,,
"Kepler-769 b",2.92000000,,1.950000,241.1280,6186.00,0.000000,1037.00
"BD+15 2375 b",13.80000000,,0.705000,111.9838,4649.00,0.001000,883.68
"Kepler-1331 b",1.05000000,,5.510000,547.2940,4508.00,0.000000,1244.00
"K2-49 b",1.93000000,,3.350000,59.0000,4175.00,,768.28
"KELT-17 b",17.09372500,4.16357300000000e+02,0.460000,3331.8707,7454.00,,2087.00
"Kepler-1369 b",2.69000000,,2.170000,37.1580,5761.00,0.000000,667.00
"HD 142245 b",13.10000000,,2.390000,1.7468,4922.00,0.000000,306.30
"HD 4203 c",13.30000000,,1.610000,0.0406,5582.00,0.240000,124.96
"Kepler-1136 b",1.64000000,,4.150000,150.0550,4512.00,0.000000,922.00
"2MASS J12073346-3932539 b",15.69257298,1.65270771640000e+03,2.350000,0.0000,2825.00,,1163.00
"Kepler-289 e",2.94000000,1.74000000000000e+01,2.920000,1.5800,5990.00,0.000000,286.00
"K2-8 b",3.58000000,,1.500000,37.7000,4870.00,,631.00
"HATS-33 b",13.78707000,3.78853360000000e+02,0.790000,757.1284,5659.00,0.080000,1429.00
"Kepler-539 b",8.37312300,3.08295100000000e+02,2.900000,3.6810,5820.00,0.390000,387.60
"Kepler-80 d",1.53000000,6.75000000000000e+00,7.040000,164.6250,4540.00,0.004100,722.00
"pi Men d",3.72000000,,1.430000,5.6398,5998.00,0.220000,443.55
"K2-254 c",2.19000000,,2.840000,17.6668,4629.00,,551.00
"Kepler-1504 b",2.13000000,,2.950000,25.1700,5393.00,0.000000,485.00
"HD 206255 b",6.47000000,,0.694000,21.0939,5635.00,0.230000,596.48
"HD 38283 b",14.00000000,,0.255000,2.4745,5981.00,0.410000,348.58
"Kepler-341 b",1.18000000,,5.890000,422.0970,6012.00,0.000000,1085.00
"Kepler-676 b",3.04000000,,1.850000,8.2410,3701.00,0.000000,396.00
"K2-199 b",1.73000000,6.90000000000000e+00,7.200000,116.2000,4491.00,0.020000,913.00
"Kepler-598 c",3.02420941,,1.870000,3.7000,5245.00,0.000000,367.00
"TIC 153919886 b",2.70601108,,2.160000,,4137.16,,
"Kepler-25 b",2.74800000,8.70000000000000e+00,2.320000,542.9600,6354.00,0.002900,1185.00
"Kepler-1669 b",2.78043818,,2.080000,18.6600,4303.00,0.000000,530.00
"Kepler-284 c",2.61000000,,2.260000,9.0420,5615.00,0.000000,478.00
"HD 55696 b",12.90000000,1.35712729789000e+03,3.470000,0.2662,6012.00,0.705000,200.43
"24 Sex b",13.40000000,,1.440000,8.2099,5098.00,0.090000,471.32
"Kepler-895 b",1.54000000,,4.500000,106.5850,4315.00,0.000000,771.00
"Kepler-288 d",2.67000000,,2.200000,12.6590,5918.00,0.000000,570.00
"Kepler-787 b",1.28000000,,5.710000,493.5530,4248.00,0.000000,1115.00
"K2-352 d",2.23000000,,2.770000,,5791.00,,727.00
"Kepler-295 c",1.17000000,,5.870000,141.4000,5603.00,0.000000,621.00
"TOI-808 b",2.20344362,,2.820000,60.3881,5078.20,,710.98
"HD 8673 b",12.30000000,4.21059073593600e+03,12.400000,0.3841,6389.05,0.730000,219.11
"Kepler-646 b",1.99000000,,3.220000,38.2290,5634.00,0.000000,632.00
"WASP-150 b",11.99363000,2.68884180000000e+03,8.540000,854.7074,6218.00,0.377500,1460.00
"Kepler-230 b",4.26000000,,1.190000,11.8160,5588.00,0.000000,506.00
"HD 11506 b",12.90000000,1.55100262616000e+03,3.970000,0.2609,6123.00,0.379000,193.57
"Kepler-1880 b",2.11686218,,2.970000,31.7300,4380.00,0.000000,606.00
"HD 9174 b",13.70000000,,0.754000,0.4979,5577.00,0.120000,234.30
"Kepler-149 d",3.96000000,,1.320000,2.4460,5381.00,0.000000,306.00
"GJ 4274 b",1.53000000,,4.560000,14.7000,3228.00,,548.53
"Kepler-523 b",1.96000000,,3.280000,149.1350,5515.00,0.000000,884.00
"TIC 34085383 b",3.91982296,,1.330000,,4694.84,,
"GJ 724 b",3.27000000,,1.690000,23.3200,3799.00,0.577000,611.00
"TOI-1994 b",13.67495645,7.02400779470000e+03,15.000000,1910.2600,7700.00,0.341000,2290.00
"TOI-3682 b",12.80065596,6.92865927260000e+01,0.181000,1258.0000,5703.00,0.220000,1657.00
"GJ 667 C f",1.45000000,,4.870000,0.5633,3350.00,0.030000,
"Kepler-896 c",3.15000000,,1.780000,16.5600,5510.00,0.000000,515.00
"HD 34445 c",8.42000000,,0.492000,3.8979,5836.00,0.036000,390.12
"TOI-1842 b",12.34850230,8.94000000000000e+01,0.260000,354.6390,6039.00,0.276000,1199.55
"Kepler-385 b",2.73000000,1.28000000000000e+01,3.460000,143.9190,6326.00,0.000000,951.00
"TOI-4588 b",2.92922558,,1.950000,2310.4300,7746.12,0.000000,1768.00
"Kepler-1715 b",4.14042267,,1.240000,53.0000,6212.00,0.000000,646.00
"HD 151450 c",12.80000000,1.63618063923600e+03,4.290000,0.0085,6091.98,0.138000,84.59
"Kepler-1885 b",1.51110555,,4.600000,499.0700,5591.00,0.000000,1205.00
"HD 27631 b",13.50000000,4.95812314920000e+02,1.110000,0.0836,5737.00,0.141000,147.61
"Kepler-635 b",2.64000000,,2.230000,193.9270,6174.00,0.000000,802.00
"TOI-1803 c",4.29000000,8.00000000000000e+00,0.419035,22.0000,4687.00,0.000000,588.00
"HD 204313 c",4.31000000,,1.180000,28.2644,5767.00,0.059000,634.95
"HD 141399 b",14.30000000,,0.269000,9.2321,5600.00,0.040000,493.71
"Kepler-83 d",1.94000000,4.10000000000000e+00,0.560000,28.8100,4648.00,0.000000,569.00
"Kepler-31 c",5.30000000,1.49370000000000e+03,0.730000,35.2540,6340.00,0.000000,615.00
"Kepler-143 c",3.37000000,,1.620000,58.7000,5848.00,0.000000,703.00
"HD 108341 b",13.30000000,7.15113915750000e+02,1.670000,0.1066,5122.00,0.850000,155.23
"Kepler-1116 b",2.54000000,,2.340000,15.7930,5641.00,0.000000,488.00
"ups Leo b",14.20000000,,0.311000,45.3174,4836.00,0.320000,719.08
"Kepler-342 b",2.25000000,,2.740000,160.2610,6175.00,0.000000,905.00
"Kepler-58 c",2.86000000,5.30000000000000e+01,10.000000,64.3890,5843.00,0.000000,799.00
"HD 238914 b",12.80000000,,5.000000,2.1790,4769.00,0.560000,343.67
"OGLE-2018-BLG-0977L b",2.41000000,6.40000000000000e+00,2.510000,,,,
"KMT-2024-BLG-1044L b",2.70000000,7.75000000000000e+00,2.160000,,,,
"TOI-3693 b",12.59889431,3.24184975140000e+02,0.890000,68.6000,5321.00,0.000000,801.00
"TOI-2537 c",12.70000000,,6.160000,0.0389,4870.00,0.287000,123.10
"K2-352 c",1.92000000,,3.380000,,5791.00,,885.00
"Kepler-622 b",2.13000000,,2.950000,12.4860,4201.00,0.000000,446.00
"OGLE-2019-BLG-0249L b",12.70000000,2.26293825784000e+03,6.070000,,,,
"TOI-1408 c",2.22000000,7.60000000000000e+00,3.800000,2005.3500,6117.00,0.135300,1864.00
"Kepler-227 c",3.04000000,,1.850000,10.1860,5854.00,0.000000,443.00
"HD 165131 b",12.10000000,5.94339121090000e+03,18.400000,0.0967,5870.00,0.670800,155.20
"HIP 86221 b",14.00000000,,0.452000,,,0.086000,
"Kepler-1268 b",2.03000000,,3.140000,40.6520,5904.00,0.000000,627.00
"K2-47 b",1.89000000,,3.440000,10.7000,5054.00,,503.72
"Kepler-44 b",12.22000000,3.17820000000000e+02,0.930000,1109.2230,5800.00,0.066000,1544.00
"Kepler-1535 b",2.55000000,,2.330000,5.3840,6021.00,0.000000,384.00
"K2-266 c",0.70500000,,4.550000,32.4000,4285.00,0.042000,664.50
"Kepler-1460 b",1.96000000,,3.280000,5.4690,4422.00,0.000000,391.00
"K2-368 c",1.36100000,,5.270000,,4663.00,,
"TOI-2346 b",16.11851425,3.94107224680000e+02,0.520000,1360.0000,6480.00,0.086000,1689.00
"Kepler-260 c",1.74000000,,3.840000,6.7750,5250.00,0.000000,372.00
"Kepler-41 b",14.46000000,1.77980000000000e+02,0.330000,2036.7490,5750.00,0.000000,1790.00
"Kepler-94 c",12.50000000,3.12600000000000e+03,8.790000,0.0955,4781.00,0.345931,159.05
"HAT-P-37 b",13.20400000,3.71528000000000e+02,0.890000,412.3914,5500.00,0.058000,1271.00
"Kepler-478 b",2.71000000,,2.150000,39.5600,5210.00,0.000000,640.00
"KMT-2019-BLG-1806L b",2.00000000,4.67000000000000e+00,3.210000,,,,
"Kepler-1015 b",3.55000000,,1.510000,172.1120,6769.00,0.000000,1040.00
"Kepler-1789 b",2.83137505,,2.030000,4.9100,5436.00,0.000000,380.00
"OGLE-2007-BLG-368L b",4.72000000,2.00000000000000e+01,1.050000,,,,
"TIC 154870955 b",3.09467466,,1.810000,,4739.58,,
"TOI-6564 b",16.39873876,2.22162056493000e+02,0.277000,1257.4271,5943.00,0.000000,1445.00
"HD 7924 b",,2.05825676373200e+03,,113.7000,5131.00,0.060000,825.90
"HD 133131 B b",13.30000000,,1.860000,0.0259,5805.00,0.610000,112.28
"GJ 2030 b",2.03000000,,3.130000,3542.7587,5485.00,0.239000,2147.31
"Kepler-19 c",3.68000000,1.31000000000000e+01,1.440000,22.1608,5544.00,0.210000,589.64
"HD 79181 b",14.10000000,,0.399000,76.0617,4862.00,0.259000,821.87
"OGLE-2018-BLG-0532L b",2.37000000,6.22800000000000e+00,2.570000,,,,
"HD 85390 b",6.16000000,,0.740000,0.2281,5186.00,0.500000,190.89
"Kepler-1727 b",3.17321625,,1.750000,77.7500,5349.00,0.000000,757.00
"TOI-1238 c",2.11000000,8.32000000000000e+00,4.900000,63.0000,4089.00,0.150000,695.00
"Kapteyn c",2.54000000,,2.350000,0.1666,3550.00,0.230000,165.59
"Kepler-1218 b",1.44000000,,4.910000,84.8300,5986.00,0.000000,684.00
"KIC 10001893 d",,,,,27500.00,,
"TOI-209 b",2.39472090,,2.530000,120.9360,4806.66,,845.78
"HD 27894 d",12.70000000,2.06365984665100e+03,5.540000,0.0124,4875.00,0.343000,95.87
"Kepler-1541 b",1.16000000,,5.810000,75.5600,5282.00,0.000000,1048.00
"Kepler-531 b",2.78000000,,2.080000,10.0070,4893.00,0.000000,453.00
"Kepler-727 b",2.53000000,,2.350000,176.6850,5441.00,0.000000,964.00
"KELT-3 b",17.48604000,6.16590200000000e+02,0.750000,1704.5700,6304.00,0.000000,1816.00
"Kepler-892 b",2.81000000,,2.060000,18.1960,4747.00,0.000000,556.00
"Kepler-1891 b",1.52139156,,4.570000,253.2800,5516.00,0.000000,1017.00
"TOI-201 d",1.39000000,5.80000000000000e+00,11.000000,389.6690,6423.00,0.300000,1237.00
"Kepler-876 b",1.43000000,,4.940000,152.7460,5060.00,0.000000,923.00
"MOA-2022-BLG-091L b",13.00000000,1.14100398113000e+03,2.850000,,,,
"KMT-2021-BLG-2294L b",5.02000000,2.22479884900000e+01,0.966000,,,,
"HD 81040 b",12.60000000,2.30107766668000e+03,6.320000,0.2213,5755.00,0.525000,189.77
"Kepler-1456 b",1.14000000,,5.750000,8.2340,4231.00,0.000000,433.00
"GJ 1252 b",1.19300000,1.32000000000000e+00,4.200000,233.0000,3458.00,0.000000,1090.00
"Kepler-357 b",1.84000000,,3.560000,69.5700,5036.00,0.000000,793.00
"Kepler-224 b",1.39000000,,5.140000,201.4890,5018.00,0.000000,937.00
"Kepler-1366 b",1.43000000,,4.940000,134.9810,4070.00,0.000000,783.00
"OGLE-2016-BLG-1266L b",12.40000000,3.81394088400000e+03,11.000000,,,,
"Kepler-23 d",2.20600000,4.44000000000000e+00,2.260583,161.0380,5828.00,0.010000,896.00
"Kepler-1510 b",3.36000000,,1.620000,14.0360,6200.00,0.000000,537.00
"TIC 270471727 b",2.75029559,,2.110000,283.9789,5271.39,,1147.10
"TOI-2196 b",3.51000000,2.60000000000000e+01,3.310000,2000.0000,5634.00,0.000000,1860.00
"Kepler-1814 b",2.36961357,,2.560000,216.9000,4922.00,0.000000,1022.00
"HD 66428 b",12.40000000,3.47894974302200e+03,10.000000,0.1082,5716.00,0.471000,159.02
"HIP 8923 b",12.50000000,3.17192750186000e+03,8.920000,0.0539,5980.00,0.011000,136.48
"TOI-1411 b",1.19880592,2.00000000000000e+00,6.360000,266.8500,4115.00,0.000000,976.40
"Kepler-1004 b",6.28000000,,0.721000,1610.0870,4972.00,0.000000,1661.00
"K2-380 b",2.72900000,,2.130000,,5911.00,,
"TYC 4282-00605-1 b",12.40000000,,9.870000,456.4310,4300.00,0.280000,1285.10
"Kepler-785 b",13.02000000,,,163.8620,4739.00,0.000000,753.00
"Kepler-165 c",2.23000000,,2.770000,25.9310,5211.00,0.000000,581.00
"Kepler-1500 b",1.20000000,,5.950000,131.8180,5845.00,0.000000,928.00
"Kepler-1911 b",1.01100000,,5.370000,223.9300,5721.00,0.000000,987.00
"Kepler-371 b",1.89000000,,3.440000,41.7370,5666.00,0.000000,554.00
"TOI-3023 b",16.43236571,1.97053612340000e+02,0.245000,1084.0000,5760.00,0.000000,1596.00
"Kepler-46 d",1.64000000,,4.150000,92.3460,5309.00,0.000000,845.00
"HD 13167 b",13.10000000,,2.570000,0.5428,5671.00,0.563000,208.79
"HD 148164 c",12.80000000,,4.300000,0.0565,6032.00,0.125000,135.77
"HD 207832 b",14.20000000,,0.342000,2.2605,5726.00,0.197000,340.28
"Kepler-1598 b",0.95000000,,5.180000,308.4600,5940.00,0.000000,1236.00
"K2-224 b",1.56000000,,4.410000,215.6156,5620.00,,1002.00
"Kepler-256 c",2.15000000,,2.910000,457.0660,5551.00,0.000000,1315.00
"Kepler-1066 b",2.36000000,,2.580000,710.0190,5762.00,0.000000,1290.00
"Kepler-1464 b",1.66000000,,4.070000,89.4730,5828.00,0.000000,564.00
"HD 187085 b",13.90000000,,0.544000,30.5887,6117.00,0.251000,229.38
"Kepler-262 c",1.64000000,,4.150000,25.2600,5841.00,0.000000,618.00
"TOI-1811 b",11.14172682,3.08929211604000e+02,1.230000,55.9743,4766.00,0.052000,962.20
"Kepler-1012 b",1.29000000,,5.660000,191.8110,5556.00,0.000000,934.00
"Kepler-1221 b",1.88000000,,3.470000,37.8100,5194.00,0.000000,632.00
"TIC 393818343 b",12.18416202,1.37937528638000e+03,4.220000,2.2800,5756.00,0.605800,805.50
"Kepler-805 b",2.89000000,,1.980000,86.4730,6112.00,0.000000,743.00
"Kepler-363 b",1.16000000,,5.810000,1000.2430,5593.00,0.000000,1347.00
"17 Sco b",12.90000000,,3.510000,85.4316,4157.00,0.060000,847.51
"TOI-733 b",1.99200000,5.72000000000000e+00,3.980000,207.1000,5585.00,0.046000,1055.80
"Kepler-114 d",2.53000000,3.90000000000000e+00,0.220000,31.0160,4660.00,0.000000,446.00
"Kepler-264 c",2.83000000,,2.040000,15.3470,6158.00,0.000000,511.00
"Kepler-1084 b",1.11000000,,5.670000,1766.5930,6113.00,0.000000,1737.00
"Kepler-1242 b",2.26000000,,2.730000,28.9980,4895.00,0.000000,639.00
"Kepler-319 c",2.63000000,,2.240000,136.3430,5526.00,0.000000,876.00
"Kepler-85 d",1.20000000,8.69679000000000e+00,4.400000,38.3900,5436.00,0.000000,626.00
"K2-214 b",2.51000000,,2.380000,238.0000,5875.00,,1001.00
"NN Ser c",12.60000000,2.32960000000000e+03,6.400000,,57000.00,0.089000,
"TOI-1732 b",2.49549787,,2.400000,44.2458,4201.93,,657.79
"HD 93385 b",1.88000000,,3.470000,281.6970,5977.00,0.295000,1141.00
"TOI-2257 b",2.19400000,,2.840000,0.6703,3430.00,0.496000,256.00
"Kepler-1802 b",1.67100000,,4.040000,26.9100,4245.00,0.000000,581.00
"TOI-6008 b",1.03000000,4.00000000000000e+00,,41.5000,3075.00,,707.00
"TOI-469.01",3.41000000,9.10000000000000e+00,1.300000,74.7000,5289.00,0.000000,716.00
"Kepler-1437 b",1.37000000,,5.240000,83.1400,5557.00,0.000000,770.00
"Kepler-1099 b",2.83000000,,2.040000,766.3440,5837.00,0.000000,1558.00
"Kepler-87 b",13.49000000,3.24200000000000e+02,0.729000,9.2030,5600.00,0.036000,478.00
"TOI-3980 b",14.45958510,1.87518760130000e+02,0.250000,1153.0000,5840.00,0.160000,1621.00
"Kepler-330 b",1.35000000,,5.340000,66.5780,5117.00,0.000000,714.00
"Kepler-226 c",2.27000000,4.52000000000000e+01,21.200000,180.5130,5571.00,0.000000,919.00
"BD+03 2562 b",12.70000000,,5.460000,296.5605,4095.00,0.200000,985.04
"KMT-2016-BLG-2605L b",14.00000000,2.45045701797000e+02,0.491000,,,,
"Kepler-587 b",2.23000000,,2.770000,70.9650,5549.00,0.000000,764.00
"EPIC 201238110 b",1.87000000,,3.500000,,3587.00,,
"Kepler-154 d",3.84000000,,1.370000,53.0020,5769.00,0.000000,657.00
"Kepler-279 e",4.13000000,5.60000000000000e+01,7.300000,21.9600,6689.45,0.000000,552.00
"K2-197 b",2.56000000,,2.320000,118.4501,5667.00,,848.00
"MOA-2016-BLG-227L b",13.20000000,8.90000000000000e+02,2.130000,,,,
"HD 28192 b",12.20000000,,0.302000,91.1399,5919.87,0.104000,859.98
"TIC 88692598 b",1.81295951,,3.630000,,3483.17,,
"Kepler-20 g",4.71000000,,1.050000,16.2132,5495.00,0.150000,524.00
"TYC 3667-1280-1 b",12.80000000,,4.500000,543.9530,5130.00,0.036000,1350.00
"Kepler-215 b",1.62000000,,4.210000,105.0730,5739.00,0.000000,784.00
"Kepler-1172 b",3.20000000,,1.730000,26.3560,5558.00,0.000000,675.00
"Kepler-195 c",1.55000000,,4.460000,11.2810,5329.00,0.000000,469.00
"K2-240 c",1.80000000,,3.670000,3.9456,3810.00,,389.00
"HD 190228 b",12.90000000,1.59867688721000e+03,4.090000,0.8598,5360.00,0.559000,267.99
"KMT-2023-BLG-0119L b",11.00000000,8.37000000000000e+01,0.346000,,,,
"Kepler-442 b",1.34000000,,5.390000,0.6600,4402.00,0.040000,241.00
"Kepler-1495 b",2.94000000,,1.940000,9.1000,5831.00,0.000000,443.00
"HD 164509 b",14.30000000,,0.265000,1.7417,5859.00,0.238000,319.12
"TOI-815 b",2.94000000,7.60000000000000e+00,1.640000,36.9000,4869.00,0.200000,686.00
"Kepler-232 b",3.08000000,,1.820000,410.5830,5847.00,0.000000,1104.00
"HD 141399 d",13.70000000,,0.801000,0.3640,5600.00,0.074000,220.00
"Ross 458 c",14.01125000,1.90698000000000e+03,3.810000,0.0000,3965.42,,4.32
"Kepler-159 c",3.41000000,,1.590000,4.7910,4625.00,0.000000,275.00
"HIP 67851 b",13.70000000,,0.781000,83.2200,4840.00,0.130000,840.72
"KOI-3680 b",11.09691000,6.13411900000000e+02,2.460000,3.3000,5830.00,0.496000,347.00
"G 268-110 b",1.13000000,,5.790000,13.5700,,0.000000,534.00
"Kepler-1463 b",1.86000000,,3.520000,57.6340,5679.00,0.000000,619.00
"Kepler-712 c",4.85000000,,1.010000,0.6620,5148.00,0.000000,236.00
"Kepler-1983 b",2.33000000,,2.620000,100.1300,5135.00,0.000000,807.00
"HATS-36 b",12.92000000,1.02214128000000e+03,2.120000,561.0000,5950.00,0.105000,1203.00
"GJ 3138 c",1.88000000,,3.460000,13.9000,3717.00,0.110000,530.85
"PSR B1257+12 b",0.33800000,2.00000000000000e-02,2.850000,,,0.000000,
"HIP 57274 b",,3.35944626199000e+03,,316.0850,4510.00,0.190000,725.95
"HD 203387 c",12.60000000,2.37894562639500e+03,6.530000,2.8216,5174.32,0.202000,360.63
"Kepler-55 b",2.43000000,4.30000000000000e+01,16.500000,6.6420,4362.00,0.000000,400.00
"Kepler-158 b",2.12000000,,2.960000,13.6340,4623.00,0.000000,500.00
"Kepler-1926 b",2.31495961,,2.640000,9.8000,5256.00,0.000000,451.00
"TOI-2154 b",16.28664896,2.92402134440000e+02,0.370000,1005.8946,6280.00,0.117000,1580.00
"HU Aqr AB b",12.80000000,,4.910000,,5952.00,0.000000,
"HD 116029 b",13.60000000,,0.972000,4.1506,4819.00,0.000000,400.04
"K2-42 b",2.15000000,,2.910000,44.1000,4613.00,,718.09
"TOI-4666 b",12.53164042,1.55418091023000e+02,0.430000,55.6000,3793.00,0.023000,695.00
"K2-32 c",3.13400000,8.10000000000000e+00,1.430000,26.2000,5271.00,0.049000,634.00
"Kepler-1532 b",1.35000000,,5.340000,1705.7620,5559.00,0.000000,1681.00
"K2-81 b",1.97000000,,3.260000,62.9000,4674.13,0.060000,739.23
"WASP-160 B b",12.21781000,8.83567400000000e+01,0.284000,210.5750,5298.00,0.000000,1119.00
"Wolf 1069 b",1.08000000,,5.500000,0.6520,3158.00,,250.10
"TrES-3 b",14.97500000,6.07030000000000e+02,0.994000,1025.5022,5650.00,0.000000,1638.00
"Kepler-1130 d",0.64472273,,4.140000,221.4000,5450.00,0.000000,981.00
"HD 5608 b",13.70000000,,0.793000,4.4568,4807.00,0.110000,403.72
"HIP 39017 b",12.00000000,7.50075040520000e+03,23.900000,0.0115,7201.00,0.550000,91.06
"TOI-5027 b",10.76062147,6.42013382140000e+02,2.940000,190.9120,5909.00,0.385000,1056.00
"HD 158259 d",2.18000000,,2.870000,,5801.89,,
"WASP-138 b",12.21781000,3.87752600000000e+02,1.200000,1133.7300,6272.00,,1590.00
"Kepler-1185 b",1.33000000,,5.440000,9.3100,5622.00,0.000000,355.00
"BD-06 1339 b",,1.52303372634400e+03,,51.8934,4324.00,0.000000,834.97
"TOI-5181 A b",13.34989601,3.30541543280000e+02,0.760000,1053.0000,6060.00,0.150000,1585.00
"Kepler-599 b",2.84000000,,2.030000,24.4670,5127.00,0.000000,623.00
"Kepler-1033 b",2.51000000,,2.380000,159.4220,5547.00,0.000000,914.00
"K2-200 b",1.36439870,,5.260000,,5233.00,,
"K2-219 c",1.43839723,,4.910000,,5753.00,,
"TOI-1772.01",2.90500000,,1.970000,140.9300,5583.00,,877.67
"TOI-2285 b",1.77000000,1.95000000000000e+01,,3.9100,3491.00,0.300000,358.00
"HD 37124 b",14.00000000,,0.430000,2.7119,5698.64,0.054000,366.48
"Kepler-730 c",1.56926000,,4.390000,903.7700,5620.00,0.000000,1607.00
"Kepler-158 d",0.43000000,,3.260000,,4895.97,,
"Kepler-513 b",2.20000000,,2.830000,36.5270,5849.00,0.000000,623.00
"Kepler-1520 b",5.77000000,,0.804000,1134.3860,4677.00,0.000000,1437.00
"GJ 3293 b",5.19000000,,0.925000,1.0700,3466.00,0.060000,280.54
"KMT-2021-BLG-2478L b",13.90000000,2.86045566300000e+02,0.585000,,,,
"TOI-1180 b",3.07200000,1.00000000000000e+01,1.930000,36.9700,4738.00,0.000000,638.18
"TOI-4994 b",8.54124329,8.89919539600000e+01,0.780000,40.0000,5640.00,0.319000,717.60
"Kepler-782 b",3.21000000,,1.730000,3.9870,5867.00,0.000000,350.00
"Kepler-63 b",6.11000000,1.20000000000000e+02,3.000000,100.3710,5576.00,0.450000,791.00
"Kepler-132 b",1.21000000,,5.960000,284.8000,6003.00,0.000000,1082.00
"Kepler-529 b",1.86000000,,3.520000,1808.4100,6087.00,0.000000,1662.00
"11 UMi b",12.30000000,,13.800000,114.8502,4213.00,0.080000,896.43
"K2-354 b",1.56000000,,4.410000,,3669.00,,543.00
"HD 215152 b",,5.65416736053000e+02,,90.3745,4935.00,0.000000,846.89
"Kepler-60 c",1.90000000,3.85000000000000e+00,3.060000,236.0000,5905.00,0.039000,1023.00
"Kepler-330 c",1.95000000,,3.310000,27.6760,5117.00,0.000000,573.00
"Kepler-243 c",1.99000000,,3.220000,21.7200,5228.00,0.000000,559.00
"TOI-1452 b",1.67200000,4.82000000000000e+00,5.600000,1.8000,3185.00,0.000000,326.00
"KMT-2024-BLG-1281L b",4.59000000,1.90697044200000e+01,1.080000,,,,
"Kepler-264 b",3.33000000,,1.650000,79.4780,6158.00,0.000000,772.00
"Kepler-110 b",1.83000000,,3.600000,153.8810,5960.00,0.000000,1008.00
"Kepler-809 b",3.01000000,,1.880000,13.1550,5734.00,0.000000,478.00
"Kepler-301 d",1.75000000,,3.800000,68.9310,5815.00,0.000000,725.00
"Kepler-1614 b",1.49000000,,4.700000,276.3730,5121.00,0.000000,981.00
"HD 136925 b",13.90000000,,0.546000,0.0518,5773.19,0.103000,134.25
"Kepler-1296 b",0.91000000,,5.050000,399.0150,5359.00,0.000000,1285.00
"Kepler-1114 b",1.35000000,,5.340000,39.3210,5374.00,0.000000,631.00
"K2-240 b",2.00000000,,3.200000,20.1392,3810.00,,586.00
"Kepler-210 b",2.94000000,,1.940000,122.1390,4559.00,0.000000,737.00
"Kepler-306 c",2.35000000,,2.590000,70.4490,4954.00,0.000000,716.00
"CoRoT-20 b",9.41556000,1.36666900000000e+03,8.870000,180.8704,5880.00,0.590000,1024.00
"WASP-95 b",13.78707000,4.57675200000000e+02,0.840000,2841.0562,5830.00,0.000000,1570.00
"Kepler-162 c",3.03000000,,1.860000,77.0520,5816.00,0.000000,681.00
"HD 7199 b",,3.63913526015000e+03,,0.3785,5371.00,0.190000,218.73
"Kepler-1848 b",1.40885390,,5.050000,94.3000,4847.00,0.000000,774.00
"K2-187 d",2.40000000,,2.520000,122.8195,5438.00,,865.00
"TOI-1243 b",2.33000000,7.70000000000000e+00,3.300000,17.2664,3515.00,,450.00
"TOI-375 d",13.60000000,,0.973000,5.9600,5259.90,,434.00
"Kepler-197 e",0.91000000,,5.050000,57.9410,6004.00,0.380000,691.00
"MOA-2011-BLG-262L b",4.29000000,1.70000000000000e+01,1.180000,,,,
"HAT-P-68 b",12.01604800,2.30108920000000e+02,0.727000,184.8000,4508.00,0.041000,1027.80
"KIC 9663113 b",4.60000000,,1.080000,3.3560,6065.00,0.000000,264.00
"K2-248 b",2.57000000,,2.310000,132.3323,5528.00,,886.00
"HAT-P-58 b",14.93036229,1.18232167404000e+02,0.194000,1146.0000,6078.00,0.073000,1622.00
"KMT-2017-BLG-1194L b",1.70000000,3.54000000000000e+00,3.960000,,,,
"Kepler-1315 c",1.84398883,,3.560000,57.6000,4818.00,0.000000,777.00
"Kepler-169 c",1.21000000,,5.960000,82.8530,4997.00,0.000000,776.00
"Kepler-1698 b",1.07315686,,5.560000,697.6000,4975.03,0.000000,1351.00
"Kepler-383 b",1.32000000,,5.500000,20.9100,4710.00,0.000000,545.00
"HD 32518 b",13.20000000,,2.160000,131.2791,4580.00,0.028000,916.07
"NGTS-12 b",11.74703200,6.61086400000000e+01,0.223000,416.0000,5690.00,0.000000,1257.00
"Kepler-933 b",2.46000000,,2.440000,61.3230,5346.00,0.000000,602.00
"MOA-bin-29 b",14.10000000,1.90000000000000e+02,0.372000,,,,
"Kepler-493 b",15.13000000,,,1414.3290,6457.00,0.000000,1438.00
"Kepler-1240 b",1.15000000,,5.780000,539.1290,5682.00,0.000000,1121.00
"Kepler-1119 b",1.92000000,,3.380000,182.6900,6083.00,0.000000,938.00
"TOI-5005 b",6.25000000,3.27000000000000e+01,0.740000,226.0000,5749.00,,1040.00
"TOI-5319 b",2.83000000,,2.040000,38.7885,3580.00,,695.00
"WASP-21 b",11.99000000,9.53450000000000e+01,0.320000,705.0438,5800.00,0.000000,1333.00
"Kepler-991 b",2.54000000,,2.340000,1.3710,4392.00,0.000000,260.00
"HD 148156 b",13.90000000,,0.553000,0.2965,6308.00,0.520000,213.76
"Kepler-79 c",3.76000000,4.60000000000000e+00,0.480000,79.7650,6389.00,0.038000,734.00
"TOI-4155 b",3.21000000,,1.730000,586.7620,5724.00,,1255.00
"HD 4208 b",13.90000000,,0.527000,0.2878,5717.00,0.042000,196.68
"Kepler-411 e",3.28000000,1.08000000000000e+01,1.680000,7.6205,4974.00,0.016000,503.00
"HD 188015 b",13.60000000,,1.040000,0.7914,5746.00,0.137000,267.98
"GJ 687 c",4.14000000,,1.240000,0.0157,3413.00,0.400000,98.62
"HD 221416 b",9.17000000,6.05000000000000e+01,0.431000,495.9065,5080.00,0.115000,1314.67
"HATS-57 b",12.76705100,1.00021101000000e+03,2.650000,570.2330,5587.00,0.028000,1413.40
"OGLE-2005-BLG-071L b",13.00000000,1.20000000000000e+03,3.000000,,,,55.00
"HD 48948 c",2.60000000,,2.270000,15.5000,4593.00,0.550000,553.00
"Kepler-390 b",0.82000000,,4.750000,99.9720,5166.00,0.000000,786.00
"Kepler-603 c",6.50000000,,0.690000,8.8000,5808.00,0.000000,401.00
"TOI-4662 b",2.87998299,,1.990000,50.1040,4520.41,,741.00
"HD 45652 b",14.30000000,,0.259000,11.2332,5294.00,0.607000,508.40
"Kepler-332 b",1.17000000,,5.870000,53.7120,4955.00,0.000000,703.00
"Kepler-508 b",1.64000000,,4.150000,60.3720,6025.00,0.000000,710.00
"K2-389 b",2.33000000,,2.620000,179.0000,5773.00,,932.00
"HD 191939 f",13.20000000,,2.190000,0.0472,5348.00,0.000000,125.00
"KMT-2022-BLG-1013L b",12.10000000,9.85268061700000e+01,0.306000,,,,
"HN Peg b",11.77680000,6.99157000000000e+03,23.500000,0.0000,6186.00,,10.77
"WASP-31 b",17.36300000,1.51916000000000e+02,0.172000,970.9417,6302.00,0.000000,1423.70
"TOI-2368 b",10.83908434,2.06588464550000e+02,0.880000,162.7267,5360.00,0.061000,1000.00
"K2-413 b",0.75990000,,4.550000,921.7550,4116.00,,1535.20
"Kepler-43 b",13.66377100,1.02659090000000e+03,5.000000,1138.1150,6041.00,0.017000,1620.00
"KOI-55 c",0.86700000,6.55000000000000e-01,5.520000,396618.3609,27730.00,,6910.74
"KOI-351 h",11.25200000,2.03000000000000e+02,0.911829,1.8490,6031.13,0.027600,294.00
"TOI-3331 A b",12.97999965,7.21470483890000e+02,1.820000,818.5000,5609.00,0.000000,1488.00
"WASP-85 A b",13.89916000,4.02054950000000e+02,0.880000,640.3258,6112.00,0.000000,1452.00
"YZ Cet d",1.03000000,,5.480000,2.7000,3151.00,0.070000,356.70
"KMT-2018-BLG-0087L b",10.10000000,7.31005336100000e+01,0.390000,,,,
"HD 222237 b",12.80000000,1.64952943233000e+03,4.320000,0.0019,4751.00,0.560000,58.74
"HD 99492 b",5.44000000,,0.870000,23.2671,4929.00,0.034000,622.27
"Kepler-251 b",1.33000000,,5.440000,203.1690,5526.00,0.000000,990.00
"WASP-195 b",10.31226224,3.30541543280000e+01,0.160000,890.0000,6300.00,0.000000,1522.00
"OGLE-2018-BLG-0596L b",3.81000000,1.39300000000000e+01,1.380000,,,,
"Kepler-359 d",4.01000000,2.70000000000000e+00,0.100000,5.5000,6248.00,0.000000,464.00
"Kepler-830 b",1.70000000,,3.950000,160.1800,6037.00,0.000000,907.00
"Kepler-672 b",2.50000000,,2.390000,16.3600,5627.00,0.000000,529.00
"Kepler-198 b",2.82000000,,2.050000,44.5490,5574.00,0.000000,655.00
"Kepler-444 d",0.53000000,2.00000000000000e-01,7.900000,109.6380,5046.00,0.180000,783.00
"KMT-2018-BLG-0247L b",13.40000000,6.70617938770000e+02,1.530000,,,,
"Kepler-575 b",2.39000000,,2.540000,141.9870,5710.00,0.000000,803.00
"Kepler-1131 b",1.59000000,,4.310000,453.1420,5851.00,0.000000,1159.00
"Kepler-808 b",1.46000000,,4.820000,1428.3000,4653.00,0.000000,1322.00
"LHS 1903 b",1.38200000,3.28000000000000e+00,6.820000,66.6600,3664.00,0.015000,796.00
"KMT-2023-BLG-0469L b",7.04000000,3.94107224680000e+01,0.621000,,,,
"DMPP-6 c",3.74000000,,1.410000,42.4847,6182.09,0.310000,715.27
"Kepler-885 b",2.50000000,,2.390000,124.6460,6187.00,0.000000,830.00
"TOI-286 c",1.88000000,3.72000000000000e+00,3.090000,22.4437,5152.00,0.000000,475.00
"TOI-2081 b",2.04000000,,3.120000,8.1000,3800.00,,488.00
"KIC 7917485 b",12.40000000,,10.800000,,7067.00,0.150000,
"KELT-18 b",17.59813000,3.75039400000000e+02,0.377000,3152.0000,6670.00,0.000000,2085.00
"HD 152843 b",3.05000000,9.82000000000000e+00,1.900000,265.4000,6310.00,0.046000,1003.11
"HD 26161 b",11.90000000,9.04539646322000e+03,29.500000,0.0243,6057.62,0.922000,110.98
"Kepler-1323 b",1.52000000,,4.570000,5067.6030,6169.00,0.000000,2291.00
"Kepler-151 c",2.09000000,,3.020000,21.4070,5460.00,0.000000,544.00
"KMT-2018-BLG-1743L b",10.50000000,7.78679597150000e+01,0.370000,,,,
"HIP 14810 c",13.60000000,,0.910000,3.2423,5544.00,0.156600,373.22
"Kepler-80 b",2.67000000,6.93000000000000e+00,1.380000,54.3820,4540.00,0.004900,547.00
"HD 40307 f",2.13000000,,2.960000,3.7636,4956.00,0.020000,398.00
"HD 89345 b",7.39794000,3.49613000000000e+01,0.471000,275.6427,5576.00,0.220000,1089.00
"HIP 97166 c",2.75000000,,2.110000,30.7622,5216.00,0.000000,642.00
"HD 25463 c",1.36354953,4.30000000000000e+00,9.090000,1413.5000,6353.00,0.000000,1585.57
"TOI-2379 b",11.72459381,1.83069162432000e+03,6.210000,25.3000,3707.00,0.342000,624.00
"HD 96167 b",14.00000000,,0.456000,2.0941,5733.00,0.685000,333.63
"Kepler-571 b",2.64000000,,2.230000,219.0360,5527.00,0.000000,978.00
"HR 858 b",2.00400000,3.55000000000000e+00,2.440000,989.7000,6354.00,0.000000,1552.00
"Kepler-342 e",0.88000000,,4.960000,3111.3220,6366.00,0.000000,1897.00
"Kepler-941 b",3.08000000,,1.820000,47.0320,5539.00,0.000000,722.00
"TOI-4145 A b",13.30506009,1.36666215010000e+02,0.320000,223.0000,5281.00,0.000000,1074.00
"OGLE-2018-BLG-1700L b",12.90000000,1.40000000000000e+03,3.580000,,,,
"Kepler-709 b",2.92000000,,1.950000,28.2160,5071.00,0.000000,613.00
"Kepler-1832 b",1.22719556,,6.010000,257.3200,5242.00,0.000000,1022.00
"HAT-P-54 b",10.58129600,2.41550800000000e+02,1.118000,88.6713,4390.00,0.074000,818.00
"Kepler-306 b",1.52000000,,4.570000,127.2550,4954.00,0.000000,830.00
"Kepler-690 b",5.95000000,,0.772000,225.7010,5913.00,0.000000,964.00
"KOI-1843.03",0.61000000,8.00000000000000e+00,,1769.2920,3584.00,,1654.00
"K2-416 b",2.66000000,1.65270771640000e+03,,6.9344,3746.00,,447.00
"Kepler-1217 b",1.99000000,,3.220000,1302.9480,5905.00,0.000000,1542.00
"Kepler-1842 b",2.35388681,,2.590000,108.0700,5970.00,0.000000,822.00
"Kepler-711 b",3.41000000,,1.590000,15.5690,5222.00,0.000000,487.00
"TOI-3568 b",5.30000000,2.64000000000000e+01,0.980000,130.1481,4969.00,0.035000,899.00
"K2-280 b",7.50000000,3.71000000000000e+01,0.480000,69.5000,5500.00,0.350000,787.00
"Kepler-1080 b",3.28000000,,1.680000,55.4500,5956.00,0.000000,548.00
"Kepler-1228 b",1.54000000,,4.500000,1598.6640,5063.00,0.000000,1757.00
"Kepler-1203 b",1.06000000,,5.540000,723.8060,4105.00,0.000000,1188.00
"TOI-5786 b",8.54000000,7.30000000000000e+01,0.640000,374.4620,6235.00,,1040.00
"Kepler-1501 b",1.56000000,,4.410000,100.0010,6229.00,0.000000,787.00
"KMT-2021-BLG-0192L b",6.56000000,3.49611247700000e+01,0.681000,,,,
"Kepler-1164 b",1.12000000,,5.710000,181.2050,5183.00,0.000000,936.00
"ZTF J1828+2308 b",11.13051784,6.35656814000000e+03,25.300000,,15900.00,,
"TOI-1117 c",2.91000000,,1.960000,355.0000,5635.00,0.000000,1210.00
"Kepler-757 b",1.36000000,,5.290000,3345.4530,6014.00,0.000000,1734.00
"GJ 720 A b",3.77000000,,1.400000,4.2846,3837.00,0.120000,401.00
"Kepler-1850 b",0.72909663,,4.440000,245.1500,4239.00,0.000000,1008.00
"KOI-1783.02",5.44000000,1.50000000000000e+01,0.510000,2.4900,5922.00,0.000000,321.00
"Kepler-229 d",3.85000000,,1.370000,6.1620,5120.00,0.000000,439.00
"Gl 686 b",2.46000000,,2.450000,3.5638,3656.00,0.050000,379.00
"HD 44219 b",14.10000000,1.84340476060000e+02,0.361000,1.1462,5752.00,0.410000,283.89
"Kepler-484 b",2.28000000,,2.700000,90.6290,5668.00,0.000000,766.00
"Kepler-142 c",2.86000000,,2.010000,399.4440,5790.00,0.000000,1201.00
"HD 72659 b",13.20000000,9.49671280116000e+02,2.270000,0.1115,5929.00,0.239300,155.34
"Kepler-257 d",4.95000000,,0.983000,15.2000,5180.00,0.000000,567.00
"TOI-6029 b",14.39233122,5.19649445445000e+02,0.958000,806.7940,6223.00,0.091000,1484.00
"KMT-2022-BLG-0371L b",10.90000000,8.26353858200000e+01,0.351000,,,,
"K2-138 c",2.29900000,6.31000000000000e+00,2.800000,279.0000,5356.30,0.045000,1012.00
"TOI-2570 b",13.64132951,2.60619293740000e+02,0.563000,699.0000,5771.00,0.000000,1431.00
"Kepler-629 b",1.38000000,,5.190000,103.1470,5444.00,0.000000,816.00
"Kepler-11 b",1.80000000,1.90000000000000e+00,1.720000,146.3600,5663.00,0.045000,849.00
"HD 179949 b",13.90000000,,0.596000,1020.1193,6168.00,0.022000,1590.53
"kap CrB b",13.30000000,6.89691100000000e+02,1.610000,1.7376,4840.00,0.040000,319.32
"Kepler-1353 b",1.80000000,,3.670000,10.7670,4776.00,0.000000,491.00
"Kepler-652 b",2.49000000,,2.410000,211.8840,5490.00,0.000000,974.00
"Kepler-386 b",1.39000000,,5.140000,43.2620,5178.00,0.000000,651.00
"NGTS-26 b",14.88552637,9.28058948440000e+01,0.153000,523.0000,5550.00,0.000000,1331.00
"Kepler-1502 b",3.18000000,,1.740000,77.3240,6666.00,0.000000,608.00
"Kepler-1548 b",2.64000000,,2.230000,1.9330,5706.00,0.000000,350.00
"HD 60532 c",13.30000000,,1.860000,3.9142,6245.00,0.030000,381.66
"Kepler-175 c",3.10000000,,1.810000,31.9500,6064.00,0.000000,583.00
"OGLE-2015-BLG-0954L b",13.10000000,1.10000000000000e+03,2.690000,,,,
"KMT-2021-BLG-1303L b",13.60000000,1.20774794660000e+02,0.264000,,,,
"Kepler-1861 b",2.20677414,,2.810000,31.5000,5855.00,0.000000,617.00
"Kepler-398 d",0.88000000,,4.960000,40.8310,4557.00,0.000000,636.00
"TOI-2295 c",12.80000000,,4.670000,0.5059,5730.00,0.194000,234.90
"TOI-663 c",2.26000000,3.65000000000000e+00,1.730000,22.3000,3681.00,,553.00
"TOI-6448 b",8.47398941,,0.488000,28.1152,5910.00,0.200000,745.00
"TOI-1064 c",2.65100000,2.50000000000000e+00,0.771906,26.8000,4734.00,0.088000,634.00
"WASP-101 b",16.02887000,1.62093300000000e+02,0.240000,1089.1710,6380.00,0.000000,1560.00
"PSR J1719-1438 b",,3.82800000000000e+02,23.000000,,4500.00,0.060000,
"HD 158259 b",1.28228000,,6.120000,759.1830,5801.89,,1462.00
"Kepler-62 b",1.31000000,9.00000000000000e+00,,80.3260,4925.00,0.000000,750.00
"Kepler-987 b",3.26000000,,1.700000,3.8530,5637.00,0.000000,351.00
"Kepler-385 d",2.61864480,,2.250000,15.0000,5829.00,0.000000,535.00
"HD 21520 b",2.69700000,1.77000000000000e+01,1.350000,25.7431,5871.00,0.000000,637.00
"HD 28471 c",2.26000000,,2.720000,272.8024,5766.00,0.088000,1066.00
"TOI-4641 b",8.18255591,1.22999593509000e+03,,192.5802,6560.00,0.074000,950.11
"Kepler-49 b",2.57900000,9.77000000000000e+00,3.082111,21.4810,4095.60,0.000000,509.00
"Kepler-115 c",2.60000000,,2.270000,209.1010,5979.00,0.000000,960.00
"ome Ser b",14.00000000,,0.468000,77.1527,4724.00,0.180000,824.94
"Kepler-79 b",3.51000000,7.60000000000000e+00,0.970000,205.4040,6389.00,0.022000,929.00
"Kepler-777 b",1.47000000,,4.770000,33.9530,4043.00,0.000000,569.00
"KIC 5479689 b",14.20000000,,0.305000,,5459.10,,
"KMT-2016-BLG-2364L b",13.00000000,1.25000000000000e+03,3.130000,,,,
"CoRoT-2 b",16.43200000,1.10282000000000e+03,1.470000,932.9076,5625.00,0.014300,1521.00
"TYC 1422-614-1 b",13.30000000,,1.860000,47.0221,4806.00,0.060000,730.19
"TOI-2120 b",2.12200000,6.80000000000000e+00,,3.6100,3131.00,0.320000,384.00
"Kepler-265 b",1.86000000,,3.520000,220.3280,5835.00,0.000000,1022.00
"Kepler-1384 b",1.94000000,,3.330000,32.2300,4919.00,0.000000,608.00
"Kepler-343 b",2.41000000,,2.510000,206.0720,5807.00,0.000000,1024.00
"TOI-913 b",2.45280000,,2.450000,35.2422,4969.00,,712.01
"KMT-2019-BLG-0253L b",2.99000000,9.20000000000000e+00,1.890000,,,,
"Kepler-1257 b",1.52000000,,4.570000,546.9080,5502.00,0.000000,1252.00
"HD 94890 c",12.50000000,,7.970000,3.0940,4867.00,0.050000,369.10
"Kepler-967 c",3.65000000,,1.460000,1.0500,5178.00,0.000000,258.00
"Kepler-100 c",2.20000000,7.05000000000000e+00,1.721102,208.6570,5825.00,0.020000,939.00
"K2-62 c",1.99000000,,3.220000,14.3000,4455.00,,495.00
"HD 104067 b",9.20000000,,0.438000,4.2965,4952.00,0.123000,407.83
"Kepler-1260 b",1.77000000,,3.750000,171.9260,5961.00,0.000000,823.00
"K2-377 b",1.69300000,,3.970000,,4200.00,,
"Kepler-11 f",2.49000000,2.00000000000000e+00,0.690000,19.5300,5663.00,0.013000,513.00
"Kepler-1960 b",1.30749704,,5.560000,1352.1400,6371.00,0.000000,1547.00
"Kepler-1252 b",1.67000000,,4.050000,57.5790,5949.00,0.000000,665.00
"Kepler-217 d",1.32000000,,5.500000,2099.7520,6341.00,0.000000,1574.00
"Kepler-1007 b",1.44000000,,4.910000,42.6200,4587.00,0.000000,652.00
"Kepler-659 b",2.50000000,,2.390000,21.3090,4870.00,0.000000,513.00
"HD 12661 b",13.30000000,,1.800000,1.9237,5645.00,0.380000,325.35
"Kepler-305 d",2.76000000,6.20000000000000e+00,1.632030,25.5230,5090.00,0.000000,576.00
"Kepler-609 b",3.35000000,,1.640000,258.0590,5971.00,0.000000,932.00
"K2-152 b",2.29000000,,2.680000,2.9000,4044.00,,337.00
"K2-75 b",2.67000000,,2.200000,430.0000,5995.00,,1268.65
"HD 40956 b",13.20000000,,2.050000,23.5561,4869.00,0.240000,580.56
"GJ 27.1 b",3.66000000,,1.460000,2.5488,3542.00,0.080000,387.13
"Kepler-794 b",2.11000000,,2.980000,299.9700,5839.00,0.000000,952.00
"Kepler-218 c",3.14000000,,1.770000,16.1470,5502.00,0.000000,500.00
"TOI-4495 c",4.03000000,2.32000000000000e+01,1.900000,346.6260,6210.00,0.023000,1365.00
"Kepler-1666 b",2.88273782,,1.990000,48.2300,6293.00,0.000000,672.00
"Kepler-798 b",2.39000000,,2.540000,141.8880,6224.00,0.000000,864.00
"TOI-2094 b",1.90000000,,3.420000,0.9800,3435.00,,276.00
"EPIC 206317286 c",2.09400000,,3.010000,,4752.00,,
"Kepler-392 b",1.00000000,,5.340000,450.6540,5938.00,0.000000,1125.00
"KMT-2018-BLG-0748L b",9.01000000,6.00000000000000e+01,0.451000,,,,
"KMT-2023-BLG-0949L b",12.80000000,1.90061387386000e+03,4.980000,,,,
"TOI-1743 b",1.83000000,,3.600000,10.8837,3277.00,,485.00
"HD 183263 b",13.10000000,,2.700000,0.8347,5948.00,0.383000,263.26
"K2-136 b",1.01400000,4.30000000000000e+00,24.000000,33.5000,4500.00,0.140000,610.00
"HD 107148 b",9.60000000,,0.415000,18.2517,5797.00,0.050000,582.78
"Kepler-1514 b",12.41957200,1.67814240000000e+03,4.820000,3.2300,6145.00,0.401000,387.90
"Kepler-1837 b",2.06673842,,3.060000,247.8300,5966.00,0.000000,1012.00
"Kepler-1986 b",1.89000000,,3.440000,26.6200,5549.00,0.000000,579.00
"Kepler-114 c",1.60000000,2.80000000000000e+00,1.180000,51.6230,4660.00,0.000000,507.00
"Kepler-20 c",2.89400000,1.11000000000000e+01,2.510000,78.7000,5495.00,0.076000,828.00
"Kepler-1093 c",1.96000000,,3.280000,18.1000,6166.00,0.000000,508.00
"Kepler-934 b",2.09000000,,3.020000,4.7160,5001.00,0.000000,384.00
"Kepler-946 b",1.93000000,,3.350000,124.0720,5665.00,0.000000,857.00
"Kepler-696 b",6.14000000,,0.743000,607.5250,5903.00,0.000000,1234.00
"Kepler-1448 b",1.61000000,,4.240000,86.6450,5774.00,0.000000,811.00
"TOI-4551 b",11.85910158,4.73564326430000e+02,1.740000,1247.7400,4896.00,0.101000,1655.00
"Kepler-189 c",2.38000000,2.27000000000000e+01,9.250000,18.8110,5235.00,0.000000,544.00
"K2-43 c",2.42000000,,2.500000,,3840.60,,1093.70
"HD 46375 b",10.00000000,,0.395000,359.0994,5285.00,0.063000,1221.40
"HD 95872 b",13.00000000,,2.970000,0.0216,5312.00,0.060000,103.45
"Kepler-1754 b",2.43996509,,2.470000,48.2000,4723.00,0.000000,672.00
"KMT-2024-BLG-1870L b",13.80000000,3.36898111420000e+02,0.704000,,,,
"TIC 4672985 b",11.50041420,4.04913390518000e+03,14.600000,11.9376,5757.00,0.018000,517.20
"K2-100 b",3.88000000,2.18000000000000e+01,2.040000,1915.0000,5945.00,0.000000,1841.00
"Kepler-1387 b",0.93000000,,5.120000,300.3120,5046.00,0.000000,1123.00
"Kepler-1412 b",0.83000000,,4.790000,1087.7810,5880.00,0.000000,1397.00
"K2-373 b",2.06100000,,3.080000,,6138.00,,
"K2-80 b",2.01000000,,3.180000,32.5000,5441.00,,666.05
"Kepler-1222 b",0.79000000,,4.660000,416.2310,5239.00,0.000000,1246.00
"Kepler-760 c",1.48000000,,4.730000,453.6480,5322.00,0.000000,1139.00
"Kepler-463 b",3.05000000,,1.850000,166.0390,5661.00,0.000000,880.00
"Kepler-186 d",1.40000000,,5.090000,7.2040,3788.00,0.000000,379.00
"2MASS J0249-0557 c",17.37392009,3.61688727166000e+03,3.790000,0.0000,2859.00,,1723.00
"K2-4 b",2.10000000,,3.000000,15.6000,4014.73,0.080000,563.00
"TOI-2337 b",10.08808263,5.08525451200000e+02,2.720000,619.5809,4780.00,0.019000,1272.46
"Kepler-451 c",13.50000000,,1.140000,,29564.00,0.290000,
"Kepler-446 d",1.35000000,,5.340000,3.3070,3359.00,0.000000,436.00
"KMT-2019-BLG-0335L b",12.10000000,6.67439654700000e+03,20.700000,,,,
"TOI-2015 b",3.30900000,9.20000000000000e+00,1.400000,13.1850,3297.00,0.078900,530.90
"HAT-P-53 b",14.77346200,4.71659720000000e+02,0.800000,1400.0226,5956.00,0.134000,1778.00
"TOI-411 c",2.32800000,9.72000000000000e+00,3.150000,156.7500,6169.00,0.160000,931.00
"GJ 328 c",4.91000000,,0.993000,0.1927,3897.00,,184.01
"WISPIT 1 b",12.40000000,3.30541543280000e+03,9.530000,0.0000,4670.00,,12.94
"OGLE-2012-BLG-0724L b",14.30000000,1.50000000000000e+02,0.282000,,,,
"TOI-2529 b",11.54525012,7.43718472380000e+02,2.660000,70.9731,5802.00,0.021000,636.00
"HD 139357 b",12.10000000,6.31556827549700e+03,19.600000,7.6490,4700.00,0.099000,446.97
"TOI-3862 b",5.53000000,5.37000000000000e+01,1.750000,358.8390,5300.00,0.023200,1539.00
"KOI-1599.01",1.90000000,4.60000000000000e+00,3.690000,44.8000,5833.00,0.014000,660.00
"Kepler-1687 b",1.65623882,,4.090000,30.2200,4132.00,0.000000,598.00
"Kepler-1346 b",1.58000000,,4.350000,545.5750,6133.00,0.000000,1236.00
"TOI-5799 c",1.76000000,,3.780000,2.4202,3452.00,,337.00
"TOI-1750 b",2.78943837,,2.070000,33.3520,4683.75,,612.92
"Kepler-187 c",2.67000000,,2.200000,324.1340,6105.00,0.000000,963.00
"TOI-5082.01",2.54811000,,2.330000,254.5880,5670.00,,1164.91
"Kepler-364 c",2.15000000,,2.910000,22.2340,6108.00,0.000000,568.00
"GJ 3021 b",13.10000000,,2.620000,2.7517,5540.00,0.511000,350.00
"KMT-2021-BLG-1770L b",12.10000000,6.67439654700000e+03,20.700000,,,,
"Kepler-361 b",1.45000000,,4.870000,411.9050,6169.00,0.000000,1060.00
"Kepler-286 b",1.24000000,,5.970000,850.1000,5580.00,0.000000,1367.00
"Kepler-47 c",4.65000000,3.17000000000000e+00,0.170000,0.9037,5636.00,0.044000,267.82
"HD 190984 b",13.00000000,1.13782569706000e+03,2.850000,0.0890,5988.00,0.570000,152.29
"Kepler-1042 b",2.19000000,,2.840000,25.6600,4815.00,0.000000,574.00
"Kepler-516 b",5.74000000,,0.811000,174.5800,7099.00,0.000000,1095.00
"TOI-1260 d",3.12000000,1.18400000000000e+01,2.140000,10.3200,4227.00,0.000000,499.00
"HD 16141 b",10.90000000,,0.351000,17.9052,5757.00,0.250000,562.87
"Kepler-1343 b",1.93000000,,3.350000,1021.9040,5759.00,0.000000,1294.00
"Kepler-119 b",3.60000000,,1.480000,745.2850,5595.00,0.000000,1213.00
"Kepler-1591 b",1.27000000,,5.770000,439.4340,6082.00,0.000000,892.00
"HD 103720 b",14.10000000,,0.386000,140.3478,5017.00,0.086000,926.24
"TOI-564 b",11.43318000,4.64985290000000e+02,1.700000,1423.0000,5640.00,0.072000,1714.00
"Kepler-1057 b",3.36000000,,1.620000,69.2130,5987.00,0.000000,724.00
"Kepler-1378 b",2.20000000,,2.830000,14.8670,4407.00,0.000000,525.00
"TOI-481 b",11.09691000,4.86279900000000e+02,1.960000,253.1260,5735.00,0.153000,1370.00
"Kepler-847 b",1.18000000,,5.890000,292.3100,4940.00,0.000000,1054.00
"Kepler-742 b",3.24000000,,1.710000,38.1010,4642.00,0.000000,690.00
"HD 23472 e",0.81800000,7.20000000000000e-01,7.500000,46.7000,4684.00,0.070000,723.00
"KMT-2019-BLG-0953L b",4.06000000,1.55000000000000e+01,1.270000,,,,
"HD 73344 c",13.50000000,,0.265000,15.9205,6148.00,0.124000,562.57
"Kepler-936 b",1.45000000,,4.870000,133.5600,5482.00,0.000000,867.00
"TOI-257 b",7.16253867,4.38603201660000e+01,0.650000,186.0000,6095.00,0.000000,1027.00
"HD 105618 b",5.44000000,,0.868000,182.6347,5671.00,0.455000,1023.19
"2MASS J22501512+2325342 b",11.90000000,9.53485221000000e+03,31.100000,0.0000,3352.00,,1600.00
"TOI-6080 b",3.32424168,,1.650000,168.8120,5775.46,,919.33
"TOI-1301.01",2.47700000,,2.420000,72.5500,4820.00,,737.36
"K2-208 b",1.67462172,,4.040000,264.3425,5500.00,0.370000,1122.00
"Kepler-616 d",2.65300000,,2.210000,14.6900,6004.00,0.000000,499.00
"Kepler-1497 b",1.66000000,,4.070000,172.3800,5675.00,0.000000,924.00
"K2-402 b",2.67800000,,2.190000,,5716.00,,
"Kepler-981 b",2.31000000,,2.650000,337.4710,5718.00,0.000000,1103.00
"K2-111 b",1.83700000,5.35000000000000e+00,5.065359,490.0000,5775.00,0.134000,1293.00
"Kepler-176 b",1.43000000,2.90537000000000e+02,179.000000,123.8020,5232.00,0.000000,841.00
"Kepler-290 c",2.70000000,,2.160000,6.5960,5147.00,0.000000,437.00
"TOI-544 b",2.01800000,2.89000000000000e+00,1.930000,240.1950,4169.00,0.000000,999.00
"HD 220842 b",13.10000000,,2.470000,4.1550,5960.00,0.404000,397.62
"Kepler-726 b",3.26000000,,1.700000,25.2960,5452.00,0.000000,543.00
"Kepler-1540 b",2.49000000,,2.410000,0.8490,4540.00,0.000000,266.00
"K2-345 b",2.11000000,,2.980000,,3779.00,,437.00
"Kepler-594 b",2.18000000,,2.860000,59.3960,5485.00,0.000000,678.00
"Kepler-803 b",3.79000000,,1.390000,20.8820,5919.00,0.000000,543.00
"Kepler-1732 b",4.09903273,,1.250000,27.0500,5821.00,0.000000,699.00
"61 Vir d",5.11000000,,0.943000,3.5464,5577.00,0.350000,382.51
"TIC 445839811 b",2.47771211,,2.420000,,5408.25,,
"HD 156668 c",6.17000000,,0.737000,0.1169,4903.69,0.089000,166.08
"WASP-126 b",10.51358773,9.03000000000000e+01,0.410000,759.3374,5800.00,0.180000,1480.00
"Kepler-225 c",1.84000000,,3.560000,9.9030,3682.00,0.000000,412.00
"Kepler-143 b",2.41000000,,2.510000,118.3340,5848.00,0.000000,838.00
"AT2021ueyL b",13.60000000,4.25890065380000e+02,0.930000,,3680.00,,
"Kepler-269 b",2.47000000,,2.430000,604.9000,5847.00,0.000000,1007.00
"Kepler-1759 b",0.90377910,,5.030000,195.7000,5017.00,0.000000,954.00
"Kepler-927 b",1.72000000,,3.900000,129.5340,5743.00,0.000000,906.00
"Kepler-1215 b",1.22000000,,5.990000,253.9640,5616.00,0.000000,1046.00
"KMT-2017-BLG-1003L b",2.13000000,5.19000000000000e+00,2.950000,,,,
"Kepler-83 c",2.36000000,2.03000000000000e+00,0.380000,5.9000,4082.00,0.000000,362.00
"OGLE-2017-BLG-1806L b",2.15000000,5.27000000000000e+00,2.910000,,,,
"Kepler-321 b",1.77000000,,3.750000,296.1550,5740.00,0.000000,1042.00
"K2-212 b",2.65000000,,2.220000,21.9640,4349.00,,542.00
"Kepler-1733 b",3.63582354,,1.460000,257.1100,6320.00,0.000000,1021.00
"HIP 14810 d",14.10000000,,0.368000,0.2597,5544.00,0.185000,198.54
"Kepler-367 c",1.20000000,,5.950000,3.7610,4710.00,0.000000,357.00
"KMT-2016-BLG-1836L b",13.30000000,7.00000000000000e+02,1.630000,,,,
"Kepler-176 e",1.45000000,5.20750000000000e-01,0.041000,6.2200,5295.00,0.000000,398.00
"Kepler-357 c",2.67000000,,2.200000,19.4040,5036.00,0.000000,576.00
"Kepler-462 c",4.00000000,6.00000000000000e+00,0.400000,9.9700,7500.00,0.110000,453.00
"Kepler-865 b",2.49000000,,2.410000,46.3620,5570.00,0.000000,694.00
"Kepler-194 c",2.59000000,,2.280000,56.9550,6089.00,0.000000,815.00
"TOI-763 c",2.63000000,9.32000000000000e+00,2.820000,64.3196,5450.00,0.040000,800.00
"Kepler-1244 b",1.35000000,,5.340000,4756.3250,6680.00,0.000000,1839.00
"HD 50499 b",13.50000000,,1.160000,0.1619,6102.00,0.266000,174.69
"HD 108236 c",2.07100000,,3.060000,162.1675,5660.00,0.034000,932.00
"OGLE-2012-BLG-0026L c",13.90000000,2.70000000000000e+02,0.552000,,,,
"Kepler-312 c",3.15000000,,1.780000,165.8240,6115.00,0.000000,754.00
"HD 20794 f",2.28000000,,2.700000,0.3746,5368.00,0.450000,214.52
"Proxima Cen b",1.02000000,,5.460000,0.6410,2900.00,0.000000,218.00
"Kepler-374 b",1.03000000,,5.430000,2014.6610,5977.00,0.000000,1761.00
"Kepler-744 b",1.62000000,,4.210000,62.9550,5594.00,0.000000,750.00
"Kepler-1761 b",1.39109603,,5.120000,33.3400,3871.00,0.000000,613.00
"K2-48 b",2.24000000,,2.760000,15.3000,4899.00,,550.56
"HD 21749 c",0.89200000,3.70000000000000e+00,31.930000,305.9425,4640.00,,701.00
"Kepler-1282 b",1.55000000,,4.460000,672.5320,5504.00,0.000000,1418.00
"Qatar-6 b",11.90395800,2.12310440000000e+02,0.692000,174.9015,5052.00,0.000000,1006.00
"Kepler-1595 b",1.23000000,,6.020000,185.5680,5203.00,0.000000,980.00
"HD 68988 c",12.20000000,4.77696095721000e+03,14.500000,0.0096,5883.41,0.450000,87.50
"Kepler-1479 b",1.83000000,,3.600000,98.5740,5796.00,0.000000,746.00
"KOI-984 c",14.10000000,2.09800000000000e+02,0.411000,22.0364,5295.00,0.380000,597.00
"HD 99109 b",14.30000000,,0.263000,0.5465,5282.00,0.090000,239.32
"HD 22532 b",13.40000000,,1.540000,5.2078,5038.00,0.030000,420.41
"Kepler-194 b",1.51000000,,4.610000,953.1730,6089.00,0.000000,1648.00
"Kepler-157 d",1.46000000,,4.820000,244.0580,5866.00,0.000000,969.00
"KMT-2017-BLG-0849L b",2.41000000,6.39000000000000e+00,2.510000,,,,
"HD 70573 b",12.80000000,,4.980000,0.3222,5737.00,0.400000,206.11
"Kepler-1418 b",1.66000000,,4.070000,7.2900,4770.00,0.000000,419.00
"HD 115404 A b",6.09000000,,0.750000,39.0242,5019.17,0.232000,695.65
"EPIC 212624936 b",1.20000000,,5.950000,,5765.00,,
"LHS 3154 b",3.69000000,,1.440000,3.7134,2861.00,0.076000,343.83
"Kepler-344 b",2.61000000,,2.260000,27.3270,5774.00,0.000000,643.00
"UZ For b",,2.00220000000000e+03,,,5286.90,0.040000,
"Kepler-661 b",3.07000000,,1.830000,45.5280,4483.00,0.000000,678.00
"HD 112570 b",13.10000000,1.08697315194000e+03,2.660000,2.9139,4750.00,0.200000,364.01
"Oph 11 b",12.30000000,4.44962000000000e+03,13.100000,0.0000,2375.00,,2175.00
"K2-35 b",1.32000000,,5.500000,211.0000,4402.71,0.130000,979.00
"TWA 7 b",12.70000000,1.08061658380000e+02,0.290000,0.0000,3509.00,,316.00
"Kepler-1468 c",1.15000000,,5.780000,1479.5670,5893.00,0.000000,1448.00
"TOI-5489 b",1.40000000,,5.090000,25.1137,3547.00,,624.00
"Kepler-96 b",2.67000000,8.46000000000000e+00,2.260000,57.5240,5690.00,0.000000,711.00
"Kepler-1371 b",0.73000000,,4.450000,414.7650,5361.00,0.000000,1015.00
"Kepler-180 b",1.50000000,,4.660000,72.1190,5731.00,0.000000,781.00
"Kepler-1468 b",1.73000000,,3.860000,481.3520,5893.00,0.000000,1093.00
"Kepler-1104 b",1.23000000,,6.020000,813.5240,6417.00,0.000000,1321.00
"HATS-22 b",10.68217700,8.70854200000000e+02,3.890000,111.2990,4803.00,0.079000,858.00
"HD 22781 b",12.30000000,,12.800000,0.2456,5027.00,0.819100,193.48
"NGTS-6 b",14.86313400,4.25574370000000e+02,0.711000,983.4246,4730.00,0.000000,1283.90
"Kepler-1907 b",0.86973029,,4.920000,75.0000,5159.00,0.000000,856.00
"Kepler-291 b",2.16000000,,2.900000,627.3740,6002.00,0.000000,1212.00
"Kepler-525 b",2.63000000,,2.240000,176.2320,5573.00,0.000000,832.00
"Kepler-1168 b",2.50000000,,2.390000,4.1070,5157.00,0.000000,379.00
"TOI-5624 c",2.47400000,4.80000000000000e+00,1.720000,96.4290,5327.00,0.000000,857.00
"HD 18438 b",12.10000000,,20.700000,210.6576,3860.00,0.100000,1208.15
"HD 154088 b",2.46000000,,2.440000,41.2119,5374.00,0.344000,689.99
"K2-369 b",1.31300000,,5.530000,,5682.00,,
"Kepler-148 d",8.68000000,,0.473000,6.5320,5172.00,0.000000,413.00
"TOI-663 b",2.27000000,4.45000000000000e+00,2.070000,49.1000,3681.00,,674.00
"Kepler-1056 b",3.01000000,,1.880000,56.9100,6127.00,0.000000,590.00
"CoRoT-9 b",11.94879400,2.66977200000000e+02,0.860000,3.4440,5625.00,0.133000,420.00
"Kepler-1180 b",1.99000000,,3.220000,175.8550,6077.00,0.000000,765.00
"Kepler-1554 b",2.90000000,,1.970000,1.0140,5297.00,0.000000,288.00
"Kepler-1424 b",1.16000000,,5.810000,58.6000,5838.00,0.000000,629.00
"Kepler-1768 b",2.23346338,,2.770000,179.1600,6050.00,0.000000,933.00
"Kepler-1642 c",2.66000000,,2.210000,89.6320,5355.00,0.000000,1095.00
"Kepler-1534 b",1.89000000,,3.440000,196.5100,5442.00,0.000000,955.00
"Kepler-234 c",3.51000000,,1.540000,273.3040,6224.00,0.000000,1025.00
"HAT-P-35 b",14.93038800,3.35628480000000e+02,0.550000,999.6688,6096.00,0.020000,1581.00
"Kepler-1935 b",2.50271696,,2.390000,324.7800,5570.00,0.000000,1083.00
"Kepler-343 c",2.02000000,,3.160000,57.9320,5807.00,0.000000,746.00
"Kepler-920 c",3.80000000,,1.380000,3.9860,5403.00,0.000000,364.00
"Kepler-304 e",1.20000000,,5.950000,397.2540,4817.00,0.000000,1137.00
"HD 190360 b",13.50000000,5.37000000000000e+02,1.200000,0.0741,5560.00,0.334200,150.00
"Kepler-1526 b",2.43000000,,2.480000,99.0970,4601.00,0.000000,787.00
"OGLE-2017-BLG-1691L b",3.92000000,1.46201067220000e+01,1.330000,,,,
"HAT-P-64 b",19.08889413,1.84340476060000e+02,0.144000,1611.0000,6457.00,0.101000,1766.00
"HD 92788 b",13.00000000,,2.990000,1.1129,5744.00,0.350000,300.27
"KOI-3503 b",1.19000000,9.20000000000000e+00,10.000000,90.2000,6001.00,0.000000,785.00
"Kepler-1879 b",2.06512018,,3.070000,242.6000,5865.00,0.000000,987.00
"Kepler-526 b",1.99000000,,3.220000,584.3540,5894.00,0.000000,1099.00
"Kepler-541 b",3.36000000,,1.620000,1452.9040,6166.00,0.000000,1673.00
"CoRoT-23 b",11.77000000,8.89900000000000e+02,3.000000,530.0221,5900.00,0.160000,1660.00
"HD 28109 c",4.13000000,9.20000000000000e+00,0.700000,29.9535,6189.00,0.003900,643.00
"K2-11 b",7.55000000,,0.567000,9.8400,5433.00,,734.00
"Kepler-246 b",2.34000000,,2.610000,141.6130,5206.00,0.000000,896.00
"Kepler-22 b",2.10000000,9.10000000000000e+00,5.200000,1.0130,5596.00,0.720000,279.00
"Kepler-818 b",5.11000000,,0.943000,100.7790,5638.00,0.000000,786.00
"TOI-1230.01",3.23968384,,1.710000,53.1389,5696.00,,688.61
"KMT-2023-BLG-1866L b",1.43000000,2.63000000000000e+00,4.940000,,,,
"Kepler-1189 b",1.77000000,,3.750000,449.9360,6012.00,0.000000,1158.00
"TIC 62895484 b",3.49391667,,1.550000,,5520.79,,
"WASP-182 b",9.52765000,4.70388400000000e+01,0.318000,756.2610,5638.00,0.000000,1479.00
"EPIC 249893012 c",3.67000000,1.46700000000000e+01,1.620000,160.0000,5430.00,0.070000,990.00
"WASP-35 b",14.57170000,2.25659300000000e+02,0.378000,758.1026,5990.00,0.000000,1338.29
"Kepler-529 c",2.00000000,,3.200000,149.4200,6087.00,0.000000,891.00
"HD 65216 c",13.40000000,,1.470000,0.0214,5612.00,0.170000,105.87
"Kepler-313 c",2.57000000,,2.310000,51.1000,5727.00,0.000000,683.00
"GJ 180 c",2.41000000,,2.510000,0.7812,3371.00,0.090000,290.87
"TOI-3629 b",8.29464572,8.26353858200000e+01,0.800000,39.0000,3870.00,0.050000,690.00
"HD 31527 d",3.46000000,,1.570000,1.8299,5898.00,0.240000,327.48
"HAT-P-61 b",10.07687365,3.35944626199000e+02,1.800000,849.5000,5587.00,0.113000,1505.00
"TOI-712 c",2.70100000,,2.160000,3.0800,4622.00,0.089000,369.90
"TOI-2589 b",12.10569916,1.11239942450000e+03,3.450000,21.7464,5579.00,0.522000,592.00
"NGTS-27 b",15.64773706,1.88472245351000e+02,0.266000,1680.0000,5700.00,0.000000,1783.00
"Kepler-84 e",2.60000000,,2.270000,48.2900,6031.00,0.000000,672.00
"Kepler-1011 b",2.87000000,,2.000000,108.7880,5416.00,0.000000,920.00
"HD 137496 b",1.31000000,4.04000000000000e+00,10.490000,3114.3366,5799.00,0.000000,2130.00
"Kepler-1600 b",3.13000000,,1.780000,0.4000,5214.00,0.000000,209.00
"Kepler-49 c",2.44400000,8.38000000000000e+00,3.109679,12.3410,4095.60,0.008000,443.00
"HD 24064 b",12.30000000,,12.100000,211.3995,4052.00,0.350000,1088.02
"Kepler-441 b",1.64000000,,4.150000,0.2100,4340.00,0.100000,189.00
"Kepler-126 c",1.58000000,,1.695536,112.1280,6239.00,0.190000,790.00
"KMT-2023-BLG-0548L b",13.10000000,1.08697315194000e+03,2.660000,,,,
"OGLE-2016-BLG-1190L b",12.30000000,4.25300000000000e+03,12.600000,,,0.420000,
"K2-14 b",4.81000000,,1.020000,8.0000,3789.00,0.140000,488.00
"Kepler-748 b",2.52000000,,2.370000,439.7780,5934.00,0.000000,938.00
"Kepler-1349 b",0.70000000,,4.340000,1862.3300,6086.00,0.000000,1668.00
"Kepler-394 d",1.50066814,,4.650000,302.0000,6398.00,0.000000,1165.00
"TOI-2048 b",2.61000000,,2.260000,29.0350,5185.00,0.130000,646.00
"Kepler-619 c",1.69000000,,3.980000,1652.9070,5980.00,0.000000,1767.00
"Kepler-253 b",1.63000000,,4.170000,194.3460,5208.00,0.000000,949.00
"K2-113 b",12.14000000,4.10000700000000e+02,1.970000,277.3900,5660.00,0.000000,1098.00
"Kepler-898 b",1.49000000,,4.700000,37.1100,4223.00,0.000000,616.00
"TOI-2107 b",13.57407563,2.63797577810000e+02,0.577000,508.4680,5627.00,0.033000,1397.00
"WASP-58 b",16.02887000,3.08295100000000e+02,0.450000,404.7112,5800.00,0.000000,1270.00
"HD 33844 c",13.50000000,,1.240000,2.8101,4861.00,0.130000,360.22
"Kepler-139 c",3.38000000,1.30000000000000e+01,8.702677,3.0230,5594.00,0.000000,350.00
"DP Leo b",12.70000000,1.99588832000000e+03,5.350000,0.0001,13500.00,0.390000,24.39
"G 192-15 c",3.87000000,,1.360000,0.0016,2999.00,0.676000,55.90
"Kepler-641 b",1.85000000,,3.540000,311.7880,5713.00,0.000000,926.00
"75 Cet b",13.30000000,,1.840000,14.1750,4809.00,0.093000,540.31
"HD 164595 b",4.16000000,,1.230000,19.6697,5790.00,0.088000,589.00
"Kepler-217 c",1.85000000,,3.540000,730.8080,6171.00,0.000000,1208.00
"Kepler-235 d",2.05000000,,3.100000,4.0300,4255.00,0.000000,401.00
"Kepler-642 b",2.90000000,,1.970000,719.3730,6570.00,0.000000,1810.00
"Kepler-457 d",2.98467257,,1.900000,244.4700,6474.00,0.000000,1008.00
"HD 180314 b",12.00000000,,22.900000,20.9853,4917.00,0.247000,597.64
"Kepler-868 b",2.05000000,,3.100000,417.0340,5614.00,0.000000,1047.00
"K2-384 c",1.19100000,,5.920000,,3623.00,,
"Kepler-551 b",2.73000000,,2.130000,14.3860,4286.00,0.000000,483.00
"bet Cnc b",12.60000000,,6.810000,274.8541,4092.10,0.080000,1039.74
"Kepler-153 b",2.92000000,,1.950000,21.6090,5404.00,0.000000,621.00
"Kepler-181 c",1.99000000,,3.220000,168.1880,5333.00,0.000000,937.00
"KOI-217 b",12.44200000,,,272.0330,5545.00,0.000000,1046.00
"HD 97037 b",12.10000000,6.70776852973500e+03,20.800000,0.0357,5874.10,0.357000,120.99
"Kepler-776 b",1.28000000,,5.710000,135.0820,5071.00,0.000000,904.00
"HD 30177 c",12.90000000,1.48425866069000e+03,3.800000,0.0124,5680.00,0.210000,87.87
"TOI-712 b",2.04900000,,3.100000,22.6000,4622.00,0.540000,650.00
"DMPP-2 b",14.20000000,,0.329000,288.2234,6500.00,0.060000,1000.00
"K2-352 b",1.37000000,,5.240000,,5791.00,,1160.00
"TOI-3288 b",12.24020692,5.36176522609000e+02,1.600000,213.8000,4072.00,0.021000,973.00
"Kepler-1413 b",1.82000000,,3.620000,42.8250,5196.00,0.000000,661.00
"HIP 5158 c",12.20000000,,14.500000,0.0046,4813.00,0.140000,72.63
"HATS-60 b",12.92397700,2.10403460000000e+02,0.537000,903.9000,5688.00,0.191000,1528.00
"Kepler-465 b",2.95000000,,1.930000,227.8200,6310.00,0.000000,996.00
"Kepler-953 c",1.19000000,,5.900000,121.0400,5416.00,0.000000,873.00
"HD 189567 b",2.85000000,,2.020000,171.2523,5726.00,0.189000,845.16
"Wolf 503 b",2.04300000,6.26000000000000e+00,2.920000,69.6000,4716.00,0.410000,790.00
"Kepler-1525 b",0.91000000,,5.050000,715.1060,5748.00,0.000000,1343.00
"Kepler-1009 b",2.17000000,,2.880000,11.5610,4027.00,0.000000,403.00
"Kepler-250 c",2.28000000,,2.700000,71.4990,5160.00,0.000000,782.00
"HD 215497 c",13.00000000,1.11239942450000e+02,0.278000,0.2267,5113.00,0.470000,198.60
"HD 169142 b",13.10000000,9.53485221000000e+02,2.330000,0.0042,7246.00,,71.02
"Kepler-1420 b",1.28000000,,5.710000,131.5260,5187.00,0.000000,806.00
"K2-227 b",1.66551298,,4.060000,,5673.00,,
"TOI-672 b",5.31000000,5.09000000000000e+01,1.860000,39.8000,3810.00,0.000000,699.50
"K2-333 b",6.18000000,,0.736000,102.1266,5880.00,,826.00
"TOI-1696 b",3.09000000,4.88000000000000e+01,9.440000,13.5000,3185.00,0.000000,489.00
"Kepler-1514 c",1.17582410,,5.880000,193.0000,6145.00,0.320000,1066.00
"HD 95089 c",13.10000000,,2.680000,1.2174,4918.00,0.284000,292.91
"Kepler-1562 b",3.55000000,,1.510000,31.7680,5760.00,0.000000,554.00
"HD 20781 d",3.25000000,,1.700000,18.0638,5256.00,0.110000,570.19
"KMT-2018-BLG-2602L b",13.70000000,3.65502668050000e+02,0.781000,,,,
"Kepler-79 e",3.53000000,3.80000000000000e+00,0.480000,18.7800,6389.00,0.025000,511.00
"OGLE-2017-BLG-0640L b",13.50000000,5.14882019340000e+02,1.150000,,,,
"Kepler-235 c",1.28000000,,5.710000,14.2000,4255.00,0.000000,555.00
"HATS-31 b",18.38276000,2.79690400000000e+02,0.243000,1619.4060,6050.00,0.233000,1823.00
"Kepler-20 d",2.60600000,1.34000000000000e+01,4.100000,5.7100,5495.00,0.082000,430.00
"HD 69830 b",3.17000000,,1.760000,97.7824,5385.00,0.100000,872.84
"K2-165 c",1.55409035,,4.440000,,5185.00,,
"TOI-904 b",2.42600000,,2.490000,8.3169,3770.20,,429.43
"DMPP-1 c",3.31000000,,1.660000,220.4556,6196.00,0.220000,1239.00
"TOI-1268 b",9.10000000,9.64000000000000e+01,0.710000,91.0972,5300.00,0.105000,918.90
"Kepler-947 b",2.28000000,,2.700000,51.9500,5508.00,0.000000,573.00
"TOI-4561 b",1.77789214,,3.730000,91.9624,5537.93,,789.81
"TOI-1246 c",2.45109846,9.10000000000000e+00,3.390000,129.0000,5213.00,0.000000,862.49
"Kepler-1402 b",0.76000000,,4.540000,2491.1190,5416.00,0.000000,1789.00
"HD 204313 e",12.20000000,4.86817771001900e+03,14.700000,0.0226,5767.00,0.253000,106.81
"HD 95086 b",12.90000000,1.58900000000000e+03,4.070000,0.0021,7595.00,,1000.00
"Kepler-454 d",13.30000000,,1.710000,0.0434,5687.00,0.089000,125.37
"K2-27 b",4.74000000,3.02000000000000e+01,1.710000,116.0000,5246.00,0.251000,836.00
"gam1 Leo b",12.50000000,,7.850000,228.5105,4330.00,0.144000,1080.70
"Kepler-689 b",2.89000000,,1.980000,35.3370,5518.00,0.000000,536.00
"NGC 2682 YBP 1194 b",12.30000000,,0.300000,,5780.00,0.300000,
"HD 211970 b",3.66000000,,1.460000,4.2125,4127.00,0.150000,398.77
"Kepler-271 b",1.23000000,,6.020000,75.9570,5555.00,0.000000,759.00
"CoRoT-24 c",5.00000000,2.80000000000000e+01,1.300000,26.0656,4950.00,0.000000,850.00
"K2-175 b",2.03803688,,3.120000,,5909.00,,
"K2-21 c",2.49000000,,5.400000,5.1000,4222.06,0.210000,420.00
"Kepler-1205 b",1.41000000,,5.040000,1038.4930,5226.00,0.000000,1667.00
"TIC 77552382 b",5.69176189,,0.820000,701.7449,4981.07,,1433.88
"Kepler-1814 c",1.76000000,,3.780000,2011.2700,4922.00,0.000000,1711.00
"HD 73526 c",13.30000000,,1.670000,2.0521,5601.00,0.280000,329.17
"Kepler-1067 c",1.74682428,,3.810000,190.8000,5594.00,0.000000,973.00
"HD 94771 b",14.20000000,,0.324000,0.2710,5631.00,0.390000,200.79
"Kepler-336 c",2.10000000,,3.000000,206.9100,5867.00,0.000000,967.00
"Kepler-252 b",1.23000000,,6.020000,39.2640,4208.00,0.000000,587.00
"EPIC 201841433 b",1.04000000,,5.470000,189.3706,5053.00,,1032.49
"WASP-75 b",14.23500000,3.40060000000000e+02,0.690000,1657.0000,6100.00,0.000000,1710.00
"Kepler-1181 b",1.57000000,,4.390000,831.1430,6176.00,0.000000,1374.00
"TOI-6884 b",10.39072511,8.36524367224000e+03,41.000000,1230.0000,6330.00,0.067000,1652.00
"Kepler-423 b",13.36100000,1.89101000000000e+02,0.459000,649.1480,5560.00,0.019000,1605.00
"HD 47366 b",13.40000000,,1.510000,17.9154,4866.00,0.071000,577.05
"Kepler-65 d",1.52000000,4.14000000000000e+00,5.700000,394.5490,6211.00,0.014000,1117.00
"2M0437 b",13.00000000,1.27131362800000e+03,3.180000,0.0000,3100.00,,1450.00
"K2-79 b",4.15000000,5.90000000000000e+00,0.476928,180.0000,5897.00,0.032000,1033.00
"Kepler-1395 b",0.80000000,,4.690000,730.5310,6138.00,0.000000,1311.00
"HD 122562 c",10.10000000,,0.390000,15.4863,4956.00,0.228000,552.02
"Kepler-201 b",2.46000000,,2.440000,64.5490,6065.00,0.000000,683.00
"Kepler-1518 b",3.05000000,,1.850000,1079.4580,6846.00,0.000000,1351.00
"Kepler-1383 b",1.41000000,,5.040000,231.3960,6370.00,0.000000,928.00
"Kepler-229 c",4.92000000,,0.992000,21.6370,5120.00,0.000000,600.00
"Kepler-800 b",2.85000000,,2.020000,44.8720,5315.00,0.000000,675.00
"Kepler-561 b",6.96000000,,0.631000,7.5650,5646.00,0.000000,446.00
"HD 21693 b",2.80000000,,2.060000,29.2864,5430.00,0.120000,656.39
"GJ 4276 b",4.22000000,,1.210000,2.9298,3387.00,0.370000,363.86
"14 Her b",12.50000000,2.82867282230000e+03,7.960000,0.0873,5338.00,0.368300,147.32
"Kepler-1272 b",2.37000000,,2.560000,34.4330,5926.00,0.000000,542.00
"GJ 229 b",3.97000000,,1.310000,0.0237,3564.00,0.404000,111.85
"MXB 1658-298 b",12.00000000,7.53257100000000e+03,24.000000,,,,
"Kepler-137 c",1.88000000,,3.470000,29.7750,5187.00,0.000000,568.00
"HD 47536 b",12.60000000,,6.400000,47.5699,4380.00,0.200000,736.52
"TOI-782 b",2.73400000,1.91000000000000e+01,,5.9100,3370.00,0.190000,435.00
"GJ 414 A b",2.63000000,,2.300000,2.2033,4120.00,0.450000,308.60
"2MASS J11011926-7732383 b",11.90000000,8.89919539600000e+03,29.000000,,,,2677.00
"Kepler-309 c",2.51000000,,2.380000,2.1420,4713.00,0.000000,204.00
"GJ 422 b",3.33000000,,1.650000,0.8928,3323.00,0.110000,292.68
"HD 48948 b",2.06000000,,3.070000,138.8500,4593.00,0.055000,957.00
"Kepler-722 b",2.63000000,,2.240000,414.6010,5863.00,0.000000,1182.00
"HD 220074 b",12.20000000,,16.000000,305.7049,3787.00,0.140000,1069.88
"24 Boo b",13.90000000,,0.574000,2001.2754,4816.00,0.032000,1840.86
"HD 180617 b",3.53000000,,1.530000,0.2751,3534.00,0.101000,201.80
"HD 74156 c",12.50000000,2.75398314665500e+03,7.750000,0.1860,6068.00,0.377000,187.52
"Kepler-1478 b",1.73000000,,3.860000,85.2820,5904.00,0.000000,598.00
"Kepler-418 c",5.22108654,,0.915000,107.6000,5822.00,0.000000,835.00
"Kepler-333 c",1.11000000,,5.670000,7.0490,4259.00,0.000000,386.00
"MOA-2013-BLG-605L b",1.62000000,3.24000000000000e+00,4.190000,,,,
"HD 79498 b",13.60000000,,0.930000,0.1207,5748.00,0.575000,164.53
"Kepler-203 c",2.47000000,7.49900000000000e+02,273.000000,329.7880,5821.00,0.000000,1096.00
"TOI-1203.01",2.91800000,7.39000000000000e+00,1.630000,51.0000,5737.00,0.032000,743.60
"Kepler-238 d",3.07000000,2.31000000000000e+01,2.950000,213.4800,5751.00,0.000000,888.00
"Kepler-221 b",1.71000000,5.95575000000000e+00,0.190000,308.8850,5243.00,0.000000,1090.00
"Kepler-745 b",2.16000000,,2.900000,286.0260,5849.00,0.000000,931.00
"Kepler-810 b",1.93000000,,3.350000,350.5970,5803.00,0.000000,1105.00
"Kepler-1365 c",0.80000000,,4.690000,864.0370,5770.00,0.000000,1137.00
"Kepler-353 b",0.89000000,,4.990000,27.1890,3903.00,0.000000,534.00
"KMT-2017-BLG-2331L b",14.20000000,1.71000000000000e+02,0.328000,,,,
"HD 28109 d",3.11000000,5.80000000000000e+00,1.100000,17.3745,6189.00,0.005400,561.00
"CoRoT-21 b",14.57170000,7.18295800000000e+02,1.360000,2915.5997,6200.00,0.000000,2044.44
"HD 20003 c",3.89000000,,1.350000,18.6659,5494.00,0.100000,573.89
"Kepler-716 b",2.90000000,,1.970000,42.4930,5099.00,0.000000,720.00
"TOI-4034 b",17.71018951,2.76510714090000e+02,0.275000,1870.7800,5891.00,0.000000,1907.00
"Kepler-101 b",5.77000000,5.11000000000000e+01,1.450000,1240.3320,5667.00,0.086000,1513.00
"HAT-P-4 b",14.28000000,2.13255000000000e+02,0.403000,1438.0000,5860.00,0.000000,1686.00
"Kepler-619 d",4.17000000,,1.230000,112.0700,6122.00,0.000000,830.00
"Kepler-411 c",4.42100000,2.64000000000000e+01,1.700000,56.0000,4974.00,0.108000,838.00
"Kepler-1601 b",0.82000000,,4.750000,999.7520,5869.00,0.000000,1507.00
"HD 134606 b",2.97000000,,1.910000,106.1131,5576.00,0.092000,894.63
"K2-66 b",2.49000000,2.13000000000000e+01,7.800000,840.0000,5887.00,0.000000,1372.00
"TOI-1691 b",3.66000000,1.46000000000000e+01,1.760000,59.1300,5759.00,0.000000,703.49
"K2-230 b",1.96000000,,3.280000,1241.5334,5945.00,,1529.00
"HD 20003 b",3.43000000,,1.590000,75.8952,5494.00,0.360000,814.93
"GJ 667 C g",1.99000000,,3.210000,0.0455,3350.00,0.080000,
"Kepler-1026 b",2.21000000,,2.810000,5.9880,4948.00,0.000000,425.00
"Kepler-445 b",1.58000000,,4.350000,17.6570,3157.00,0.000000,401.00
"K2-117 b",2.03000000,,3.140000,145.8000,3778.00,0.060000,868.00
"Kepler-138 d",1.51000000,2.10000000000000e+00,3.600000,3.4000,3841.00,0.010000,345.00
"Kepler-540 b",2.71000000,,2.150000,4.5250,5946.00,0.000000,355.00
"TIC 437041147 b",2.21526814,,2.800000,,5224.36,,
"Kepler-33 c",3.20000000,3.90000000000000e-01,0.130000,241.7590,5904.00,0.000000,1009.00
"KELT-10 b",15.68139100,2.15806570000000e+02,0.308000,600.0000,5948.00,,1377.00
"Kepler-583 b",2.28000000,,2.700000,178.6990,5523.00,0.000000,1017.00
"HD 62364 c",12.00000000,7.92346218651000e+03,25.200000,0.0020,6255.00,0.773000,58.70
"Kepler-1649 c",1.06000000,,5.540000,0.7500,3240.00,0.000000,234.00
"Kepler-1167 b",1.71000000,,3.920000,1039.6970,4971.00,0.000000,1419.00
"KMT-2017-BLG-1038L b",13.40000000,6.40000000000000e+02,1.460000,,,,
"HD 100508 b",13.70000000,3.81394088400000e+02,0.815000,0.0216,5419.00,0.420000,106.66
"WASP-57 b",11.76945000,2.04682520000000e+02,0.693000,702.3850,5600.00,0.000000,1338.00
"Kepler-1779 b",3.03295685,,1.860000,67.3400,5730.00,0.000000,730.00
"Kepler-1770 b",2.84141754,,2.020000,56.4300,5602.00,0.000000,699.00
"Kepler-216 b",2.35000000,,2.590000,540.0340,6091.00,0.000000,1069.00
"TOI-2768 b",2.63000000,,2.240000,89.0458,4008.00,,855.00
"KMT-2018-BLG-0029L b",2.67000000,7.59000000000000e+00,2.190000,,,,
"Kepler-529 d",2.79502603,,2.070000,37.9200,6078.00,0.000000,633.00
"Kepler-381 d",1.06678650,,5.570000,436.7000,6197.00,0.000000,1387.00
"Kepler-296 d",2.09000000,,1.900000,2.9000,3740.00,0.330000,403.00
"Kepler-1739 b",2.43056832,,2.480000,117.5000,5757.00,0.000000,839.00
"Kepler-278 b",3.95500000,5.60000000000000e+01,5.000000,110.0000,4965.00,0.696000,586.00
"Kepler-615 b",1.74000000,,3.840000,19.1800,4655.00,0.000000,620.00
"TOI-6383 A b",11.29000000,3.31000000000000e+02,1.260000,51.3000,3444.00,0.050000,745.00
"K2-268 e",1.33000000,,5.440000,,5106.00,,801.00
"Kepler-1638 b",1.87000000,,3.500000,2.7600,5710.00,0.000000,304.00
"Kepler-1254 d",1.31000000,,5.550000,71.3100,4985.00,0.000000,794.00
"Kepler-752 b",2.81000000,,2.060000,45.2780,5373.00,0.000000,632.00
"Kepler-1692 b",1.11177184,,5.680000,153.4800,5146.00,0.000000,897.00
"K2-45 b",6.71000000,,0.662000,100.0000,4103.00,0.100000,1073.56
"KMT-2022-BLG-1818L c",13.20000000,1.14418226520000e+02,0.273000,,,,
"KMT-2023-BLG-0332L b",12.00000000,6.99222495400000e+03,22.200000,,,,
"KMT-2019-BLG-1953L b",14.10000000,2.00000000000000e+02,0.392000,,,,
"Kepler-148 b",1.80000000,,3.670000,609.0170,5272.00,0.000000,1284.00
"Kepler-1760 b",2.28995546,,2.680000,12.5600,5229.00,0.000000,480.00
"HD 167768 b",13.90000000,,0.553000,2042.7410,4851.00,0.149000,1873.59
"Kepler-6 b",14.61653600,2.12310440000000e+02,0.400000,792.2180,5647.00,0.000000,1460.00
"Kepler-1756 b",1.47199944,,4.770000,338.4000,4915.00,0.000000,1093.00
"Kepler-299 e",1.87000000,,3.500000,20.1740,5617.00,0.000000,534.00
"Kepler-1064 b",1.55000000,,4.460000,24.8700,5153.00,0.000000,570.00
"K2-366 b",2.35900000,,2.580000,,5601.00,,
"Kepler-766 b",3.39000000,,1.610000,227.1500,5992.00,0.000000,990.00
"HD 96700 b",2.93000000,,1.940000,228.5794,5845.00,0.138000,1089.02
"Kepler-373 b",1.36000000,,5.290000,453.8720,5787.00,0.000000,1054.00
"HD 97048 b",13.30000000,7.94575000000000e+02,1.860000,0.0024,10000.00,,63.44
"GJ 876 b",13.30000000,7.23223500000000e+02,1.690000,0.2857,3293.74,0.032400,190.60
"HD 164604 b",12.30000000,4.19533497240000e+03,12.400000,0.1402,4663.00,0.479000,170.16
"NN Ser d",13.30000000,7.24622000000000e+02,1.690000,,57000.00,0.240000,
"Kepler-208 b",1.63000000,,4.170000,639.5760,6092.00,0.000000,1379.00
"HATS-13 b",13.58530800,1.72581690000000e+02,0.377000,315.9878,5523.00,0.181000,1244.00
"Kepler-1146 b",1.23000000,,6.020000,227.9620,4692.00,0.000000,1019.00
"TOI-5300 b",9.86390302,1.90697044200000e+02,1.100000,198.0000,4610.00,0.000000,1043.00
"WASP-100 b",14.90797000,4.00465800000000e+02,0.530000,5502.8822,6900.00,0.000000,2099.00
"Kepler-1643 b",2.32000000,,2.640000,137.7530,4916.00,0.000000,799.00
"XO-4 b",14.01125000,4.51318600000000e+02,0.830000,1112.2700,6397.00,0.000000,1630.00
"Kepler-1969 b",1.68161001,,4.010000,235.8900,6046.00,0.000000,999.00
"WASP-13 b",13.67498000,1.14418800000000e+02,0.222000,617.3090,5950.00,0.000000,1531.00
"TOI-5799 b",1.73300000,,3.850000,11.9100,3452.00,,505.00
"Kepler-1963 b",0.74437023,,4.490000,612.3000,5726.00,0.000000,1448.00
"HIP 78530 b",12.00000000,7.30000000000000e+03,23.200000,0.0000,10500.00,,2700.00
"Kepler-48 f",13.80000000,,0.624000,0.0157,5190.00,0.015283,95.68
"Kepler-426 b",12.22000000,1.08060000000000e+02,0.260000,410.7230,5725.00,0.180000,1300.00
"Kepler-82 f",4.84000000,2.09000000000000e+01,1.010000,5.6657,5401.00,0.001400,423.57
"NGTS-33 b",18.38272835,1.15371711741000e+03,0.190000,2620.0000,7437.00,0.000000,1991.00
"HD 113337 b",13.10000000,,2.530000,4.1073,6774.00,0.280000,395.73
"Kepler-1834 b",1.45938340,,4.830000,105.2000,4821.00,0.000000,848.00
"GJ 411 b",1.45000000,,4.850000,3.1300,3719.00,0.063000,349.83
"MOA-2011-BLG-028L b",5.99000000,3.00000000000000e+01,0.767000,,,,
"Kepler-122 e",2.60000000,2.77000000000000e+01,8.660000,36.2990,6050.00,0.000000,618.00
"Kepler-1276 b",1.19000000,,5.900000,139.7700,6188.00,0.000000,886.00
"Kepler-1653 b",2.17000000,,2.880000,0.9800,4807.00,0.000000,284.00
"Kepler-1410 b",1.78000000,,3.720000,1.0600,4092.00,0.000000,290.00
"TIC 423703298 b",2.77230429,,2.090000,,4540.37,,
"Kepler-1864 b",0.75408365,,4.520000,427.6000,5854.00,0.000000,1156.00
"Kepler-1750 b",6.00434637,,0.764000,1.8500,5644.00,0.000000,298.00
"WASP-24 b",15.46842000,3.94109200000000e+02,0.622000,934.4650,6075.00,0.000000,1772.00
"Kepler-304 d",2.75000000,,2.110000,33.1600,4731.00,0.000000,611.00
"HD 331093 b",13.60000000,,1.040000,0.4895,5544.00,0.590000,234.84
"K2-110 b",2.59200000,1.59000000000000e+01,5.020000,27.7000,5010.00,0.130000,638.00
"K2-32 d",3.48400000,6.70000000000000e+00,0.870000,14.8000,5271.00,0.050000,550.00
"Kepler-1101 b",2.47000000,,2.430000,3.5770,5614.00,0.000000,393.00
"Kepler-58 d",2.94000000,2.45343000000000e+02,0.530000,18.2440,6099.00,0.000000,583.00
"Kepler-1090 b",2.25000000,,2.740000,1.8250,5321.00,0.000000,297.00
"DMPP-1 b",4.26000000,,1.190000,103.0711,6196.00,0.200000,877.00
"Kepler-1110 b",2.66000000,,2.210000,43.1360,4781.00,0.000000,609.00
"HD 67087 b",13.10000000,,2.380000,2.9727,6330.00,0.170000,365.67
"K2-407 c",1.36000000,,5.290000,,5563.00,,
"Kepler-334 d",1.41000000,,5.040000,39.4750,5828.00,0.000000,656.00
"HD 204941 b",10.10000000,,0.390000,0.0477,5026.00,0.370000,134.04
"TOI-1470 b",2.18000000,7.32000000000000e+00,3.860000,46.3000,3709.00,0.300000,734.00
"TOI-4342 c",2.34900000,4.80000000000000e+00,2.010000,11.6000,3866.00,0.000000,514.00
"HD 68988 b",13.40000000,,1.430000,340.1260,5932.00,0.120000,1179.39
"TOI-2207 b",11.15293580,2.03410180480000e+02,0.800000,406.0000,6101.00,0.174000,1259.00
"HD 48265 c",12.90000000,1.41433641115000e+03,3.620000,0.0355,5805.00,0.410000,124.28
"K2-3 b",2.07800000,5.11000000000000e+00,3.110000,10.5000,3844.00,0.107000,501.30
"OGLE-TR-182 b",12.66600000,3.20995000000000e+02,0.410000,669.0373,5924.00,0.000000,1550.00
"HD 96700 d",3.61000000,,1.480000,7.6762,5845.00,0.270000,466.19
"Kepler-208 d",1.20000000,,5.950000,176.2830,6092.00,0.000000,999.00
"Kepler-1129 c",2.73000000,,2.130000,7.0060,5831.00,0.000000,503.00
"Kepler-1553 b",1.15000000,,5.780000,166.1060,5288.00,0.000000,926.00
"Kepler-1374 b",2.29000000,,2.680000,59.7890,5323.00,0.000000,737.00
"HD 4113 b",13.50000000,,1.210000,0.7440,5688.00,0.899000,251.65
"Kepler-639 b",2.38000000,,2.550000,295.8260,5896.00,0.000000,957.00
"Kepler-655 b",2.71000000,,2.150000,28.7670,6170.00,0.000000,588.00
"FU Tau b",12.20000000,5.08528000000000e+03,15.400000,0.0000,2838.00,,2375.00
"Kepler-1461 b",2.03000000,,3.140000,8.8800,4919.00,0.000000,451.00
"OGLE-2018-BLG-1428L b",14.00000000,2.40000000000000e+02,0.481000,,,,
"GJ 251 b",1.79000000,,3.690000,2.3700,3342.00,0.000000,336.00
"NGTS-23 b",14.20177855,1.94828813491000e+02,0.374000,815.7013,6057.00,0.000000,1327.00
"HD 13808 c",3.13000000,,1.780000,5.6365,5035.00,0.156000,424.57
"HD 125136 b",13.30000000,,1.680000,,4959.00,0.050000,
"HD 108874 b",13.60000000,,0.986000,0.9230,5600.00,0.130000,271.33
"Kepler-340 b",2.53000000,,2.350000,274.3180,6620.00,0.000000,1092.00
"Kepler-252 c",2.15000000,,2.910000,20.5070,4208.00,0.000000,499.00
"HD 125271 b",12.40000000,3.46560094992800e+03,9.990000,0.0021,4703.93,0.165000,59.78
"TOI-2669 b",19.72780603,1.93875328270000e+02,0.139000,375.5540,4800.00,0.090000,1226.00
"WASP-93 b",17.90077300,4.67210100000000e+02,0.479000,2531.1336,6700.00,0.000000,1942.00
"Kepler-299 b",1.32000000,,5.500000,622.0670,5617.00,0.000000,1258.00
"OGLE-2014-BLG-1722L b",8.59000000,5.53000000000000e+01,0.479000,,,,
"Kepler-276 b",2.87000000,7.31209000000000e+02,73.000000,58.5860,6105.00,0.000000,739.00
"Kepler-958 b",2.06000000,,3.080000,73.5900,5421.00,0.000000,749.00
"MOA-2008-BLG-379L b",13.00000000,1.30000000000000e+03,3.250000,,,,
"K2-384 f",2.22200000,,2.790000,,3623.00,,
"Kepler-381 b",0.99000000,,5.310000,716.0850,6152.00,0.000000,1576.00
"Kepler-202 b",1.63000000,,4.170000,108.5040,4668.00,0.000000,802.00
"TIC 349520724 b",2.82626313,,2.040000,,5098.60,,
"TOI-1346 c",2.23000000,,2.770000,102.6644,5099.00,,928.00
"K2-187 c",1.40000000,,5.090000,414.3430,5438.00,,1173.00
"WISPIT 1 c",12.80000000,1.68449055710000e+03,4.410000,0.0000,4670.00,,8.21
"Kepler-1624 b",6.59000000,,0.678000,6.0100,3768.00,0.000000,540.00
"TOI-198 b",1.36000000,3.17000000000000e+00,6.890000,7.2000,3801.00,0.150000,456.00
"Kepler-963 b",2.66000000,,2.210000,83.4940,5461.00,0.000000,802.00
"Kepler-846 b",2.48000000,,2.420000,35.2760,5579.00,0.000000,624.00
"YZ Cet b",0.91300000,,5.050000,8.2100,3151.00,0.060000,471.20
"HD 135872 b",12.80000000,1.74456012602300e+03,4.570000,0.4969,4992.00,0.164000,233.64
"K2-271 b",7.28000000,,0.595000,133.8067,5644.00,,893.00
"WASP-188 b",14.81827249,4.58626391301000e+02,0.780000,1278.0000,6850.00,0.000000,1666.00
"K2-36 b",1.43000000,4.30000000000000e+00,8.000000,519.0000,4916.00,0.093000,1328.00
"WASP-97 b",12.77826000,4.32248800000000e+02,1.210000,1414.8700,5640.00,0.000000,1555.00
"Kepler-1798 b",2.30911251,,2.650000,6.5200,3967.00,0.000000,408.00
"TOI-2992 b",13.75341932,1.05836859531000e+03,2.230000,1484.0000,6000.00,0.089000,1726.00
"TOI-4201 b",13.67495645,7.88214449360000e+02,1.820000,45.2000,3794.00,0.041000,725.00
"HD 168863 b",12.70000000,2.15487659946000e+03,5.780000,0.0026,4905.00,0.187000,63.01
"Kepler-495 c",1.21936414,,6.000000,108.1300,5392.00,0.000000,1000.00
"Kepler-268 c",3.38000000,,1.620000,13.6620,6081.00,0.000000,471.00
"K2-331 c",2.72000000,,2.140000,,5994.00,,673.00
"K2-268 b",1.50000000,,4.660000,392.1704,5106.00,,1136.00
"Kepler-1584 b",1.61000000,,4.240000,162.5440,6069.00,0.000000,886.00
"Kepler-1368 b",1.65000000,,4.110000,4849.2570,5906.00,0.000000,2085.00
"Kepler-924 b",3.07000000,,1.830000,19.9970,6167.00,0.000000,610.00
"Kepler-1542 c",0.65000000,,4.160000,786.0820,5564.00,0.000000,1287.00
"K2-102 b",1.30000000,,5.600000,,4695.00,0.100000,
"Kepler-331 c",1.84000000,,3.560000,13.8880,4347.00,0.000000,425.00
"Kepler-1096 b",1.24000000,,5.970000,124.8660,4306.00,0.000000,794.00
"K2-404 b",2.53000000,,2.350000,,3748.00,,
"TOI-615 b",18.97680433,1.38255357045000e+02,0.084000,1286.0000,6850.00,0.390000,1666.00
"Kepler-303 c",1.14000000,,5.750000,25.8510,3944.00,0.000000,521.00
"HD 150010 b",13.30000000,,1.780000,48.9796,4153.00,0.200000,681.22
"WASP-99 b",11.43318000,7.72326900000000e+02,2.790000,2005.4260,6150.00,0.000000,1480.00
"HD 56414 b",3.71000000,,1.430000,1614.3559,8500.00,0.680000,1133.00
"Kepler-1388 b",2.59000000,,2.280000,17.6740,4098.00,0.000000,434.00
"GJ 514 b",2.13000000,,2.960000,0.2800,3728.00,0.450000,202.00
"TOI-628 b",11.88154000,2.01186390000000e+03,6.580000,1052.9000,6250.00,0.072000,1586.00
"Kepler-92 c",2.60000000,6.10000000000000e+00,4.747125,106.2070,5883.00,0.040000,781.00
"Kepler-552 b",3.95000000,,1.320000,358.9940,5863.00,0.000000,1103.00
"KMT-2016-BLG-1820L b",12.90000000,1.45000000000000e+03,3.710000,,,,
"MASCARA-4 b",16.98160576,5.32362581725000e+02,0.481000,4913.6900,7800.00,0.000000,2250.00
"BD+60 1417 b",14.68376472,4.76742610500000e+03,8.270000,0.0000,4993.00,,1303.00
"Kepler-1846 b",1.76378826,,3.770000,24.5000,4825.00,0.000000,552.00
"HD 82943 b",13.50000000,5.34250000000000e+02,1.190000,1.1170,5935.00,0.162000,286.13
"EPIC 248847494 b",12.44199000,4.13179000000000e+03,,0.1900,4898.00,0.000000,183.00
"HD 147873 b",12.80000000,,4.280000,21.9829,5972.00,0.207000,603.16
"TOI-2719 b",5.98000000,,0.768000,874.2900,5762.00,,1710.00
"HAT-P-24 b",14.57170000,2.38372500000000e+02,0.440000,1294.9290,6373.00,0.070000,1637.00
"NGTS-24 b",13.60770257,1.65270771640000e+02,0.360000,391.8300,5820.00,0.000000,1499.00
"Qatar-8 b",14.40356500,1.17914930000000e+02,0.216000,698.1480,5738.00,0.000000,1457.00
"Kepler-288 c",2.85000000,,2.020000,53.1480,5918.00,0.000000,815.00
"alf Ari b",13.40000000,,1.310000,59.6537,4553.00,0.250000,747.22
"b Cen AB b",12.40000000,3.46432963630000e+03,9.980000,,,0.400000,
"GJ 160.2 b",3.17000000,,1.760000,56.9598,4347.00,0.060000,736.99
"HIP 5763 b",14.20000000,,0.311000,6.2967,4352.00,0.054000,440.90
"Kepler-1258 b",0.86000000,,4.890000,2775.0000,5839.00,0.000000,2335.00
"TOI-159 b",18.18000000,1.11000000000000e+03,1.020000,1797.8272,7287.00,0.240000,1891.00
"TOI-6628 b",10.98480109,2.35193021180000e+02,0.980000,20.0861,5463.00,0.670000,833.00
"NSVS 14256825 b",12.30000000,,13.300000,9.6678,40000.00,0.120000,473.47
"TOI-2093 c",2.30000000,1.58000000000000e+01,7.000000,3.0647,4426.00,0.000000,329.00
"Kepler-33 f",4.46000000,9.60000000000000e+00,0.900000,53.1830,5904.00,0.000000,691.00
"HD 233604 b",12.70000000,,5.610000,100.7764,4791.00,0.050000,882.50
"TOI-715 b",1.55000000,,4.460000,0.6700,3075.00,,234.00
"TOI-1266 b",2.52000000,4.46000000000000e+00,1.540000,4.7200,3563.00,0.039000,415.00
"TOI-1836 b",8.00321222,3.84572372470000e+01,0.410000,153.5185,6380.00,0.000000,966.00
"Kepler-1103 b",2.27000000,,2.710000,160.2820,6092.00,0.000000,736.00
"TOI-1036 b",6.28499593,,0.719000,466.5280,5664.68,,1294.00
"EPIC 212424622 b",2.17000000,,2.880000,,5782.33,,
"Kepler-32 f",0.82000000,1.86211000000000e+03,1.500000,349.6450,3900.00,0.000000,1026.00
"HD 167677 b",13.20000000,9.05810959950000e+02,2.160000,0.0891,5474.00,0.182000,151.90
"Kepler-1915 b",3.21798413,,1.710000,101.0500,6020.00,0.000000,809.00
"NGC 2682 YBP 1514 b",14.00000000,,0.255000,,5725.00,0.280000,
"K2-217 b",3.57854073,,1.500000,,5967.00,,
"K2-275 c",2.21000000,,2.810000,45.7572,4841.00,,653.00
"Kepler-968 b",2.00000000,,3.200000,103.9090,4598.00,0.000000,745.00
"TOI-1756 b",1.94225664,,3.320000,55.5824,3891.86,,696.39
"HD 93963 A b",1.46954368,2.80000000000000e+00,4.810000,2898.0000,5908.00,0.000000,1842.23
"Kepler-1734 b",3.08851092,,1.820000,222.9100,6061.00,0.000000,985.00
"Kepler-1669 d",1.22000000,,5.990000,47.3000,4224.00,0.000000,669.00
"Kepler-993 b",2.97000000,,1.910000,3.9540,3843.00,0.000000,352.00
"Kepler-288 b",1.67000000,,4.050000,247.3010,5918.00,0.000000,1197.00
"KMT-2021-BLG-1689L b",7.71000000,4.60000000000000e+01,0.552000,,4570.00,,
"Kepler-215 d",2.39000000,2.36000000000000e+01,9.500000,21.4040,5739.00,0.000000,527.00
"Kepler-1867 b",1.15985997,,5.810000,82.3200,5693.00,0.000000,768.00
"EPIC 212737443 b",2.58600000,,2.290000,18.4919,4684.00,0.200000,536.00
"K2-270 c",2.95000000,,1.930000,122.7722,4877.00,,848.00
"HD 4203 b",13.30000000,,1.660000,1.4338,5596.00,0.520000,297.28
"HD 7924 d",,1.56816536013800e+03,,15.1700,5075.00,0.210000,499.00
"Kepler-48 b",1.88000000,3.94000000000000e+00,3.230000,173.1200,5194.00,0.000000,932.00
"Kepler-550 b",4.42000000,,1.140000,77.2580,5322.00,0.000000,760.00
"HD 111232 b",12.60000000,2.53150326175500e+03,6.950000,0.1496,5512.00,0.214000,172.05
"Kepler-215 c",1.77000000,,3.750000,57.6940,5739.00,0.000000,675.00
"TOI-2169 A b",12.50922246,3.29588058059000e+02,0.920000,577.0000,6270.00,0.045000,1364.00
"Kepler-763 d",1.67000000,,4.050000,98.8100,4999.00,0.000000,804.00
"K2-268 c",2.69000000,,2.170000,55.4636,5106.00,,696.00
"HATS-50 b",12.66617000,1.23953700000000e+02,0.330000,625.3023,5990.00,0.516000,1275.39
"Kepler-407 c",12.30000000,4.00000000000000e+03,11.800000,0.0854,5476.00,0.221479,146.73
"Kepler-1134 b",2.64000000,,2.230000,29.8640,5281.00,0.000000,611.00
"TOI-4308 b",2.41890000,,2.500000,55.3616,5243.00,,763.05
"Kepler-1989 b",4.62000000,,1.080000,157.9700,6032.00,0.000000,904.00
"HD 18015 b",13.10000000,1.04883374310000e+03,2.560000,0.6286,5603.00,0.148000,242.98
"Kepler-211 c",1.29000000,1.83000000000000e+01,46.800000,95.4360,5123.00,0.000000,841.00
"TOI-1798.02",1.46400000,5.60000000000000e+00,11.170000,3345.4400,5165.00,0.000000,1935.83
"TOI-4600 b",6.80000000,9.59841789140000e+02,,3.3159,5170.00,0.250000,347.00
"Kepler-567 b",2.25000000,,2.740000,26.1370,5148.00,0.000000,611.00
"TOI-2019 b",5.33275337,3.44000000000000e+01,1.250000,126.0520,5626.00,0.000000,917.46
"Kepler-24 b",2.34800000,1.11400000000000e+01,4.686574,252.2460,6028.00,0.023000,1050.00
"KIC 8121913 b",13.40000000,,1.520000,,5975.30,,
"HD 103774 b",13.30000000,,0.271000,714.1738,6489.00,0.090000,1487.08
"Kepler-161 b",2.12000000,2.63000000000000e+00,0.450000,123.4000,5078.00,0.000000,868.00
"OGLE-2019-BLG-1053L b",1.38000000,2.48000000000000e+00,5.190000,,,,
"GJ 3293 d",2.67000000,,2.190000,0.5900,3466.00,0.120000,241.22
"HD 40307 d",,1.77538948150200e+03,,13.1581,4956.00,0.070000,541.00
"Kepler-1670 b",3.35648010,,1.630000,67.6700,5838.00,0.000000,731.00
"K2-225 b",3.60929179,,1.480000,121.3934,5520.00,0.230000,923.00
"Kepler-1308 b",0.52000000,,3.650000,58.1080,3468.00,0.000000,662.00
"47 UMa b",13.20000000,,1.920000,0.3576,5872.00,0.032000,215.23
"HD 142022 A b",12.90000000,1.43340611557000e+03,3.670000,0.1176,5421.00,0.530000,155.74
"Kepler-24 c",2.51400000,9.99000000000000e+00,3.418442,144.8270,6028.00,0.014000,915.00
"Kepler-404 c",1.72000000,,3.900000,33.1530,5654.00,0.000000,678.00
"Kepler-1254 b",1.55000000,,4.460000,33.9780,4985.00,0.000000,660.00
"WASP-135 b",14.57170000,6.03877000000000e+02,1.160000,917.4101,5675.00,0.000000,1403.66
"HATS-15 b",12.38594500,6.89691100000000e+02,1.970000,2201.3363,5311.00,0.126000,1505.00
"HD 37124 d",14.00000000,,0.443000,0.0980,5698.64,0.160000,159.79
"K2-198 d",2.43800000,,2.470000,,5212.90,,943.20
"Ross 128 b",1.11000000,,5.630000,1.3800,3192.00,0.116000,301.00
"WASP-3 b",15.91678000,7.72326900000000e+02,0.890000,1845.3000,6400.00,0.000000,2020.00
"Kepler-170 c",2.86000000,,2.010000,50.6820,5679.00,0.000000,702.00
"Kepler-1936 b",3.16615594,,1.770000,9.4000,6501.00,0.000000,524.00
"KMT-2016-BLG-1107L b",13.10000000,1.04300000000000e+03,2.550000,,,,
"KELT-1 b",12.44200000,8.65415000000000e+03,24.700000,5165.9200,6516.00,0.009900,2361.00
"Kepler-640 b",2.56000000,,2.320000,35.0620,5653.00,0.000000,609.00
"KMT-2025-BLG-0121L b",12.60000000,2.46952672239000e+03,6.780000,,,,
"Kepler-1045 b",2.69000000,,2.170000,19.1270,5301.00,0.000000,512.00
"Kepler-1862 b",2.20300000,,2.820000,41.0400,5644.00,0.000000,645.00
"HD 158259 c",2.23000000,,2.770000,,5801.89,,
"HD 103197 b",5.83000000,,0.793000,7.5200,5250.00,0.000000,474.97
"psi1 Dra B b",13.50000000,,1.090000,0.1079,6212.00,0.400000,159.48
"TOI-2227 b",3.09885187,,1.810000,305.1070,5889.54,,1164.00
"Kepler-990 b",2.60000000,,2.270000,108.3000,5948.00,0.000000,903.00
"Kepler-50 b",1.71000000,8.90000000000000e+00,6.049820,494.7050,6225.00,0.000000,1196.00
"K2-260 b",18.41635529,5.46664860040000e+02,0.480000,2520.0300,6860.00,0.053000,2090.00
"WASP-144 b",9.52765000,1.39845200000000e+02,0.950000,775.8849,5200.00,0.000000,1260.00
"Kepler-1304 b",2.29000000,,2.680000,61.8700,5259.00,0.000000,715.00
"Kepler-1128 b",3.65000000,,1.460000,6.4510,5543.00,0.000000,424.00
"Kepler-1537 b",1.18000000,,5.890000,713.1680,5079.00,0.000000,1800.00
"TIC 139702105 b",2.45316949,,2.450000,,5742.35,,
"KMT-2016-BLG-2397L b",13.20000000,8.36000000000000e+02,2.000000,,,,
"HATS-70 b",15.51325600,4.10000700000000e+03,6.640000,9110.0000,7930.00,0.180000,2730.00
"Kepler-1043 b",2.55000000,,2.330000,21.6920,5629.00,0.000000,532.00
"NGTS-35 b",10.90000000,1.52000000000000e+02,0.645000,9.8437,4717.00,0.192000,451.00
"Kepler-368 c",3.88000000,,1.350000,28.6810,5502.00,0.000000,575.00
"Kepler-479 b",2.12000000,,2.960000,37.7530,5247.00,0.000000,649.00
"Kepler-1404 b",2.01000000,,3.180000,39.0010,5261.00,0.000000,596.00
"Kepler-1987 b",1.23000000,,6.020000,233.3800,4769.00,0.000000,997.00
"K2-99 c",12.60000000,,7.330000,3.8779,6069.00,0.210000,390.00
"OGLE-2019-BLG-0468L b",13.10000000,1.09015143601000e+03,2.660000,,,,
"Kepler-1085 b",7.22000000,,0.602000,2.0550,6000.00,0.000000,313.00
"HD 156668 b",1.87000000,,3.490000,679.2975,4850.00,0.000000,887.48
"TOI-1728 b",5.05000000,2.67800000000000e+01,1.140000,57.7800,3980.00,0.057000,767.00
"Kepler-28 c",1.85700000,2.06000000000000e+00,1.764357,35.8980,4499.30,0.017000,509.00
"Kepler-1135 b",1.85000000,,3.540000,25.7600,5656.00,0.000000,451.00
"HD 30856 b",13.50000000,,1.100000,2.8926,4895.00,0.061000,364.02
"Kepler-173 c",2.43000000,,2.480000,258.4180,6031.00,0.000000,956.00
"TOI-6038 A b",6.41000000,7.85000000000000e+01,1.620000,716.0000,6110.00,,1439.00
"SPECULOOS-3 b",0.97700000,,5.270000,15.5400,2800.00,,553.00
"Kepler-1445 b",0.96000000,,5.220000,248.5480,6150.00,0.000000,987.00
"Kepler-796 b",1.30000000,,5.600000,962.2640,5475.00,0.000000,1109.00
"KMT-2017-BLG-0428L b",2.23000000,5.59000000000000e+00,2.770000,,,,
"XO-2 S b",10.90000000,,0.351000,41.5190,5325.00,0.150000,706.59
"Kepler-1095 b",1.21000000,,5.960000,356.5400,5658.00,0.000000,1108.00
"Kepler-1105 b",2.01000000,,3.180000,47.1800,4299.00,0.000000,729.00
"TIC 257060897 b",17.26183028,2.01503210038000e+02,0.215000,1804.5549,5993.00,0.039000,1775.00
"Kepler-181 b",1.27000000,,5.770000,255.5840,5333.00,0.000000,1041.00
"Kepler-1748 b",2.71275017,,2.150000,196.3300,5774.00,0.000000,955.00
"K2-29 b",13.33871000,2.32015900000000e+02,0.530000,293.0000,5358.00,0.066000,1171.00
"Kepler-1347 b",1.03000000,,5.430000,34.3200,5193.00,0.000000,617.00
"Kepler-336 d",2.37000000,,2.560000,74.3600,5867.00,0.000000,749.00
"OGLE-TR-56 b",15.27800000,4.41770000000000e+02,0.680000,3942.3204,6050.00,0.000000,2212.00
"Kepler-1616 b",1.02000000,,5.390000,724.8610,6266.00,0.000000,1337.00
"14 And b",13.10000000,,2.760000,115.1634,4888.00,0.000000,909.92
"xi Aql b",13.40000000,,1.410000,149.8624,4841.00,0.059000,973.07
"MOA-2010-BLG-073L b",12.40000000,3.50000000000000e+03,10.100000,,,,
"Kepler-37 d",2.03000000,2.00000000000000e+00,1.300000,10.3900,5357.00,0.100000,499.00
"HD 69830 d",4.45000000,,1.130000,1.5182,5385.00,0.070000,308.10
"Kepler-719 b",8.52000000,,0.484000,234.2800,5777.00,0.000000,998.00
"HAT-P-28 b",13.58500000,1.98953000000000e+02,0.440000,554.7122,5680.00,0.051000,1384.00
"TOI-1232 c",8.88000000,5.84804268880000e+01,0.459000,31.4327,5823.00,0.027000,660.05
"Kepler-667 b",4.73000000,,1.040000,71.8170,5327.00,0.000000,516.00
"Kepler-772 b",1.82000000,,3.620000,264.5760,5714.00,0.000000,866.00
"Kepler-4 b",4.00200000,2.44720000000000e+01,1.910000,1245.4310,5857.00,0.000000,1650.00
"WASP-56 b",10.53646000,1.43023500000000e+02,0.583000,447.8200,5600.00,0.000000,1216.00
"Kepler-557 b",2.67000000,,2.200000,2885.6630,6068.00,0.000000,1281.00
"KMT-2018-BLG-0885L b",11.90000000,9.21702380300000e+03,30.100000,,,,
"Kepler-374 c",1.10000000,,5.660000,966.5910,5977.00,0.000000,1467.00
"Kepler-186 f",1.17000000,,5.870000,0.3000,3755.00,0.040000,177.00
"HD 147513 b",13.70000000,,0.823000,0.5609,5883.00,0.260000,244.43
"Kepler-351 c",3.19000000,1.11000000000000e+01,1.880000,6.7120,5643.00,0.000000,431.00
"HD 93385 d",2.89000000,,1.980000,24.4710,5977.00,0.090000,619.44
"TOI-5007 b",11.07447293,2.11038062248000e+02,0.850000,85.3000,3793.00,0.074000,774.00
"EPIC 206024342 d",2.60000000,,2.270000,,5724.00,,
"rho CrB c",5.68000000,,0.823000,9.8500,5817.00,0.048000,448.10
"GPX-1 b",16.47720163,6.26121961790000e+03,8.222423,4650.0000,7000.00,0.000000,2300.00
"EPIC 249893012 b",1.95000000,8.75000000000000e+00,6.390000,1037.0000,5430.00,0.060000,1616.00
"K2-221 b",1.67890272,,4.020000,,5716.00,,
"Kepler-310 d",2.47000000,7.00000000000000e+00,3.300000,3.6640,5797.00,0.000000,353.00
"Kepler-1585 b",1.79000000,,3.700000,182.9410,5538.00,0.000000,1064.00
"HD 23596 b",12.40000000,3.78660764099800e+03,10.900000,0.3957,6040.00,0.282000,219.49
"TOI-6041 b",4.55000000,2.89000000000000e+01,1.790000,22.4000,5445.00,,605.60
"Kepler-161 c",2.05000000,3.61000000000000e+00,1.310000,76.2010,5078.00,0.000000,769.00
"Kepler-553 c",11.57887706,2.12945032690000e+03,7.530000,0.5890,5191.00,0.346000,251.00
"Kepler-1169 b",0.94000000,,5.150000,348.0460,6191.00,0.000000,1125.00
"HD 25015 b",12.50000000,2.88492845033900e+03,8.120000,0.0106,5160.00,0.341000,90.69
"Kepler-861 b",2.28000000,,2.700000,197.2900,5047.00,0.000000,966.00
"TOI-269 b",2.77000000,8.80000000000000e+00,2.280000,19.0000,3514.00,0.425000,531.00
"KMT-2019-BLG-2974L b",11.40000000,8.89919539600000e+01,0.330000,,,,
"KMT-2024-BLG-0349L b",12.40000000,3.76944490702000e+03,10.900000,,,,
"IC 4651 9122 b",12.70000000,,5.370000,10.4109,4740.10,0.180000,513.04
"K2-115 b",11.80305668,3.21006691070000e+02,1.070000,20.4393,5870.00,0.063000,696.00
"Kepler-489 b",7.72000000,,0.551000,20.6180,5014.00,0.000000,538.00
"Kepler-839 b",2.57000000,,2.310000,46.3030,6058.00,0.000000,626.00
"TOI-6393 b",2.75958542,,2.100000,39.0679,5008.20,,696.00
"K2-342 b",2.03000000,,3.140000,,5920.00,,861.00
"HD 11506 c",14.00000000,,0.255000,3.6537,6123.00,0.228000,374.44
"TOI-5542 b",11.30986153,4.19533497240000e+02,1.600000,9.6000,5700.00,0.018000,441.00
"Kepler-960 b",2.29000000,,2.680000,129.2230,4755.00,0.000000,1391.00
"Kepler-261 c",2.00000000,,3.200000,14.5120,5098.00,0.000000,505.00
"Kepler-348 b",1.52000000,,4.570000,438.9420,6177.00,0.000000,1196.00
"18 Del b",12.50000000,,8.230000,7.0173,4980.00,0.024000,452.72
"HD 208897 b",13.70000000,,0.811000,10.8876,4860.00,0.020000,507.24
"Kepler-1386 b",1.24000000,,5.970000,196.5330,5733.00,0.000000,1011.00
"Kepler-528 b",2.08000000,,3.040000,68.9710,5807.00,0.000000,708.00
"TOI-5573 b",9.75000000,1.12000000000000e+02,0.661000,12.9200,3790.00,0.072000,528.00
"HATS-26 b",19.61575000,2.06589500000000e+02,0.153000,2236.5716,6071.00,0.245000,1918.00
"Kepler-1533 b",3.46000000,,1.570000,4.7860,6431.00,0.000000,330.00
"Kepler-102 c",0.56700000,1.70000000000000e+00,52.000000,61.0000,4909.00,0.094000,777.00
"Kepler-215 e",1.75000000,,3.800000,7.4440,5739.00,0.000000,405.00
"Kepler-394 b",1.60000000,,4.280000,164.7800,6402.00,0.000000,1035.00
"Kepler-820 b",6.09000000,,0.749000,16.2280,6260.00,0.000000,554.00
"K2-259 b",2.32000000,,2.640000,90.9529,6059.00,,795.00
"Kepler-1942 b",2.11702870,,2.970000,247.3400,5834.00,0.000000,1012.00
"Kepler-416 c",2.35200000,,2.590000,93.0720,5718.00,0.000000,791.00
"Kepler-401 c",2.15000000,,2.910000,51.9960,6117.00,0.000000,598.00
"HD 202206 c",12.20000000,5.68915700000000e+03,17.200000,0.1866,5766.00,0.220000,182.65
"Kepler-769 c",1.79000000,,3.700000,86.7610,6186.00,0.000000,803.00
"KMT-2023-BLG-1431L b",3.76000000,1.36000000000000e+01,1.410000,,,,
"Kepler-417 b",2.31000000,1.10000000000000e+01,4.900000,43.6240,5177.00,0.000000,671.00
"Kepler-1483 b",1.52000000,,4.570000,265.0180,6337.00,0.000000,1131.00
"HD 13931 b",13.20000000,8.89919539600000e+02,2.130000,0.0592,5867.00,0.020000,139.38
"Kepler-608 b",3.64000000,,1.470000,270.1620,5820.00,0.000000,1069.00
"Kepler-59 b",1.10000000,4.10000000000000e+00,8.700000,187.5100,6074.00,0.000000,864.00
"GJ 433 b",2.33000000,,2.630000,5.2029,3461.00,0.040000,473.94
"Kepler-193 b",2.39000000,,2.540000,117.3030,6335.00,0.000000,979.00
"Kepler-888 b",1.76000000,,3.780000,7.8540,5875.00,0.000000,417.00
"NGTS-3 A b",16.58932000,7.56435400000000e+02,0.310000,1000.5679,5600.00,,1434.44
"Kepler-1972 b",0.80200000,2.02000000000000e+00,22.200000,341.3000,5818.00,0.067000,1084.00
"HD 86065 b",12.50000000,2.87730056857100e+03,8.100000,0.0013,4927.56,0.219000,52.56
"EPIC 206024342 b",1.70000000,,3.950000,,5724.00,,
"Kepler-799 c",2.78068551,,2.080000,150.2500,5588.00,0.000000,893.00
"HD 171028 b",13.20000000,,1.990000,3.1028,5671.00,0.590000,374.07
"Kepler-228 d",4.04000000,,1.280000,122.7780,6043.00,0.000000,835.00
"HIP 19976 b",4.94000000,,0.985000,3.4055,4316.00,0.304000,378.10
"HD 89744 b",12.60000000,,7.290000,7.4311,6291.00,0.677000,462.62
"HD 96992 b",13.70000000,,0.774000,19.1936,4725.00,0.410000,557.72
"Kepler-1875 b",3.22686692,,1.720000,23.0500,6161.00,0.000000,559.00
"Kepler-326 d",1.21000000,6.90000000000000e+00,21.400000,180.6440,5105.00,0.000000,781.00
"bet Pic b",18.49485000,2.76510714090000e+03,2.400000,0.0885,8038.68,0.105000,1612.00
"Kepler-1642 b",3.20000000,,1.730000,39.9150,5355.00,0.000000,895.00
"K2-355 b",2.25000000,,2.740000,192.2722,5790.00,,1066.00
"K2-231 b",2.50000000,,2.390000,,5695.00,,
"Kepler-125 c",0.74000000,,4.470000,16.8100,3810.00,0.000000,529.00
"HD 33142 c",13.90000000,,0.579000,2.6190,5025.40,0.081000,353.91
"Kepler-174 c",1.49000000,,4.700000,5.2960,4880.00,0.000000,377.00
"K2-162 b",1.44000000,,4.910000,34.8621,4842.00,,631.00
"WASP-1 b",16.62300000,2.71415000000000e+02,0.348000,2121.5175,6110.00,0.000000,1812.00
"Wendelstein-1 b",11.56096260,1.88155360000000e+02,0.720000,113.6142,4251.00,0.012000,2198.00
"Kepler-1752 b",4.54060463,,1.100000,7.2900,5446.00,0.000000,419.00
"KOI-351 f",2.88000000,,1.990000,6.7960,6080.00,0.000000,407.00
"K2-138 d",2.39000000,7.92000000000000e+00,3.100000,160.0000,5356.30,0.043000,888.00
"Kepler-1615 b",2.06000000,,3.080000,31.1710,5865.00,0.000000,658.00
"Kepler-1289 b",1.52000000,,4.570000,223.4420,6080.00,0.000000,1113.00
"HD 34445 g",13.60000000,,0.263000,0.0497,5836.00,0.032000,131.09
"WASP-41 b",12.32990000,2.70155500000000e+02,0.742000,344.1490,5545.00,0.000000,1244.00
"Kepler-963 c",0.60000000,,3.970000,,5169.47,,
"Kepler-327 d",1.73000000,,3.860000,7.5900,3799.00,0.000000,387.00
"Kepler-722 c",2.82000000,,2.050000,5.4800,5863.00,0.000000,401.00
"K2-415 b",1.01500000,7.50000000000000e+00,,4.8200,3173.00,,412.40
"OGLE-2019-BLG-0468L c",12.50000000,3.24820631954000e+03,9.140000,,,,
"TOI-1803 b",2.99000000,1.03200000000000e+01,2.150310,58.0000,4687.00,0.000000,747.00
"K2-169 b",1.27328671,,5.750000,,5548.00,,
"HD 203030 b",14.45958510,3.49611247700000e+03,6.350000,0.0000,5603.00,,1040.00
"HD 164922 b",13.30000000,,0.271000,0.1578,5390.00,0.080000,159.40
"TOI-2485 b",12.13932610,7.66602117684000e+02,2.360000,275.6000,6016.40,0.034100,1134.00
"HATS-28 b",13.38354600,2.13581760000000e+02,0.480000,407.8485,5498.00,0.202000,1253.00
"Kepler-1186 b",2.23000000,,2.770000,85.3850,5635.00,0.000000,724.00
"Kepler-618 b",2.60000000,,2.270000,677.5690,5860.00,0.000000,1296.00
"K2-405 b",4.56900000,,1.090000,146.5770,4927.00,,969.00
"WASP-192 b",13.78707000,7.31009000000000e+02,1.620000,471.1420,5910.00,0.000000,1620.00
"Kepler-342 d",2.49000000,,2.410000,44.8280,6175.00,0.000000,658.00
"HD 108236 b",1.61500000,,4.230000,312.1807,5660.00,0.045000,1099.00
"TOI-1758 b",3.62000000,6.90000000000000e+00,0.830000,21.0500,5169.00,0.000000,551.44
"HD 98649 b",12.50000000,3.08293554790000e+03,8.670000,0.0272,5759.00,0.852000,114.22
"HR 858 d",2.00100000,7.10000000000000e+00,4.900000,217.0000,6354.00,0.000000,1061.00
"HD 59686 A b",12.70000000,,5.900000,56.2338,4658.00,0.050000,783.08
"Kepler-979 b",2.72000000,,2.140000,77.8410,5310.00,0.000000,792.00
"KMT-2024-BLG-2242L b",3.82000000,1.39844499080000e+01,1.380000,,,,
"TOI-1135 b",9.91994792,5.87982552950000e+01,0.150000,310.0000,6320.00,0.062000,1171.00
"TOI-2193 A b",19.83989584,2.98758702580000e+02,0.060000,1600.0000,5966.00,0.000000,1763.00
"Kepler-1492 b",1.49000000,,4.700000,11.5230,4712.00,0.000000,801.00
"K2-16 b",2.02000000,,3.160000,44.5000,4742.00,,658.00
"DS Tuc A b",5.70000000,4.13179000000000e+02,,115.8276,5428.00,0.000000,850.00
"HATS-74 A b",11.56766808,4.64029474220000e+02,1.640000,106.9000,3776.90,0.044000,895.10
"TOI-4479 b",2.82000000,,2.050000,92.5000,3400.00,,861.00
"Kepler-222 d",3.69000000,,1.440000,15.0870,5433.00,0.000000,522.00
"Kepler-1568 b",1.30000000,,5.600000,72.5680,5956.00,0.000000,729.00
"Kepler-1207 b",1.62000000,,4.210000,352.5080,5909.00,0.000000,802.00
"HATS-23 b",20.84874000,4.67210100000000e+02,0.290000,994.8004,5780.00,0.114000,1654.00
"Kepler-1636 b",3.23000000,,1.710000,1.2170,5797.00,0.000000,248.00
"K2-207 b",2.60585269,,2.270000,,5522.00,,
"K2-52 b",18.00000000,,,1124.0000,7147.00,,2004.00
"Kepler-1822 b",2.64755943,,2.220000,15.6500,5165.00,0.000000,507.00
"HD 28678 b",13.50000000,,1.090000,16.4464,4972.00,0.149000,561.84
"Kepler-164 c",2.73000000,,2.130000,131.4870,5888.00,0.000000,881.00
"HD 20781 b",1.21000000,,5.990000,175.0994,5256.00,0.100000,1006.10
"Kepler-712 b",3.41000000,,1.590000,15.8010,5148.00,0.000000,521.00
"Kepler-208 c",1.39000000,,5.140000,300.1650,6092.00,0.000000,1141.00
"TIC 38828280 b",2.62701629,,2.240000,,5046.63,,
"K2-192 b",1.52000000,,4.570000,181.7191,5222.00,,939.00
"Kepler-1123 b",1.67000000,,4.050000,190.0160,5500.00,0.000000,1061.00
"BEBOP-4 AB b",,8.35888710410000e+03,,0.5477,5701.43,0.428000,239.44
"TOI-1238 b",1.21000000,3.76000000000000e+00,11.700000,442.0000,4089.00,0.250000,1133.00
"K2-282 b",2.50000000,,2.390000,245.0004,5499.00,,1057.00
"HD 121504 b",13.60000000,,1.050000,14.2224,6027.00,0.030000,523.32
"Kepler-38 b",4.30000000,1.22000000000000e+02,,14.4568,5623.00,0.032000,475.00
"WASP-133 b",13.56289000,3.68682800000000e+02,0.880000,2054.7956,5700.00,0.170000,1790.00
"Kepler-255 d",1.32000000,,5.500000,1686.0900,5431.00,0.000000,1710.00
"HD 63454 b",12.31000000,,0.234000,159.9116,4812.00,0.000000,1018.06
"HD 6718 b",13.30000000,7.62788176800000e+02,1.780000,0.0907,5746.00,0.060000,148.94
"Kepler-483 b",3.21000000,,1.730000,61.4950,6346.00,0.000000,755.00
"BD+20 594 b",2.57807000,2.22481000000000e+01,7.890000,15.1513,5766.00,0.000000,546.00
"TYC 0434-04538-1 b",12.70000000,,5.200000,107.3772,4679.00,0.080000,877.80
"Kepler-1243 b",1.75000000,,3.800000,36.1620,5667.00,0.000000,690.00
"HD 73534 b",13.70000000,,0.755000,0.3721,4917.00,0.126000,220.25
"Kepler-1494 b",3.07000000,,1.830000,9.1130,5659.00,0.000000,415.00
"OGLE-2019-BLG-1470L AB c",13.30000000,6.99222495400000e+02,1.630000,,,,
"Kepler-186 e",1.27000000,,5.770000,3.6080,3788.00,0.000000,319.00
"24 Sex c",13.90000000,,0.559000,3.3719,5098.00,0.290000,377.31
"TIC 87422071 b",10.86150230,4.09998645030000e+02,1.878500,140.9250,6150.00,0.124000,1110.00
"GJ 3988 b",1.74000000,,3.850000,2.4500,3273.00,0.000000,348.00
"HD 9446 c",13.40000000,,1.320000,2.5718,5793.00,0.060000,345.42
"KMT-2016-BLG-2321L b",13.80000000,3.01936986650000e+02,0.631000,,,,
"HD 35843 b",2.29000000,,2.670000,96.8492,5666.00,0.000000,872.30
"Kepler-116 b",3.42000000,,1.590000,594.4510,6142.00,0.000000,1251.00
"K2-284 b",2.78000000,,2.080000,42.6000,4140.00,0.078000,653.00
"Kepler-1958 b",2.05124311,,3.090000,99.6000,5749.00,0.000000,806.00
"HD 152581 b",13.40000000,,1.360000,5.4072,5027.00,0.040000,426.55
"Kepler-74 b",10.76000000,2.00220000000000e+02,0.880000,337.6820,6000.00,0.000000,1078.00
"OGLE-2018-BLG-1011L c",13.20000000,8.90000000000000e+02,2.130000,,,,
"K2-347 b",2.41000000,,2.510000,,4599.00,,640.00
"Kepler-87 c",6.14000000,6.40000000000000e+00,0.152000,4.6560,5600.00,0.039000,403.00
"Kepler-812 b",3.55000000,,1.510000,421.9170,6761.00,0.000000,1163.00
"Kepler-80 e",1.60000000,4.13000000000000e+00,3.750000,94.7810,4540.00,0.003500,629.00
"K2-383 b",1.56400000,,4.410000,,5129.00,,
"TOI-2266 b",1.54000000,,4.500000,13.0000,3200.00,,550.00
"WASP-23 b",10.78300000,2.80950000000000e+02,1.170000,317.4314,5150.00,0.062000,1076.55
"Kepler-1265 b",1.35000000,,5.340000,58.1500,4630.00,0.000000,732.00
"NGTS-1 b",14.90797000,2.58077960000000e+02,0.420000,65.3000,3916.00,0.016000,790.00
"Kepler-686 b",12.15000000,,,2132.9030,5649.00,0.000000,1539.00
"OGLE-2023-BLG-0766L b",13.70000000,3.49611247700000e+02,0.747000,,,,
"Kepler-1187 b",2.61000000,,2.260000,72.9570,5975.00,0.000000,701.00
"K2-400 b",1.16300000,,5.830000,,3578.00,,
"Kepler-164 e",4.24000000,,1.200000,7.9900,5888.00,0.000000,429.00
"Kepler-184 b",2.36000000,,2.580000,70.3610,5788.00,0.000000,780.00
"HD 332231 b",9.07303305,7.41000000000000e+01,0.550000,98.0900,6128.00,0.000000,798.30
"TOI-1199 b",10.51402390,7.59609892730000e+01,0.358000,324.1140,5710.00,0.030000,1486.00
"TOI-4961 b",12.34108775,5.72091132600000e+02,1.670000,115.0000,5380.00,0.182000,919.00
"Kepler-75 b",11.77000000,3.20990000000000e+03,11.000000,106.4840,5200.00,0.570000,767.00
"HD 39091 b",12.30000000,4.48138053870000e+03,13.200000,0.1342,5998.00,0.642000,172.74
"HAT-P-3 b",10.53646000,2.06589500000000e+02,0.855000,176.5870,5185.00,0.000000,1189.00
"HD 30562 b",13.60000000,4.67207758290000e+02,1.020000,0.5147,5882.00,0.760000,235.27
"Kepler-233 c",2.71000000,,2.150000,6.1950,5360.00,0.000000,390.00
"BD-10 3166 b",14.10000000,,0.368000,402.4216,5393.00,0.020000,1240.38
"Kepler-1834 c",1.22000000,,5.990000,1334.2200,4821.00,0.000000,1541.00
"Kepler-207 c",1.50000000,,4.660000,1742.7150,5920.00,0.000000,1556.00
"Kepler-118 c",7.68000000,,0.554000,21.4090,5274.00,0.000000,564.00
"HATS-55 b",14.02245900,2.92721430000000e+02,0.587000,355.9090,6214.00,0.092000,1367.00
"Kepler-822 b",1.77000000,,3.750000,535.1880,5928.00,0.000000,1239.00
"Kepler-292 e",2.67000000,,2.200000,50.9240,5299.00,0.000000,678.00
"Kepler-444 e",0.54600000,1.00000000000000e-01,4.800000,81.3440,5046.00,0.100000,727.00
"bet Pic d",14.12331568,7.62788176800000e+02,1.490000,0.0133,8038.68,0.440000,600.00
"HD 183263 c",12.50000000,2.95898246917000e+03,8.320000,0.0570,5948.00,0.051000,134.60
"Kepler-654 b",2.07000000,,3.060000,229.3110,5865.00,0.000000,831.00
"91 Aqr b",13.10000000,,2.490000,100.5060,4665.00,0.027000,891.73
"Kepler-864 b",2.40000000,,2.520000,464.7650,5754.00,0.000000,1143.00
"Kepler-1628 b",6.43000000,,0.699000,0.7900,3724.00,0.000000,240.00
"Kepler-944 b",2.63000000,,2.240000,20.1740,5409.00,0.000000,459.00
"OGLE-2018-BLG-0516L b",4.73000000,2.01000000000000e+01,1.040000,,,,
"HD 181720 b",14.00000000,,0.255000,0.5671,5736.00,0.260000,249.06
"Kepler-322 b",1.01000000,,5.390000,735.1790,5388.00,0.000000,1373.00
"TOI-6677 b",5.83507112,,0.794000,2.0900,6572.28,,334.00
"Kepler-1394 b",1.39000000,,5.140000,2023.0050,6481.00,0.000000,1947.00
"HD 109246 b",13.90000000,,0.559000,11.5680,5844.00,0.120000,507.43
"Kepler-1672 b",2.97022762,,1.910000,4.4000,6131.95,0.000000,423.00
"TOI-5489 c",1.28000000,,5.710000,13.8663,3547.00,,536.00
"Kepler-1744 b",3.76754004,,1.400000,21.0000,5986.00,0.000000,532.00
"TOI-4515 b",12.17000000,6.37000000000000e+02,1.941000,42.2987,5433.00,0.461000,705.00
"Ross 176 b",1.84000000,4.57000000000000e+00,4.030000,36.2000,4041.00,0.250000,682.00
"CoRoT-31 b",16.36514000,2.66977200000000e+02,0.330000,727.7611,5700.00,0.020000,1664.86
"TOI-1775 b",8.04728896,9.60000000000000e+01,1.010000,55.4426,5284.00,0.000000,707.89
"K2-73 c",13.00000000,,2.860000,0.2850,5867.00,,186.10
"K2-350 c",2.74000000,,2.120000,,5789.00,,687.00
"Kepler-129 c",2.52000000,4.30000000000000e+01,14.800000,17.5540,5770.00,0.200000,525.00
"Kepler-1267 b",3.01000000,,1.880000,86.4690,6096.00,0.000000,774.00
"Kepler-1795 b",1.66301611,,4.060000,17.3000,4500.00,0.000000,520.00
"Kepler-903 c",2.53000000,,2.350000,24.7910,5682.00,0.000000,462.00
"GJ 3293 c",4.87000000,,1.000000,0.1700,3466.00,0.110000,176.62
"TOI-5713 b",1.77000000,,3.750000,2.2554,3225.00,0.240000,347.20
"2MASS J03590986+2009361 b",12.20000000,5.72091132600000e+03,17.300000,0.0000,2943.00,,2369.00
"K2-285 b",2.59000000,9.68000000000000e+00,3.070000,234.3100,4975.00,0.000000,1088.90
"TOI-4184 b",2.43000000,,2.480000,4.8000,3238.00,,412.00
"Kepler-220 c",1.57000000,,4.390000,37.3210,4632.00,0.000000,586.00
"Kepler-880 b",2.66000000,,2.210000,586.1690,6761.00,0.000000,1622.00
"HD 35843 c",2.54000000,1.13200000000000e+01,3.800000,11.3814,5666.00,0.153000,479.00
"HATS-68 b",13.80948800,4.10000700000000e+02,0.856000,1521.0000,6147.00,0.036000,1741.00
"Kepler-324 b",1.14000000,2.41440000000000e+03,3.000000,194.3400,5194.00,0.000000,935.00
"Kepler-1547 b",0.90000000,,5.020000,5760.9440,6078.00,0.000000,3186.00
"Kepler-116 c",2.30000000,,2.660000,208.9820,6142.00,0.000000,964.00
"Kepler-1076 b",0.80000000,,4.690000,83.1800,4868.00,0.000000,770.00
"nu Oph b",12.00000000,7.05773298000000e+03,22.400000,25.1924,4887.00,0.126000,620.57
"KMT-2022-BLG-2076L b",13.90000000,2.79688998160000e+02,0.572000,,,,
"Kepler-170 b",3.20000000,8.26000000000000e+01,13.900000,136.5220,5679.00,0.000000,899.00
"HD 134987 c",13.90000000,,0.532000,0.0535,5585.00,0.120000,125.03
"Kepler-530 b",3.01000000,,1.880000,14.2380,5697.00,0.000000,488.00
"Kepler-1596 b",1.90000000,,3.420000,33.3780,5706.00,0.000000,471.00
"Kepler-396 c",5.30000000,1.79000000000000e+01,0.661000,5.2440,5656.00,0.000000,390.00
"WASP-88 b",16.36514000,1.33488600000000e+02,0.141000,1489.5543,6430.00,0.000000,1772.00
"Kepler-1438 b",0.94000000,,5.150000,561.1200,5530.00,0.000000,1490.00
"GJ 15 A b",1.55000000,,4.470000,4.2691,3607.00,0.094000,550.00
"TOI-157 b",14.41477400,3.75039400000000e+02,0.686000,1062.0000,5404.00,0.000000,1588.00
"K2-114 b",10.59248676,6.38835098070000e+02,2.960000,40.0000,4899.00,0.079000,701.40
"Kepler-100 b",1.34000000,4.01000000000000e+00,12.357908,478.2140,5837.00,0.130000,1155.00
"tau Gem b",12.10000000,,20.300000,241.3109,4388.00,0.031000,1012.69
"Kepler-265 c",2.63000000,,2.240000,65.3590,5835.00,0.000000,755.00
"K2-190 b",1.35673729,,5.300000,,5631.00,,
"Kepler-1921 c",1.41000000,,5.040000,2436.4700,6120.00,0.000000,1791.00
"CoRoT-19 b",14.46000000,3.52780000000000e+02,0.710000,1103.8090,6090.00,0.047000,2000.00
"HD 110537 b",11.90000000,8.61283200129300e+03,28.100000,0.0047,5718.00,0.401000,72.83
"Kepler-788 b",2.55000000,,2.330000,357.1910,6159.00,0.000000,984.00
"K2-390 b",4.66200000,,1.060000,260.9650,5558.00,,1119.00
"Kepler-336 b",1.02000000,,5.390000,1652.5000,5867.00,0.000000,1625.00
"HIP 48714 b",5.11000000,,0.943000,5.5708,4015.50,0.500000,446.47
"Kepler-154 b",2.26000000,,2.730000,28.1100,5690.00,0.000000,561.00
"Kepler-1225 b",1.82000000,,3.620000,324.2820,6140.00,0.000000,1453.00
"Kepler-1708 b",9.96000000,1.46201067220000e+03,,0.5610,6157.00,0.400000,245.02
"Kepler-332 c",1.09000000,,5.600000,19.9860,4955.00,0.000000,550.00
"WASP-173 A b",13.45080000,1.17279270000000e+03,2.840000,1920.0000,5800.00,0.000000,1880.00
"WASP-71 b",13.22662000,4.41783700000000e+02,1.100000,3384.6097,6050.00,0.000000,2016.10
"Kepler-66 b",2.80000000,,2.070000,62.8450,5962.00,0.000000,699.00
"Kepler-755 b",1.76000000,,3.780000,889.8880,5043.00,0.000000,1331.00
"Kepler-1785 b",2.70422447,,2.160000,47.3000,5618.00,0.000000,666.00
"TOI-2654 b",7.94454164,,0.530000,75.0167,4594.08,,819.00
"GJ 9773 b",14.20000000,,0.331000,0.0021,3528.00,0.218000,59.89
"Kepler-247 d",3.94000000,,1.320000,19.2100,5100.00,0.000000,530.00
"Kepler-1552 b",2.47000000,,2.430000,1.8540,5202.00,0.000000,268.00
"Kepler-549 c",2.93000000,,1.950000,2.5100,5360.00,0.000000,349.00
"Kepler-130 d",1.64000000,,4.150000,9.8340,5884.00,0.800000,451.00
"HD 24040 c",9.35000000,,0.429000,1.1163,5776.49,0.110000,287.75
"Kepler-304 b",2.86000000,,2.010000,139.1460,4731.00,0.000000,875.00
"K2-2016-BLG-0005L b",13.70000000,3.49611247700000e+02,0.747000,,,,
"Kepler-2000 b",2.73000000,,2.130000,18.7300,3757.00,0.000000,530.00
"Kepler-327 c",1.03000000,2.03000000000000e+01,102.000000,28.2720,3799.00,0.000000,537.00
"LSPM J2116+0234 b",3.71000000,,1.430000,2.6063,3475.00,0.183000,371.68
"Kepler-1371 c",0.64000000,,4.110000,853.2690,5361.00,0.000000,1216.00
"BD+20 274 b",13.00000000,,3.340000,53.9651,4296.00,0.210000,755.70
"Kepler-538 b",2.21500000,1.29000000000000e+01,6.500000,5.0700,5534.00,0.210000,417.00
"HD 189567 c",2.54000000,,2.350000,54.3688,5726.00,0.160000,634.41
"HAT-P-62 b",12.02723629,2.41867417727000e+02,0.770000,867.2000,5629.00,0.101000,1512.00
"TOI-3896 b",3.14949237,,1.780000,144.9880,5110.91,,966.00
"Kepler-443 b",2.33000000,,2.620000,0.8600,4723.00,0.110000,233.00
"TOI-530 b",9.30345398,1.27131362800000e+02,0.930000,14.2590,3659.00,0.000000,565.00
"GJ 676 A b",12.80000000,1.84086213334400e+03,4.820000,0.0301,3734.00,0.319000,113.55
"HD 215152 c",,4.68796900325000e+02,,66.1050,4935.00,0.000000,783.20
"WASP-175 b",13.54047200,3.14651700000000e+02,0.740000,649.4290,6229.00,0.000000,1571.00
"Kepler-127 c",2.66000000,,2.210000,61.6880,6106.00,0.030000,698.00
"HD 1605 c",13.00000000,,2.880000,0.5026,4915.00,0.099000,233.88
"HIP 14810 b",13.00000000,,3.100000,201.7351,5544.00,0.143990,1048.20
"LHS 1678 b",0.68500000,3.50000000000000e-01,6.000000,94.3000,3490.00,0.033000,830.44
"Kepler-42 b",0.78000000,7.05944000000000e-01,0.150000,22.3880,3068.00,0.040000,519.00
"HD 141937 b",12.40000000,3.59146099910000e+03,10.400000,0.4436,5870.00,0.460000,231.49
"TOI-1518 b",21.05046575,5.81625984810000e+02,0.343000,7010.0000,7299.00,0.010000,2546.00
"Kepler-388 b",0.81000000,,4.730000,112.2100,4498.00,0.000000,830.00
"TOI-2458 c",3.18000000,,1.750000,131.8551,6005.00,0.290000,922.76
"HD 18599 b",2.60000000,2.41000000000000e+01,7.500000,145.0000,5145.00,0.340000,863.00
"Kepler-1301 b",1.40000000,,5.090000,76.1390,5188.00,0.000000,734.00
"Kepler-879 c",0.40000000,,3.130000,,5456.75,,
"HD 73583 b",2.79000000,1.02000000000000e+01,2.580000,43.3000,4511.00,0.090000,714.00
"Kepler-784 c",1.55000000,,4.460000,119.8700,5676.00,0.000000,844.00
"Kepler-1216 b",1.39000000,,5.140000,415.5530,5743.00,0.000000,1191.00
"Kepler-149 c",1.61000000,,4.240000,10.0840,5381.00,0.000000,436.00
"HD 33142 d",9.32000000,,0.431000,48.9956,5025.40,0.191000,736.04
"Kepler-1896 b",3.09935997,,1.810000,19.5000,6122.00,0.000000,536.00
"TOI-5218 b",9.86000000,6.57000000000000e+02,,62.0000,4230.00,0.000000,783.00
"Kepler-653 b",1.95000000,,3.310000,90.3840,5665.00,0.000000,819.00
"Kepler-714 b",9.67000000,,0.411000,484.0060,5995.00,0.000000,986.00
"TOI-1718 b",4.10824994,,1.250000,134.1550,5304.91,,948.00
"Kepler-1458 b",2.76000000,,2.100000,8.2930,5653.00,0.000000,493.00
"TOI-4364 b",2.01000000,,3.180000,13.3328,3528.00,0.290000,488.00
"K2-57 b",2.30905002,,2.650000,24.1000,4413.00,0.250000,635.80
"Kepler-481 b",2.50000000,,2.390000,183.8420,5802.00,0.000000,899.00
"Kepler-1419 b",2.86000000,,2.010000,21.2430,5796.00,0.000000,510.00
"HD 95338 b",4.27174254,4.29000000000000e+01,3.980000,7.4200,5097.00,0.197000,443.00
"Kepler-1112 b",3.02000000,,1.870000,254.9630,6496.00,0.000000,918.00
"MOA-2020-BLG-135L b",3.37000000,1.13000000000000e+01,1.620000,,,,
"Kepler-345 c",1.20000000,2.20000000000000e+00,1.220000,25.8300,4504.00,0.000000,575.00
"KOI-142 c",14.00000000,2.14100000000000e+02,0.429000,28.7874,5466.00,0.057240,635.87
"HD 148427 b",13.70000000,3.81394088400000e+02,0.815000,4.8905,5025.00,0.120000,451.86
"Kepler-271 c",0.95000000,,5.180000,119.6310,5555.00,0.000000,850.00
"Pr0211 b",13.40000000,,1.360000,457.3078,5300.00,0.011000,1304.13
"EPIC 201427007 b",1.50000000,,4.660000,,5633.00,,
"Kepler-372 c",2.09000000,,3.020000,91.8810,6509.00,0.000000,755.00
"Kepler-338 c",2.34000000,,2.610000,119.6480,5923.00,0.030000,831.00
"TOI-4156 b",2.53823825,,2.350000,459.4950,5971.64,,1289.00
"GJ 3998 c",2.50000000,,2.400000,5.4000,3726.00,0.000000,423.49
"HD 137388 b",9.32000000,,0.431000,0.5807,5181.00,0.360000,248.42
"Kepler-1673 b",2.93551940,,1.940000,30.5000,6014.95,0.000000,611.00
"Kepler-1868 b",3.14950109,,1.780000,0.5000,4658.00,0.000000,215.00
"HD 87883 b",12.70000000,2.00549724817000e+03,5.380000,0.0238,4980.00,0.720000,110.52
"Kepler-740 b",4.57000000,,1.090000,432.8660,5438.00,0.000000,1131.00
"Kepler-1322 c",2.15492527,,2.900000,144.0600,5704.00,0.000000,883.00
"Kepler-379 b",1.66000000,,4.070000,90.3460,6054.00,0.000000,775.00
"HD 216435 b",13.70000000,,0.856000,0.5501,5999.00,0.070000,242.57
"OGLE-2005-BLG-169L b",3.84000000,1.41000000000000e+01,1.370000,,,,
"HD 215152 d",,7.70416058568000e+02,,38.7790,4935.00,0.000000,685.43
"HATS-76 b",12.09449018,8.35570882003000e+02,2.580000,129.8000,4016.00,0.062000,939.80
"Kepler-1211 b",2.55000000,,2.330000,130.9000,5705.00,0.000000,840.00
"HAT-P-33 b",20.73665000,2.92403600000000e+02,0.200000,1701.3800,6446.00,0.000000,1782.00
"HD 12235 c",12.50000000,3.13569506346200e+03,8.820000,0.0076,5986.00,0.174000,82.22
"CoRoT-26 b",14.12000000,1.65260000000000e+02,0.280000,1021.0065,5590.00,0.000000,1600.00
"Kepler-1161 b",2.13000000,,2.950000,26.2290,4253.00,0.000000,485.00
"Kepler-224 e",1.97000000,,3.260000,18.7320,5018.00,0.000000,517.00
"mu Leo b",13.30000000,,1.780000,51.7863,4538.20,0.090000,704.49
"WASP-176 b",16.86954500,2.71744650000000e+02,0.310000,1703.2413,5941.00,0.000000,1721.00
"WASP-65 b",12.46400000,4.92620000000000e+02,1.500000,957.0053,5600.00,0.000000,1480.00
"EPIC 220554210 c",1.60000000,,4.280000,,5499.00,,
"HD 60292 b",12.70000000,,5.540000,110.1333,4348.00,0.270000,889.53
"HD 2685 b",16.14096000,3.71861100000000e+02,0.486000,1436.4900,6801.00,0.091000,2061.00
"HIP 12961 b",13.20000000,,0.273000,1.5889,3901.00,0.170000,303.32
"TOI-1346 b",2.39000000,,2.540000,468.5415,5099.00,,1324.00
"K2-53 b",2.60000000,,2.270000,52.5000,5263.00,,665.00
"WASP-117 b",11.88154000,9.53490000000000e+01,0.344500,706.3929,6040.00,0.300000,1001.00
"Kepler-363 d",2.05000000,,3.100000,203.7610,5593.00,0.000000,905.00
"K2-37 b",1.39000000,,5.140000,193.0000,5352.00,,949.00
"Kepler-1594 b",1.06000000,,5.540000,672.4140,5946.00,0.000000,1360.00
"HD 4917 b",13.50000000,,1.150000,20.9781,4802.00,0.066000,479.78
"DENIS-P J082303.1-491201 b",11.90000000,9.05777000000000e+03,29.500000,,,0.345000,
"HIP 65407 b",14.30000000,,0.256000,20.7979,5460.00,0.140000,610.68
"Kepler-1149 b",1.44000000,,4.910000,653.8310,5833.00,0.000000,1128.00
"Gaia-1 b",13.77583728,5.33951723760000e+02,1.120000,426.5351,5470.00,,1159.07
"Kepler-1527 b",4.77000000,,1.030000,7.8130,6224.00,0.000000,450.00
"Kepler-986 b",2.36000000,,2.580000,10.8570,5642.00,0.000000,465.00
"Kepler-1070 b",1.73000000,,3.860000,380.1340,6261.00,0.000000,1101.00
"HD 31527 b",3.22000000,,1.720000,76.3108,5898.00,0.100000,832.20
"Kepler-286 d",1.33000000,,5.440000,173.9000,5580.00,0.000000,919.00
"Kepler-1141 b",0.82000000,,4.750000,1146.9530,5791.00,0.000000,1471.00
"Kepler-1980 b",2.21000000,,2.810000,23.9500,5819.00,0.000000,564.00
"Kepler-733 b",2.82000000,,2.050000,24.5070,5418.00,0.000000,595.00
"TOI-4405 b",2.55505441,,2.330000,48.1559,4467.38,,671.87
"Kepler-1845 b",2.43836702,,2.470000,27.4700,4703.00,0.000000,584.00
"HD 168443 b",12.60000000,,6.660000,28.2942,5491.00,0.530000,641.03
"TOI-5938 b",3.82000000,,1.380000,249.2730,4650.00,,1077.00
"Kepler-1034 b",2.26000000,,2.730000,36.7870,5198.00,0.000000,675.00
"OGLE-2014-BLG-1760L b",13.80000000,2.95898246917000e+02,0.619000,,,,
"OGLE-2018-BLG-1647L b",13.80000000,3.08293554790000e+02,0.645000,,,,
"Kepler-1286 b",2.15000000,,2.910000,151.7700,5753.00,0.000000,888.00
"K2-189 b",1.40300000,,5.070000,497.0000,5442.00,,1203.00
"HD 13724 c",8.18000000,,0.511000,3.9773,5835.31,0.651000,393.06
"Kepler-643 b",10.16000000,3.21008300000000e+02,1.680000,211.7110,4908.00,0.370000,963.00
"OGLE-2012-BLG-0026L b",7.72000000,4.61000000000000e+01,0.551000,,,,
"CoRoT-7 c",2.83000000,8.40000000000000e+00,2.040000,242.7184,5256.00,0.000000,1098.59
"Kepler-318 b",4.71000000,,1.050000,333.1490,5746.00,0.000000,1039.00
"HD 185269 b",13.80000000,,0.671000,832.9821,5923.00,0.229000,1455.61
"Kepler-47 b",3.05000000,2.07000000000000e+00,0.400000,10.1419,5636.00,0.021000,490.20
"HD 156098 b",4.12000000,,1.250000,416.9726,6419.19,0.109000,1257.73
"HD 190007 b",4.06000000,,1.270000,24.6845,4610.00,0.136000,651.41
"TOI-2095 c",1.33000000,7.40000000000000e+00,,1.8400,3759.00,0.000000,297.00
"HD 155358 c",13.90000000,,0.534000,1.9155,5900.00,0.160000,330.92
"Kepler-1603 b",1.29000000,,5.660000,1269.4600,6241.00,0.000000,1522.00
"Kepler-732 b",2.18000000,,2.860000,8.5590,3631.00,0.000000,407.00
"HATS-27 b",16.81350000,1.68449900000000e+02,0.180000,1342.5733,6438.00,0.581000,1659.00
"HD 32963 b",13.40000000,6.57904802490000e+02,1.500000,0.0996,5727.00,0.070000,157.63
"Kepler-1860 b",1.13863767,,5.770000,56.3000,5420.00,0.000000,697.00
"OGLE-2012-BLG-0563L b",13.60000000,1.20000000000000e+02,0.262000,,,,
"HD 29399 b",13.50000000,,1.110000,2.7435,4845.00,0.050000,358.32
"XO-3 b",14.79585452,4.21758296089000e+03,7.160000,1161.7200,6970.00,0.279100,1890.00
"Kepler-1040 b",2.08000000,,3.040000,2.1210,5694.00,0.000000,300.00
"TOI-5882 b",11.46678726,6.99540323807000e+03,25.400000,4792.5000,5920.00,0.033900,1515.00
"TOI-4511 b",2.75304932,,2.110000,938.9950,5418.77,,1542.00
"KOI-134 c",9.86000000,6.99222495400000e+01,0.401000,79.0510,6160.00,0.240000,798.82
"Kepler-542 b",1.57000000,,4.390000,61.5730,5526.00,0.000000,698.00
"KMT-2023-BLG-1896L b",4.19000000,1.63500000000000e+01,1.220000,,,,
"Kepler-1683 b",1.87477762,,3.480000,47.3200,5429.00,0.000000,669.00
"HD 23472 c",1.87000000,3.41000000000000e+00,3.100000,7.9600,4684.00,0.063000,467.00
"Kepler-285 c",1.12000000,,5.710000,137.0680,5411.00,0.000000,851.00
"HD 17092 b",12.50000000,,9.060000,33.1963,4326.00,0.170000,671.64
"Kepler-339 c",1.15000000,7.30000000000000e+00,26.400000,101.8410,5631.00,0.000000,914.00
"Kepler-310 c",3.38000000,,1.620000,7.1090,5797.00,0.000000,417.00
"HD 1690 b",12.50000000,,7.860000,17.8958,4374.00,0.640000,841.73
"Kepler-1398 b",0.90000000,,5.020000,1249.4880,6126.00,0.000000,1510.00
"NGTS-8 b",12.21781000,2.95581900000000e+02,0.890000,503.0000,5241.00,0.010000,1345.00
"HD 3765 b",8.56000000,,0.482000,0.0863,5049.80,0.298000,152.85
"KOBE-1 c",3.56000000,,1.510000,3.9100,4135.00,0.000000,392.50
"TOI-6420 b",11.93756445,2.60619293740000e+03,8.400000,106.6190,6020.00,0.078000,1213.00
"KMT-2019-BLG-2783L b",13.70000000,3.68680952120000e+02,0.788000,,,,
"Kepler-970 b",2.60900000,,2.260000,11.1110,4290.00,0.340000,464.00
"TOI-5388.01",0.99000000,2.20000000000000e+00,11.900000,3.3023,3440.00,,488.00
"HD 45364 c",14.20000000,,0.335000,0.7829,5466.00,0.019000,261.82
"HAT-P-70 b",20.96083000,2.15488740000000e+03,1.540000,5405.6000,8450.00,0.000000,2562.00
"Kepler-69 c",1.71000000,,3.920000,2.6870,5638.00,0.140000,299.00
"HD 218566 b",9.32000000,,0.431000,0.7414,4730.00,0.300000,253.15
"Kepler-454 b",2.37000000,5.40000000000000e+00,2.230000,117.7000,5687.00,0.320000,916.00
"BD+63 1405 b",12.40000000,3.30541543280000e+03,9.530000,0.0911,5000.00,0.880000,150.69
"MOA-2011-BLG-291L b",4.43000000,1.80000000000000e+01,1.140000,,,,
"Kepler-311 c",1.43000000,,4.940000,72.4560,5905.00,0.000000,744.00
"Kepler-943 b",5.93000000,,0.777000,10.1600,5612.00,0.000000,455.00
"HD 125595 b",,3.53107360177000e+03,,37.7085,4691.00,0.000000,687.97
"HD 113538 c",13.80000000,,0.618000,0.0151,4462.00,0.200000,100.28
"Kepler-836 b",2.73000000,,2.130000,135.7970,5895.00,0.000000,869.00
"TOI-122 b",2.72000000,,2.140000,8.8000,3403.00,0.000000,471.00
"GJ 900 b",12.40000000,3.49611247700000e+03,10.100000,0.0000,3976.00,,1.48
"Kepler-223 c",3.44000000,5.10000000000000e+00,0.710000,302.4740,5803.00,0.150000,947.00
"Kepler-137 b",1.47000000,,4.770000,86.3300,5187.00,0.000000,742.00
"HD 27894 c",8.24000000,,0.506000,9.0713,4875.00,0.015000,498.89
"TOI-5076 b",3.48935569,1.61456830756000e+01,2.080000,12.8373,4780.00,0.000000,550.00
"HD 196067 c",3.21000000,,1.730000,,6072.00,0.235000,
"OGLE-2016-BLG-1093L b",14.00000000,2.25658168970000e+02,0.452000,,,,
"HATS-52 b",15.49083800,7.11939200000000e+02,1.060000,1310.2200,6010.00,0.246000,1834.00
"K2-241 b",2.55000000,,2.330000,14.5807,5262.00,,507.00
"Kepler-250 d",2.18000000,,2.860000,21.4630,5160.00,0.000000,579.00
"HD 240237 b",12.20000000,,15.300000,83.8296,3926.00,0.400000,1153.09
"TOI-1601 b",14.19902343,3.87000000000000e+02,0.740000,1071.4200,5982.00,0.000000,1493.97
"Kepler-1298 b",1.31000000,,5.550000,1003.0270,6339.00,0.000000,1373.00
"HD 4732 b",13.40000000,,1.440000,10.3009,4898.00,0.266000,498.53
"TOI-237 b",1.44000000,,4.910000,3.7000,3212.00,0.000000,388.00
"TOI-1694 b",5.27000000,2.82400000000000e+01,1.062000,195.2882,5005.00,0.122000,1037.00
"K2-155 c",2.60000000,,2.270000,7.0000,4258.00,,583.00
"Kepler-289 b",2.49000000,3.70000000000000e+00,1.450000,27.3710,5990.00,0.000000,607.00
"HIP 109600 b",13.20000000,,2.040000,1.6736,5530.00,0.163000,312.88
"OGLE-2017-BLG-0482L b",2.95000000,9.00000000000000e+00,1.930000,,,,
"HAT-P-44 b",13.92200000,1.11871000000000e+02,0.230000,185.1190,5295.00,0.044000,1108.00
"eps Ind A b",12.70000000,2.06588464550000e+03,5.540000,0.0010,4700.00,0.250000,275.00
"Kepler-407 b",1.19000000,1.93000000000000e+00,5.876579,4102.0080,5487.00,0.000000,1983.00
"HD 48265 b",12.60000000,2.35193021180000e+03,6.460000,1.1670,5733.00,0.211000,283.00
"Kepler-263 b",2.67000000,,2.200000,24.3080,5265.00,0.000000,548.00
"Kepler-1219 b",2.12000000,,2.960000,430.6910,5944.00,0.000000,1159.00
"Kepler-9 b",8.29000000,4.34000000000000e+01,0.420000,48.2290,5774.00,0.060900,661.00
"Kepler-1574 b",1.29000000,,5.660000,289.7780,5892.00,0.000000,1003.00
"Kepler-1411 b",2.82000000,,2.050000,8.9270,5664.00,0.000000,441.00
"TOI-3353.01",2.66675550,,2.200000,313.0426,6365.00,,1264.36
"TOI-2180 b",11.32107051,8.75617261285000e+02,3.320000,2.7100,5695.00,0.368300,348.00
"61 Vir c",4.46000000,,1.130000,16.9856,5577.00,0.140000,565.87
"Kepler-1050 c",1.48000000,,4.730000,40.6440,6010.00,0.000000,935.00
"Kepler-1306 b",1.91000000,,3.400000,52.1460,5727.00,0.000000,678.00
"TOI-2200 b",6.96310517,,0.630000,288.0870,5036.17,,1147.00
"K2-285 c",3.53000000,1.56800000000000e+01,1.950000,50.3500,4975.00,0.000000,741.40
"Kepler-201 c",2.85000000,,2.020000,6.0330,6065.00,0.000000,378.00
"K2-291 b",1.58900000,6.49000000000000e+00,8.840000,633.0000,5520.00,0.000000,1278.00
"HD 220773 b",13.60000000,,1.010000,0.1290,5940.00,0.510000,167.02
"BD-11 4672 b",14.10000000,,0.405000,0.0282,4550.00,0.050000,114.17
"PSR B0329+54 b",1.22000000,,5.960000,,,0.236000,
"TOI-169 b",12.17297400,2.51403530000000e+02,0.760000,1443.0000,5880.00,0.000000,1715.00
"Kepler-1564 b",1.47000000,,4.770000,41.5140,5528.00,0.000000,635.00
"GJ 536 c",2.30000000,,2.660000,1.6920,3641.00,0.000000,290.50
"K2-243 c",2.01000000,,3.180000,80.9171,6570.00,,801.00
"Kepler-332 d",1.18000000,,5.890000,7.2530,4955.00,0.000000,427.00
"Kepler-26 c",2.72000000,6.20000000000000e+00,1.610000,4.8200,3914.00,0.013000,385.00
"Kepler-102 f",0.86100000,4.30000000000000e+00,37.000000,10.0000,4909.00,0.100000,495.00
"Kepler-1147 b",2.61000000,,2.260000,206.5630,5941.00,0.000000,872.00
"Kepler-10 b",1.47000000,3.24000000000000e+00,5.540000,3741.7800,5708.00,0.000000,2188.00
"HD 94834 b",13.70000000,,0.856000,1.3107,4798.00,0.140000,286.45
"Kepler-271 d",0.66000000,,4.190000,189.3430,5555.00,0.000000,954.00
"TOI-1233.01",2.53900000,,2.340000,53.8795,5660.00,0.055000,708.00
"K2-292 b",2.63000000,2.45000000000000e+01,7.400000,67.0000,5725.00,0.040000,795.00
"TOI-2071 b",2.56484195,,2.310000,265.3025,5755.41,,1029.33
"OGLE-2013-BLG-0132L b",11.60000000,9.20000000000000e+01,0.324000,,,,
"K2-157 c",6.08000000,,0.753000,22.6500,5334.00,0.200000,587.00
"Kepler-736 b",2.93000000,,1.950000,233.0310,5217.00,0.000000,996.00
"HD 221585 b",13.50000000,,1.140000,0.4965,5620.00,0.123000,242.77
"XO-2 N b",11.13053700,1.99915070000000e+02,0.715000,428.0360,5290.00,0.000000,1328.00
"4 UMa b",12.60000000,,6.900000,150.0929,4415.00,0.453000,967.44
"Kepler-1318 b",3.11000000,,1.800000,0.4920,4598.00,0.000000,202.00
"K2-69 b",2.32000000,,2.640000,17.9000,4127.00,,573.61
"HD 43197 c",12.60000000,2.50067390627600e+03,6.870000,0.0100,5508.00,0.149000,90.89
"TOI-712 d",2.47400000,,2.420000,1.6000,4622.00,0.073000,313.60
"NGTS-18 b",13.56286665,1.29991818463000e+02,0.280000,845.0000,5610.00,0.000000,1381.00
"Kepler-1046 b",1.71000000,,3.920000,101.4000,5913.00,0.000000,786.00
"Kepler-1361 b",0.86000000,,4.890000,186.0690,5131.00,0.000000,1061.00
"Kepler-1454 b",1.88000000,,3.470000,9.0800,5448.00,0.000000,492.00
"KMT-2021-BLG-1898L b",14.00000000,2.32014737110000e+02,0.465000,,,,
"K2-58 b",2.68000000,,2.180000,118.0000,5413.00,,920.17
"Kepler-301 c",1.35000000,,5.340000,238.4810,5815.00,0.000000,989.00
"K2-229 b",1.00000000,2.55000000000000e+00,7.600000,2290.0000,5315.00,0.000000,1818.00
"Kepler-536 b",3.10000000,,1.810000,892.8120,5524.00,0.000000,1877.00
"Kepler-971 b",2.13000000,,2.950000,82.7660,5431.00,0.000000,1087.00
"Kepler-1148 b",1.69000000,,3.980000,815.4070,5054.00,0.000000,1397.00
"Kepler-1927 b",3.40627075,,1.600000,34.7000,6056.00,0.000000,677.00
"KMT-2024-BLG-1005L b",12.10000000,6.67439654700000e+03,20.700000,,,,
"Kepler-619 b",3.16000000,,1.760000,224.1460,5980.00,0.000000,1073.00
"Kepler-844 b",1.68000000,,4.010000,89.6520,4128.00,0.000000,713.00
"K2-99 b",11.88151954,2.76510714090000e+02,0.900000,357.0000,6069.00,0.220000,1184.00
"Kepler-124 d",1.11000000,,5.670000,10.4990,4984.00,0.000000,428.00
"Kepler-1433 b",1.56000000,,4.410000,535.4200,6097.00,0.000000,1226.00
"Kepler-419 b",10.80000000,7.94500000000000e+02,3.500000,37.4160,6430.00,0.833000,613.00
"Kepler-81 b",2.42000000,1.72000000000000e+01,6.670000,39.9500,4385.00,0.000000,635.00
"HD 142 A d",10.90000000,,0.351000,13.2625,6245.00,0.130000,530.32
"Kepler-713 b",2.48000000,,2.420000,228.2830,5785.00,0.000000,905.00
"Wolf 1061 b",1.21000000,,5.920000,7.3400,3342.00,0.150000,461.10
"Kepler-107 d",0.86000000,7.70000000000000e+00,67.000000,315.0000,5854.00,0.110000,1173.00
"Kepler-238 f",2.00000000,1.35000000000000e+01,1.700000,35.8690,5800.00,0.000000,568.00
"HD 176986 b",,1.48775477316700e+03,,81.7000,4931.00,0.066000,767.00
"K2-403 b",5.33300000,,0.891000,134.8830,5511.00,,949.00
"Kepler-758 b",2.48000000,,2.420000,349.1930,6228.00,0.000000,1005.00
"WASP-41 c",13.10000000,,2.470000,0.5573,5545.00,0.294000,241.00
"GJ 1148 c",9.71000000,,0.409000,0.0163,3287.00,0.342000,99.38
"Kepler-1029 b",1.26000000,,5.850000,92.1600,5030.00,0.000000,790.00
"Kepler-897 b",2.39000000,,2.540000,354.2210,5839.00,0.000000,855.00
"TOI-2092 b",2.94892961,,1.930000,195.7930,5842.06,,1042.00
"TOI-2040 b",10.32347122,2.48223985867000e+02,1.240000,216.0000,5132.00,0.109000,1070.00
"K2-223 c",1.50000000,,4.660000,305.7945,5859.00,,1091.00
"Kepler-317 b",2.09000000,1.09800000000000e+02,66.100000,151.6520,5497.00,0.000000,976.00
"Kepler-435 b",22.31000000,2.66970000000000e+02,0.131000,677.9170,6161.00,0.114000,1729.00
"Kepler-65 c",2.58000000,5.40000000000000e+00,1.640000,609.9920,6211.00,0.020000,1246.00
"Kepler-901 b",1.37000000,,5.240000,68.7230,4184.00,0.000000,704.00
"MOA-2012-BLG-505L b",2.48000000,6.70000000000000e+00,2.410000,,,,
"CFBDSIR J145829+101343 b",12.40000000,3.33710000000000e+03,9.620000,,580.50,,370.00
"HAT-P-9 b",15.61413700,2.38054670000000e+02,0.342000,931.0000,6350.00,0.084000,1540.00
"7 CMa c",13.90000000,,0.566000,2.4917,4826.00,0.080000,350.00
"Kepler-345 b",0.74000000,4.80000000000000e-01,4.800000,35.3700,4504.00,0.000000,622.00
"Kepler-186 b",1.07000000,,5.560000,37.3720,3788.00,0.000000,571.00
"Kepler-1487 b",2.13000000,,2.950000,323.2940,6541.00,0.000000,1682.00
"Kepler-539 c",13.30000000,7.62792000000000e+02,1.780000,0.1486,5820.00,0.500000,253.00
"TOI-5916 b",11.35469745,2.26611654191000e+02,0.860000,51.7000,3613.00,0.090000,683.00
"Kepler-150 e",3.12000000,,1.790000,19.6710,5560.00,0.000000,544.00
"HD 33844 b",13.40000000,,1.460000,5.7778,4861.00,0.150000,430.22
"Kepler-1928 b",1.99200000,,3.220000,37.8000,5720.00,0.430000,621.00
"Kepler-373 c",1.24000000,,5.970000,103.7560,5787.00,0.000000,729.00
"Kepler-394 c",1.66000000,,4.070000,94.5280,6402.00,0.000000,901.00
"HD 136352 d",2.56200000,8.82000000000000e+00,2.878108,5.7400,5664.00,0.000000,431.00
"HD 213240 b",12.80000000,1.65588600047000e+03,4.340000,0.7524,5979.00,0.420000,257.70
"K2-183 d",2.30000000,,2.660000,31.6618,5482.00,,615.00
"TIC 18942729 b",2.00021315,,3.200000,,4360.11,,
"HD 22496 b",2.22000000,,2.800000,26.0000,4385.00,,573.00
"Kepler-517 b",2.67000000,,2.200000,10.5550,5690.00,0.000000,467.00
"Kepler-1640 b",4.82000000,,1.020000,537.4000,6324.00,0.000000,1228.00
"Gaia-5 b",12.10000000,6.63307885409000e+03,20.600000,,3447.00,0.642300,
"Kepler-217 b",2.23000000,,2.770000,1366.4770,6171.00,0.000000,1413.00
"TOI-4153 b",16.11851425,3.65502668050000e+02,0.477000,1212.0072,6860.00,0.039000,1669.00
"Kepler-589 c",1.11727238,,5.710000,344.6100,5372.00,0.000000,1098.00
"OGLE-2019-BLG-0679L b",13.10000000,1.06154687938000e+03,2.590000,,,,
"MOA-2010-BLG-353L b",11.10000000,8.60000000000000e+01,0.346000,,,,
"WASP-73 b",15.91678000,9.08993800000000e+02,1.596000,2242.3605,6030.00,0.000000,1790.00
"Kepler-647 b",1.17000000,,5.870000,162.7940,6020.00,0.000000,788.00
"Kepler-1784 b",2.79936489,,2.060000,64.8000,5442.00,0.000000,724.00
"HIP 79098 AB b",12.10000000,6.51551500000000e+03,20.200000,,9193.75,,2450.00
"Kepler-126 b",1.52000000,,5.762535,298.0880,6239.00,0.070000,1009.00
"Kepler-1559 b",0.72000000,,4.400000,1620.0630,5316.00,0.000000,1609.00
"HATS-39 b",17.59813000,2.00232900000000e+02,0.202000,1547.1014,6572.00,0.275000,1645.00
"Kepler-815 b",4.11000000,,1.250000,979.1360,5028.00,0.000000,1374.00
"HD 210277 b",13.60000000,,0.896000,0.7275,5538.00,0.480000,259.86
"OGLE-2012-BLG-0950L b",6.56000000,3.50000000000000e+01,0.681000,,,,
"KMT-2024-BLG-0404L b",11.90000000,8.65764580668000e+03,28.200000,,,,
"Kepler-783 c",2.33153725,,2.620000,113.3000,5411.49,0.000000,840.00
"Kepler-602 b",2.09000000,,3.020000,128.7830,6062.00,0.000000,852.00
"TOI-532 b",5.82000000,6.15000000000000e+01,1.720000,94.1000,3927.00,0.000000,867.00
"Kepler-372 b",1.36000000,,5.290000,384.6270,6509.00,0.000000,1081.00
"Kepler-174 b",1.96000000,,3.280000,24.4180,4880.00,0.000000,553.00
"Kepler-178 b",2.90000000,,1.970000,84.5710,5676.00,0.000000,846.00
"TOI-2411 b",1.68000000,,4.010000,1051.1379,4099.00,,1355.00
"Kepler-107 e",2.90300000,1.41000000000000e+01,3.180000,138.7000,5854.00,0.100000,955.00
"Kepler-1348 b",1.94000000,,3.330000,49.6650,5911.00,0.000000,636.00
"Kepler-1117 b",1.11000000,,5.670000,194.9760,5612.00,0.000000,938.00
"Kepler-1604 b",1.41000000,,5.040000,1391.4000,4976.00,0.000000,2023.00
"Kepler-984 b",2.12000000,,2.960000,13.9910,5610.00,0.000000,484.00
"TOI-411 b",1.36200000,1.37100000000000e+01,18.960000,495.1390,6169.00,0.126000,1241.00
"K2-118 b",2.54000000,,2.340000,4.3000,4726.29,0.200000,394.64
"Kepler-11 c",2.87000000,2.90000000000000e+00,0.660000,107.2240,5663.00,0.026000,786.00
"Kepler-632 b",2.21000000,,2.810000,14.7200,5322.00,0.000000,500.00
"Kepler-57 b",3.13500000,2.50600000000000e+01,4.466029,124.3490,5187.90,0.016200,850.00
"HD 141399 c",13.60000000,,0.923000,3.3493,5600.00,0.048000,383.17
"Kepler-277 b",2.92000000,8.73000000000000e+01,9.200000,198.2450,5946.00,0.000000,964.00
"Kepler-461 b",2.58000000,,2.300000,254.9060,5634.00,0.000000,886.00
"K2-185 b",1.15000000,,5.780000,,5788.00,,809.00
"TOI-4600 c",9.42000000,2.94626933289000e+03,,48.3867,5170.00,0.210000,191.00
"Kepler-1098 b",1.30000000,,5.600000,995.6700,5794.00,0.000000,1319.00
"HD 184010 d",14.30000000,,0.269000,3.5509,4971.00,0.000000,381.37
"Kepler-450 c",2.62000000,1.25000000000000e+01,8.800000,213.7310,6197.21,0.020000,944.00
"HD 231701 b",13.70000000,,0.768000,9.1798,6101.00,0.130000,483.27
"Kepler-1736 b",3.87658560,,1.350000,24.2700,6085.00,0.000000,566.00
"Kepler-1888 b",1.32578716,,5.470000,145.6700,5557.00,0.000000,886.00
"2MASS J04414489+2301513 b",12.60000000,2.38360000000000e+03,6.550000,0.0000,2936.00,,17.60
"TYC 3318-01333-1 b",13.10000000,,2.660000,8.1115,4776.00,0.098000,470.43
"WASP-70 A b",13.04700000,1.87512000000000e+02,0.499000,649.1548,5763.00,0.000000,1387.00
"TOI-1798.01",2.44800000,6.50000000000000e+00,2.610000,69.2600,5165.00,0.000000,734.31
"GJ 317 c",13.60000000,,0.993000,0.0008,3496.00,0.217000,47.67
"TOI-1117 d",3.27000000,,1.680000,152.0000,5635.00,0.000000,978.00
"NGTS-39 b",12.19537100,4.66254273069000e+02,1.411000,16.7057,6053.00,0.386000,519.00
"Kepler-1409 b",1.04000000,,5.470000,1552.1330,5160.00,0.000000,1733.00
"K2-177 b",2.11620480,,2.970000,,6063.00,,
"Kepler-1017 b",1.99000000,,3.220000,119.6030,5473.00,0.000000,831.00
"Kepler-467 b",2.25000000,,2.740000,72.7490,5809.00,0.000000,712.00
"Kepler-1364 b",2.15000000,,2.910000,672.0600,6805.00,0.000000,1299.00
"HD 118203 c",12.40000000,3.74719691853000e+03,10.800000,0.1122,5742.00,0.260000,146.00
"Kepler-964 b",2.12000000,,2.960000,43.9160,5427.00,0.000000,652.00
"Kepler-1097 b",3.26000000,,1.700000,1.3000,5211.00,0.000000,267.00
"HD 110113 b",2.05000000,4.55000000000000e+00,2.900000,735.4900,5732.00,0.093000,1371.00
"Kepler-220 e",1.33000000,,5.440000,4.2740,4632.00,0.000000,341.00
"TOI-1386 c",10.30000000,,0.378000,1.7710,5735.00,0.380000,327.40
"TOI-3486 b",10.57006880,9.91624629840000e+01,0.460000,334.0000,4930.00,0.078000,1190.00
"Kepler-315 b",3.77000000,,1.400000,6.6740,5796.00,0.000000,409.00
"Kepler-1078 b",1.90000000,,3.420000,373.9900,5612.00,0.000000,1122.00
"Kepler-1452 b",2.70000000,,2.160000,73.5010,6101.00,0.000000,810.00
"TOI-5380 b",3.48093238,,1.550000,796.3050,6400.78,,1479.00
"Kepler-1055 b",1.23000000,,6.020000,647.2560,5723.00,0.000000,1304.00
"Kepler-60 d",1.99000000,4.16000000000000e+00,2.910000,161.0000,5905.00,0.002000,929.00
"HD 99706 c",12.80000000,,4.740000,,4891.00,0.411000,
"WASP-14 b",15.46842000,2.80961720000000e+03,2.250000,1356.3300,6475.00,0.090000,1872.00
"Kepler-402 c",1.56000000,,4.410000,353.9730,6090.00,0.000000,1140.00
"Kepler-1109 b",2.19000000,,2.840000,11.3820,5893.00,0.000000,787.00
"Kepler-1262 b",1.82000000,,3.620000,142.5450,5771.00,0.000000,949.00
"Kepler-122 c",5.87000000,,0.788000,160.4990,6050.00,0.000000,897.00
"BEBOP-3 b",14.20000000,,0.340000,1.1590,6033.00,0.247000,287.88
"Kepler-1677 b",2.70216183,,2.160000,59.4000,6013.72,0.000000,712.00
"WASP-180 A b",13.89916000,2.86047000000000e+02,0.610000,918.3877,6600.00,0.000000,1540.00
"GJ 163 b",3.25000000,,1.700000,5.3165,3500.00,0.073000,438.49
"Kepler-1071 b",2.38000000,,2.550000,45.1200,5215.00,0.000000,814.00
"TOI-1855 b",18.49481816,3.60099585131000e+02,0.310000,852.1620,5359.00,0.033000,1701.00
"WTS-2 b",15.27786700,3.55969600000000e+02,0.540000,2544.6509,5000.00,0.000000,2000.00
"Kepler-779 b",0.92000000,,5.090000,15.0280,3804.00,0.000000,425.00
"TOI-1806.01",3.40953670,,1.590000,2.1473,3272.00,,337.47
"Kepler-1809 b",1.51300000,,4.600000,158.2000,4901.00,0.000000,877.00
"K2-242 b",2.54000000,,2.340000,6.3759,3459.00,,416.00
"Kepler-1929 b",3.07250761,,1.830000,37.2000,5786.00,0.000000,566.00
"Kepler-1081 b",1.01000000,,5.390000,225.2160,5345.00,0.000000,972.00
"GJ 685 b",2.95000000,,1.930000,3.0917,3816.00,0.000000,368.84
"TIC 77319217 b",3.10879526,,1.800000,,5961.52,,
"HIP 29442 c",1.55100000,4.50000000000000e+00,6.300000,451.0000,5289.00,,1123.00
"MOA-bin-1L b",13.00000000,1.20000000000000e+03,3.000000,,,,
"TOI-5398 c",3.52000000,1.18000000000000e+01,1.500000,370.6030,6000.00,0.140000,1242.00
"Kepler-603 b",2.65000000,,2.220000,97.8000,5808.00,0.000000,731.00
"omi CrB b",13.70000000,,0.761000,135.8368,4769.00,0.105000,947.65
"TOI-2818 b",15.27784069,2.25658168970000e+02,0.340000,598.0000,5721.00,0.000000,1376.00
"Kepler-1214 b",2.36000000,,2.580000,23.1800,5130.00,0.000000,591.00
"TOI-2128 b",2.08874836,4.50000000000000e+00,2.680000,86.2315,5968.00,0.000000,780.53
"K2-161 b",6.11721229,,0.747000,,4972.00,,
"TOI-3321 b",15.55806521,1.76076937478000e+02,0.255000,967.9190,5850.00,0.054000,1616.00
"Kepler-1051 b",3.40000000,,1.610000,87.4570,6675.00,0.000000,850.00
"Kepler-649 b",2.26000000,,2.730000,25.1470,5871.00,0.000000,564.00
"HAT-P-55 b",14.84069045,1.89425730572000e+02,0.318000,583.0000,5804.00,0.170000,1367.00
"TAP 26 b",13.50000000,,1.180000,60.0135,4620.00,,774.52
"EPIC 212587672 c",2.32000000,,2.640000,,6004.00,,658.00
"Kepler-912 b",2.80000000,,2.070000,519.9500,5998.00,0.000000,1218.00
"HD 205739 b",13.60000000,,0.951000,2.8535,6176.00,0.270000,362.84
"Kepler-939 b",1.75000000,,3.800000,54.1900,5471.00,0.000000,692.00
"Kepler-1291 b",1.66000000,,4.070000,62.8230,5216.00,0.000000,739.00
"Kepler-1002 b",1.71000000,,3.920000,981.6800,6144.00,0.000000,1453.00
"LkCa 15 b",,,,0.0030,4194.00,,66.87
"Kepler-344 c",2.95000000,,1.930000,2.6730,5774.00,0.000000,360.00
"HIP 65891 b",12.70000000,1.93875328270000e+03,5.200000,5.6170,5000.00,0.090000,429.05
"Kepler-992 b",1.62000000,,4.210000,15.2910,4944.00,0.000000,510.00
"Kepler-246 c",1.50000000,,4.660000,43.2080,5206.00,0.000000,667.00
"WASP-62 b",14.79588000,1.65271600000000e+02,0.262000,1817.8874,6230.00,0.000000,1475.30
"GJ 4274 c",2.83000000,,2.030000,0.1000,3228.00,,157.32
"Kepler-1111 b",2.00000000,,3.200000,118.5200,6077.00,0.000000,938.00
"HATS-45 b",14.41477400,2.22481000000000e+02,0.410000,811.3504,6450.00,0.240000,1518.00
"Kepler-923 b",1.38000000,,5.190000,390.6360,5988.00,0.000000,1104.00
"Kepler-1273 b",2.49000000,,2.410000,14.8770,5566.00,0.000000,573.00
"Kepler-36 c",3.67900000,7.13000000000000e+00,0.787000,191.0000,5979.00,0.000000,928.00
"Kepler-172 b",2.35000000,,2.590000,639.4760,5526.00,0.000000,1256.00
"TOI-784 b",1.93000000,9.67000000000000e+00,7.400000,413.8940,5558.00,0.000000,1256.00
"HATS-7 b",6.31066700,3.81396000000000e+01,0.830000,211.6178,4985.00,0.170000,1084.00
"EPIC 228836835 b",1.10000000,,5.660000,,3782.00,,932.00
"HATS-37 A b",6.79265400,3.14651700000000e+01,0.550000,229.7000,5326.00,0.000000,1085.00
"Kepler-183 c",2.27000000,3.57000000000000e+01,16.800000,108.7170,5888.00,0.000000,857.00
"K2-139 b",9.11000000,1.23000210000000e+02,0.910000,15.5562,5370.00,0.120000,524.00
"TOI-5716 b",0.96000000,,5.220000,3.4093,3436.00,,400.00
"Kepler-258 c",3.61000000,,1.480000,7.9850,4942.00,0.000000,470.00
"Kepler-1311 c",1.22000000,,5.990000,2144.5530,5748.00,0.000000,1671.00
"K2-233 b",1.31500000,2.40000000000000e+00,5.700000,269.0000,4796.00,0.000000,1127.00
"Kepler-902 b",2.54000000,,2.340000,24.8750,5647.00,0.000000,556.00
"Kepler-171 d",1.89000000,,3.440000,15.1030,5642.00,0.000000,497.00
"Kepler-894 b",2.78000000,,2.080000,119.8810,5603.00,0.000000,896.00
"HD 64121 b",13.20000000,,1.940000,7.7628,5078.00,0.110000,464.77
"Kepler-1794 b",1.79426276,,3.680000,57.5900,5052.00,0.000000,703.00
"OGLE-2008-BLG-355L b",12.90000000,1.50000000000000e+03,3.840000,,,,
"iot Dra b",12.40000000,,10.800000,24.9999,4504.00,0.701000,618.67
"Kepler-817 b",9.03000000,,0.449000,550.2030,5861.00,0.000000,1124.00
"K2-391 b",1.37100000,,5.220000,,5543.00,,
"Kepler-298 d",2.50000000,,2.390000,1.7150,4465.00,0.000000,277.00
"K2-268 f",2.23000000,,2.770000,,5106.00,,492.00
"Kepler-1165 b",1.55000000,,4.460000,464.7730,6080.00,0.000000,946.00
"Kepler-1693 c",0.97698289,,5.270000,296.7300,5553.00,0.000000,1059.00
"Kepler-1894 c",1.21000000,,5.960000,243.0600,5772.00,0.000000,1007.00
"Kepler-1669 c",1.90120972,,3.410000,199.2800,4224.00,0.000000,958.00
"TOI-1064 b",2.58700000,1.35000000000000e+01,4.300620,62.9000,4734.00,0.047000,784.00
"HD 216520 c",3.03000000,,1.860000,1.2669,5103.00,0.120000,295.22
"GJ 1137 c",2.11000000,,2.990000,58.4000,5033.80,0.000000,768.51
"Kepler-884 b",1.23000000,,6.020000,139.5000,5715.00,0.000000,964.00
"K2-140 b",13.56286665,2.95580418510000e+02,0.660000,204.0000,5585.00,0.000000,962.00
"K2-71 b",2.15000000,,2.910000,13.4000,4006.00,,533.27
"Kepler-191 c",1.86000000,,3.520000,23.2000,5282.00,0.000000,596.00
"HD 224018 c",2.42000000,1.04000000000000e+01,4.000000,28.2444,5784.00,0.020000,641.00
"Kepler-1019 b",1.46000000,,4.820000,330.2490,4433.00,0.000000,1164.00
"Kepler-904 b",1.77000000,,3.750000,875.4190,6160.00,0.000000,1332.00
"Gaia-4 b",12.40000000,3.75037520260000e+03,10.800000,,4034.00,0.338000,
"HD 192310 b",4.27000000,,1.190000,3.7598,5166.00,0.130000,355.00
"MOA-2009-BLG-319L b",9.64000000,6.73000000000000e+01,0.413000,,,,
"Kepler-97 b",1.48000000,3.51000000000000e+00,5.440000,767.9640,5779.00,0.000000,1328.00
"Kepler-1909 b",1.09217411,,5.610000,266.0100,4935.00,0.000000,1031.00
"Kepler-169 f",2.58000000,,2.300000,2.4390,4997.00,0.000000,321.00
"HD 134606 d",7.59000000,,0.563000,0.3082,5576.00,0.092000,207.68
"Kepler-905 b",1.41000000,,5.040000,185.7710,5461.00,0.000000,928.00
"WASP-28 b",13.66374747,2.82549453823000e+02,0.651163,695.6500,6084.00,0.000000,1456.00
"WISE J033605.05-014350.4 b",12.60000000,2.62208435775000e+03,7.200000,,415.00,,325.00
"GJ 3341 b",2.46000000,,2.440000,3.6578,3526.00,0.310000,377.62
"KOI-55 b",0.75900000,4.40000000000000e-01,5.530000,636352.1258,27730.00,,7777.78
"WASP-113 b",15.79348100,1.50969250000000e+02,0.228000,821.4050,5890.00,0.000000,1496.00
"Kepler-558 b",2.37000000,,2.560000,15.2270,5242.00,0.000000,498.00
"K2-374 b",1.59300000,,4.300000,,5789.00,,
"TOI-1736 b",3.18175535,1.23000000000000e+01,2.090000,329.6000,5636.00,0.000000,1099.79
"TOI-5174 b",5.35100000,,0.889000,100.9112,5643.77,,808.37
"Kepler-5 b",15.98403400,6.70939130000000e+02,0.400000,1822.7580,6297.00,0.000000,1750.00
"K2-210 b",0.86000000,,4.890000,,5500.00,,
"Kepler-1263 b",1.14000000,,5.750000,144.8130,5213.00,0.000000,907.00
"BD-17 63 b",12.80000000,1.63999458012000e+03,4.300000,0.1169,4714.00,0.543900,168.92
"Kepler-130 b",1.02000000,,5.390000,221.7310,5884.00,0.150000,982.00
"WASP-172 b",17.59813000,1.49380100000000e+02,0.160000,1506.5000,6900.00,0.000000,1740.00
"TOI-4552 b",1.11000000,1.83000000000000e+00,7.740000,263.0000,3258.00,0.000000,1122.00
"Kepler-1843 b",2.70909809,,2.160000,111.8000,5422.00,0.000000,772.00
"GJ 1289 b",2.38000000,,2.560000,0.0754,3296.00,0.000000,150.00
"Kepler-1741 b",1.27300000,,5.750000,33.7900,3683.00,0.000000,615.00
"Kepler-955 b",3.13000000,,1.780000,33.0910,5350.00,0.000000,664.00
"TIC 356227008 b",2.39024009,,2.540000,,5731.86,,
"Kepler-223 d",5.24000000,8.00000000000000e+00,0.310000,175.9510,5803.00,0.037000,827.00
"Kepler-224 d",2.30000000,,2.660000,36.2930,5018.00,0.000000,610.00
"HD 184010 c",11.80000000,,0.319000,7.3558,4971.00,0.000000,457.53
"TIC 249022743 b",4.79568155,,1.030000,,5567.58,,
"Kepler-365 b",2.04000000,,3.120000,132.1500,6012.00,0.000000,865.00
"Kepler-532 b",2.57000000,,2.310000,34.0890,5192.00,0.000000,620.00
"TOI-2714 b",13.72000000,2.28000000000000e+02,0.490000,945.5500,5665.00,0.164000,1603.00
"Kepler-403 b",1.25000000,,5.910000,689.4570,6090.00,0.000000,1194.00
"Kepler-474 b",3.06000000,,1.840000,671.0640,5785.00,0.000000,1115.00
"TOI-1472 b",4.05800000,1.80500000000000e+01,1.490000,110.0201,5100.00,0.041000,891.00
"Kepler-555 b",2.83000000,,2.040000,129.3740,5894.00,0.000000,664.00
"TIC 245076932 b",10.87271128,1.62092487570000e+02,0.746600,85.6018,6130.00,0.428000,845.00
"Kepler-683 b",1.97000000,,3.260000,702.2810,5703.00,0.000000,1332.00
"Kepler-272 d",2.25000000,,2.740000,141.1350,5297.00,0.000000,777.00
"HATS-10 b",10.86152100,1.67178580000000e+02,0.700000,836.8558,5880.00,0.501000,1407.00
"Kepler-229 b",2.20000000,,2.830000,76.2170,5120.00,0.000000,823.00
"Kepler-1977 b",1.66000000,,4.070000,95.6100,4805.00,0.000000,798.00
"Kepler-814 b",2.12000000,,2.960000,935.1240,6162.00,0.000000,1164.00
"WASP-2 b",12.11692900,2.95899730000000e+02,0.914000,492.0000,5180.00,0.005400,1311.00
"Kepler-1038 b",3.53000000,,1.520000,1.5120,5335.00,0.000000,285.00
"Kepler-1802 c",2.32200000,,2.630000,3.8600,4245.00,0.000000,357.00
"Kepler-56 c",9.80000000,1.81000000000000e+02,1.060000,317.2060,4840.00,0.000000,1087.00
"bet Pic c",12.50000000,2.76510714090000e+03,7.780000,1.2305,8038.68,0.307000,1250.00
"Kepler-97 c",,3.44000000000000e+02,,,5779.00,,
"HD 171238 b",12.50000000,2.79688998160000e+03,7.870000,0.0989,5467.00,0.358000,166.96
"Kepler-595 c",1.00900000,3.30000000000000e+00,6.900000,50.2300,5138.50,0.000000,679.00
"HD 137496 c",12.60000000,,6.690000,1.5713,5799.00,0.477000,370.00
"WASP-145 A b",10.08810000,2.82868700000000e+02,1.600000,313.4012,4900.00,0.000000,1200.00
"TOI-3785 b",5.14000000,1.49500000000000e+01,0.610000,19.1000,3576.00,0.110000,582.00
"TOI-244 b",1.52000000,2.68000000000000e+00,4.200000,7.3000,3433.00,,458.00
"HD 40307 g",2.56000000,,2.330000,0.6378,4956.00,0.290000,255.00
"HD 113538 b",13.20000000,,0.273000,0.0585,4462.00,0.140000,140.67
"Kepler-1138 b",1.70000000,,3.950000,245.9040,5582.00,0.000000,1080.00
"TOI-1466 b",2.46741991,,2.430000,167.0990,4435.39,,1001.00
"HIP 21152 b",12.00000000,7.62788176800000e+03,24.300000,0.0150,6655.00,0.360000,1300.00
"K2-9 b",2.25000000,,2.740000,1.3600,3390.00,,314.00
"PDS 70 b",21.96960217,1.01705090240000e+03,0.527000,0.0008,4109.00,0.170000,1392.00
"TOI-5344 b",10.60369574,1.30945303684000e+02,0.604000,38.0000,3747.00,0.054000,689.00
"TOI-2382 b",12.25141591,2.35193021180000e+02,0.680000,689.0000,6033.00,0.180000,1426.00
"KMT-2024-BLG-2059L b",2.54000000,6.99222495400000e+00,2.340000,,,,
"TOI-2010 b",11.81426566,4.08727331402000e+02,1.360000,4.0900,5929.00,0.212000,400.20
"WASP-136 b",16.81347105,4.79920894570000e+02,0.583527,1843.4633,6250.00,0.000000,1630.00
"HD 11977 b",12.70000000,,5.580000,18.5126,4970.00,0.400000,547.97
"HD 102272 b",12.90000000,,4.020000,176.4116,4790.00,0.050000,1038.01
"Kepler-1949 b",2.21964541,,2.790000,2016.2500,6028.00,0.000000,1709.00
"Kepler-1496 b",2.22000000,,2.790000,18.3830,6182.00,0.000000,535.00
"HD 128311 c",13.00000000,1.20425787000000e+03,3.010000,0.1017,4965.00,0.159000,158.23
"Kepler-1954 b",1.80235934,,3.660000,192.0900,5840.00,0.000000,949.00
"HD 181342 b",13.20000000,,1.930000,5.8360,4945.00,0.022000,410.15
"Kepler-362 c",1.45000000,,4.870000,36.6670,5788.00,0.000000,543.00
"K2-204 b",3.17214154,,1.760000,290.0978,5783.00,0.280000,1148.00
"Kepler-366 c",1.79000000,,3.700000,286.6000,6209.00,0.000000,848.00
"Kepler-416 d",1.61000000,,4.240000,583.2500,5670.00,0.000000,1253.00
"KOI-2513.01",2.80224517,7.31005336100000e+03,2000.000000,78.1900,5900.00,0.360000,758.00
"K2-233 d",2.36300000,1.03000000000000e+01,4.300000,12.7000,4796.00,0.180000,525.00
"WASP-187 b",18.38276000,2.54264000000000e+02,0.224000,1594.7600,6150.00,0.000000,1760.00
"OGLE-2011-BLG-0251L b",14.20000000,1.70000000000000e+02,0.326000,,,,
"K2-367 b",2.41300000,,2.510000,,4348.00,,
"K2-191 b",1.57889322,,4.360000,,5176.00,,
"Kepler-1587 b",1.33000000,,5.440000,254.7010,5933.00,0.000000,981.00
"eps CrB b",12.70000000,,5.710000,101.7001,4406.00,0.110000,853.92
"EPIC 201595106 b",1.56500000,7.67000000000000e+00,11.100000,2852.0000,5679.00,0.000000,2038.00
"Kepler-1398 c",1.03000000,,5.430000,738.1830,6126.00,0.000000,1324.00
"WASP-169 b",14.61653600,1.78302630000000e+02,0.330000,1486.8579,6110.00,0.000000,1604.00
"WASP-83 b",11.65736000,9.53490000000000e+01,0.350000,238.8750,5510.00,0.000000,1120.00
"HD 564 b",12.50000000,,0.295000,0.7254,5902.00,0.096000,261.10
"HD 116029 c",13.70000000,,0.863000,,4951.00,0.038000,
"Kepler-301 b",1.35000000,,5.340000,665.4370,5815.00,0.000000,1278.00
"TOI-521 b",1.98000000,5.30000000000000e+00,3.800000,66.0000,3544.00,0.000000,794.00
"HD 211403 b",12.80000000,,4.610000,3.4400,6273.00,0.084000,380.00
"HR 8799 d",13.00000000,3.00000000000000e+03,7.500000,0.0085,7204.58,0.600000,1300.00
"TOI-4513 b",2.34587608,,2.600000,30.3621,5623.93,,653.00
"Kepler-282 e",3.10000000,5.62000000000000e+01,10.400000,24.1140,5656.00,0.000000,484.00
"HD 10180 d",,3.29588058059000e+03,,90.1098,5911.00,0.131000,837.06
"TIC 390586021 b",2.86009388,,2.010000,,4434.81,,
"TOI-4602.01",2.45000000,5.53000000000000e+00,2.180000,664.0000,5966.00,0.000000,1344.00
"HD 8535 b",14.00000000,,0.433000,0.3584,6136.00,0.150000,206.21
"tau Cet f",1.81000000,,3.640000,0.2782,5310.00,0.160000,201.97
"Kepler-380 c",1.27000000,,5.770000,333.5650,6045.00,0.000000,1056.00
"Kepler-756 b",1.12000000,,5.710000,2174.3300,5282.00,0.000000,1741.00
"HD 110014 b",12.40000000,,10.200000,43.9799,4445.00,0.462000,669.84
"EPIC 229004835 b",2.33200000,1.04000000000000e+01,4.490000,69.7000,5868.00,0.230000,804.00
"Kepler-1283 b",1.91000000,,3.400000,80.3400,6175.00,0.000000,764.00
"TOI-1439 b",4.24278610,3.85000000000000e+01,2.760000,68.4355,5841.00,0.157000,748.40
"HAT-P-8 b",15.69260000,4.06822400000000e+02,0.685644,1519.9645,6200.00,0.000000,1713.00
"Kepler-1705 c",2.05000000,5.42000000000000e+00,3.528714,,6312.00,0.028000,
"TOI-3493 b",3.22000000,8.97000000000000e+00,1.470000,245.0000,5844.00,,1102.00
"K2-295 b",10.05447300,1.06473050000000e+02,0.612000,97.8595,4444.00,0.000000,852.00
"Kepler-1899 b",1.55098292,,4.450000,124.3000,4791.00,0.000000,851.00
"TOI-2567 b",10.92875618,6.38835098070000e+01,0.269000,558.0000,5611.00,0.000000,1352.00
"Kepler-600 b",2.90000000,,1.970000,20.1820,5279.00,0.000000,528.00
"GJ 1061 c",1.19000000,1.81000000000000e+00,5.900000,1.4000,2953.00,0.020000,304.12
"iot Dra c",12.20000000,,15.000000,0.1402,4504.00,0.455000,169.31
"HD 99492 c",4.42000000,,1.140000,,4929.00,0.063000,
"Qatar-9 b",11.30988100,3.78217700000000e+02,1.430000,210.6690,4309.00,0.000000,1134.00
"HD 10697 b",12.80000000,1.82528854140100e+03,4.780000,0.7124,5641.00,0.104000,259.25
"Kepler-1453 b",2.67000000,,2.200000,11.8890,5665.00,0.000000,503.00
"Kepler-951 b",5.59000000,,0.840000,2.4720,4834.00,0.000000,340.00
"G 264-012 c",1.76000000,,3.780000,3.8700,3326.00,,387.00
"Kepler-108 c",8.18000000,,0.511000,7.8000,5854.00,0.040000,426.00
"EPIC 212624936 c",2.30000000,,2.660000,,5765.00,,
"HD 191939 d",2.99500000,2.80000000000000e+00,0.570000,14.3000,5348.00,0.031000,540.00
"K2-185 c",2.39000000,,2.540000,,5788.00,,477.00
"Kepler-302 b",4.06000000,,1.270000,31.2470,5740.00,0.000000,634.00
"WASP-44 b",12.32990000,2.76512100000000e+02,0.811000,533.0000,5420.00,0.000000,1337.00
"Kepler-213 c",2.34000000,,2.610000,339.5360,5696.00,0.000000,1060.00
"Kepler-1702 b",1.60190793,,4.280000,22.4000,5093.00,0.000000,555.00
"Kepler-827 b",5.63000000,,0.831000,23.6020,5602.00,0.000000,574.00
"Kepler-26 e",2.41000000,,2.510000,1.7530,4486.00,0.000000,276.00
"Kepler-1359 b",2.83000000,,2.040000,2.4510,4709.00,0.000000,369.00
"Kepler-1512 b",1.18000000,,5.890000,1.6000,4372.00,0.000000,322.00
"HD 206610 b",13.40000000,,1.480000,6.2426,4842.00,0.100000,437.88
"Kepler-99 b",1.48000000,6.15000000000000e+00,10.900000,108.0420,4782.00,0.000000,810.00
"Kepler-158 c",1.90000000,,3.420000,6.6770,4623.00,0.000000,418.00
"Kepler-1010 b",2.32000000,,2.640000,10.1700,5253.00,0.000000,477.00
"KMT-2020-BLG-0414L c",11.90000000,8.58136698900000e+03,28.000000,,,,
"Kepler-1233 b",2.60000000,,2.270000,30.0610,6198.00,0.000000,604.00
"Kepler-1230 b",2.71000000,,2.150000,153.9330,5961.00,0.000000,946.00
"Kepler-300 b",1.67000000,,4.050000,265.1860,5986.00,0.000000,812.00
"GJ 3779 b",2.75000000,,2.110000,12.8254,3324.00,0.070000,526.94
"K2-80 d",2.55211506,,2.330000,,5377.00,,
"TOI-1422 c",2.61000000,1.40000000000000e+01,4.300000,26.5556,5840.00,0.200000,628.00
"K2-337 b",2.62000000,,2.250000,,5869.00,,850.00
"K2-393 b",2.35200000,,2.590000,,5678.00,,
"Kepler-920 b",2.42000000,,2.500000,153.1380,5403.00,0.000000,907.00
"TOI-1386 b",6.21638650,4.58000000000000e+01,1.040000,34.6800,5735.00,0.000000,615.03
"Kepler-687 b",3.52000000,,1.540000,15.6480,4841.00,0.000000,518.00
"TOI-1669 b",14.10000000,,0.374000,0.5710,5497.00,0.000000,241.72
"HD 111232 c",12.20000000,5.74093451564100e+03,17.400000,0.0023,5512.00,0.558000,60.71
"Kepler-1991 b",1.47000000,,4.770000,78.7900,5478.00,0.000000,760.00
"70 Vir b",12.60000000,2.38045000000000e+03,6.540000,12.2183,5495.00,0.398800,525.24
"HD 134060 c",5.91000000,,0.780000,0.2515,5966.00,0.110000,200.67
"HIP 116454 b",2.46900000,9.70000000000000e+00,3.530000,51.2858,5048.00,0.215000,753.20
"Kepler-1646 b",1.23000000,,6.020000,4.2000,3299.00,0.000000,365.00
"Kepler-1637 b",0.89000000,,4.990000,337.7800,5789.00,0.000000,1093.00
"Kepler-50 c",2.17000000,8.20000000000000e+00,9.249213,388.4440,6225.00,0.000000,1125.00
"Kepler-1990 b",3.27000000,,1.680000,1372.8700,5751.00,0.000000,1554.00
"TOI-1749 c",2.12000000,1.40000000000000e+01,,36.1539,3985.00,0.019000,673.00
"Kepler-804 b",1.94000000,,3.330000,83.4270,5817.00,0.000000,779.00
"HD 160691 d",3.23000000,,1.710000,209.5104,5773.00,0.000000,900.00
"HD 191806 b",12.50000000,2.96661035093800e+03,8.350000,0.2951,6010.00,0.213000,206.98
"LP 261-75 b",12.10000000,6.67439654700000e+03,20.700000,0.0000,3138.00,,1500.00
"Kepler-985 b",2.98000000,,1.900000,2.4000,5434.00,0.000000,323.00
"GJ 9714 b",12.50000000,2.98854051102100e+03,8.410000,0.0009,4263.00,0.155000,47.68
"K2-253 b",12.67000000,,,365.8185,6027.00,,1238.00
"Kepler-930 b",2.13000000,,2.950000,16.8510,6335.00,0.000000,561.00
"Kepler-834 b",2.02000000,,3.160000,11.8450,4554.00,0.000000,378.00
"HATS-46 b",10.12172700,5.49845900000000e+01,0.280000,209.7699,5495.00,0.559000,1054.00
"K2-249 b",2.79000000,,2.070000,163.7274,6504.00,,1061.00
"Kepler-1887 b",2.92454357,,1.950000,36.1400,5749.00,0.000000,625.00
"HD 5891 b",12.60000000,,6.660000,96.1914,4673.00,0.070000,918.78
"Kepler-454 c",12.90000000,,3.670000,0.6814,5687.00,0.005300,249.58
"Kepler-1565 b",1.19000000,,5.900000,510.5660,4940.00,0.000000,1234.00
"Kepler-355 b",1.46000000,,4.820000,154.8030,6184.00,0.000000,840.00
"Kepler-1632 b",2.47000000,,2.430000,6.0620,6137.00,0.000000,369.00
"K2-266 b",3.30000000,,1.720000,879.5000,4285.00,,1515.00
"HD 93963 A c",3.11976057,1.84000000000000e+01,3.310000,543.8000,5908.00,0.000000,1212.45
"Kepler-103 c",5.45390000,5.84700000000000e+01,1.980000,5.9700,6047.00,0.103000,434.00
"Kepler-85 e",1.27000000,6.00000000000000e-01,1.600000,24.3180,5436.00,0.000000,559.00
"HD 154672 b",12.80000000,,4.470000,5.0225,5743.00,0.610000,410.76
"Kepler-938 b",2.22000000,,2.790000,8.5700,5533.00,0.000000,544.00
"GJ 163 c",2.50000000,,2.390000,1.2457,3500.00,0.099000,305.07
"TOI-620 b",3.76000000,,1.410000,20.8000,3708.00,0.220000,603.60
"Kepler-1457 b",1.99000000,,3.220000,23.4680,5866.00,0.000000,478.00
"GJ 3512 c",14.30000000,,0.271000,0.0005,3141.00,0.089000,42.92
"HD 45184 c",2.91000000,,1.960000,93.3884,5869.00,0.070000,884.78
"K2-148 c",1.73000000,,3.860000,26.5000,4079.00,,630.02
"Kepler-1943 b",1.54869189,,4.470000,724.2000,6032.00,0.000000,1098.00
"GJ 3138 b",1.18000000,,5.950000,118.1000,3717.00,0.190000,902.98
"Kepler-27 b",4.00000000,2.89531000000000e+03,,28.6810,5400.00,0.000000,610.00
"K2-172 c",3.20569097,,1.730000,,5569.00,,
"HAT-P-2 c",12.40000000,3.40076395490000e+03,9.800000,,6412.00,0.370000,
"HD 114783 c",13.40000000,6.03873973300000e+02,1.380000,0.0170,5135.00,0.050000,101.53
"NGTS-9 b",11.99363000,9.21707000000000e+02,2.930000,729.0000,6330.00,0.060000,1448.00
"Kepler-584 b",4.21000000,,1.220000,76.3390,6195.00,0.000000,664.00
"Kepler-799 b",6.88000000,,0.640000,6.3560,5681.00,0.000000,433.00
"Kepler-132 d",1.55000000,,4.460000,68.6000,6003.00,0.000000,758.00
"Kepler-1961 b",1.61878080,,4.210000,132.9800,5401.00,0.000000,866.00
"K2-388 b",3.90000000,,1.340000,138.0000,5310.00,,874.00
"K2-153 b",2.00000000,,3.200000,11.8000,3845.00,,497.00
"TOI-1224 b",2.10400000,,3.000000,13.9295,3326.00,,541.00
"HIP 54597 b",13.30000000,7.62788176800000e+02,1.780000,0.0143,4799.00,0.030000,94.00
"WASP-5 b",12.18400000,5.02150000000000e+02,1.640000,1559.4762,5700.00,0.038000,1706.00
"HD 195019 b",13.00000000,,3.160000,109.8620,5751.00,0.010000,901.66
"KMT-2019-BLG-1339L b",13.70000000,3.97000000000000e+02,0.848000,,,,
"HD 75289 b",14.20000000,,0.299000,821.3488,6117.00,0.030000,1260.00
"Kepler-102 e",2.17000000,4.70000000000000e+00,2.500000,20.3000,4909.00,0.089000,590.00
"Kepler-334 b",1.12000000,,5.710000,300.9820,5828.00,0.000000,1090.00
"Kepler-623 b",3.01000000,,1.880000,77.0980,5443.00,0.000000,825.00
"Kepler-248 b",3.02000000,,1.870000,79.3110,5190.00,0.000000,819.00
"K2-180 b",2.46597575,1.14100398113000e+01,4.160000,48.3000,5365.00,0.075000,797.50
"K2-122 b",1.16000000,,5.810000,79.9000,4009.00,0.210000,769.00
"Kepler-424 c",12.70000000,,5.940000,1.3285,5460.00,,298.76
"TOI-654.01",2.37800000,8.71000000000000e+00,3.590000,65.0000,3521.00,0.000000,794.00
"Kepler-295 d",1.36000000,,5.290000,104.9620,5603.00,0.000000,533.00
"Kepler-1689 b",0.94678642,,5.170000,149.3000,5731.43,0.000000,879.00
"HD 73583 c",2.39000000,9.70000000000000e+00,3.880000,10.2000,4511.00,0.080000,498.00
"TOI-2445 b",1.25000000,,5.910000,204.4874,3333.00,,1060.00
"55 Cnc b",13.90000000,2.63978500000000e+02,0.540000,45.6336,5198.00,0.002900,700.00
"55 Cnc c",8.51000000,5.44738000000000e+01,0.486000,10.4149,5198.00,0.088000,499.27
"55 Cnc d",13.00000000,1.23249300000000e+03,3.080000,0.0203,5198.00,0.091300,104.85
"55 Cnc e",1.87500000,7.99000000000000e+00,6.660000,2657.8322,5172.00,0.050000,1958.00
"55 Cnc f",7.59000000,4.48120000000000e+01,0.563000,0.9879,5198.00,0.063000,277.07
"GJ 1214 b",2.73300000,8.41000000000000e+00,2.260000,17.2000,3101.00,0.006200,567.00
"GJ 436 b",4.17000000,2.21000000000000e+01,1.800000,29.4322,3586.11,0.138270,686.00
"HAT-P-12 b",10.74900000,6.70590000000000e+01,0.319200,118.0750,4650.00,0.000000,963.00
"HAT-P-13 b",14.25800000,2.70462000000000e+02,0.340833,1978.5245,5653.00,0.013300,1740.00
"HAT-P-13 c",12.30000000,,13.400000,1.4016,5653.00,0.661600,340.00
"HAT-P-14 b",15.91678000,1.09333520000000e+03,1.560000,1038.7800,6600.00,0.110000,1624.00
"HAT-P-17 b",11.76945000,1.84341400000000e+02,0.440000,110.5120,5246.00,0.350000,800.00
"HAT-P-17 c",13.10000000,,2.640000,0.0164,5336.96,0.390000,99.59
"HAT-P-18 b",11.15300000,6.26100000000000e+01,0.250000,82.2407,4803.00,0.084000,852.00
"HAT-P-1 b",14.78467100,1.66860750000000e+02,0.282000,259.6870,5980.00,0.000000,1322.00
"HAT-P-26 b",7.06167000,2.22481000000000e+01,0.258608,185.0743,5079.00,0.120000,1080.00
"HAT-P-30 b",16.14096000,2.63798900000000e+02,0.309000,1467.9573,6304.00,0.040000,1630.00
"HAT-P-32 b",22.19382000,2.16124400000000e+02,0.108000,1841.0000,6001.00,0.159000,1835.70
"HD 149026 b",8.29466000,1.20775400000000e+02,0.750000,1095.9100,6179.00,0.000000,1626.00
"HD 189733 b",12.66617000,3.59147900000000e+02,0.943000,356.0000,5052.00,0.000000,1209.00
"HD 209458 b",15.58051000,2.32015900000000e+02,0.362000,587.0980,6091.00,0.000000,1459.00
"HD 80606 b",11.56766808,1.32346926958870e+03,5.080000,4.6941,5565.00,0.931830,405.00
"HD 86226 b",14.30000000,1.43023500000000e+02,0.269000,0.1583,5863.00,0.059000,176.00
"TrES-4 b",18.04649000,2.47907400000000e+02,0.099000,2276.2950,6200.00,0.000000,1778.00
"WASP-12 b",22.02564708,4.67210100000000e+02,0.266000,8220.5840,6265.00,0.044700,2601.00
"WASP-15 b",15.80469000,1.71628200000000e+02,0.263000,1237.7366,6300.00,0.000000,1676.00
"WASP-17 b",20.96083000,2.47907400000000e+02,0.082000,1292.1900,6550.00,0.000000,1755.00
"WASP-18 b",13.89913607,3.24184975140000e+03,6.600000,5805.0000,6432.00,0.005100,2429.00
"WASP-19 b",15.86070769,3.66773981678000e+02,0.506000,3320.0000,5616.00,0.012600,2113.00
"WASP-25 b",13.80946422,1.79255221548000e+02,0.399185,341.0000,5697.00,0.000000,1217.00
"WASP-39 b",14.33631100,8.93102300000000e+01,0.167000,316.2690,5485.00,0.000000,1166.00
"WASP-43 b",10.42400000,5.65714000000000e+02,2.939000,680.8953,4400.00,0.000000,1426.70
"WASP-6 b",12.54284940,1.48425866069000e+02,0.440298,288.0000,5438.00,0.054000,1167.00
"GJ 3470 b",4.57000000,1.39000000000000e+01,0.800000,29.6584,3600.00,0.017000,593.50
"WASP-47 b",12.86000000,3.74000000000000e+02,0.993000,409.0000,5565.00,0.000600,1275.00
"WASP-63 b",15.80469000,1.17597100000000e+02,0.173000,1103.2708,5550.00,0.000000,1469.91
"WASP-52 b",14.24000000,1.46200000000000e+02,0.290000,605.7625,5000.00,0.000000,1315.00
"WASP-77 A b",13.56000000,5.29311429017800e+02,1.330000,1440.0000,5617.00,0.013530,1674.00
"WASP-80 b",11.19779100,1.70992540000000e+02,0.717000,72.4420,4143.00,0.002000,825.00
"WASP-103 b",17.12700000,4.73547000000000e+02,0.550000,6568.6932,6110.00,0.000000,2508.00
"WASP-96 b",13.45000000,1.52550000000000e+02,0.370000,517.0000,5540.00,0.000000,1285.00
"WASP-94 A b",17.71022000,1.58915000000000e+02,0.118000,1009.3800,6170.00,0.000000,1604.00
"WASP-94 B b",14.10000000,,0.385000,2000.0146,6040.00,0.000000,1848.91
"WASP-69 b",11.21000000,8.25800000000000e+01,0.291000,180.5564,4792.00,0.000000,971.00
"WASP-84 b",10.72000000,2.20000000000000e+02,0.980000,34.6952,5280.00,0.000000,732.00
"WASP-20 b",15.46839337,9.88410000000000e+01,0.156491,259.8640,5940.00,0.000000,1362.00
"HATS-6 b",11.18658200,1.01387770000000e+02,0.399000,47.3315,3724.00,0.000000,712.80
"KELT-7 b",17.93440000,4.41783700000000e+02,0.442000,1775.3900,6768.00,0.000000,2048.00
"K2-18 b",2.37000000,8.92000000000000e+00,4.110000,1.0050,3457.00,0.200000,284.00
"KELT-8 b",18.15858000,2.09767800000000e+02,0.167000,983.3098,5754.00,0.040000,1675.00
"K2-22 b",2.30000000,4.44962000000000e+02,,114.0000,3879.00,0.190000,2100.00
"WASP-47 c",,4.47000000000000e+02,,0.5490,5565.00,0.264000,247.00
"WASP-47 d",3.65000000,1.55000000000000e+01,1.800000,145.0000,5565.00,0.001000,885.00
"WASP-47 e",1.83000000,9.00000000000000e+00,6.290000,3740.0000,5565.00,0.000000,1992.00
"GJ 1132 b",1.19151465,1.83704819246000e+00,5.970000,19.3000,3229.00,0.011800,583.80
"WASP-76 b",20.78145022,2.84138595858000e+02,0.170000,4104.0000,6329.00,0.000000,2228.00
"KELT-4 A b",19.04409100,2.86682660000000e+02,0.228000,1840.0000,6206.00,0.000000,1823.00
"TRAPPIST-1 b",1.11600000,1.37400000000000e+00,5.441939,4.1530,2566.00,0.006220,397.60
"TRAPPIST-1 c",1.09700000,1.30800000000000e+00,5.463993,2.2140,2566.00,0.006540,339.70
"TRAPPIST-1 d",0.78800000,3.88000000000000e-01,4.366784,1.1150,2566.00,0.008370,286.20
"K2-34 b",13.75000000,5.39675340000000e+02,0.940000,963.5660,6168.00,0.000000,1687.00
"WASP-121 b",19.52604438,3.71859236190000e+02,0.275000,6216.4100,6628.00,0.008500,2409.00
"HIP 41378 b",2.64000000,6.90000000000000e+00,2.070000,140.0000,6290.00,0.050000,959.00
"HIP 41378 c",2.74000000,5.97000000000000e+00,1.600000,54.0000,6290.00,0.044000,757.00
"HIP 41378 d",3.65000000,6.53000000000000e+00,0.740000,3.0100,6290.00,0.063000,367.00
"HIP 41378 e",5.19000000,7.62000000000000e+00,0.300000,2.1000,6290.00,0.065000,335.00
"HIP 41378 f",9.47000000,2.50000000000000e+01,0.160000,1.2400,6290.00,0.052000,294.00
"HD 3167 b",1.60100000,4.84400000000000e+00,6.490000,1650.0000,5338.00,0.000000,1781.00
"HD 3167 c",2.98300000,1.14100000000000e+01,2.360000,16.9000,5338.00,0.040000,567.00
"HAT-P-65 b",18.05766791,1.76076937478000e+02,0.164000,1821.0000,5872.00,0.304000,1818.00
"WASP-131 b",13.74221034,8.67671551110000e+01,0.196277,995.3724,5990.00,0.000000,1460.00
"WASP-139 b",8.96720000,3.71861100000000e+01,0.310000,120.7076,5310.00,0.000000,910.00
"WASP-127 b",14.69499900,5.23466010000000e+01,0.097000,703.9710,5620.00,0.000000,1400.00
"TRAPPIST-1 e",0.92000000,6.92000000000000e-01,4.901605,0.6460,2566.00,0.005100,249.70
"TRAPPIST-1 f",1.04500000,1.03900000000000e+00,5.022904,0.3730,2566.00,0.010070,217.70
"TRAPPIST-1 g",1.12900000,1.32100000000000e+00,5.055986,0.2520,2566.00,0.002080,197.30
"TRAPPIST-1 h",0.75500000,3.26000000000000e-01,4.162780,0.1440,2566.00,0.005670,171.70
"HD 106315 b",2.44000000,1.26000000000000e+01,4.700000,277.0000,6327.00,0.093000,1153.00
"HD 106315 c",4.35000000,1.52000000000000e+01,1.010000,97.0000,6327.00,0.220000,886.00
"LHS 1140 b",1.73000000,5.60000000000000e+00,5.900000,0.4300,3096.00,0.043000,226.00
"KELT-11 b",15.13212395,6.51548234350000e+01,0.093000,1433.0000,5375.00,0.000000,1712.00
"KELT-9 b",21.70058664,9.15345812160000e+02,0.491000,44900.0000,9270.00,0.000000,3921.00
"HD 3167 d",2.61000000,7.30000000000000e+00,2.260000,88.9000,5338.00,0.350000,865.00
"WASP-107 b",10.53646000,3.05115270720000e+01,0.134000,51.0000,4425.00,0.090000,736.00
"GJ 9827 b",1.44000000,4.28000000000000e+00,7.858000,318.0000,4236.00,0.000000,1035.01
"GJ 9827 c",1.13000000,1.86000000000000e+00,7.142000,73.0000,4236.00,0.000000,715.94
"GJ 9827 d",1.98000000,3.02000000000000e+00,2.510000,34.9000,4236.00,0.000000,675.00
"KELT-20 b",19.51486900,1.07490106000000e+03,0.806000,4362.5000,8720.00,0.000000,2262.00
"K2-18 c",2.65000000,,2.220000,7.0278,3457.00,0.470000,363.00
"K2-141 b",1.51000000,4.97000000000000e+00,7.930000,3260.0000,4570.00,0.000000,2103.00
"K2-141 c",7.00000000,8.00000000000000e+00,0.081000,39.1000,4570.00,0.092000,695.00
"K2-232 b",11.20900000,1.26496340000000e+02,0.405000,312.1550,6154.00,0.258000,1030.00
"GJ 1132 c",1.52000000,,4.550000,2.1053,3090.00,0.190000,300.00
"HAT-P-11 c",13.20000000,8.51780130760000e+02,2.040000,0.0161,4653.00,0.652000,91.58
"NGTS-2 b",17.87835500,2.35194200000000e+02,0.226000,1085.3500,6478.00,0.000000,1468.00
"WASP-164 b",12.64375200,6.76977900000000e+02,1.960000,1043.2122,5806.00,0.000000,1610.00
"LHS 1140 c",1.27200000,1.91000000000000e+00,5.100000,5.3000,3096.00,0.050000,422.00
"K2-287 b",9.49402300,1.00116450000000e+02,0.630000,53.5814,5695.00,0.478000,804.00
"LHS 3844 b",1.28600000,2.37000000000000e+00,6.150000,73.6700,3080.00,0.000000,816.00
"HD 15337 b",1.77000000,6.51900000000000e+00,6.458000,404.5595,5131.00,0.058000,1001.00
"HD 15337 c",2.52600000,6.79200000000000e+00,2.303000,45.0685,5131.00,0.096000,656.10
"L 98-59 b",0.83700000,4.60000000000000e-01,4.300000,24.5000,3415.00,0.031000,620.00
"L 98-59 c",1.32900000,2.00000000000000e+00,4.700000,12.7000,3415.00,0.002000,526.00
"L 98-59 d",1.62700000,1.64000000000000e+00,2.200000,4.9700,3415.00,0.006000,416.00
"V1298 Tau b",9.41000000,1.31000000000000e+01,0.090000,33.2000,4970.00,0.007900,666.00
"WASP-166 b",7.06167000,3.21008300000000e+01,0.540000,440.0000,6050.00,0.000000,1270.00
"TOI-270 b",1.28000000,1.48000000000000e+00,3.890000,131.7935,3506.00,0.016700,600.00
"TOI-270 c",2.33000000,6.20000000000000e+00,2.700000,47.0639,3506.00,0.004400,489.00
"TOI-270 d",2.00000000,4.20000000000000e+00,2.900000,9.2135,3506.00,0.006600,383.00
"GJ 357 b",1.20000000,1.83000000000000e+00,5.600000,12.6000,3505.00,,518.00
"GJ 357 c",1.66000000,,4.080000,4.4500,3505.00,,401.20
"GJ 357 d",2.34000000,,2.620000,0.3800,3505.00,,219.60
"LTT 1445 A b",1.34000000,2.73000000000000e+00,6.200000,5.7000,3562.00,0.180000,431.00
"WASP-178 b",20.28829000,5.27597800000000e+02,0.370000,5550.0000,9360.00,0.000000,2470.00
"V1298 Tau c",5.08000000,4.70000000000000e+00,0.200000,146.0000,4970.00,0.009400,953.00
"V1298 Tau d",6.53000000,6.00000000000000e+00,0.120000,85.0000,4970.00,0.008700,831.00
"V1298 Tau e",10.17000000,1.53000000000000e+01,0.080000,10.0000,4970.00,0.012400,527.00
"LP 791-18 b",1.21200000,,5.990000,24.1400,2960.00,0.000000,564.30
"LP 791-18 c",2.48800000,7.16000000000000e+00,2.560000,2.6370,2960.00,0.000100,324.40
"TOI-125 b",2.72600000,9.50000000000000e+00,2.570000,185.0000,5320.00,0.194000,1037.00
"TOI-125 c",2.75900000,6.63000000000000e+00,1.730000,77.5900,5320.00,0.066000,827.80
"L 168-9 b",1.63000000,4.07000000000000e+00,5.180000,149.3748,3842.00,0.000000,998.00
"TOI-125 d",2.93000000,1.36000000000000e+01,2.980000,26.7000,5320.00,0.168000,638.10
"HATS-48 A b",8.96720000,7.72326900000000e+01,0.589000,137.6000,4546.00,0.162000,954.60
"HATS-72 b",8.09738160,3.98558820000000e+01,0.411000,49.5800,4656.10,0.013000,739.30
"NGTS-10 b",13.50684500,6.87148460000000e+02,1.430000,3716.1785,4600.00,0.000000,1332.00
"TOI-1130 b",3.66000000,1.98000000000000e+01,2.230000,78.1000,4360.00,0.052162,825.00
"TOI-1130 c",13.00000000,3.36000000000000e+02,0.827042,30.0000,4360.00,0.039800,650.00
"TOI-677 b",13.11450742,3.92200254238000e+02,0.955000,37.6345,6295.00,0.460000,1252.00
"LTT 3780 b",1.32500000,2.46000000000000e+00,5.800000,111.0000,3358.00,0.000000,903.00
"LTT 3780 c",2.39000000,8.04000000000000e+00,3.240000,2.7600,3358.00,0.024000,359.00
"TOI-1338 b",7.66100000,1.13000000000000e+01,0.560000,0.9938,5723.20,0.033100,254.65
"AU Mic b",4.79000000,8.99000000000000e+00,0.490000,21.2000,3540.00,0.070000,554.80
"WASP-148 b",8.47398941,9.12167528090000e+01,0.831000,72.6990,5555.00,0.208000,940.00
"WASP-148 c",13.90000000,1.24588735544000e+02,0.255000,17.3770,5555.00,0.180900,590.00
"NGTS-11 b",9.15775300,1.09333520000000e+02,0.780000,9.2420,5050.00,0.130000,435.00
"TOI-849 b",3.64000000,4.18000000000000e+01,5.600000,2314.0600,5257.00,0.000000,1932.00
"TOI-700 b",0.91400000,,5.070000,4.9800,3459.00,0.075000,417.00
"TOI-700 c",2.60000000,,2.270000,2.6400,3459.00,0.068000,356.00
"TOI-700 d",1.07300000,,5.560000,0.8500,3459.00,0.042000,268.80
"HIP 67522 b",9.98720180,,0.394000,341.0878,5675.00,0.064000,1175.00
"TOI-1899 b",11.09689089,2.12945032690000e+02,0.850000,3.4000,3926.00,0.044000,378.00
"HD 86226 c",2.16000000,7.25000000000000e+00,3.970000,647.9010,5863.00,0.075000,1311.00
"WD 1856+534 b",10.40000000,4.38605400000000e+03,21.400000,0.1810,4710.00,0.000000,163.00
"LTT 9779 b",4.72000000,2.93200000000000e+01,1.536000,1781.1556,5443.00,0.000000,1978.00
"TOI-824 b",2.92600000,1.84670000000000e+01,4.030000,412.0000,4600.00,,1253.00
"TOI-421 b",2.64000000,6.70000000000000e+00,2.040038,154.5700,5291.00,0.130000,922.00
"TOI-421 c",5.09000000,1.41000000000000e+01,0.589957,34.3200,5291.00,0.190000,635.00
"GJ 3473 b",1.26400000,1.86000000000000e+00,5.030000,59.4000,3347.00,0.000000,773.00
"GJ 3473 c",2.63000000,,2.240000,1.9500,3347.00,0.000000,329.10
"WASP-107 c",13.00000000,,0.278000,,4425.00,0.270000,
"TOI-776 b",1.79800000,5.00000000000000e+00,4.800000,11.5000,3725.00,0.052000,520.00
"TOI-776 c",2.04700000,6.90000000000000e+00,4.400000,4.9000,3725.00,0.089000,420.00
"TOI-561 b",1.39700000,2.02000000000000e+00,4.100000,4709.0000,5342.00,0.000000,2319.00
"TOI-561 c",2.86500000,5.93000000000000e+00,1.300000,67.5000,5342.00,0.023000,802.00
"TOI-561 d",2.61500000,1.33300000000000e+01,4.100000,21.2000,5342.00,0.111000,600.00
"TOI-561 e",2.51700000,1.24000000000000e+01,4.300000,4.8900,5342.00,0.074000,416.00
"TOI-451 b",1.84000000,4.70000000000000e+00,4.100000,786.0000,5490.00,0.000000,1474.00
"TOI-451 c",2.93000000,3.70000000000000e+00,0.810000,93.0000,5490.00,0.000000,865.00
"TOI-451 d",3.93000000,1.02000000000000e+01,0.920000,43.2000,5490.00,0.000000,714.00
"TOI-178 b",1.20000000,9.60000000000000e-01,3.142761,200.1045,4316.00,,1040.00
"TOI-178 c",1.75400000,4.64000000000000e+00,4.796846,97.6159,4316.00,0.000320,873.00
"TOI-178 d",2.69500000,5.20000000000000e+00,1.461108,24.9125,4316.00,0.006800,690.00
"TOI-178 e",2.30100000,3.48000000000000e+00,1.582408,21.8202,4316.00,0.000380,600.00
"TOI-178 f",2.41700000,5.63000000000000e+00,2.216474,0.6071,4316.00,0.000450,521.00
"TOI-178 g",2.93900000,4.40000000000000e+00,0.959369,19.4978,4316.00,0.000430,470.00
"GJ 486 b",1.28900000,2.77000000000000e+00,6.660000,39.2000,3317.00,0.000860,696.30
"LHS 1478 b",1.24200000,2.33000000000000e+00,6.670000,23.3722,3381.00,,595.00
"TOI-1231 b",3.65000000,1.54000000000000e+01,1.740000,1.9300,3553.00,0.087000,329.60
"TOI-674 b",5.25000000,2.36000000000000e+01,0.910000,38.4000,3514.00,0.000000,635.00
"TOI-1685 b",1.42100000,3.07000000000000e+00,5.300000,213.0000,3470.00,0.000000,1000.00
"TOI-1807 b",1.49681583,2.44000000000000e+00,3.980000,1407.2200,4914.00,0.000000,1694.10
"TOI-2076 b",2.59000000,6.70000000000000e+00,2.080000,49.4000,5187.00,0.011400,736.00
"TOI-2076 c",3.54000000,7.20000000000000e+00,0.870000,32.7000,5187.00,0.036000,581.00
"TOI-2076 d",3.27000000,7.30000000000000e+00,1.120000,16.5000,5187.00,0.027000,490.00
"AU Mic c",2.79000000,1.44600000000000e+01,3.900000,7.3000,3540.00,0.180000,424.70
"TOI-431 b",1.28000000,3.07000000000000e+00,8.000000,2120.4475,4850.00,0.000000,1862.00
"TOI-431 c",1.49000000,,4.700000,100.6717,4850.00,0.000000,867.00
"TOI-431 d",3.29000000,9.90000000000000e+00,1.360000,28.3588,4850.00,0.000000,633.00
"L 98-59 e",1.49000000,,5.200000,2.4000,3415.00,0.012000,347.00
"HD 63935 b",2.91575244,1.05000000000000e+01,2.320000,115.6000,5513.00,0.000000,825.22
"HD 63935 c",3.06451296,1.11000000000000e+01,2.110000,36.7000,5513.00,0.000000,619.59
"GJ 367 b",0.73600000,5.03000000000000e-01,6.900000,579.0000,3535.00,0.000000,1329.00
"TOI-2109 b",15.09849700,1.59549860314000e+03,2.550000,14429.0000,6540.00,,3646.00
"HATS-75 b",9.90873894,1.56053747837000e+02,0.878000,59.2600,3790.40,0.064000,772.30
"LTT 1445 A c",1.14700000,1.54000000000000e+00,5.570000,10.9000,3340.00,0.223000,508.00
"TOI-500 b",1.16600000,1.42000000000000e+00,4.890000,1138.0000,4440.00,0.063000,1617.00
"TOI-1075 b",1.79100000,9.95000000000000e+00,9.320000,509.2000,3875.00,0.000000,1323.00
"TOI-1442 b",1.17000000,,5.870000,207.0242,3330.00,,1072.00
"TOI-2260 b",1.62000000,,4.210000,1844.9800,5534.00,,2609.00
"GJ 3929 b",1.09000000,1.75000000000000e+00,7.300000,17.3000,3384.00,0.000000,568.00
"WASP-189 b",18.14733975,6.32478529930000e+02,0.621987,8083.7169,8000.00,0.000000,3353.00
"TOI-1670 b",2.06000000,4.13176929100000e+01,8.600000,196.6940,6170.00,0.590000,1062.00
"TOI-1670 c",11.06326395,2.00231896410000e+02,0.810000,14.5514,6170.00,0.090000,684.00
"TOI-500 c",2.09000000,,3.030000,,4440.00,0.072000,
"TOI-500 d",6.35000000,,0.711000,,4440.00,0.016000,
"TOI-500 e",3.99000000,,1.300000,,4440.00,0.073000,
"HD 260655 b",1.24000000,2.14000000000000e+00,6.200000,42.2000,3803.00,0.039000,709.00
"HD 260655 c",1.53300000,3.09000000000000e+00,4.700000,16.1000,3803.00,0.038000,557.00
"TOI-3714 b",11.32107051,2.22479884900000e+02,0.850000,54.0000,3660.00,0.030000,750.00
"GJ 3929 c",2.26000000,,2.720000,1.6800,3384.00,0.000000,317.00
"GJ 3090 b",2.18000000,4.52000000000000e+00,2.400000,45.4000,3707.00,0.250000,723.00
"TOI-181 b",6.95590000,4.61687000000000e+01,0.756200,102.4300,4994.00,0.154300,895.10
"TOI-199 b",9.07927437,5.40308291900000e+01,0.397000,8.5419,5255.00,0.090000,325.00
"TOI-700 e",0.95300000,,5.190000,1.2700,3459.00,0.059000,272.90
"TOI-771 b",1.36000000,2.47000000000000e+00,5.400000,14.0000,3370.00,0.055000,543.00
"TOI-836.01",2.58700000,9.60000000000000e+00,3.060000,26.7070,4552.00,0.078000,665.00
"TOI-836 b",1.70400000,4.53000000000000e+00,5.020000,78.8380,4552.00,0.053000,871.00
"LHS 475 b",0.99100000,,5.310000,20.8000,3300.00,0.000000,586.00
"TOI-1136 d",4.62700000,8.35000000000000e+00,1.810000,626.3620,5770.00,0.042000,843.00
"TOI-1136 c",2.87900000,6.32000000000000e+00,1.450000,232.3920,5770.00,0.110000,1062.00
"TOI-1136 f",3.73591482,9.70000000000000e+00,0.890000,26.4328,5770.00,0.001000,658.00
"TOI-1136 e",2.63900000,6.07000000000000e+00,1.810000,48.4771,5770.00,0.042500,737.00
"TOI-1173 b",9.19000000,2.74000000000000e+01,0.195000,132.0000,5350.00,0.023000,868.00
"TOI-1416 b",1.62000000,3.48000000000000e+00,4.500000,883.0000,4884.00,0.000000,1517.00
"TOI-1420 b",11.89000000,2.51000000000000e+01,0.082000,139.0000,5510.00,0.170000,957.00
"TOI-1468 c",2.12600000,4.10000000000000e+00,2.310000,2.1300,3376.00,0.111000,338.10
"TOI-1468 b",1.40100000,3.04000000000000e+00,6.100000,36.4000,3376.00,0.009900,683.50
"HIP 9618 b",3.82838127,8.30000000000000e+00,0.810000,40.3000,5649.00,0.000000,640.88
"HIP 9618 c",3.42855926,7.00000000000000e+00,1.000000,11.7000,5649.00,0.000000,470.31
"TOI-1801 b",2.07900000,5.73800000000000e+00,3.701000,10.7276,3863.00,0.000000,493.70
"TOI-1823 b",7.54062410,6.74000000000000e+01,0.860000,9.2972,4927.00,0.000000,423.63
"TOI-2031 A b",14.20177855,2.54262725600000e+02,0.490000,567.0000,6490.00,0.076000,1358.00
"TOI-2134 b",2.73500000,9.37000000000000e+00,2.520000,32.0000,4580.00,0.067000,660.00
"TOI-2134 c",7.35000000,5.83000000000000e+01,0.810000,1.4000,4580.00,0.312500,302.00
"TOI-2374 b",7.48759911,6.16587109580000e+01,0.803000,122.9000,5002.00,0.130000,926.00
"TOI-2431 b",1.53400000,6.20000000000000e+00,9.400000,2649.1500,4109.00,0.000000,2063.00
"TOI-3235 b",11.39953337,2.11355890655000e+02,0.780000,13.8883,3388.80,0.029000,604.00
"TOI-3757 b",12.00000000,8.53000000000000e+01,0.270000,55.4000,3913.00,0.140000,759.00
"TOI-3884 b",6.43000000,3.25900000000000e+01,0.670000,6.2900,3180.00,0.060000,441.00
"TOI-3984 A b",7.90000000,4.40000000000000e+01,0.490000,16.7000,3476.00,0.230000,563.00
"TOI-4010 c",5.93000000,2.03100000000000e+01,0.500000,112.0000,4960.00,0.030000,907.00
"TOI-4010 d",6.18000000,3.81500000000000e+01,0.900000,30.0000,4960.00,0.070000,650.00
"TOI-4010 b",3.02000000,1.10000000000000e+01,2.200000,714.0000,4960.00,0.030000,1441.00
"LP 890-9 b",1.32000000,1.32000000000000e+01,,4.0900,2850.00,,396.00
"TOI-4336 A b",2.13700000,3.33000000000000e+00,1.870000,1.5300,3307.00,0.000000,309.40
"HD 20329 b",1.72000000,7.42000000000000e+00,8.060000,3474.0000,5596.00,0.000000,2141.00
"Kepler-167 e",10.16000000,3.21006691070000e+02,1.680000,0.1000,4884.00,0.290000,134.40
"TOI-5205 b",11.60000000,3.43000000000000e+02,1.210000,49.0000,3430.00,0.020000,737.00
"Kepler-167 c",1.67400000,,4.030000,61.1750,4884.00,0.000000,771.00
"TOI-5293 A b",11.90000000,1.70400000000000e+02,0.560000,34.6000,3586.00,0.380000,675.00
"KOI-94 d",11.27000000,1.06000000000000e+02,0.363000,97.1200,6182.00,0.022000,806.00
"LP 890-9 c",1.36700000,2.53000000000000e+01,,0.9060,2850.00,,272.00
"HD 3167 e",3.97000000,1.49000000000000e+01,1.310000,3.8357,5338.00,0.128000,389.00
"TOI-1136 b",1.90000000,3.50000000000000e+00,2.800000,360.5506,5770.00,0.027000,1216.00
"TOI-1136 g",2.53000000,5.60000000000000e+00,1.900000,17.9249,5770.00,0.040000,574.00
"TOI-1338 c",10.30000000,7.54000000000000e+01,0.379000,3.3833,5723.20,0.037000,354.89
"WASP-84 c",1.95000000,1.52000000000000e+01,11.200000,1452.1800,5280.00,,1329.00
"TOI-6109 c",4.83260000,,1.010000,63.3913,5660.00,,786.00
"TOI-6255 b",1.07900000,1.44000000000000e+00,6.300000,588.9944,3421.00,0.000000,1256.46
"WASP-193 b",14.78464554,3.55967815840000e+01,0.060000,402.0000,6080.00,0.081000,1250.00
"LP 791-18 d",1.03200000,9.10000000000000e-01,4.560000,5.8300,2960.00,0.001100,395.50
"TOI-6324 b",1.05900000,1.17000000000000e+00,5.410000,284.2110,3247.00,0.000000,1216.00
"HD 207496 b",2.25000000,6.10000000000000e+00,3.170000,72.9000,4819.00,0.231000,743.00
"TOI-4010 e",13.30000000,,1.620000,0.1500,4960.00,0.260000,174.00
"GJ 367 c",1.86000000,,3.530000,,3522.00,0.090000,
"GJ 367 d",2.33000000,,2.620000,,3522.00,0.140000,
"TOI-6109 b",4.87040000,,1.000000,39.9451,5660.00,,700.00
"TOI-199 c",11.40000000,8.89919539600000e+01,0.330000,0.7048,5255.00,0.096000,255.43
"AU Mic e",4.87000000,2.11000000000000e+01,1.000000,,3665.00,,
"AU Mic d",1.02000000,1.05300000000000e+00,5.450000,,3678.00,0.003050,
"GJ 806 b",1.33100000,1.90000000000000e+00,4.400000,130.0000,3600.00,,940.00
"GJ 806 c",2.28000000,,2.690000,9.5000,3600.00,,490.00
"HD 110067 b",2.20000000,5.69000000000000e+00,2.940000,69.0579,5266.00,,800.00
"HD 110067 c",2.38800000,6.30000000000000e+00,,40.2280,5266.00,,699.00
"HD 110067 d",2.85200000,8.52000000000000e+00,2.020000,23.4102,5266.00,,602.00
"HD 110067 e",1.94000000,3.90000000000000e+00,,13.6296,5266.00,,533.00
"HD 110067 f",2.60100000,5.04000000000000e+00,1.570000,9.2821,5266.00,,489.00
"HD 110067 g",2.60700000,8.40000000000000e+00,,6.3216,5266.00,,440.00
"GJ 341 b",0.88000000,4.00000000000000e+00,,13.8000,3770.00,0.000000,629.00
"TOI-6894 b",9.58367850,5.33951723760000e+01,0.334000,5.5400,3007.00,0.029000,417.90
"IRAS 04125+2902 b",10.73820351,,0.359000,41.4199,4080.00,,854.00
"HIP 67522 c",7.93595834,,0.531000,116.0490,5675.00,0.077000,917.00
"Kepler-51 e",2.18000000,5.40000000000000e+00,2.860000,,5674.00,0.020000,
"BD+05 4868 A b",,6.20000000000000e+00,,443.7870,4596.00,,1820.00
"TOI-771 c",1.50000000,,4.670000,3.0000,3370.00,0.065000,365.00
"TOI-2076 e",1.30100000,4.70000000000000e+00,11.500000,253.1032,5187.00,0.000000,1110.00
"L 98-59 f",1.48000000,,5.000000,1.1000,3415.00,0.044000,285.00
"HIP 41378 g",2.50000000,6.81000000000000e+00,2.390000,22.3000,6290.00,0.055000,605.00
"55 Cnc B b",1.69000000,,3.980000,4.0271,3286.00,0.000000,395.41
"55 Cnc B c",2.16000000,,2.890000,0.4613,3286.00,0.000000,230.04
"GJ 3090 c",3.14000000,,1.770000,4.5800,3707.00,0.000000,407.20
"TOI-4336 A c",1.25100000,1.55000000000000e+00,4.350000,4.2400,3307.00,0.000000,399.50
"TOI-260 b",1.71000000,4.23000000000000e+00,4.660000,10.1838,4026.00,0.000000,493.00
"Kepler-12 b",19.66058600,1.37302560000000e+02,0.110000,877.5390,5947.00,0.000000,1480.00
"KOI-94 b",1.71000000,1.05000000000000e+01,10.100000,1053.1810,6182.00,0.250000,1486.00
"Kepler-167 d",1.23800000,,5.970000,14.4890,4884.00,0.000000,538.00
"Kepler-51 d",9.70000000,7.60000000000000e+00,0.046000,2.4660,6018.00,0.008000,381.00
"Kepler-51 c",9.00000000,4.00000000000000e+00,0.030000,4.3310,6018.00,0.014000,439.00
"Kepler-51 b",7.10000000,2.10000000000000e+00,0.030000,10.1190,6018.00,0.040000,543.00
"Kepler-167 b",1.71800000,,3.900000,122.5020,4884.00,0.000000,918.00
"KOI-94 c",4.32000000,1.56000000000000e+01,0.910000,268.2190,6182.00,0.430000,1012.00
"KOI-94 e",6.56000000,3.50000000000000e+01,0.600000,29.7000,6182.00,0.019000,584.00
"PH2 b",9.33708092,8.70849835180000e+01,0.580000,1.2000,5734.00,0.215000,295.10
"K2-33 b",5.04000000,1.17597100000000e+03,,89.6695,3540.00,0.000000,850.00
"HAT-P-11 b",4.36000000,2.50000000000000e+01,1.172000,100.7700,4653.00,0.251000,838.00
"LP 714-47 b",4.25000000,2.83800000000000e+01,2.040000,38.5441,4123.00,0.022000,722.80
"TOI-4438 b",2.40000000,4.11000000000000e+00,1.650000,6.0000,3501.00,0.070000,446.00
"TOI-4504 c",11.17000000,8.21000000000000e+02,3.240000,0.2639,5315.00,0.049870,412.50
"TOI-4504 b",2.65000000,1.40000000000000e+02,44.000000,548.0544,5315.00,0.840000,1345.00
"TOI-5628 A b",8.29464572,2.86045566300000e+01,0.290000,45.5107,3310.00,0.000000,492.00
"TOI-4504 d",11.26000000,6.43000000000000e+02,2.480000,12.5915,5315.00,0.293000,524.80
"K2-24 c",7.93000000,1.64000000000000e+01,0.181000,20.0000,5726.00,0.028200,591.00
"K2-24 b",5.63800000,2.06000000000000e+01,0.632000,52.0000,5726.00,0.049800,732.00
"HD 114082 b",11.20898070,2.54262725600000e+03,9.920000,14.6733,6651.00,0.395000,547.70
"CoRoT-1 b",16.70000000,3.27350000000000e+02,0.380000,2852.6300,5950.00,0.000000,1898.00
"Qatar-4 b",12.72221500,1.93876300000000e+03,5.100000,614.0000,5215.00,0.000000,1385.00
"TOI-762 A b",8.33948164,7.97749301570000e+01,0.760000,17.0012,3266.00,0.083000,555.40
"TOI-2384 b",11.48920522,6.24850648162000e+02,2.260000,104.3000,3943.00,0.000000,889.70
"TOI-5292 A b",12.64373023,4.12859100693000e+02,1.120000,102.0000,3919.00,0.034000,809.00
"TIC 46432937 b",13.31626907,1.01705090240000e+03,2.370000,115.1312,3572.00,0.009000,872.00
"HD 60779 b",3.24600000,1.41900000000000e+01,2.280000,42.3921,6081.00,0.031000,650.00
"HD 60779 c",5.79000000,,0.801000,,6081.00,0.041000,
