pl_name,pl_rade,pl_masse,pl_dens,pl_insol,st_teff,pl_orbeccen,pl_eqt,ESI_equal,ESI_sm,CDHS,mass_est,SEPHI_simple,recon_error,latent_dist,VAE_anomaly
NSVS 14256825 b,12.3,,2.4137931034482762,9.6678,40000.0,0.12,473.47,0.2521221436336437,0.06902725581652043,0.9999999999997045,18814.989735886786,7.283687206417824e-103,182.28287,40.56627764092443,1.9999999999999754
NY Vir b,13.3,730.978,0.3103448275862069,2.178,32780.0,0.15,338.12,0.3017953709549008,0.24877610649365123,0.8071272105568843,3058.3560479021503,0.8809662160288813,114.139305,30.408281311915193,1.3756870782394623
V0391 Peg b,13.1,,0.45190562613430135,9.375,29300.0,0.0,519.69,0.0,0.0,0.0,4255.4965671630525,3.264425644582205e-95,86.916214,27.168320294062838,1.1464458696932998
2MASS J19383260+4603591 b,13.4,603.877,0.25045372050816694,33.2985,29564.0,0.33,669.65,0.15917844346076532,0.014743920526287141,0.7212160068383864,2524.2391136693914,0.0,89.32477,24.706382710142687,1.0989659338902928
mu2 Sco b,12.3,4576.7290608,2.4500907441016335,0.1074,21700.0,0.56,159.05,0.2103513501565936,0.057613448552587924,0.5111396057059059,19097.921912366284,0.7902396382201681,44.014477,16.308744867056966,0.6433314732868898
DP Leo b,12.7,1995.88832,0.9709618874773139,0.0001,13500.0,0.39,24.39,0.06764155145404319,3.3653610802078185e-05,0.0,8331.092478470533,0.612797929080066,15.557489,8.133023336002067,0.28563726477330764
GJ 9066 c,9.6,,0.07531760435571688,0.0033,3154.0,0.46,65.66,0.09703630598956355,0.0011161600631263476,0.015707645455998225,279.1250451194347,0.617615919135354,5.077578,6.070724233120341,0.17729441216780978
GJ 3512 b,14.3,,0.04990925589836661,0.0138,3141.0,0.4279,97.19,0.11235248759324856,0.004873308724555851,0.01536036758026996,611.3329674321496,0.6361401689786926,4.721327,6.027059041186377,0.17426327093726815
GJ 3512 c,14.3,,0.04918330308529946,0.0005,3141.0,0.089,42.92,0.07711062218335998,0.0001620508360386402,0.015360367580269561,602.4408515422275,0.6133432367324393,5.3415976,5.4230322133825055,0.16277524371373986
GJ 9773 b,14.2,,0.06007259528130672,0.0021,3528.0,0.218,59.89,0.09242402207536879,0.0007203940374905717,0.02569856280385933,720.4934506223374,0.6161705400214922,4.324893,5.42311051498345,0.1571988052071007
GJ 680 b,12.0,7977.4930157,4.609800362976406,0.0003,3563.0,0.381,36.57,0.07324309827665249,9.641097713970064e-05,0.026633541700058577,33366.79285595651,0.6131409958198552,6.352782,4.770184736733281,0.1522284568632356
GJ 15 A c,6.67,,0.12105263157894738,0.0008,3607.0,0.27,46.14,0.0957831766141531,0.00029355239075607635,0.02780894374097594,150.46668263676557,0.6123493438278975,4.229338,5.142183814993158,0.1497487428207271
GJ 1148 c,9.71,,0.07422867513611615,0.0163,3287.0,0.342,99.38,0.14108590519041922,0.00692104284239833,0.019260565261521482,284.6544700960454,0.6398802906297016,3.6267142,5.158976575170884,0.14685631424824283
KIC 3526061 b,12.1,,3.248638838475499,0.6208,4829.0,0.85,248.63,0.28654490571363034,0.26255831280993513,0.06045306405940823,24107.165665203323,1.0,6.770299,4.445644797656355,0.14651826537023888
G 192-15 c,3.87,,0.24682395644283125,0.0016,2999.0,0.676,55.9,0.1113489436289793,0.0006284827290756387,0.011567024630013705,59.92510640825432,0.6101703195201262,6.7246957,4.348509967522598,0.14387335505414406
BD+42 2315 b,14.2,,0.06079854809437387,335.1294,4500.0,0.73,1247.58,0.08113100959543314,0.0008643515225732191,0.05166426243520287,729.2003201162629,0.0,4.9519424,4.490824511187385,0.1376552879829995
AB Aur b,12.5,2860.455663,1.4609800362976408,0.0067,9770.0,0.4,83.63,0.15702751788234187,0.003593671284703462,0.19244537051873287,11952.61497154692,0.624115669501706,6.376879,4.142359852770498,0.13688269793644933
GJ 179 b,13.8,301.93698665,0.11451905626134302,0.0028,3370.0,0.21,64.53,0.1109783300226665,0.0011338601267746687,0.021477800929630423,1260.6764175004182,0.6174270469968537,3.8702674,4.664043504199452,0.13599086998205323
Kepler-427 b,13.79,92.17,0.029038112522686028,208.721,5800.0,0.57,1100.0,0.0838116202786617,0.0013481055450534436,0.08639205000797567,318.9699656559869,0.0,3.8027756,4.58010328168265,0.13355115669636408
GJ 1148 b,11.9,,0.05716878402903811,0.4906,3287.0,0.38,232.94,0.23212691365217517,0.18358942721632512,0.01926056526152147,403.5417271330133,0.9994103666123136,2.9921246,4.746043075012442,0.13319431186645492
iot Dra b,12.4,,1.960072595281307,24.9999,4504.0,0.701,618.67,0.19953224523568058,0.0224775039182537,0.051771117166209926,15654.017731839383,0.0,4.2656813,4.394354921111709,0.13151167049546358
GJ 849 c,13.8,,0.11941923774954628,0.001,3467.0,0.092,50.41,0.1058312470093997,0.00042151850808326476,0.024069028156214863,1314.6197824330827,0.6143403100931184,4.1846247,4.350981649655341,0.12999764025280658
GJ 163 d,5.92,,0.1413793103448276,0.0184,3500.0,0.373,106.43,0.17567088295116198,0.009310668548327877,0.024950579686909412,122.86822611812418,0.6418690615016258,3.1204896,4.555356280934839,0.12919754991344679
HD 26161 b,11.9,9045.39646322,5.353901996370237,0.0243,6057.62,0.922,110.98,0.15173822760938954,0.010757702661876565,0.09327402895762554,37792.00301721871,0.6542132175104138,9.1790495,3.2050027078569854,0.12914843125589417
HD 62364 c,12.0,7923.46218651,4.573502722323049,0.002,6255.0,0.773,58.7,0.09780920462935806,0.000720783776645612,0.09854677565848194,33104.06220354741,0.6160568689412488,8.230276,3.397142794959119,0.12867967522936974
GJ 433 c,6.27,,0.13121597096188747,0.0009,3461.0,0.12,53.76,0.11600765002901965,0.0003951863642791593,0.02390874605972525,135.4808554637806,0.6122673952547739,3.889998,4.328198328674619,0.12781942343451436
HD 1690 b,12.5,,1.4264972776769511,17.8958,4374.0,0.64,841.73,0.2241968717164752,0.03398175637009483,0.048298338408929595,11670.503562280595,0.0,3.5334866,4.304334323539376,0.12527501883862788
HD 87816 b,12.7,,1.043557168784029,17.2656,4989.0,0.78,567.39,0.227378723650803,0.03552696233769471,0.06472725329913194,8953.9778974216,0.0,4.8081703,3.91143327779616,0.12258252623739985
HIP 38594 c,7.94,,0.09637023593466426,0.006,4086.3,0.16,79.96,0.1490112515542881,0.0028948653076502425,0.040612811882232605,202.06590431456135,0.6218124132985943,2.8694618,4.312699398518164,0.12183793054553006
HD 113538 b,13.2,,0.04954627949183304,0.0585,4462.0,0.14,140.67,0.1937504122649924,0.029752759292409316,0.05064914249076369,477.33299025665076,0.711528517849014,2.4560018,4.362420616565615,0.12079518649142836
HIP 948 b,12.1,6547.2651842,3.68421052631579,0.0008,4497.0,0.23,46.4,0.10431209532365494,0.0003353377518486429,0.051584121386970626,27339.41134098478,0.613998643574185,4.601894,3.867834800532171,0.12037589794409573
HIP 66074 b,12.9,1589.142035,0.7386569872958259,0.2381,4300.0,0.948,192.69,0.2682607959516317,0.13304572368387252,0.046321525885551634,6642.025683049976,0.9511472037828663,7.846877,3.1053636058901803,0.11938274087770316
GJ 832 b,13.8,314.65012293,0.11941923774954628,0.0019,3472.0,0.05,57.84,0.13267390971144152,0.0009504856913600669,0.024202596569956443,1314.6197824330827,0.6158839701052756,3.8434052,3.9840022423785415,0.11907820155735217
HD 153557 d,11.9,8725.661085778,5.172413793103448,0.0006,4837.0,0.152,43.47,0.10168354832417799,0.00024930507389194813,0.06066677352139384,36510.91816917739,0.6136555878846754,4.819188,3.733260246656794,0.11825041717096978
PZ Tel b,11.9,8581.366989,5.081669691470054,0.0014,5169.0,0.52,53.77,0.09652300531340995,0.0005128883019211592,0.06953571619382967,35870.375745156736,0.6150277809004491,5.9288087,3.456463930168147,0.1175146379834092
Kepler-203 c,2.47,749.9,49.54627949183303,329.788,5821.0,0.0,1096.0,0.0,0.0,0.0,3127.451023420456,0.0,4.41325,3.7539261320402377,0.1165326329075669
TYC 2187-512-1 b,12.5,,0.05353901996370236,0.0279,3734.0,0.05,114.69,0.20016884794495376,0.016072716927367326,0.0312015814500077,438.0150828082411,0.6600046393697224,2.9028106,4.050182800215307,0.11554899609497933
Kepler-453 b,6.204,16.0,0.015996169814330014,0.9636,5527.0,0.0359,273.62,0.350993214332733,0.36751669149458704,0.07909921461768175,16.0,0.8132267766915227,2.3280041,4.166983218989695,0.11527471586657782
HD 105618 c,11.9,8419.592329837,4.990925589836661,0.0012,5671.0,0.126,51.64,0.12353279495136645,0.0005685582815795747,0.08294598493347569,35229.83332113609,0.6146847403044321,4.326775,3.721688162305532,0.11526339716746477
HD 14067 b,12.2,4862.7746271,2.6678765880217785,2.9812,4815.0,0.65,360.28,0.2853002383291499,0.17811879327424618,0.06007907250093175,20292.4197535354,0.02125817482376323,4.0309877,3.752677036526606,0.11440447402286473
HATS-46 b,10.121727,54.98459,0.05081669691470055,209.7699,5495.0,0.559,1054.0,0.09863235699716472,0.0015548771921274909,0.07824437676975213,220.7287481536113,0.0,3.053965,3.939352602922701,0.11364600491082688
BD-210397 b,14.0,,0.07785843920145191,0.02,4051.0,0.1,104.11,0.17790420226834625,0.010723153707450576,0.03966981888121747,894.9080395843238,0.6468587334999986,2.6992996,4.013645508320452,0.11353162267458833
HIP 39017 b,12.0,7500.7504052,4.337568058076225,0.0115,7201.0,0.55,91.06,0.14706148376507225,0.0053611884248115855,0.12381791953837315,31396.312962888216,0.6323394023177229,5.4851217,3.3569657626761873,0.1126272922910659
GJ 2126 b,13.6,,0.16388384754990926,0.2833,4159.0,0.85,203.08,0.22283564574364598,0.1241459383677146,0.04255489661803657,1726.7977968047462,0.9823615834656864,6.5700226,3.112788640310201,0.11256005650381955
HD 219134 h,12.7,,0.05263157894736842,0.0321,4913.0,0.06,117.88,0.2051570484452742,0.01850492216340489,0.06269701341024284,451.59192873952423,0.6671597942783254,2.4721484,4.021346460432773,0.11247516325921764
HAT-P-13 c,12.3,,2.431941923774955,1.4016,5653.0,0.6616,340.0,0.3237050162584613,0.31997815085958325,0.08246513864400576,18956.455824126533,1.0,4.159772,3.6351019921489116,0.11221246086463733
GJ 676 A b,12.8,1840.862133344,0.8747731397459166,0.0301,3734.0,0.319,113.55,0.2280943164145827,0.020251261369752565,0.03120158145001505,7684.47067545232,0.6640857209645051,2.7566555,3.933806998531202,0.11187803293996616
GJ 849 b,13.9,,0.10544464609800362,0.0048,3467.0,0.029,73.63,0.16807070051447387,0.0028039843892785055,0.024069028156214874,1186.1989727648197,0.620855522476103,3.4636486,3.7635916309270256,0.11156072681155582
HATS-62 b,11.825495,56.89157,0.013793103448275862,387.4,5416.0,0.298,1237.0,0.07416593440903768,0.000664533645717521,0.07613399583262186,95.54513736019426,0.0,2.8894982,3.8877072698568442,0.11147039071501749
HD 135344 A b,16.25302201,3178.28407,0.7386569872958259,0.061,9540.0,0.5,1585.0,0.22306751387930396,0.037568318943563495,0.18630122348661787,13284.15058946222,0.7159936362356685,5.7741175,3.242737845247604,0.11139683323607114
GJ 676 A c,12.3,4288.140867244,2.304900181488203,0.001,3734.0,0.295,47.96,0.10887235339218612,0.0004347868378178057,0.031201581450016672,17966.19320644828,0.6143416944548707,4.6613307,3.4674725553355117,0.11083174546764037
HIP 97233 b,12.1,6098.173645109,3.4301270417422867,2.5778,5020.0,0.63,354.42,0.2840822436495093,0.19468530705954254,0.06555537746433446,25453.93469677893,0.26304994497134554,4.0047693,3.608426297895943,0.11070436021326041
HIP 54515 b,12.2,5625.5628039,3.0852994555353903,0.0171,8100.0,0.42,100.72,0.17385761119686216,0.009152204988674244,0.14783352032908958,23467.42420476883,0.6419212540873479,4.749026,3.4424998867423646,0.11069724440808619
GJ 649 b,10.8,,0.06497277676950998,0.0352,3734.0,0.083,120.74,0.20588306049059754,0.02013919893310397,0.03120158145000833,342.83985563516717,0.6722219341861257,2.5997505,3.920673459828676,0.11069335424838916
BD+37 3172 b,12.4,,1.7622504537205084,31.9959,4500.0,0.59,713.25,0.19946821664363057,0.018082021313917757,0.051664262435216386,14074.121497792632,0.0,3.1136415,3.7880839552576817,0.11024415526673412
HD 457 b,11.9,8445.336430804,4.990925589836661,0.0088,6114.04,0.565,85.15,0.138183600658078,0.003922466393704387,0.09478121493828341,35229.83332113609,0.6277145462740797,5.4395676,3.202811661136838,0.10857693688231443
HIP 34222 b,13.9,,0.09800362976406535,0.3832,4050.0,0.305,218.98,0.25767932856629333,0.17609935982422076,0.03964310519847081,1102.4912999879566,0.9999924572284975,2.060836,3.941089587525559,0.10823980893228315
HD 10975 b,14.3,,0.04882032667876589,68.2992,4840.0,0.442,799.92,0.11844699761106688,0.005334950836775527,0.06074691456962041,597.9947935972665,0.0,2.4077427,3.855786051948814,0.10804017166375503
HD 164604 b,12.3,4195.3349724,2.250453720508167,0.1402,4663.0,0.479,170.16,0.2674905476164506,0.08710260293699464,0.05601859272318821,17541.79494172903,0.8385641793333141,3.1848931,3.676768453766449,0.10789079451495456
HD 156279 b,12.5,,1.52994555353902,2.8355,5453.0,0.647,361.73,0.31258559065862995,0.2025758426953496,0.07712240209434354,12516.83779007957,0.06128372309062609,3.6400657,3.5591182265200634,0.10748772704884449
HD 76920 b,13.1,,0.44101633393829404,24.7841,4664.0,0.8782,621.44,0.186318635581892,0.021188526421685356,0.056045306405931306,4152.954481207316,0.0,5.9823422,3.014809060486232,0.1069200969454466
BD-08 2823 c,12.5,,0.05317604355716878,0.5117,4746.0,0.19,233.85,0.27153185746615544,0.21812268176365307,0.058235828391279505,435.0454890264903,0.9994705264011201,1.7566907,3.9219015244617745,0.10609800050302552
HIP 57274 d,14.2,,0.05825771324863884,1.5183,4640.0,0.27,183.59,0.26025355124153493,0.24494858856332108,0.05540417801996157,698.7262768875235,0.9998905890209064,1.77896,3.915312580893433,0.10605774593779839
BD-11 4672 b,14.1,,0.07350272232304901,0.0282,4550.0,0.05,114.17,0.21305224935526726,0.017390339224730218,0.052999946572614996,863.0766588010639,0.66083188264277,2.4367316,3.766375067420304,0.10599494587783444
iot Dra c,12.2,,2.722323049001815,0.1402,4504.0,0.455,169.31,0.26231315316256587,0.08529839309616812,0.051771117166209406,20706.550768913672,0.8385641793333141,3.1850386,3.5869432830869914,0.10567710173945682
BD-06 1339 c,8.38,,0.08983666061705989,0.5024,4324.0,0.31,261.91,0.2901815580128686,0.22565722093592622,0.04696265427150284,221.4492762661938,0.9984530597473784,1.7157074,3.8880955578988283,0.10503970658776349
GJ 876 c,14.0,226.9846,0.08257713248638839,0.7384,3293.74,0.25591,241.66,0.27375055609382015,0.2783800534574539,0.019440615483245684,949.1448904682221,0.9999804868657969,2.2395296,3.7662067725423447,0.10490880583848365
HD 218566 b,9.32,,0.07822141560798548,0.7414,4730.0,0.3,253.15,0.2960263054258045,0.28818247112488976,0.05780840946730908,265.254046381517,0.9988242021044693,1.5992107,3.8893355448944376,0.10443109202396952
HIP 67537 b,12.3,4309.117542106,2.304900181488203,1.7903,4985.0,0.586,323.2,0.31986538077657994,0.27682011620905184,0.06462039856814177,17966.19320644828,1.0,3.3924148,3.4847087141205266,0.10429449411962877
HD 114386 c,13.4,,0.04882032667876589,0.2616,4895.0,0.1,200.82,0.2689694696149561,0.13838984115596625,0.06221616712077405,492.0437112877293,0.9688160687912635,1.8942719,3.8018056706042267,0.1038921058463533
DE CVn b,12.4,,1.9963702359346642,0.0008,3579.0,0.0,46.91,0.0,0.0,0.0,15943.906949095668,0.613998643574185,4.433021,3.230200876057392,0.10372953752793553
HD 238914 b,12.8,,0.9074410163339384,2.179,4769.0,0.56,343.67,0.34000281262326437,0.26398955480210795,0.05885024309450483,7971.442609390373,0.8797090950220847,2.7649722,3.590964341893008,0.10347144929402492
BD+63 1405 b,12.4,3305.4154328,1.7295825771324864,0.0911,5000.0,0.88,150.69,0.22909772578561374,0.0523724572211445,0.06502110380936345,13813.221202261973,0.7648184144986188,7.2777686,2.5778089290623845,0.10325422431095782
HIP 41378 f,9.47,25.0,0.029038112522686028,1.24,6290.0,0.052,294.0,0.3390617774972548,0.3393700900170133,0.09948175455463383,103.30157191322752,0.9795842919102776,1.8873339,3.7770510701938553,0.10324375552080899
HD 128717 b,12.1,6293.0024586,3.5390199637023594,0.0892,6210.0,0.85,151.9,0.21009245591432354,0.046651713889954836,0.09734465993480913,26261.996115724294,0.7618035537577782,7.398635,2.539597899424534,0.10297535256463883
HD 125390 b,11.9,8646.203984028,5.1179673321234125,1.0874,4882.0,0.597,320.26,0.2997710372879403,0.33487765198425895,0.06186888924507058,36126.592714765,1.0,4.195512,3.2431291750781033,0.10274511754745957
HD 95735 c,3.76,,0.2558983666061706,0.0023,3719.0,0.132,63.49,0.16909325274861864,0.0013170248445687146,0.030800876208786947,56.9796343412587,0.6110431571617663,3.014764,3.4903173566805634,0.10236070351791413
GJ 896 A b,13.3,718.29219982,0.30490018148820325,0.0429,3345.0,0.35,126.7,0.20467019016058421,0.024793978700689914,0.020809958860925154,3004.7006786407087,0.6857503482640985,2.9129853,3.501679110091044,0.10208237643469395
TOI-6716 b,0.982,,0.9600725952813067,4.4,3110.0,0.88,369.0,0.392974457819979,0.16171546290294694,0.014532243415077027,3.808264863967231,8.668591088988145e-11,7.070559,2.5723886308644834,0.10198369689144608
TOI-1420 b,11.89,25.1,0.014882032667876589,139.0,5510.0,0.17,957.0,0.10257097723814274,0.002342479817913385,0.07864508201096214,104.78435071796297,0.0,2.3695686,3.590320395382724,0.1012861063564541
V1298 Tau e,10.17,15.3,0.014519056261343014,10.0,4970.0,0.0124,527.0,0.236149997470072,0.054914888456067075,0.06421969332688567,63.9719893410428,6.21755370717936e-112,2.3416367,3.5942553044203582,0.10122986119928552
TOI-2338 b,11.2089807,1900.61387386,1.3466424682395646,13.8485,5581.0,0.676,799.0,0.2454578091941301,0.04565716913871021,0.08054175348612576,7944.00081196463,1.3270437057263569e-244,3.660183,3.2737959574196602,0.10056395830817076
HD 22781 b,12.3,,2.323049001814882,0.2456,5027.0,0.8191,193.48,0.26581648731339197,0.13303333971687045,0.06574237324356946,18107.65929468803,0.9573392664079461,6.338272,2.6592052680529155,0.10010616424951828
Kepler-418 b,13.45,349.6112477,0.03430282865530116,8.877,5820.0,0.2,434.0,0.1954871694899817,0.05167062868488692,0.08692632366294128,349.6112477,6.961558372301476e-83,1.6796348,3.6782931904445633,0.09966945860759449
TOI-756 c,13.0,,0.5843920145190563,0.24,3657.0,0.445,194.0,0.2964002433853856,0.14852006028375603,0.029144627878395567,5378.026514941662,0.9527526098025283,2.7137365,3.43723384811571,0.09940036493127248
HIP 12961 b,13.2,,0.04954627949183304,1.5889,3901.0,0.17,303.32,0.2717281833881342,0.24885181462082698,0.03566276646897316,477.33299025665076,0.9995493206367152,1.8602543,3.611051100010127,0.0990027250978457
TIC 52059926 b,10.71,5380.0,4.373865698729583,4.4802,4505.0,0.51,229.6,0.264269836327351,0.12147725854639996,0.051797830848960856,22507.251586753013,2.0603335000667943e-11,3.1528516,3.315232959855345,0.09880193511660346
HIP 99770 b,12.2,5403.082919,2.9764065335753176,0.0555,8000.0,0.31,135.17,0.23303209604982236,0.0348601210422238,0.14516215205426058,22639.162174012283,0.706861168084326,3.6564827,3.196450014011215,0.09863682191644031
HD 97037 b,12.1,6707.768529735,3.7749546279491835,0.0357,5874.1,0.357,120.99,0.2081527132237536,0.02087068572263946,0.08837153389965541,28012.79585677258,0.6735871047614213,3.2255955,3.2836839197439605,0.09842327181458593
HD 99109 b,14.3,,0.04773139745916516,0.5465,5282.0,0.09,239.32,0.3021131717778359,0.2539369296111809,0.07255436234436263,584.6566197623832,0.9997368926400586,1.7264757,3.6070426144619288,0.09816989743903848
HD 175167 b,12.3,4703.8604236,2.5226860254083485,0.496,5635.0,0.51,232.03,0.32353729334058495,0.25950223364440567,0.08198429235453601,19663.786265325285,1.0,3.065273,3.3062243943282636,0.0980993261914446
Kepler-79 d,7.15,5.3,0.014519056261343014,33.874,6389.0,0.051,592.0,0.1799608863399305,0.014131798360082158,0.10212640914670386,22.230289724805445,0.0,2.2325683,3.4900090918492923,0.09806141660115522
HD 80606 b,11.56766808,1323.4692695887,0.9219600725952813,4.6941,5565.0,0.93183,405.0,0.28416338332893376,0.12771192994290306,0.08011433456215,5977.755923595349,2.4618349066722424e-13,6.840213,2.4483086108701624,0.09766086493029058
WASP-193 b,14.78464554,35.596781584,0.010889292196007259,402.0,6080.0,0.081,1250.0,0.08529014063104687,0.0007493441131274591,0.0,147.40798557849774,0.0,2.967023,3.300812180127198,0.0974268270685734
GJ 414 A c,8.4,,0.09056261343012705,0.0607,4120.0,0.105,124.7,0.24725122365084037,0.03823861910206771,0.0415130629908505,224.84095137192722,0.714440569610603,1.9320465,3.501384020531243,0.09669296970788697
K2-141 c,7.0,8.0,0.014700544464609801,39.1,4570.0,0.092,695.0,0.15786707796459476,0.010940443590151384,0.053534220227571774,21.121081353825826,0.0,2.1770747,3.444981784471909,0.09664686603724591
Kepler-31 d,3.9,2161.244,0.01397459165154265,11.8,6340.0,0.0,484.0,0.0,0.0,0.0,3.4723345107340724,9.143797977068815e-168,2.2633028,3.422379699122397,0.0965627583385649
Kepler-359 d,4.01,2.7,0.018148820326678767,5.5,6248.0,0.0,464.0,0.0,0.0,0.0,4.901964122353219,3.576363939743599e-22,2.0017505,3.475343070570355,0.09643341827668335
HD 80913 b,12.0,7505.200002898,4.337568058076225,0.0326,6013.24,0.313,118.23,0.20492401318904846,0.01892993422521543,0.09208847571725466,31396.312962888216,0.66833145392221,3.195936,3.207797887661417,0.09638969435597747
BD+48 740 b,13.5,,0.21960072595281308,15.1044,4534.0,0.76,538.94,0.18774615882462026,0.03272521639140389,0.05257252764864958,2263.2039178080927,4.81504475626877e-299,4.6041107,2.8897308466375904,0.09627453697495579
Kepler-47 c,4.65,3.17,0.030852994555353907,0.9037,5636.0,0.044,267.82,0.4052637483462262,0.4065190189275275,0.08201100603725361,12.994057687561991,0.8269370515530344,1.6073449,3.551611682899771,0.09614970256331959
HD 164604 c,12.5,3019.3698665,1.5408348457350274,0.0084,4663.0,0.196,84.25,0.1936741705109634,0.005381892308919291,0.05601859272318544,12605.925603532094,0.6270291551427865,2.7549107,3.287049940604675,0.09592374172586397
HD 219828 c,12.2,5102.417245978,2.7949183303085303,0.0822,5891.0,0.811,149.17,0.2173226854411659,0.04511130154123991,0.08882299513810009,21258.725456084707,0.750611283315088,6.686386,2.3969093754027804,0.09554969688518608
HD 111232 c,12.2,5740.934515641,3.1578947368421053,0.0023,5512.0,0.558,60.71,0.11367491566739557,0.0009560688031991826,0.07869850937649371,24019.598891939862,0.6165713926002981,5.581242,2.62346761484502,0.0950715026516025
HATS-50 b,12.66617,123.9537,0.059891107078039935,625.3023,5990.0,0.516,1275.39,0.07987774198498139,0.00047348878322610966,0.09146764973015845,509.78480714759826,0.0,2.8727818,3.2172146462904463,0.0948487932143959
TOI-969 c,12.4,,1.8874773139745917,0.0208,4435.0,0.628,96.4,0.1801149132233065,0.011348354498838052,0.049927873056574625,15074.239297326814,0.6482424119951108,5.0305915,2.733083368462459,0.09475263391606516
Kepler-94 c,12.5,3126.0,1.5952813067150635,0.0955,4781.0,0.345931,159.05,0.2779931224808312,0.06629733628374307,0.05917080728748575,13051.36467079471,0.7717605079107341,2.3243425,3.3268323189442364,0.09454210412868333
HIP 5158 c,12.2,,2.6315789473684212,0.0046,4813.0,0.14,72.63,0.1714250625884584,0.0027316279483688122,0.06002564513543238,20016.332409949886,0.6205155340008442,3.2107253,3.1136613526744905,0.09415006099745835
KOI-984 c,14.1,209.8,0.07459165154264973,22.0364,5295.0,0.38,597.0,0.16665257298606298,0.02061787908980857,0.07290164022009539,875.8629796721907,0.0,1.710016,3.4401103080889617,0.0939641490856071
HD 28254 b,13.0,1207.7479466,0.5480943738656987,0.3645,5664.0,0.95,212.28,0.2840337712532476,0.18829258502281787,0.08275898915422655,5043.987600970129,0.9999999999982241,7.536744,2.131676586394751,0.0936765006971467
HD 72659 c,12.1,6165.8710958,3.466424682395645,0.0051,5929.0,0.114,71.91,0.17725988970008935,0.0030769083094258107,0.08983811508253521,25723.288503094056,0.6213728093881178,3.3174272,3.070647741847652,0.09367507446661648
TOI-2641 b,18.10250383,122.681765102,0.016696914700544466,602.0,6100.0,0.18,1387.0,0.07161874134401934,0.0004448683216999388,0.09440615483245478,414.89746556032594,0.0,2.722239,3.20125109432911,0.09362925402311151
HD 98649 b,12.5,3082.9355479,1.573502722323049,0.0272,5759.0,0.852,114.22,0.18787165506809364,0.014956294643397712,0.08529678901532019,12873.189043889664,0.6591531591672936,7.264661,2.183069570152136,0.0934506623642695
Kepler-279 b,3.62,4180.93,29.945553539019965,249.021,6363.0,0.0,1104.0,0.0,0.0,0.0,5950.406922575453,0.0,3.622118,2.9916174757710907,0.09339846683518012
HIP 70849 b,12.9,1430.2278315,0.6642468239564429,0.0056,4105.0,0.65,78.85,0.1397153150657396,0.00270383133417518,0.041112357749632206,5972.92727271816,0.6222300246857965,5.557764,2.557815260852437,0.0933241363885838
TOI-201 c,10.4,4990.0,4.355716878402904,0.1367,6423.0,0.651,169.58,0.2369264107402615,0.07382114677698927,0.10303467436019872,20523.350874410913,0.8336117104809118,5.107017,2.6459238940348535,0.09302318649399371
HD 16905 b,12.4,3591.4609991,1.8874773139745917,0.0039,4866.12,0.68,69.63,0.1286260381515627,0.0017704452579731284,0.06144467596302034,15074.239297326814,0.6193152541897714,6.1802626,2.4061751523560853,0.09300117486162537
Kepler-359 c,4.3,2.9,0.018148820326678767,8.1,6248.0,0.0,512.0,0.0,0.0,0.0,6.044249415824892,1.6162076776108917e-65,1.966725,3.3134607718182956,0.09225030511290556
HD 141937 b,12.4,3591.4609991,1.8874773139745917,0.4436,5870.0,0.46,231.49,0.33807554093941744,0.2537256434205603,0.08826200780038414,15074.239297326814,1.0,2.58994,3.1734733301492186,0.09221855272404911
K2-157 d,5.16,,0.16914700544464611,6.46,5334.0,0.5,429.1,0.27465839871876396,0.08925765270799009,0.07394347384728334,97.34239507188327,2.77126943664161e-35,1.7912896,3.343188175728305,0.09202062095769523
HD 109988 b,12.1,6935.333669147,3.901996370235935,0.0031,5185.97,0.056,65.91,0.1756764215693473,0.0019386766053318249,0.06998904739006727,28955.534178875503,0.6179433823757576,3.6149154,2.9372645878787864,0.09201896716175159
GJ 2056 b,4.17,,0.22323049001814882,1.5537,4069.95,0.72,310.74,0.33379571924328805,0.28877772979294347,0.04017604316930239,67.80321494925931,0.9926274337117669,4.193921,2.8063192667666046,0.09196756836920951
HD 93083 b,14.3,,0.04882032667876589,1.59,5033.8,0.118,311.57,0.2932790490847189,0.2678305741118177,0.06592402628623759,597.9947935972665,0.9997625348223831,1.5293654,3.3984068619981067,0.09194484233029043
HD 156846 b,12.4,,1.7731397459165155,3.97,6090.0,0.85,382.49,0.2768171175230362,0.14119633197206616,0.09413901800501064,14161.088262969515,1.8121167750902497e-07,6.086812,2.380127799622091,0.0918462829786065
HD 204313 e,12.2,4868.177710019,2.6678765880217785,0.0226,5767.0,0.253,106.81,0.21428467090662384,0.014355741857917041,0.08551049847730999,20292.4197535354,0.651314246320624,2.7235394,3.1168633437496243,0.09155594850345802
HD 25912 c,12.2,5252.750082489,2.885662431941924,0.0034,5920.58,0.051,67.44,0.19150388901312415,0.0023023307490816626,0.08961318587379298,21948.943815048497,0.6184578488983994,3.3729827,2.9696426010972305,0.09148977908947856
TOI-3540 A b,23.53885947,375.03752026,0.011796733212341199,841.3,5810.0,0.0,1498.0,0.0,0.0,0.0,644.4758017216021,0.0,3.3130233,2.981146394508199,0.09144440557126915
Wolf 1061 d,2.69,,0.3938294010889292,0.06,3342.0,0.55,130.24,0.27232560388997923,0.03944040037497444,0.020729817812680715,32.11098179201991,0.7025319525114151,3.736957,2.884586102108502,0.09138987658148909
HD 33283 b,12.5,,0.05335753176043557,191.9541,5935.0,0.399,1034.4,0.10428109750289677,0.0018122748145635295,0.08999839717900067,436.5302859173657,0.0,2.0461535,3.254190381660019,0.09122489450712709
HATS-69 b,10.592505,183.38791,0.08348457350272233,466.6,5137.0,0.519,1295.7,0.09223005486567211,0.0007093294738157327,0.06868087834586736,415.6146763685228,0.0,2.5224955,3.135901619735245,0.09092223492683474
HD 108341 b,13.3,715.11391575,0.30308529945553536,0.1066,5122.0,0.85,155.23,0.21448980355864902,0.055810346730774785,0.06828017310464643,2986.815555553562,0.7890116115972384,6.4752107,2.2441978941431073,0.09062619122644067
HD 219077 b,12.5,3057.50927534,1.5607985480943738,0.0755,5362.0,0.768,146.68,0.23155083627135384,0.04512768854610047,0.07469145696424663,12769.253261528385,0.7397810610545065,5.8196306,2.3866711955261253,0.09054165307127388
TOI-6019 b,12.3,149.0,0.07985480943738657,249.6501,5561.0,0.48,1095.0,0.1031984853957164,0.0014174779523581451,0.08000747983114291,622.450788254901,0.0,2.2637286,3.1572819436735413,0.09002955136200726
HD 80869 b,12.8,1609.800881455,0.7658802177858439,0.142,5837.0,0.924,203.2,0.25622604834472884,0.08442083903445947,0.08738045626968341,6727.897562325475,0.8410905124570556,7.4730096,1.996063065394204,0.08998347846299717
HD 93351 c,12.3,4154.01727949,2.2323049001814885,0.0051,5408.0,0.109,74.54,0.18922477445291006,0.0033079006442838293,0.07592028637066903,17400.32885348928,0.6213728093881178,2.9775472,2.982948479900029,0.08964816891157397
Kepler-1704 b,11.94877343,1322.16617312,0.7386569872958259,0.342,5746.0,0.92,253.8,0.2987173390415085,0.18879725769255803,0.08494951113958875,5278.3890627547535,0.9997440327649296,7.1186547,2.05996568106917,0.08961464712066271
HD 165131 b,12.1,5943.3912109,3.3393829401088926,0.0967,5870.0,0.6708,155.2,0.2266479817101552,0.05379220260355723,0.08826200780038716,24780.550180991126,0.7736439222654136,5.151498,2.495310731613856,0.08955412288741776
HD 120084 b,12.7,2034.1018048,0.9909255898366607,3.0851,4879.0,0.483,369.24,0.3371189313931579,0.20787535985480057,0.06178874819681815,8502.385968682078,0.00900686657291631,2.1267934,3.1684138787662146,0.08955266575321598
ups Leo b,14.2,,0.05644283121597096,45.3174,4836.0,0.32,719.08,0.14056626789415191,0.009170177961066903,0.060640059838627934,676.9591031527096,0.0,1.6530377,3.2703322973844866,0.08946593141331996
HD 8326 b,9.58,,0.07549909255898367,1.1342,4914.0,0.2,287.23,0.32314610686515766,0.3435887359516487,0.0627237270929948,278.05254103554824,0.9989083358225618,1.2160814,3.3558973439799016,0.08917793986143181
GJ 687 c,4.14,,0.2250453720508167,0.0157,3413.0,0.4,98.62,0.1923185132257276,0.008668213595503611,0.02262648928780861,66.88977251650394,0.6347270776029003,3.201125,2.9074515873986275,0.0890136270529767
TOI-199 c,11.4,88.99195396,0.059891107078039935,0.7048,5255.0,0.096,255.43,0.3355665789607339,0.3208430552161765,0.07183309291016049,371.6768436302752,0.9993078752209106,1.3814304,3.2944496613504404,0.08857027278762515
Kepler-448 c,12.0,6992.26,4.029038112522686,0.2399,6635.0,0.65,184.72,0.2562184602949216,0.12505116803953814,0.10869797510283792,29163.102417410817,0.9526687331557481,5.0133605,2.4847404573742184,0.08853561075540185
TOI-615 b,18.97680433,138.255357045,0.015245009074410164,1286.0,6850.0,0.39,1666.0,0.05117967226900471,0.0001597428848407589,0.11444141689366802,436.4007972540649,0.0,3.9686165,2.717108862099206,0.0885320527075894
TIC 241249530 b,13.29385111,1582.78546686,0.6715063520871144,6.2305,6166.0,0.9412,438.94,0.2536061059784586,0.09244626981679144,0.09616925789387422,6608.321532535602,8.118959258384644e-32,7.026986,2.031495386225385,0.0884098005221455
V1298 Tau b,9.41,13.1,0.016333938294010888,33.2,4970.0,0.0079,666.0,0.184624642797283,0.015122133688349809,0.0642196933268882,57.009652025297335,0.0,2.119248,3.114089949170903,0.0881719996580943
HD 62364 b,12.1,5965.63919939,3.3575317604355717,0.072,6255.0,0.607,143.96,0.21726213156008775,0.0402625653150876,0.09854677565848202,24915.22708414869,0.7340809282309358,4.7067986,2.5380541864481456,0.08816795309547999
Kepler-30 d,8.8,23.1,0.034482758620689655,1.962,5498.0,0.022,308.0,0.378141683733007,0.29172451429827617,0.07832451781799124,98.43252546331696,0.9807310290906062,1.5301081,3.235169705748228,0.0879245766355388
Kepler-87 c,6.14,6.4,0.027586206896551724,4.656,5600.0,0.039,403.0,0.31576202055901437,0.13060618694887172,0.08104931345831502,26.747654933925542,4.984115037984414e-13,1.4981164,3.2385991706240493,0.08783359522099139
HD 86264 b,12.5,3117.261015856,1.5916515426497277,0.5987,6210.0,0.821,247.01,0.3187631638161047,0.28786280971014094,0.09734465993480432,13021.668732977203,1.0,6.0075026,2.228689678589106,0.08767768087619296
HD 181234 b,12.5,2980.912629253,1.5226860254083485,0.0144,5386.0,0.726,98.09,0.170644056189693,0.007692134841379042,0.07533258535020478,12457.445914444554,0.6373034010636969,5.937088,2.236509369104075,0.08748411619130793
HD 20782 b,13.6,,0.1869328493647913,0.6863,5782.13,0.95,253.34,0.26108087886528647,0.25242024341512737,0.08591467649727558,1969.658616510397,0.9999999096228023,7.5154276,1.8784227756846046,0.08731599055058159
HD 110537 b,11.9,8612.832001293,5.099818511796734,0.0047,5718.0,0.401,72.83,0.13048807981960348,0.0020896285097532544,0.08420152802264674,35998.48422996087,0.6206869937169325,4.538901,2.5347124785944795,0.08716436230484195
TOI-4504 b,2.65,140.0,7.985480943738657,548.0544,5315.0,0.84,1345.0,0.11066453768849636,0.0006678957169181614,0.07343591387509044,622.4827325315624,0.0,6.8265977,2.0240498408110135,0.0871267682717112
HD 20868 b,13.7,,0.1540834845735027,0.3278,4802.0,0.75,207.11,0.23451523313587574,0.144018146451349,0.05973179462518932,1659.6113724630552,0.9980301957991938,5.124937,2.400363335052835,0.08706762145744706
HD 87883 b,12.7,2005.49724817,0.9764065335753176,0.0238,4980.0,0.72,110.52,0.19493680718705766,0.013900469377104482,0.06448683015439398,8377.808884891863,0.6533608101225498,5.529268,2.276000741441489,0.08622011831459264
HD 137496 c,12.6,,1.2141560798548094,1.5713,5799.0,0.477,370.0,0.3704563021096058,0.34658129942670973,0.08636533632525274,10173.602466510822,1.0,2.2340693,3.0033523554755925,0.08607194186431404
HR 8799 c,13.0,3000.0,1.3611615245009074,0.0034,7204.58,0.5,1200.0,0.13638264880244444,0.0016698955697610465,0.12391355452259974,12526.45927393244,0.6184578488983994,4.947845,2.396596562385854,0.08600310538316612
GJ 229 b,3.97,,0.23774954627949185,0.0237,3564.0,0.404,111.85,0.2125296803201298,0.013814780556870755,0.026660255382801458,62.31316729097819,0.6478736881371895,2.958144,2.8383391784071232,0.085976607933125
HR 8799 d,13.0,3000.0,1.3611615245009074,0.0085,7204.58,0.6,1300.0,0.15795728637652973,0.004456214110586995,0.12391355452260053,12526.45927393244,0.6272005079982987,5.337389,2.303025813584775,0.08583359079574047
HD 192310 c,5.25,,0.16533575317604357,0.2765,5166.0,0.32,185.0,0.32603357894192,0.16477120743730111,0.06945557514556834,100.2151307986215,0.9741286637695022,1.3466277,3.1841129745857892,0.08565915320384597
HD 110014 b,12.4,,1.851179673321234,43.9799,4445.0,0.462,669.84,0.19506965293229084,0.013313595542930459,0.050195009884060185,14784.350080070528,0.0,2.1627536,2.9995340825080934,0.08558651911149015
HD 8673 b,12.3,4210.590735936,2.250453720508167,0.3841,6389.05,0.73,219.11,0.2936018249336699,0.20076885491052404,0.10212774483088945,17541.79494172903,1.0,5.246782,2.3017060441128665,0.08530391781232463
HIP 21152 b,12.0,7627.881768,4.41016333938294,0.015,6655.0,0.36,1300.0,0.16916432652960156,0.007819789924488679,0.10923224875780256,31921.774267706434,0.6383299284950751,3.9021065,2.596933012169295,0.08520439528222899
CoRoT-10 b,10.87,874.0,0.6715063520871144,16.1089,5075.0,0.53,600.0,0.24618102820237586,0.04020642340911889,0.0670246300154832,3612.6622979724493,0.0,2.1108005,2.973817904394847,0.08466747780495695
Kepler-435 b,22.31,266.97,0.023774954627949187,677.917,6161.0,0.114,1729.0,0.07808926537527186,0.00044493610115221616,0.09603568948010638,1105.877486988657,0.0,2.449619,2.8978953249256136,0.08465473393414527
HAT-P-67 b,23.9872187,143.02278315,0.011070780399274047,2029.17,6640.0,0.0,1903.0,0.0,0.0,0.0,640.039135241698,0.0,3.7649372,2.601314945502505,0.08455981532772888
HAT-P-65 b,18.05766791,176.076937478,0.029764065335753178,1821.0,5872.0,0.304,1818.0,0.05854786977121236,0.00013294394772058184,0.0883154351658541,734.1179514961904,0.0,2.6091452,2.854993594691299,0.08447233787481855
Pr0211 c,12.6,,1.234119782214156,0.0152,5300.0,0.71,99.1,0.17692715044185836,0.0083980303025149,0.07303520863385002,10340.881430833122,0.6386720628604128,5.6507425,2.1674349980509806,0.0842101079926969
HATS-8 b,9.785457,43.86054,0.04700544464609801,510.8195,5679.0,0.376,1324.0,0.088684979465112,0.0006173755399807057,0.08315969439543759,184.49309356778974,0.0,1.9674494,2.98174142553222,0.08407629196273794
K2-312 c,12.8,,0.8003629764065336,0.4596,5959.0,0.8435,229.0,0.3150186660035528,0.2433397426491633,0.09063952556497656,7030.812381482309,0.9999999999999911,6.067762,2.0446998997227173,0.08347234626070227
HD 4113 b,13.5,,0.21960072595281308,0.744,5688.0,0.899,251.65,0.2736195265604066,0.27668107282604065,0.08340011754017988,2263.2039178080927,0.9999999751625002,6.6991835,1.903913124132601,0.08346591334643136
WASP-148 c,13.9,124.588735544,0.04627949183303086,17.377,5555.0,0.1809,590.0,0.18456091463080626,0.02783464863756231,0.07984719773464749,520.6208916609795,0.0,1.3468655,3.0932300717504573,0.08341989137440299
HD 96992 b,13.7,,0.14047186932849365,19.1936,4725.0,0.41,557.72,0.1878283705076211,0.02646451649773695,0.057674841053571894,1513.0025939769198,0.0,1.6220118,3.02744191352755,0.08330764357655027
WASP-107 b,10.53646,30.511527072,0.024319419237749548,51.0,4425.0,0.09,736.0,0.15376796282024902,0.008737328833238692,0.049660736229075145,119.1587605306589,0.0,1.8148113,2.9745943882974246,0.08306261208176623
TOI-2134 c,7.35,58.3,0.14700544464609802,1.4,4580.0,0.3125,302.0,0.34070090213588045,0.32221497205866695,0.05380135705506844,244.5029180222262,0.999362092162806,1.1737378,3.1127778667614963,0.08295190677972247
HD 39091 b,12.3,4481.3805387,2.395644283121597,0.1342,5998.0,0.642,172.74,0.2533083546361649,0.07913236912753348,0.09168135919216724,18673.52364764703,0.8300423461791432,4.557006,2.3572669373639266,0.08288907473332728
TOI-2525 b,8.67575106,26.697586188,0.04083484573502723,16.3643,5096.0,0.17,512.97,0.19914704668226949,0.03051299816338812,0.06758561735318108,111.69681113386359,0.0,1.2162708,3.100391608087291,0.08287991082006911
BD-210397 c,12.9,1525.5763536,0.7096188747731398,0.0039,4051.0,0.43,69.51,0.1417352005157103,0.001974248529978717,0.039669818881224284,6380.914108286341,0.6193152541897413,4.007262,2.471955535877275,0.08270024366554007
HAT-P-11 c,13.2,851.78013076,0.37023593466424687,0.0161,4653.0,0.652,91.58,0.16079232162970267,0.008045396860752308,0.055751455895696425,3566.8838832365113,0.6402114028753418,4.91169,2.2645275394248707,0.08254879186236352
HD 222582 b,12.6,,1.3266787658802177,0.7253,5790.0,0.73,256.39,0.34302316932126287,0.3443785166386254,0.08612491318051821,11116.447538145607,1.0,4.7158594,2.306053720565723,0.08249808198341373
HD 203387 b,13.1,,0.49001814882032674,23.0974,5174.32,0.732,610.0,0.20079246747850188,0.024237093870482694,0.06967783298604249,4614.393868008129,0.0,4.0742373,2.4459486053514006,0.08242655991646355
Kepler-425 b,10.962,79.45,0.049001814882032674,229.036,5170.0,0.33,1070.0,0.10432320874869054,0.0015296686921404499,0.0695624298765572,270.3772632513139,0.0,1.6854264,2.977435364705137,0.0824227528538605
TOI-2193 A b,19.83989584,298.75870258,0.010889292196007259,1600.0,5966.0,0.0,1763.0,0.0,0.0,0.0,356.21025979402225,0.0,3.409354,2.586738904867268,0.08224948436283085
HIP 55507 b,12.6,2585.534090945,1.2885662431941924,0.0056,4171.0,0.362,76.05,0.16030182027026244,0.0030986139558089854,0.042875460811022024,10797.096788075762,0.6222300246858807,3.5887706,2.5438880153256775,0.0821774750067288
HD 113337 c,12.1,6299.676855147,3.5390199637023594,0.0926,6774.0,0.164,153.36,0.2867991508598565,0.06589835469664329,0.11241117700484957,26261.996115724294,0.7671913425136317,2.4837768,2.7751130673069118,0.08181515562198459
GJ 463 b,13.1,1080.6165838,0.4791288566243195,0.0024,3563.0,0.146,63.55,0.14711594547145787,0.0013185023167114822,0.02663354170005427,4511.851782052393,0.6167428972788584,3.4129918,2.566071273126407,0.08175991656505534
HD 206893 b,14.01122587,6197.6539365,2.250453720508167,0.0247,6500.0,0.069,1429.2,0.2705547239802994,0.019948581348886295,0.1050916279318111,25929.07944188644,0.6548950010089781,2.5500426,2.748131365050068,0.0815135485022335
HD 68988 c,12.2,4776.96095721,2.6315789473684212,0.0096,5883.41,0.45,87.5,0.1622786993744687,0.005024063501660521,0.08862023828603877,20016.332409949886,0.6290851612197172,4.012527,2.4187931674618124,0.08141849991021896
HD 7449 b,12.6,2597.929398818,1.295825771324864,0.2125,6024.0,0.752,183.23,0.2859079091525301,0.12896856721704428,0.09237591494361881,10857.92550237478,0.9271638278117531,5.2910657,2.1333848521944803,0.08139721375802789
HD 16141 b,10.9,,0.06370235934664246,17.9052,5757.0,0.25,562.87,0.19277283945896512,0.027873655515444053,0.08524336164980485,345.5601236533802,0.0,1.1606438,3.0419934201123016,0.08113499144344216
Kepler-177 c,8.73,14.7,0.021960072595281308,25.4,5732.0,0.0,497.0,0.0,0.0,0.0,61.201929163782694,0.0,1.7605747,2.9045152352434136,0.08103734642788729
HD 221420 b,12.0,7278.2705203,4.192377495462796,0.0389,5847.0,0.14,123.49,0.24811307690379056,0.02678368819729594,0.08764759309717728,30345.390353251798,0.6790008904571003,2.6343832,2.7067557416274357,0.0809562541809143
HD 45364 c,14.2,,0.06079854809437387,0.7829,5466.0,0.019,261.82,0.41322692081739254,0.4244710104278738,0.07746967997005005,729.2003201162629,0.9999116672724905,1.4943581,2.955582798515753,0.08083567655970048
HATS-26 b,19.61575,206.5895,0.027767695099818513,2236.5716,6071.0,0.245,1918.0,0.056645507326763496,0.00010728912739077635,0.09363145803276313,877.8962518469921,0.0,2.609386,2.70374770988175,0.08074494401754864
Kepler-725 b,10.8,,0.06460980036297641,12.1,5395.0,0.231,514.0,0.21005999262460304,0.042564390651196514,0.07557300849492325,340.92454917910476,6.167901203438768e-178,1.09955,3.0368408461053606,0.08067275889741123
HD 188641 b,11.9,9333.031171555,5.517241379310345,0.0285,5897.32,0.034,114.36,0.2799438019293319,0.022854957960860955,0.08899182561307342,38944.97938045589,0.6613652631487666,2.9824395,2.600492286196905,0.0802461928429891
HD 118203 c,12.4,3747.19691853,1.960072595281307,0.1122,5742.0,0.26,146.0,0.30045135087321817,0.08123585274227889,0.08484265640860142,15654.017731839383,0.7975622746790085,1.9974455,2.817257006444558,0.080185782143753
HD 166724 b,13.0,1207.7479466,0.5480943738656987,0.0105,5127.0,0.734,94.83,0.15446998617984994,0.005248380558476491,0.06841374151839007,5043.987600970129,0.6306268211672172,5.892573,1.9448506363667173,0.08004951465836566
HIP 8541 b,12.6,2451.728331598,1.221415607985481,1.4683,4672.0,0.36,305.12,0.3854234552648144,0.37680571155009,0.05625901586792112,10234.431180809841,1.0,1.6258545,2.893035602305593,0.08001516309504715
TOI-2578 b,19.66055215,167.177742082,0.021960072595281308,1667.0,6333.0,0.098,1778.0,0.06735230878078143,0.0001666731245383927,0.10063044291281147,699.0520476065806,0.0,2.6149573,2.6515569696804158,0.07948883610626004
WASP-132 d,12.8,,0.7803992740471869,0.0363,4686.0,0.12,107.0,0.28701777629818925,0.029823223603223658,0.056633007426393836,6855.44064407572,0.6746031007079214,1.8194546,2.823545392510274,0.07936422604641583
Kepler-407 c,12.3,4000.0,2.1415607985480944,0.0854,5476.0,0.221479,146.73,0.29013364275889403,0.06247158966036675,0.07773681679755454,16692.99841229053,0.7557439580466838,2.0084364,2.764503395554894,0.07894553472285998
BD-11 4672 c,4.04,,0.23230490018148822,1.7444,4550.0,0.4,320.21,0.3778331621120692,0.304308329648503,0.05299994657262168,64.16394759294928,0.9921236669471142,1.336967,2.9102871471536265,0.0788554277013206
HD 217786 b,12.3,4402.559093764,2.3593466424682394,0.3159,5966.0,0.311,207.3,0.3364452151385009,0.20094034782546577,0.0908265213442221,18390.59147116753,0.995359560265405,2.0256667,2.7514321901750916,0.07871782354632632
HIP 41378 e,5.19,7.62,0.0544464609800363,2.1,6290.0,0.065,335.0,0.3847121316169774,0.27562219060117643,0.09948175455464096,31.88308512655598,0.9005788444541563,1.0902622,2.959165085778734,0.07870683227968614
TOI-2589 b,12.10569916,1112.3994245,0.6261343012704175,21.7464,5579.0,0.522,592.0,0.2289760639537097,0.02895254614583009,0.08048832612062456,4652.921617874221,0.0,2.062706,2.7418949566635185,0.0786859228364821
HAT-P-60 b,18.28184752,182.433505618,0.029764065335753178,1634.0,6212.0,0.25,1772.0,0.06157692261977695,0.0001548252811342952,0.09739808730027258,761.8002408750986,0.0,2.4753637,2.649808871432575,0.07867982928311681
Kepler-553 c,11.57887706,2129.4503269,1.3666061705989112,0.589,5191.0,0.346,251.0,0.387012759640232,0.344949339840758,0.07012341721428797,8886.51165889876,1.0,1.6655943,2.8256521192055852,0.07857197678131918
BD-17 63 b,12.8,1639.99458012,0.7803992740471869,0.1169,4714.0,0.5439,168.92,0.2695833382433664,0.07633091723207264,0.05738099054334661,6855.44064407572,0.8046543762760334,3.279345,2.4614329208058705,0.07844695169963758
TOI-1288 c,11.1,,0.06243194192377495,0.6114,5388.0,0.0,245.88,0.0,0.0,0.0,357.6550729178588,0.999274264988265,1.4165316,2.8747431893629547,0.07841569876077786
HR 5183 b,13.1,1052.01202717,0.4664246823956443,0.0077,5794.0,0.84,171.0,0.13995028342280777,0.003572081605549865,0.08623176791150154,4392.2193484373665,0.6258295933640902,7.3248453,1.5579624400126888,0.0783699043111942
HD 168443 b,12.6,,1.208711433756806,28.2942,5491.0,0.53,641.03,0.2221696762020099,0.022414071390280513,0.07813752203877866,10127.98093078656,0.0,2.3192725,2.662315831602106,0.07813173914978322
HD 38529 c,12.5,3299.05886466,1.6842105263157894,0.656,5697.0,0.357,258.56,0.3784303923635877,0.35897965636845364,0.08364054068492804,13778.915147323652,1.0,1.8372548,2.7673873883465165,0.07807740898413158
HD 73256 c,12.2,5085.254512,2.7949183303085303,0.0511,5570.0,0.16,133.92,0.2702173641871721,0.037291748735739205,0.08024790297589597,21258.725456084707,0.6995172393036119,2.2333744,2.6783311714368963,0.07805527209849682
Kepler-75 b,11.77,3209.9,1.9963702359346642,106.484,5200.0,0.57,767.0,0.16001476472597154,0.0048684185443669875,0.0703638403590273,13635.123758251848,0.0,2.8761284,2.530782140781565,0.07794430493654994
HD 149806 b,12.3,4003.684442979,2.1415607985480944,0.0037,5352.05,0.357,69.13,0.14341461707206068,0.0018722952725483007,0.07442565582090135,16692.99841229053,0.6189722980780643,3.76932,2.321485362842501,0.07768513160895257
HD 222237 b,12.8,1649.52943233,0.7840290381125228,0.0019,4751.0,0.56,58.74,0.12035356358105533,0.0008646023077577289,0.058369396805031934,6887.3264145132825,0.615885357945522,5.1033077,2.0077872203416254,0.07727063830055803
HIP 65407 b,14.3,,0.046460980036297644,20.7979,5460.0,0.14,610.68,0.18565731344430872,0.02401530542007118,0.07730939787356002,569.0954169550193,0.0,1.2926486,2.854393331869037,0.07723429603514134
TOI-1736 c,12.5,2800.0,1.4301270417422869,0.9,5636.0,0.3685,249.0,0.39723535034432667,0.44463245304407734,0.082011006037281,11700.199500098102,1.0,1.743404,2.7537461965661953,0.07722617614213072
HAT-P-32 b,22.19382,216.1244,0.019600725952813067,1841.0,6001.0,0.159,1835.7,0.0582624553625674,0.00013253990658255248,0.09176150024037799,897.5464720947203,0.0,2.8292937,2.5105885852980934,0.07718949872577621
TOI-4507 b,8.2,20.0,0.036297640653357534,23.5778,6260.0,0.09,464.8,0.20615679627357392,0.022808758948665214,0.0986803440721898,83.83175599392604,0.0,1.2967275,2.846672239821831,0.07706632551660858
GJ 2030 c,12.3,4069.157094821,2.177858439201452,0.0146,5485.0,0.041,96.71,0.27368878319745266,0.012428412123232868,0.07797723994228838,16975.930588770032,0.6376455973666584,2.503171,2.571543807261789,0.07690290466467868
HD 136118 b,12.3,4164.187788514,2.2323049001814885,0.684,6097.0,0.344,249.62,0.36867429281697683,0.35687969846050577,0.09432601378424928,17400.32885348928,1.0,1.9754436,2.685204875785577,0.07680953875079516
HD 68475 b,12.8,1639.99458012,0.7803992740471869,0.0068,5022.0,0.62,79.88,0.15295867892322085,0.0035110049656836262,0.0656088048298207,6855.44064407572,0.6242870751974677,4.969175,2.0160734453528235,0.07673897165335819
HD 106515 A b,12.1,6006.9568923,3.3756805807622507,0.0342,5362.0,0.571,116.53,0.19074422962805393,0.018467720005234847,0.07469145696425074,25049.90398730625,0.6710453490613887,4.550835,2.1064416237634833,0.07667153705189843
HD 153557 c,4.36,,0.21052631578947367,22.2262,4837.0,0.511,604.33,0.23007261551803398,0.026253663058636398,0.06066677352138286,73.08941190890867,0.0,1.7640312,2.725421778241981,0.07664106003062553
HATS-39 b,17.59813,200.2329,0.03666061705989111,1547.1014,6572.0,0.275,1645.0,0.06374806660029221,0.00016875859009682898,0.10701501308965938,836.9277049569151,0.0,2.4347048,2.5735498759770796,0.0765767063995264
HATS-53 b,15.02006,189.10885,0.05499092558983666,471.61,5644.0,0.33,1312.0,0.08788738517238816,0.0006824933354264226,0.08222471549924866,780.5390608762257,0.0,1.8481007,2.703881916398143,0.07657129605426091
HD 108202 b,13.1,953.485221,0.4228675136116153,0.0125,4556.03,0.52,93.04,0.1627636751892795,0.006489169484096305,0.05316103007959472,3982.0510046144227,0.6340515618304399,3.8771381,2.2517500958308103,0.07655749152456079
HAT-P-17 b,11.76945,184.3414,0.07985480943738657,110.512,5246.0,0.35,800.0,0.12921035122120011,0.0037205298811359313,0.07159266976543029,545.3284952649552,0.0,1.4303273,2.791428610259024,0.07643740980791706
WASP-17 b,20.96083,247.9074,0.014882032667876589,1292.19,6550.0,0.0,1755.0,0.0,0.0,0.0,574.0851194986025,0.0,3.170795,2.399327548860056,0.07632026267328637
HIP 67851 c,12.7,2204.775659359,1.0725952813067152,0.7091,4840.0,0.3,255.43,0.4075164957716326,0.40736561413163064,0.06074691456963428,9203.13206500203,1.0,1.4271898,2.7838281879415576,0.0762328199526696
HD 156668 c,6.17,,0.1337568058076225,0.1169,4903.69,0.089,166.08,0.331398325143694,0.08696843127936232,0.062448309023862024,131.60124273154432,0.8020535385996563,1.2110233,2.828247555296291,0.07614186105742213
HD 11506 d,12.3,4068.2036096,2.177858439201452,0.0066,6123.0,0.29,77.07,0.16734375715479938,0.003699576782084326,0.0950205695357018,16975.930588770032,0.6239442609519352,3.296196,2.358038132752,0.07599038151185983
HD 145675 c,12.6,2510.8444153,1.252268602540835,0.0018,5338.0,0.52,55.51,0.12290780266177279,0.0008363017900272078,0.07405032857828427,10492.953216580669,0.6157138454415748,4.8878183,2.002567347352576,0.07595962211559121
HD 196067 b,12.4,3623.2438398,1.8874773139745917,0.1596,6072.0,0.56292,176.42,0.2759158917954639,0.09932446629862524,0.09365817171553967,15074.239297326814,0.8650148193504156,3.6636837,2.270105754632773,0.07583885550806693
Kepler-432 b,12.834305,1719.4603,0.809437386569873,97.846,4995.0,0.5134,812.0,0.17253855103697074,0.005738131354783546,0.0648875353956212,7167.850467396109,0.0,2.110484,2.60975534865547,0.07569038395765737
HD 122562 c,10.1,,0.0707803992740472,15.4863,4956.0,0.228,552.02,0.20524553639312254,0.03364456813132523,0.06384570176842383,305.4680122222927,1.09944596e-316,1.0204676,2.852249863784457,0.07568807245991556
HR 8799 e,13.11453,3178.3,1.4047186932849365,0.0201,7400.0,0.15,1150.0,0.24117722767207678,0.014831168782832143,0.12913394240527354,13271.993608386605,0.6470471968007122,2.7980297,2.4561551785537237,0.07567599622522722
Kepler-725 c,3.08,9.7,0.33030852994555354,1.4,5395.0,0.436,268.0,0.42854331300355397,0.3826007004171556,0.07557300849493256,40.42597917482252,0.9869204233620122,1.4318815,2.7577237116520776,0.07561499932029599
HD 83443 c,13.6,476.7426105,0.18874773139745918,0.0123,5442.0,0.76,89.95,0.13454971326550827,0.0052261227681656515,0.07682855158409649,1988.7815156998186,0.6337091123074556,6.2237573,1.6895638795526446,0.07557295947670488
KELT-9 b,21.70058664,915.34581216,0.08911070780399274,44900.0,9270.0,0.0,3921.0,0.0,0.0,0.0,3814.4587779343788,0.0,4.6345763,2.034063163468756,0.07534663091983258
HD 2039 b,12.7,,0.9727767695099819,0.3229,5945.0,0.71,210.84,0.31666579401331674,0.19386124093180201,0.09026553400650157,8346.664613944311,0.9970666706423128,4.5916643,2.0390560364940504,0.07523427609166145
CoRoT-16 b,13.11,170.032,0.07985480943738657,96.1756,5650.0,0.33,1195.53,0.13266869524867902,0.004360670595500103,0.08238499759574036,753.6986927415928,0.0,1.3950124,2.7387292272598933,0.07494443122736949
HD 134606 d,7.59,,0.10217785843920145,0.3082,5576.0,0.092,207.68,0.3610906508017379,0.20086921772975416,0.08040818507236527,187.14177010364313,0.9910684600744907,1.0899091,2.804925103691932,0.07490236524274796
HD 202206 c,12.2,5689.157,3.1215970961887476,0.1866,5766.0,0.22,182.65,0.31814922384268707,0.12840383907430547,0.08548378479456398,23743.511548354345,0.8987069778195043,2.0347276,2.5931735810911554,0.07486593510341207
KOI-351 g,7.718,15.0,0.04938802177858439,3.387,6031.13,0.0292,342.0,0.3708026979787982,0.19853849189400102,0.09256638350159055,95.10964551100382,0.0004481000072979593,1.1556385,2.7872042233781946,0.07482612481996812
HD 73344 c,13.5,,0.04809437386569873,15.9205,6148.0,0.124,562.57,0.20293341091719225,0.032973039753882265,0.09568841160438403,495.6603621645823,0.0,1.3074062,2.7530116058017438,0.07481586946808469
RR Cae b,13.0,,0.6061705989110707,0.0003,3904.0,0.0,35.94,0.0,0.0,0.0,5578.449863324579,0.6131409958195969,4.4361997,2.0560840796235422,0.07480108324088477
Kepler-47 d,7.04,19.02,0.0544464609800363,1.7171,5636.0,0.024,314.44,0.4335884666129495,0.3578209404932853,0.08201100603725901,79.57492584823936,0.9811946728205805,1.112683,2.7951710183105334,0.07478684913070657
HATS-43 b,13.22662,82.95363,0.03466424682395645,192.2328,5099.0,0.173,1003.0,0.10998537755098531,0.0019122812166429447,0.06766575840142591,335.98277062627136,0.0,1.5920109,2.6796664153978473,0.07456921124950902
HIP 5763 b,14.2,,0.05644283121597096,6.2967,4352.0,0.054,440.9,0.2747032753181992,0.09774396442782414,0.047710637388453846,676.9591031527096,8.488027602714534e-33,1.374469,2.7259013728337442,0.07451546666285513
61 Vir d,5.11,,0.17114337568058077,3.5464,5577.0,0.35,382.51,0.3274628550289326,0.16717804169565167,0.08043489875511842,95.65582101030925,6.977052453430835e-05,0.9579089,2.8182736086976785,0.07450720274620652
GJ 328 b,13.3,,0.3375680580762251,0.0049,3897.0,0.227,73.57,0.15002878805558575,0.0025653106813973772,0.03555591173798448,3326.632894209357,0.6210299059799815,3.0527112,2.351866086778057,0.07450228805547482
TOI-1842 b,12.3485023,89.4,0.047186932849364795,354.639,6039.0,0.276,1199.55,0.09674174761726746,0.0009582547894199599,0.09277662018482218,372.1801609126474,0.0,1.6543207,2.663068311792413,0.07450188905766514
K2-280 b,7.5,37.1,0.08711433756805807,69.5,5500.0,0.35,787.0,0.15688394523480065,0.0066365195962025,0.07837794518349692,153.9437416459608,0.0,1.1727203,2.7526707186106294,0.07406848195390428
HD 163607 b,13.9,,0.09255898366606172,20.0716,5522.0,0.7441,587.13,0.156077665819101,0.02095974182255287,0.07896564620395916,1041.241783321959,0.0,4.6262307,1.9805021122273763,0.07398038299672988
Kepler-1656 b,4.574,47.8,0.38656987295825773,24.6,5569.0,0.838,651.0,0.22675958042531472,0.023799944795372494,0.08022118929313848,154.95482172013195,0.0,5.0129776,1.88862137728884,0.07383718655313956
TOI-3362 b,12.80065596,1598.359058803,0.7604355716878404,37.2117,6532.0,0.815,688.0,0.18991229694089923,0.015062780156014416,0.10594646577975293,6681.095957269222,0.0,5.290128,1.82682649585663,0.07383438340109086
KOI-1257 b,10.54,460.83,0.38112522686025413,7.28,5520.0,0.772,511.0,0.2489419698017846,0.07823029786118704,0.0789122188384713,1869.2962632489168,3.7175674458372405e-49,4.4852653,2.0049924388283924,0.07381071389152713
HD 23596 b,12.4,3786.607640998,1.9782214156079856,0.3957,6040.0,0.282,219.49,0.36197234721634686,0.2524540082955905,0.09280333386759505,15798.962340467526,1.0,1.7702913,2.609022205825643,0.07380576960193129
HD 191939 e,13.0,,0.05099818511796734,3.9,5348.0,0.031,390.0,0.32822058147139943,0.16565819571791005,0.07431746540575129,469.32467413000217,5.352917258335104e-07,1.2901354,2.715425335675786,0.07379448236524978
HD 177830 c,7.87,,0.09745916515426498,18.3487,4949.0,0.3,538.95,0.2094224775288229,0.029202156933156705,0.06365870598918767,198.99194329517533,0.0,0.9641554,2.7839092180007405,0.07369427859502092
HD 43197 b,14.2,,0.06116152450090745,0.9377,5508.0,0.742,282.81,0.22907419516452912,0.2571703132118406,0.07859165464547842,733.5537548632257,0.999914295387255,5.2325354,1.824689044294112,0.07346569220562219
HD 75784 c,12.8,,0.852994555353902,0.0808,4867.0,0.489,149.31,0.26072918439731857,0.05422267156941066,0.0614681840038363,7493.15605282695,0.7483574356477621,2.97321,2.3252678760333847,0.07341035363743259
HD 111232 b,12.6,2531.503261755,1.2613430127041743,0.1496,5512.0,0.214,172.05,0.3435442797997368,0.11802473939702973,0.07869850937649031,10568.989109454442,0.8515980464001721,1.5621022,2.6333445143053917,0.07326312102260685
WASP-178 b,20.28829,527.5978,0.06715063520871144,5550.0,9360.0,0.0,2470.0,0.0,0.0,0.0,2348.9569997960884,0.0,4.2229757,2.0378588532424082,0.0731818711583253
HD 30177 b,12.6,2622.08435775,1.3067150635208713,0.0995,5680.0,0.186,148.0,0.3275438436850898,0.08058164434518038,0.08318640807820424,10949.168573823308,0.7780215935369749,1.6505095,2.6093549428101244,0.07315676441426706
HD 45350 b,13.5,,0.23049001814882034,0.375,5566.0,0.778,217.81,0.2588659701772609,0.17396301055864072,0.080141048244888,2375.4289054679984,0.9999999841390883,5.2478685,1.8075853158665771,0.07312815835936803
HD 95089 c,13.1,,0.48638838475499097,1.2174,4918.0,0.284,292.91,0.38584917640656097,0.4148763503719272,0.0628305818239978,4580.21317268955,0.9999999999927041,1.0971396,2.729747612384769,0.07308866140907266
ups And d,12.5,3257.74117175,1.664246823956443,0.5308,6156.77,0.2987,233.9,0.3798520686527087,0.31946720276726476,0.09592269060211268,13615.587489327361,1.0,1.6957664,2.593498448426108,0.07301416097155979
HATS-32 b,14.000041,292.4036,0.10526315789473684,614.5934,5700.0,0.471,1437.0,0.08909007525709392,0.0005444153498980165,0.08372068173315812,1209.9096111140893,0.0,2.2379436,2.470055114067025,0.07294564304086132
GJ 317 b,13.3,794.5,0.3375680580762251,0.0159,3496.0,0.0826,100.32,0.2237151642785,0.011176774833161087,0.024843724955918006,3326.632894209357,0.6398693651409051,2.554978,2.3977076936860655,0.07290151468669456
HD 184010 d,14.3,,0.04882032667876589,3.5509,4971.0,0.0,381.37,0.0,0.0,0.0,597.9947935972665,6.629469139886265e-05,1.4554104,2.6386111140230843,0.07280757280672637
K2-24 c,7.93,16.4,0.03284936479128857,20.0,5726.0,0.0282,591.0,0.25142494450951786,0.03193382512188841,0.08441523748460208,68.61754049261589,0.0,1.3086522,2.6638047398956677,0.07262345912828058
bet Pic c,12.5,2765.1071409,1.411978221415608,1.2305,8038.68,0.307,1250.0,0.3940920210311611,0.4236837083032617,0.1461954373029593,11551.719811010564,1.0,2.4285595,2.4114513148932484,0.07254671966493642
HD 18143 c,12.5,3177.648413186,1.6225045372050817,0.0016,5078.0,0.194,54.55,0.1398685540364144,0.0008535143307520012,0.06710477106372845,13274.084204426019,0.6153708160203826,3.509974,2.1669704410869968,0.07245286509479498
HD 86065 b,12.5,2877.300568571,1.47005444646098,0.0013,4927.56,0.219,52.56,0.13236514749017728,0.0006692153809772009,0.06308596463107403,12026.854816090688,0.6148562612730396,3.64744,2.1296444215475643,0.07228689142105743
HD 140901 c,13.4,572.0911326,0.23774954627949185,0.0057,5610.0,0.77,76.76,0.12039839772045309,0.0023269419999001526,0.08131645028581078,2396.197999207901,0.6224014517457511,6.625455,1.4490282106824244,0.07184695410038908
HD 67087 c,12.9,,0.7150635208711434,0.2327,6330.0,0.76,193.42,0.28435533054594453,0.1376850764473537,0.100550301864593,6429.872528554522,0.9464499772188215,5.254879,1.7498506728740422,0.07174327051040524
HD 37605 b,13.2,,0.37023593466424687,7.8531,5329.0,0.6745,465.76,0.24006134444077223,0.07228826770807141,0.07380990543354676,3566.8838832365113,3.0648147878797913e-60,3.5093899,2.1338874001284918,0.07163405220439377
PDS 70 c,22.19378179,2383.7130525,0.2177858439201452,0.0003,4109.0,0.037,1054.0,0.09911248911053945,0.0001364255531466921,0.041219212480620764,9972.687070209577,0.6131409958197246,4.7156487,1.8572026015760463,0.07143125032458816
TOI-4515 b,12.17,637.0,0.35226860254083486,42.2987,5433.0,0.461,705.0,0.19000777836894434,0.013266303739817888,0.07658812843937007,2659.709965544988,0.0,1.580809,2.548057917691207,0.07126316121829412
CoRoT-20 c,12.2,,2.9764065335753176,0.1759,5880.0,0.6,168.16,0.26155037398289793,0.10093327643942927,0.08852914462786972,22639.162174012283,0.8858184669018279,4.2098017,1.9618902860408576,0.07123671084490409
HD 115404 A c,12.5,3279.671331833,1.6751361161524503,0.0023,5019.17,0.211,61.22,0.14729064619365329,0.0012525584600561403,0.06553320510764646,13704.675302779884,0.6165713926002981,3.3805428,2.1449488572616313,0.0711998075308877
TOI-4582 b,10.53644186,168.44905571,0.14355716878402905,33.7343,5190.0,0.51,614.66,0.1719712799614819,0.01439949072776197,0.07009670353152891,703.3887519625706,0.0,2.052196,2.4390508743360715,0.07116214071422025
Kepler-419 b,10.8,794.5,0.6352087114337568,37.416,6430.0,0.833,613.0,0.19113340216597813,0.014854418705580305,0.10322167013942518,3351.786298109176,0.0,5.365571,1.7009462289274493,0.07114494883071543
bet Pic b,18.49485,2765.1071409,0.4355716878402904,0.0885,8038.68,0.105,1612.0,0.297328049200987,0.06875554937453124,0.14619543730294307,11542.521503275726,0.7606902760179854,2.6132057,2.3131131734469936,0.0711354576391916
Kepler-1514 b,12.419572,1678.1424,0.8747731397459166,3.23,6145.0,0.401,387.9,0.34789831913187946,0.20651867506613833,0.0956082705561616,7019.46377862418,0.0023540924437342138,1.5869083,2.531974999357038,0.07090012886544583
V1298 Tau d,6.53,6.0,0.021778584392014518,85.0,4970.0,0.0087,831.0,0.17556936315185104,0.006033366854515675,0.06421969332689208,25.401408590386765,0.0,1.6873372,2.506625972395958,0.07082621527402269
TOI-2537 c,12.7,,1.117967332123412,0.0389,4870.0,0.287,123.1,0.2530950908141087,0.027930773647589238,0.06154832505208218,9592.435451846446,0.6790008904571003,2.224894,2.3863913099630985,0.07081145213676168
CoRoT-20 b,9.41556,1366.669,1.6098003629764064,180.8704,5880.0,0.59,1024.0,0.15459619525828547,0.002852615911939128,0.08852914462786968,5628.583276218356,0.0,2.8828735,2.2392292773292217,0.07079356353882238
HD 137388 b,9.32,,0.07822141560798548,0.5807,5181.0,0.36,248.42,0.28035659554275344,0.23773800266401351,0.0698562803867886,265.254046381517,0.9988242021044693,1.8487772,2.4672111948149764,0.07074028488719686
HD 101930 b,10.6,,0.06660617059891107,5.4444,5108.0,0.11,417.04,0.277759203235433,0.10786049106102717,0.06790618154616335,332.2926004932122,2.4544717305675052e-21,0.9629502,2.6621696796331986,0.07068638063218557
HD 141399 b,14.3,,0.04882032667876589,9.2321,5600.0,0.04,493.71,0.2678735130964285,0.0692653904419692,0.08104931345832066,597.9947935972665,1.3797803627589544e-91,1.2833939,2.5906247000664027,0.07068074166513509
HIP 35965 b,12.6,2589.983688643,1.2903811252268604,0.0009,4836.0,0.138,48.85,0.1353560587000808,0.0004899397643615194,0.06064005983863914,10812.303966650516,0.6141701696295219,3.6698852,2.0585827212324133,0.07065813419313688
PDS 70 b,21.96960217,1017.0509024,0.0956442831215971,0.0008,4109.0,0.17,1392.0,0.0815820246188062,0.0002726635308782946,0.041219212480618245,4248.290474782741,0.6139986396398923,4.4929676,1.872806769375869,0.07059415604727837
HD 168443 c,12.2,5500.338411542,3.0127041742286753,0.2987,5491.0,0.21,205.47,0.3464010982500495,0.19841907332498893,0.07813752203878178,22915.2495175978,0.9895284524322095,1.8412759,2.4596020480950953,0.07051153703992805
HD 25015 b,12.5,2884.928450339,1.4736842105263157,0.0106,5160.0,0.341,90.69,0.18578967180667122,0.00635760879880904,0.06929529304908923,12056.550753908195,0.6307980974427336,3.031301,2.1923466241084792,0.07045212992658159
TOI-3682 b,12.80065596,69.286592726,0.03284936479128857,1258.0,5703.0,0.22,1657.0,0.07285699843420612,0.00022602373137216802,0.08380082278139384,288.6105890848996,0.0,1.9458107,2.433389019097904,0.07043885067897711
TOI-1669 b,14.1,,0.06787658802177858,0.571,5497.0,0.0,241.72,0.0,0.0,0.0,797.0140009669083,0.9999463284634422,1.5084212,2.5250488050712394,0.0702987380410187
HD 5319 c,13.8,,0.12704174228675136,2.1721,4871.0,0.183,340.67,0.31162989139805286,0.23887182719326913,0.061575038734821355,1398.5316834394496,0.8882739330148336,0.99825495,2.637789922834196,0.070279045044144
HD 45364 b,9.03,,0.08148820326678767,1.3804,5466.0,0.067,301.69,0.3964627349508283,0.37877779964894215,0.07746967997005243,251.3313143413949,0.9987217127222383,0.9435005,2.6419381904558357,0.07008089182863315
HATS-10 b,10.861521,167.17858,0.12704174228675136,836.8558,5880.0,0.501,1407.0,0.08968663084510127,0.000405982318357922,0.0885291446278525,681.8784874265934,0.0,2.2912934,2.337123973459025,0.06996116183884316
HD 99706 b,13.7,,0.15154264972776768,3.9282,4862.0,0.25,391.46,0.27809500608190907,0.14261482081126242,0.06133461559008789,1632.2444004789766,3.4773630104908523e-07,1.0047842,2.619583753370076,0.06986602651084588
TIC 279401253 b,11.2089807,1951.46641898,1.3811252268602543,9.1803,5951.0,0.448,486.37,0.2860208030795649,0.07514929922181009,0.09042581610299592,8147.41862251359,2.734164786323671e-90,1.831485,2.4330969047353403,0.06980437725482183
HD 125271 b,12.4,3465.600949928,1.8130671506352087,0.0021,4703.93,0.165,59.78,0.14897414118555666,0.0011666969530929729,0.05711198375807345,14479.96640195143,0.6162283784008664,3.4325023,2.074077385267256,0.06973767657203725
GJ 3293 c,4.87,,0.18148820326678766,0.17,3466.0,0.11,176.62,0.35960066417447456,0.12727279745119582,0.02404231447346826,87.80593950026588,0.8736511876119604,1.5189095,2.4993946299388483,0.06972382349966147
eps Ind A b,12.7,2065.8846455,1.0054446460980038,0.001,4700.0,0.25,275.0,0.12672418731352836,0.0005068591230263312,0.057006998984869675,8626.963052472292,0.6143416944548706,3.7733083,1.996585254041759,0.06969714287264375
HD 75898 c,12.6,2698.36317543,1.3448275862068966,0.0528,6122.0,0.08,135.2,0.3350130732739534,0.04804653586025939,0.09499385585295125,11268.519323893153,0.7023584729944679,1.8355423,2.4250736415847656,0.06962883846734516
HD 6434 b,14.2,,0.05426497277676951,57.2458,5769.0,0.17,786.83,0.15274360019428282,0.008029172637886484,0.08556392584278374,650.8384946709331,0.0,1.2142575,2.5628659441886277,0.06961706435866755
GJ 9714 b,12.5,2988.540511021,1.5263157894736843,0.0009,4263.0,0.155,47.68,0.12835505792293128,0.0004656357816598969,0.045333119623865444,12487.14185226206,0.6141701696295219,3.9142373,1.9604350464310787,0.06957915586432617
14 Her b,12.5,2828.6728223,1.4446460980036298,0.0873,5338.0,0.3683,147.32,0.2766879007337486,0.061032136187211865,0.07405032857828711,11818.983251368134,0.7587786635430479,2.3508713,2.307091192363703,0.069547641342178
WASP-168 b,16.8135,133.4886,0.029038112522686028,278.886,6000.0,0.0,1340.0,0.0,0.0,0.0,578.1378163423857,0.0,1.9456596,2.387865356177422,0.06931571263933696
HD 128356 b,13.9,,0.10508166969147005,0.4756,4875.0,0.57,232.36,0.24357601164566303,0.19018575982617464,0.06168189346581288,1182.1156716537532,0.9999951755137462,3.3786635,2.0641669017844366,0.06919795134989659
HAT-P-64 b,19.08889413,184.34047606,0.026134301270417423,1611.0,6457.0,0.101,1766.0,0.07004704746648246,0.00017895295527825636,0.1039429395736018,761.4507353817739,0.0,2.4465578,2.2691945518171353,0.06913836701327772
Kepler-46 c,13.5,119.499,0.04845735027223231,7.0957,5155.0,0.0146,455.0,0.30798308200600366,0.0984802073998353,0.06916172463533107,499.4011950865792,7.798031032478014e-46,1.310704,2.5202846179907925,0.0690964673694333
TOI-1294 c,14.3,,0.0500907441016334,6.2779,5718.0,0.0,440.45,0.0,0.0,0.0,613.5559964046303,1.6173650639231466e-32,1.351193,2.509228147088263,0.06904603966054776
HIP 19976 b,4.94,,0.17876588021778586,3.4055,4316.0,0.304,378.1,0.3335586518990429,0.17639922120549495,0.04674894480951986,90.27221269067104,0.00036816527329462467,0.93198806,2.6003341614078668,0.06899204822346298
TOI-942 c,4.67,37.0,0.08672862738601013,59.2488,4969.0,0.32,772.63,0.1765318193971238,0.008354791101814727,0.06419297964415335,37.0,0.0,0.97391576,2.590350973158556,0.06897597486674369
HD 125612 d,12.7,2281.372305446,1.1107078039927405,0.0724,5900.0,0.115,147.48,0.3421248057135905,0.06448477732871236,0.08906341828282824,9530.14690995134,0.7347337869525471,1.6283954,2.440865539153413,0.0688816051342229
HD 27894 d,12.7,2063.659846651,1.0054446460980038,0.0124,4875.0,0.343,95.87,0.1978396802312089,0.007850358360466771,0.06168189346582267,8626.963052472292,0.6338803656902503,2.864698,2.1609448050377438,0.06876386609135025
WASP-127 b,14.694999,52.346601,0.017604355716878402,703.971,5620.0,0.0,1400.0,0.0,0.0,0.0,234.00084585571167,0.0,2.4440737,2.2520928704612952,0.06870312456615475
HD 175541 b,14.1,,0.0676950998185118,9.0363,5013.0,0.11,501.11,0.24139987987467337,0.06395912497250088,0.06536838168507597,794.8829474883871,9.843170737852463e-87,1.0683398,2.5504527649576403,0.06851042897476309
HD 11977 b,12.7,,1.012704174228675,18.5126,4970.0,0.4,547.97,0.2561245478621587,0.03768195070750651,0.06421969332691416,8689.251594367397,0.0,1.4354062,2.464595460452913,0.06840774937812436
HD 191806 b,12.5,2966.610350938,1.515426497277677,0.2951,6010.0,0.213,206.98,0.3773572290107628,0.21605387373921028,0.092001923385144,12398.054038809538,0.9880163428746233,1.5001824,2.4496155810170843,0.06839385392518918
HD 132406 b,12.8,1887.90073758,0.8983666061705989,0.4641,5766.0,0.25,228.73,0.40487354650627266,0.3146660208169823,0.08548378479455615,7891.728183296469,0.9999999999999987,1.264093,2.4968974928994045,0.06826415557040078
HD 192263 b,14.2,,0.062068965517241385,15.0597,4976.0,0.05,486.0,0.24526656316045242,0.04223226858951264,0.06437997542338889,744.4373417306325,5.1791282663686046e-297,1.0964758,2.5297796094925196,0.0681551413889756
HD 55696 b,12.9,1357.12729789,0.6297640653357532,0.2662,6012.0,0.705,200.43,0.2919466601263395,0.15560074797613738,0.09205535075063415,5662.857277686343,0.9723010891382299,4.5016336,1.7713024616997441,0.0681392859928916
HD 29985 b,12.8,1739.474871511,0.8275862068965517,0.0008,4678.0,0.261,46.73,0.11769468143360173,0.000383572688636994,0.05641929796440618,7269.955659764019,0.6139986435741819,3.883018,1.9059172966959324,0.06806382082828727
HD 104067 b,9.2,,0.079491833030853,4.2965,4952.0,0.123,407.83,0.2994146127013713,0.13808128182276241,0.06373884703743077,259.2833343265518,6.882495031730869e-10,0.8459749,2.5813315162227846,0.06805164009966953
TOI-2202 c,13.4,117.278682183,0.048638838475499095,16.431,5144.0,0.0622,560.61,0.22599151787272106,0.0357780506793809,0.0688678741251003,490.21455250970797,0.0,1.2105441,2.497802409439006,0.06799265672272595
HD 115954 b,12.6,2685.65003915,1.339382940108893,0.064,5957.0,0.487,144.9,0.25056327233698206,0.04241178145711976,0.0905860981994824,11222.89778816889,0.7209510758236471,3.181748,2.0525678990101572,0.06783157738532791
HD 169830 c,12.6,2437.426053283,1.2159709618874774,0.4856,6300.0,0.246,241.03,0.4024320310817619,0.3219057192751312,0.09974889138214882,10188.809645085577,1.0,1.4356171,2.4397292061775717,0.06779587045970215
Kepler-1115 b,1.7,,0.7168784029038113,516.101,8480.0,0.0,1381.0,0.0,0.0,0.0,14.753017929338723,0.0,1.8481792,2.3465624778815033,0.06776261158232864
HD 45652 b,14.3,,0.04700544464609801,11.2332,5294.0,0.607,508.4,0.15793677174183363,0.034717212223438286,0.07287492653734352,575.764503872461,7.980235726629622e-149,3.703891,1.9296000528497617,0.06766486061477252
HD 3651 b,10.1,,0.07005444646098004,6.1123,5221.0,0.645,432.84,0.1997379177062454,0.07059354272897303,0.0709248276967207,302.33500696873074,4.189315563074004e-30,3.6551597,1.9372527772610781,0.06758615052964016
WASP-8 c,12.5,,1.5335753176043556,0.0314,5690.0,0.0,116.99,0.0,0.0,0.0,12546.533727897075,0.6662942827798407,2.0692153,2.2829321979886337,0.06740667473929851
HD 190228 b,12.9,1598.67688721,0.7422867513611615,0.8598,5360.0,0.559,267.99,0.36331159095846455,0.3995157401762114,0.07463802959874692,6674.66462989543,0.9999999999999762,2.8107097,2.1178250207364817,0.06740460223199443
HD 4732 c,13.1,,0.47368421052631576,0.5881,4898.0,0.187,243.69,0.39937867062099486,0.35846022306915115,0.062296308169031436,4460.580739074524,0.9999999999896709,0.98253316,2.52280004558648,0.06735790016605789
HIP 98599 b,12.7,2177.12458795,1.05989110707804,0.1724,5978.0,0.169,171.08,0.3745362221386604,0.14413488416464623,0.09114708553719558,9094.127116685591,0.8814675941382927,1.4155475,2.4208611367072046,0.0672205933083343
HD 81040 b,12.6,2301.07766668,1.147005444646098,0.2213,5755.0,0.525,189.77,0.3140505298787877,0.14602702689443642,0.08518993428432613,9610.936859244903,0.9358924059687428,2.9946866,2.0686418852048085,0.06720150187774161
HD 12235 c,12.5,3135.695063462,1.6007259528130673,0.0076,5986.0,0.174,82.22,0.19686434685726661,0.004964916083071655,0.09136079499918293,13095.908577520973,0.6256582146326345,2.7359762,2.126140963037863,0.06719957616817619
HD 183263 c,12.5,2958.98246917,1.5099818511796734,0.057,5948.0,0.051,134.6,0.36169307133644174,0.055300880033392785,0.09034567505474851,12353.510132083276,0.7093572504623998,1.832078,2.320186123801278,0.06702400310306618
HD 24040 c,9.35,,0.07785843920145191,1.1163,5776.49,0.11,287.75,0.37020807971782665,0.39409157998133193,0.08576401132656898,266.58096470362284,0.9988320486278682,1.0492954,2.4891674640045434,0.0668950508114993
HD 66428 b,12.4,3478.949743022,1.8148820326678767,0.1082,5716.0,0.471,159.02,0.26907649862524374,0.0706653544849625,0.08414810065714516,14494.460862814245,0.7914655227426631,3.0111947,2.051257721952921,0.0668635009927927
TOI-3984 A b,7.9,44.0,0.08892921960072596,16.7,3476.0,0.23,563.0,0.21136147247511788,0.03234602979746516,0.024309451300950517,183.65990881144498,0.0,1.3355901,2.4198460724442086,0.06675686536536247
HD 127506 b,5.67,,0.14954627949183302,2.6404,4595.32,0.24,354.8,0.34575029199959584,0.21900191991115112,0.05421061067477259,114.18614176425979,0.19313953511210075,0.7496611,2.548303237413914,0.06670893602683138
HD 94834 b,13.7,,0.15535390199637023,1.3107,4798.0,0.14,286.45,0.36092461107339324,0.37069810961864735,0.05962493989419676,1673.2948584550945,0.9999996371773359,0.95388633,2.50129013310822,0.06667043211405677
HD 129445 b,13.3,797.74930157,0.3375680580762251,0.1462,5646.0,0.7,173.36,0.24197451182307314,0.08127155642090893,0.0822781428647535,3326.632894209357,0.8469295527727849,4.556864,1.6992122182793896,0.06666505297765196
TOI-1135 b,9.91994792,58.798255295,0.02722323049001815,310.0,6320.0,0.062,1171.0,0.12040649357202687,0.0013175220382488988,0.10028316503708552,111.31570618563195,0.0,1.7413626,2.3220653051563853,0.06657260167225483
TOI-3664 b,13.69737442,114.41822652,0.045009074410163344,349.544,5593.0,0.159,1232.0,0.10457496174636957,0.0010573077998762422,0.080862317679084,484.50768901036065,0.0,1.4142596,2.3940549809313616,0.06655266577080915
HD 214823 b,12.1,5914.78665427,3.3212341197822144,0.4586,6215.0,0.161,243.9,0.38117946387582297,0.2904429733071866,0.09747822834855124,24645.87327783357,1.0,1.8062365,2.301600231096332,0.06642401432274464
HD 87816 c,12.4,,2.0326678765880217,0.4396,4989.0,0.19,226.65,0.3898218623939399,0.29187396685064465,0.06472725329913369,16233.79616635195,1.0,1.4822592,2.372312491346751,0.0663897357085082
HD 33564 b,12.5,,1.4773139745916517,2.8331,6250.0,0.34,344.43,0.35469616880627586,0.23021308221526043,0.09841320724473669,12086.246691725706,0.06227330476267982,1.5218725,2.357008232752248,0.06622978117521056
TOI-1338 c,10.3,75.4,0.06878402903811252,3.3833,5723.2,0.037,354.89,0.36450306919050857,0.20039652132252303,0.08434043917291223,314.8385434493702,0.00047368403334270505,0.9897469,2.474569842226983,0.06620844463759173
HD 168863 b,12.7,2154.87659946,1.0490018148820328,0.0026,4905.0,0.187,63.01,0.16191265274959604,0.0015489968946615453,0.06248330394827109,9000.694303842933,0.6170859016816201,3.0923908,2.002160179100839,0.06609858099474025
HD 106252 b,12.5,3178.28407,1.6225045372050817,0.1884,5874.0,0.48,178.13,0.2989809502840651,0.12262623924189996,0.08836886253137576,13274.084204426019,0.9008124145478633,2.8720891,2.0497236940698276,0.06606244833905743
TIC 365102760 b,6.21,19.2,0.07931034482758621,1316.4951,4900.0,0.406,1676.12,0.08519378587956888,0.00024374290037723707,0.062349735534522006,79.55972035506352,0.0,1.7983795,2.2880044350208775,0.06604572355370635
KOI-134 c,9.86,69.92224954,0.07277676950998185,79.051,6160.0,0.24,798.82,0.15104789385835968,0.005797885202059793,0.09600897579736836,292.2214745635149,0.0,1.0523107,2.453692145247785,0.06603700992261596
TOI-216.02,8.0,18.751876013,0.061705989110707814,25.9,5026.0,0.16,628.0,0.2021711651619397,0.02073866260463249,0.06571565956080365,132.33840269495735,0.0,0.8512138,2.4980968098166567,0.06602837137284356
HD 9446 b,14.0,,0.0809437386569873,30.7942,5793.0,0.2,642.55,0.18083023145011448,0.016619143917483384,0.08620505422874558,930.3705959314881,0.0,1.0064875,2.4605058274273985,0.0659535705326175
HD 205158 b,13.9,,0.04627949183303086,143.454,6133.55,0.145,963.25,0.12692820648388786,0.0028976051684393,0.0953023988886723,520.6208916609795,0.0,1.3802295,2.3764396105224064,0.06593167473773592
GJ 317 c,13.6,,0.18021778584392015,0.0008,3496.0,0.217,47.67,0.09365856074964174,0.0003052088223763454,0.024843724955916198,1898.9038895095382,0.6139985680305018,4.297923,1.7263369068640677,0.06591303255083616
70 Vir b,12.6,2380.45,1.1869328493647913,12.2183,5495.0,0.3988,525.24,0.27576219676585656,0.057676161812338235,0.07824437676977128,9945.494787889504,4.120058510821749e-182,1.4739023,2.353289610287143,0.06587490645250943
TOI-5110 b,11.98240037,921.7023803,0.5353901996370236,15.1027,6160.0,0.745,976.0,0.22419466918248254,0.03884773323160822,0.09600897579738332,3858.2512573340723,5.754335928723295e-299,4.2718453,1.725334903582631,0.06574524887889244
Kepler-129 d,12.6,,1.3157894736842106,0.1818,5770.0,0.15,178.86,0.37903765749313556,0.15152559393195528,0.08559063952555136,11025.20446669708,0.8930033381345739,1.4254961,2.3580494503543323,0.06572666107009453
HD 164922 b,13.3,,0.04918330308529946,0.1578,5390.0,0.08,159.4,0.26015454320517056,0.09081388202106963,0.07543944008117755,484.68683566168585,0.8622590605539848,1.9776952,2.2322448040223057,0.0656549165383607
HD 105618 b,5.44,,0.15753176043557168,182.6347,5671.0,0.455,1023.19,0.1452169970265764,0.002511809909289345,0.0829459849334597,106.23152957707342,0.0,1.4754794,2.3411619573874347,0.06558457228578758
TOI-6628 b,10.98480109,235.19302118,0.17785843920145192,20.0861,5463.0,0.67,833.0,0.1865589068287649,0.024780687135588293,0.07738953892181423,987.5058517486242,0.0,3.4221165,1.906412818140417,0.06554720199624148
HIP 8923 b,12.5,3171.92750186,1.618874773139746,0.0539,5980.0,0.011,136.48,0.3900942664870078,0.0567932328919752,0.09120051290269447,13244.388266608512,0.7041943891406794,1.9233929,2.239056221502267,0.06552489942505546
WASP-174 b,16.10730527,104.88337431,0.024500907441016337,901.9,6399.0,0.0,1528.0,0.0,0.0,0.0,428.8836080745705,0.0,2.323453,2.1463173586797217,0.06543359369111201
HD 171238 b,12.5,2796.8899816,1.428312159709619,0.0989,5467.0,0.358,166.96,0.28570276346647505,0.0699215646519994,0.07749639365281749,11685.351531189348,0.7770855435620582,2.2542195,2.160884789338196,0.06541286530684984
HD 194490 b,12.4,3561.902957249,1.869328493647913,0.0114,5861.32,0.251,90.87,0.1961701697982614,0.007128973494017705,0.08803013303412659,14929.294688698672,0.6321681627043144,2.7964149,2.035650999897369,0.06530030633946314
KELT-6 b,14.5717,165.2716,0.049001814882032674,718.188,6102.0,0.22,1313.0,0.08554159636295536,0.00045082971644568417,0.09445958219796532,635.0843912521105,0.0,1.6578658,2.2867934674587604,0.06524491009340136
WASP-117 b,11.88154,95.349,0.06252268602540835,706.3929,6040.0,0.3,1001.0,0.0881666976309792,0.00046548093829748365,0.09280333386757346,439.2830438370671,0.0,1.603759,2.2947543399666643,0.0651443037631054
HD 16175 b,12.8,1875.1876013,0.8911070780399275,0.7164,5981.0,0.6,259.78,0.360258537185153,0.3605818981688102,0.09122722658544011,7827.956642421346,0.9999999999999987,3.2918334,1.9148114837729273,0.06503942978129297
7 CMa c,13.9,,0.1027223230490018,2.4917,4826.0,0.08,350.0,0.3393959141476141,0.237830774099202,0.06037292301114712,1155.5742144318208,0.38019114110202945,0.9913124,2.4260648822701585,0.06502122521846844
HD 1605 b,13.8,,0.11270417422867514,2.9004,4915.0,0.095,362.48,0.32906775666161986,0.20835876853049648,0.06275044077574574,1240.6973934512832,0.039051109900206285,0.9082465,2.4439596707075606,0.06500663242525105
bet Pic d,14.12331568,762.7881768,0.27041742286751363,0.0133,8038.68,0.44,600.0,0.1553219438325706,0.006579499194904837,0.14619543730293552,3191.0475682763563,0.6354209659041293,4.2858915,1.6907051085023244,0.06496857589694481
HD 1666 b,12.7,,0.9927404718693285,6.0778,6317.0,0.63,436.47,0.28934786166090526,0.10757021139375245,0.10020302398887002,8517.958104155854,1.2984306420940104e-29,3.33559,1.9010250684572396,0.06493962873025384
Kepler-35 b,8.16,40.363,0.07441016333938294,2.5804,5606.0,0.042,352.89,0.39377155121038043,0.2563294721267674,0.08120959555481291,169.35239522151537,0.2589827589106644,0.8724452,2.449011077362373,0.06493473514586787
HD 154391 b,12.5,2892.2385037,1.4773139745916517,0.685,4909.0,0.2,253.57,0.42440854682217527,0.41465167506213746,0.06259015867926838,12086.246691725706,1.0,1.2481835,2.3598271199253302,0.06479762233476768
HD 126525 b,10.3,,0.06878402903811252,0.2701,5638.0,0.035,198.47,0.3616084576519887,0.18649858062526767,0.08206443340275638,314.8385434493702,0.9739156946693595,1.4847729,2.305317736599453,0.06475188355976381
HD 30562 b,13.6,467.20775829,0.18511796733212343,0.5147,5882.0,0.76,235.27,0.2622109124457252,0.2149829073672977,0.08858257199334738,1950.535717320976,0.9999999018191356,5.0429926,1.5120791409303207,0.06471884872007254
GJ 514 b,2.13,,0.5372050816696915,0.28,3728.0,0.45,202.0,0.4055307150638285,0.19954439718963546,0.031041299353524482,21.745406561079005,0.957358945793002,2.3878696,2.1000231067308017,0.06464572199383303
Kepler-37 b,0.3098,0.79,25.40834845735027,44.5,5357.0,0.098,718.0,0.21327092328085656,0.01256634823825443,0.0,3.1645305043901297,0.0,4.564907,1.613573029896241,0.06459789120105663
55 Cnc f,7.59,44.812,0.10217785843920145,0.9879,5198.0,0.063,277.07,0.44283928541378503,0.48912595938469294,0.07031041299351146,187.14177010364313,0.9980192590342113,0.831528,2.4400495615995843,0.06448930253910083
HD 89744 b,12.6,,1.3230490018148822,7.4311,6291.0,0.677,462.62,0.2680796804296745,0.08466708415713446,0.09950846823741671,11086.033180996099,5.737571261935128e-52,3.8809834,1.7603601615308757,0.06446418924030534
TOI-4427 b,13.09208946,87.720640332,0.038838475499092556,195.0,5347.0,0.074,1040.0,0.13083092213720132,0.0022435338659950025,0.0742907517230029,365.0712867089048,0.0,1.3959191,2.312428980193079,0.06443968372460515
TIC 393818343 b,12.18416202,1379.37528638,0.7658802177858439,2.28,5756.0,0.6058,805.5,0.3362236306459231,0.25087198792891574,0.08521664796707308,5802.784705786554,0.73081129421994,3.0362203,1.9456391593258655,0.06439695797895145
HD 181433 d,13.2,858.1366989,0.3720508166969147,0.0077,4918.0,0.444,81.19,0.1507383340016017,0.003860231210793765,0.06283058182399426,3584.368608154337,0.6258295932665521,3.485929,1.8442382739177692,0.0643645135630628
HD 142022 A b,12.9,1433.40611557,0.6660617059891107,0.1176,5421.0,0.53,155.74,0.2698916260834534,0.07639949494399398,0.0762675642463913,5989.246746140887,0.8057038465812011,3.0608163,1.937457027628102,0.0643301935148757
OGLE-TR-132 b,13.45,375.02,0.1542649727767695,2550.8364,6210.0,0.6,2013.0,0.06855085688650761,0.00011425453995657622,0.0973446599347917,1572.2542928120345,0.0,3.4020085,1.8605137454610359,0.06430531046514051
TOI-4127 b,12.07,743.71847238,0.3938294010889292,22.3,6096.0,0.7484,556.0,0.19941560899035346,0.02456704335255958,0.09429930010149033,2900.805128666681,0.0,4.2688675,1.6672070109351582,0.06429586336902726
TOI-4562 b,12.53,732.0,0.3738656987295826,3.2011,6096.0,0.76,318.0,0.2760456020981968,0.1637326922876827,0.09429930010148867,3080.7569989899534,0.00311799584628278,4.5914326,1.5941715061579358,0.06426511672346
HD 11505 b,12.6,2510.526586893,1.252268602540835,0.0035,5757.15,0.144,67.46,0.18000529879389474,0.0022434987054229297,0.08524736870223305,10492.953216580669,0.6186293339225837,2.9180746,1.9636241324046946,0.06419211722365267
HD 147018 c,12.7,,1.012704174228675,0.1927,5441.0,0.133,183.28,0.39924900419005976,0.16767255679146084,0.07680183790136001,8689.251594367397,0.9057670184840766,1.2772758,2.3218891426590047,0.06402194592615307
HD 144899 b,4.77,,0.1869328493647913,58.843,6126.0,0.821,770.87,0.1698191144665312,0.00815281389644203,0.09510071058393395,84.9824744319953,0.0,4.9623723,1.493934947105397,0.06382919286874958
HD 136418 b,13.3,,0.2885662431941924,4.0863,4989.0,0.25,411.81,0.30990786500419953,0.1550535174691766,0.06472725329912465,2843.7345708563853,2.745848079777621e-08,0.81118315,2.412873721970169,0.06370770101072663
GJ 96 b,4.67,,0.19237749546279492,1.0486,3785.0,0.44,257.81,0.3644865331466031,0.38928031548688824,0.03256397927017506,82.07171664833226,0.994110140866735,2.010024,2.144360443618226,0.0636656536934005
TOI-2257 b,2.194,,0.515426497277677,0.6703,3430.0,0.496,256.0,0.44053531260948686,0.3795937239082588,0.023080621894531767,22.80159461726745,0.9772260769744017,2.6488953,1.9974367694290127,0.06354879964975832
HD 154672 b,12.8,,0.8112522686025408,5.0225,5743.0,0.61,410.76,0.29647992781753796,0.12735453570884547,0.08486937009134607,7126.469692794993,1.3489634570010742e-16,3.009666,1.9152513896237389,0.06350210202138123
HD 135872 b,12.8,1744.560126023,0.8294010889292197,0.4969,4992.0,0.164,233.64,0.4314435612132797,0.3511508822329093,0.06480739434737405,7285.8985449828015,0.9999999999999951,1.046141,2.347366189717852,0.06338186931774992
HD 11112 b,12.6,2598.565055632,1.295825771324864,0.0133,5905.64,0.285,94.51,0.20569571971779566,0.008633841392410337,0.08921408345352866,10857.92550237478,0.635420966732946,2.6784043,1.9839503781144023,0.06337822369918071
HD 72892 b,12.8,,0.8257713248638838,26.9314,5688.0,0.419,634.46,0.2348192156145988,0.02475100071461282,0.08340011754019082,7254.012774545238,0.0,1.4530032,2.2564652262576943,0.0633731943556067
WASP-20 b,15.46839337,98.841,0.028401270417422866,259.864,5940.0,0.0,1362.0,0.0,0.0,0.0,440.313498763777,0.0,1.8948767,2.1577943136826447,0.06336506209203374
HIP 5158 b,13.6,,0.17876588021778586,0.1389,4962.0,0.52,219.65,0.22547668492295403,0.07258899898640485,0.0640059838649167,1883.6055701580012,0.8367307275851351,3.069097,1.8910204934093824,0.06323081173992876
HIP 65407 c,13.9,,0.09255898366606172,6.5252,5460.0,0.12,457.04,0.2700064780034307,0.09315080306897322,0.07730939787356442,1041.241783321959,2.673296705516725e-36,0.88585746,2.375350174676242,0.06319233718442896
HD 142 c,12.4,3464.647464707,1.8130671506352087,0.031,6245.0,0.277,116.56,0.233727096936063,0.02091199976906271,0.0982796388309937,14479.96640195143,0.6656149026014822,2.5353036,2.002107358268341,0.06304070044693699
HD 88072 b,12.6,2511.797900521,1.252268602540835,0.0056,5785.33,0.156,76.03,0.19488323499752094,0.003728435835992054,0.08600016028208035,10492.953216580669,0.6222300246858807,2.7126644,1.9625325149062876,0.063038176374417
WASP-79 b,17.14974047,270.15414595,0.023593466424682397,1645.9887,6600.0,0.0,1716.2,0.0,0.0,0.0,498.48606156978116,0.0,2.572594,1.992724279709637,0.06301397759681285
HD 106270 b,12.4,3623.2438398,1.8874773139745917,0.511,5509.0,0.185,237.07,0.4079787763478437,0.3346004190417816,0.07861836832824859,15074.239297326814,1.0,1.365751,2.2603748975989415,0.06299085351396229
HATS-59 c,12.3,,2.159709618874773,0.159,5670.0,0.083,175.9,0.3868725542995814,0.1384585408404909,0.0829192712507248,16834.464500530277,0.8642233816658355,1.654432,2.1957068714500587,0.06298048204071208
TOI-1338 b,7.661,11.3,0.1016333938294011,0.9938,5723.2,0.0331,254.65,0.4903614429988223,0.5418367604872969,0.08434043917291444,191.41740507441511,0.99810961263672,0.8567481,2.3643322359858026,0.06276099341874267
HD 211810 b,14.0,,0.07731397459165154,0.1665,5652.0,0.68,177.77,0.19171941751466615,0.07042063670493005,0.0824384249612331,888.6499414054124,0.8739628115301507,4.823524,1.4749675436093703,0.06259976312061391
XO-2 S b,10.9,,0.06370235934664246,41.519,5325.0,0.15,706.59,0.1786500338210105,0.012324109004039489,0.07370305070254338,345.5601236533802,0.0,0.914214,2.34344173995626,0.06256127228795158
HD 114082 b,11.2089807,2542.627256,1.8003629764065336,14.6733,6651.0,0.395,547.7,0.257225813992214,0.04557304479771691,0.10912539402680689,10620.550950766728,9.715227289974852e-280,1.8009374,2.1416958725334356,0.062452763708779654
TOI-2295 c,12.8,,0.8475499092558983,0.5059,5730.0,0.194,234.9,0.4264450218338609,0.34945787890855506,0.08452209221561716,7445.327397170608,0.9999999999999967,1.0849897,2.2935199580745547,0.062267531484473906
TOI-2328 b,9.97599282,50.85254512,0.05263157894736842,20.0982,5525.0,0.057,842.0,0.23810233822490948,0.03088003762523,0.07904578725219986,218.8786452794717,0.0,0.98192805,2.3134042981306817,0.06219227704239044
WASP-94 A b,17.71022,158.915,0.021415607985480943,1009.38,6170.0,0.0,1604.0,0.0,0.0,0.0,498.29999878715165,0.0,2.4863076,1.9772401653343332,0.06215881402666431
HIP 48714 b,5.11,,0.17114337568058077,5.5708,4015.5,0.5,446.47,0.2739706574350828,0.10090465345307345,0.03872148314365721,95.65582101030925,7.043600660454428e-23,2.1029513,2.0622278324621566,0.06215067653157378
HIP 71135 b,4.55,,0.19963702359346644,1.1013,4146.0,0.21,285.11,0.42614120608720896,0.44259989346012407,0.042207618742309785,78.77055140091183,0.9938446036699915,0.84727,2.3409313764341397,0.06213208054287229
TIC 139270665 c,12.9,,0.7223230490018149,0.21,5844.0,0.566,200.0,0.2989446711683913,0.1337044668430511,0.0875674520489213,6495.1504222454305,0.9245945147601766,3.2267258,1.810310906844973,0.062105916555840884
TOI-199 b,9.07927437,54.03082919,0.07205081669691471,8.5419,5255.0,0.09,325.0,0.2782198473459791,0.07451714245875721,0.07183309291016296,225.88164321555152,4.509284347494714e-75,0.7834427,2.3484286374021224,0.06196671059228104
HAT-P-44 c,13.0,,0.5771324863883848,0.2084,5295.0,0.494,187.92,0.2955653454567015,0.13156640053950064,0.07290164022010548,5311.218732147355,0.922929674212878,2.6088512,1.939348961749441,0.06189703132004533
GJ 3138 d,3.23,,0.3103448275862069,0.1,3717.0,0.32,151.7,0.3162345793657445,0.07106356896892757,0.03074744884329165,43.80671505347891,0.7694309613051753,1.9254192,2.090010100816643,0.061861533670920434
HD 11964 b,14.1,,0.07041742286751361,0.2882,5303.0,0.041,203.93,0.3365881329666297,0.18684889575826705,0.07311534968207914,826.8487496662043,0.984795741694488,1.6112874,2.1598299610517215,0.061859273923810555
HD 33142 c,13.9,,0.10508166969147005,2.619,5025.4,0.081,353.91,0.33914698503239027,0.22975215820126074,0.06569963135115683,1182.1156716537532,0.21596286130196762,0.94252074,2.3072807550199217,0.06182509450494175
KELT-20 b,19.514869,1074.90106,0.14627949183303088,4362.5,8720.0,0.0,2262.0,0.0,0.0,0.0,4553.747786026973,0.0,3.0396,1.8393675958231759,0.0617955540613188
HD 96167 b,14.0,,0.08275862068965519,2.0941,5733.0,0.685,333.63,0.22862723808515883,0.17761501754772724,0.08460223326384667,951.2309231945261,0.9651820859303706,4.278756,1.5623592341960009,0.061765273038311065
24 Sex c,13.9,,0.10145190562613432,3.3719,5098.0,0.29,377.31,0.25852604221893916,0.14716217556429775,0.0676390447186828,1141.2826605430885,0.0005375738052523137,1.3041627,2.2232189857021694,0.06173691856252379
Kepler-245 b,2.57,146.78,0.021778584392014518,77.749,5100.0,0.0,753.0,0.0,0.0,0.0,1.5485228796073092,0.0,1.6489716,2.142483774184187,0.06163839456852272
TOI-1994 b,13.67495645,7024.0077947,2.722323049001815,1910.26,7700.0,0.341,2290.0,0.09068966304530628,0.00020057716081001538,0.13714804722978033,29161.249273071604,0.0,2.7832525,1.884733962822069,0.061507479650956424
NGTS-35 b,10.9,152.0,0.11705989110707805,9.8437,4717.0,0.192,451.0,0.24781462162149842,0.060468964997173344,0.057461131591584357,635.0036460297158,1.3258324505218583e-107,0.7767954,2.3305270549121806,0.06148890536607026
HD 143811 AB b,15.69257298,1938.7532827,0.5009074410163339,0.0011,6791.0,0.19,1042.0,0.12116011011171801,0.000534024970464618,0.11286530961154974,8108.276753283747,0.6145132180224254,3.7597942,1.6630801310691417,0.061400981309465634
HAT-P-70 b,20.96083,2154.8874,0.279491833030853,5405.6,8450.0,0.0,2562.0,0.0,0.0,0.0,10781.59858570546,0.0,2.727225,1.8914759268328594,0.06136628524671127
TOI-2147 b,10.5,116.0,0.09981851179673322,68.2928,5983.0,0.29,820.0,0.15768777129467793,0.006964431964480317,0.09128065395092323,484.0247810251752,0.0,1.0268029,2.2639794295338875,0.061220004831361675
Kepler-9 c,8.08,29.9,0.056261343012704176,18.903,5774.0,0.06691,523.0,0.24818322781693736,0.03338926882446017,0.08569749425652479,124.31764846133925,0.0,0.86691886,2.2979273527783555,0.06117969553177793
Kepler-426 b,12.22,108.06,0.047186932849364795,410.723,5725.0,0.18,1300.0,0.1022815927595649,0.0008842761455680583,0.0843885238018589,360.68159051877,0.0,1.373136,2.1841430699178703,0.06115200427643052
HD 184010 c,11.8,,0.05789473684210527,7.3558,4971.0,0.0,457.53,0.0,0.0,0.0,398.4498938171397,1.4773942013322917e-50,1.1409066,2.2334316667851137,0.06109295520768338
HAT-P-18 b,11.153,62.61,0.045372050816696916,82.2407,4803.0,0.084,852.0,0.15953803218608792,0.0059515912760639165,0.059758508307933236,263.6647827629673,0.0,1.1953161,2.2211741146880186,0.061089295072240514
TOI-6448 b,8.47398941,,0.08856624319419237,28.1152,5910.0,0.2,745.0,0.20472039560914182,0.019639041517985956,0.08933055511029636,225.7462700100905,0.0,0.7295071,2.3242504034462623,0.06107470735563479
HIP 109384 b,13.5,,0.20145190562613433,0.3732,5180.0,0.549,213.83,0.26880460985376425,0.18018675367959677,0.0698295667040458,2076.1622717082505,0.9999999461975786,2.9688568,1.8245786379994138,0.061042809626387376
HD 95544 b,12.8,1913.644838547,0.9092558983666061,0.1,5722.0,0.049,156.5,0.4175805495540822,0.10340467808997887,0.0843083827536303,7987.385494609152,0.778800783071404,1.4302391,2.164285823762499,0.06097576503284087
TOI-4994 b,8.54124329,88.99195396,0.1415607985480944,40.0,5640.0,0.319,717.6,0.19025315208136756,0.013426482915375905,0.08211786076826103,369.4833654805058,0.0,0.85569346,2.2919428061192844,0.06097056627610079
Kepler-56 d,12.8,,0.8475499092558983,1.7204,4819.44,0.2,324.75,0.42400607585593486,0.37938470210222247,0.06019768125232853,7445.327397170608,0.9999999999999967,0.8960099,2.2792899054261033,0.06087983502569649
HR 2562 b,12.44199,6992.224954,0.8666769351004509,0.0069,6597.0,0.34,1255.0,0.17530592146299842,0.004070833516218121,0.10768285515838688,6992.224954,0.6244584780110293,3.211472,1.7588432380539518,0.060753372661930836
Kepler-108 b,8.65,,0.08620689655172414,47.4,5854.0,0.22,669.0,0.1803057692519643,0.010869149469610265,0.08783458887639213,233.7108863443532,0.0,0.7846959,2.297083683300315,0.060707762679383714
HD 17156 b,12.26262489,1036.12060682,0.558983666061706,68.8,6046.0,0.6772,888.0,0.17089567208089043,0.007739914593393561,0.09296361596407889,4317.556778729128,0.0,3.4989471,1.691704125358425,0.06067546501532952
GJ 229 A c,2.87,,0.36116152450090744,0.1899,3564.0,0.366,188.1,0.35737176212764477,0.1338675733191182,0.026660255382802738,35.763151055483824,0.8891156317033079,2.030263,2.016691006884457,0.06062922166818236
KOI-13 b,16.948008,2949.4624,0.6533575317604357,25339.901,7650.0,0.00064,2550.0,0.05357949010023821,1.1357415029246118e-05,0.13581236309235253,13322.799504042812,0.0,2.3963172,1.9332656186298713,0.06058094297438648
HD 111591 b,12.9,,0.6497277676950999,6.0912,4884.0,0.26,422.08,0.3233521665894222,0.12006088417833063,0.06192231661055785,5842.371485336343,8.380294271608648e-30,0.8169764,2.280263912131701,0.060470213037954704
TOI-4406 b,11.2089807,95.3485221,0.06751361161524501,58.0054,6219.0,0.15,904.0,0.16842885504941646,0.008629657294092624,0.09758508307951669,398.2706606537523,0.0,0.9848877,2.2413987335481727,0.0604333383066009
16 Cyg B b,13.5,,0.22867513611615245,0.454,5750.0,0.68,228.76,0.27360748071082014,0.20790714302652652,0.08505636587057411,2356.724740858014,0.99999998292083,4.1136866,1.5423621534140752,0.06036658760019685
HD 14787 b,13.7,,0.13811252268602542,4.5099,4946.0,0.155,409.43,0.2927629085056651,0.13532188769524126,0.06357856494094412,1487.5904057059897,1.1388774644157938e-11,0.80480134,2.2761587000033763,0.06030220442980971
HD 140901 b,4.07,,0.23049001814882034,109.3426,5610.0,0.472,904.37,0.17833331127898952,0.004841534197614651,0.08131645028581602,65.09145193886319,0.0,1.4232333,2.1342936170217923,0.06019791818260054
HD 34445 f,6.88,,0.11615245009074411,0.8442,5836.0,0.031,266.14,0.5075887072498049,0.5154648339553785,0.08735374258692268,158.44637188620007,0.9974944822023124,0.80797803,2.2656037989033364,0.06005942062337978
DMPP-2 d,11.6,,0.05862068965517242,61.9324,6500.0,0.1,1105.06,0.17198962186403022,0.008325687859572327,0.10509162793178517,383.2776547701186,0.0,1.1368724,2.1909759364358004,0.06002414560402783
HD 33142 d,9.32,,0.07822141560798548,48.9956,5025.4,0.191,736.04,0.17587709090528147,0.010379197276034952,0.06569963135115642,265.254046381517,0.0,0.803411,2.261450465865639,0.05993196941479452
K2-232 b,11.209,126.49634,0.07350272232304901,312.155,6154.0,0.258,1030.0,0.11102648294655636,0.0012341449450015151,0.09584869370087962,433.60336225678907,0.0,1.2476249,2.1615221980739094,0.05990567976236019
HD 50554 b,12.8,1859.29618095,0.883847549909256,0.251,5987.0,0.501,190.08,0.3219352742811613,0.1647201094155138,0.09138750868192919,7764.185101546223,0.9615545320124474,2.7336652,1.8272051868176646,0.05981713249838931
Kepler-22 b,2.1,9.1,0.9437386569872959,1.013,5596.0,0.72,279.0,0.48832587072202566,0.5043622609363851,0.08094245872734637,36.609874346631436,0.9939689819515727,4.1463056,1.5113476879307166,0.05978094800193555
HIP 56640 b,12.7,2151.69831539,1.0471869328493648,0.542,4769.0,0.118,239.37,0.46813036792261253,0.40226871012573434,0.05885024309450493,8985.122168369155,1.0,1.0789368,2.1918683284816822,0.05972826981652293
GJ 3222 b,3.4,,0.29038112522686027,67.5954,5257.46,0.929,811.06,0.18218820702752167,0.007587013699478585,0.07189880856973326,47.80724797355333,0.0,6.2875943,1.0310202632697294,0.0596879188796405
HIP 75092 b,13.5,,0.23049001814882034,2.5659,4891.0,0.42,353.19,0.2894668359455536,0.20037181304224566,0.06210931238979039,2375.4289054679984,0.2777673861946979,1.6878239,2.0510581554806238,0.05959762048701324
HD 35759 b,13.0,,0.5426497277676952,22.7689,6060.0,0.389,621.56,0.23251723904320865,0.02837546218723604,0.09333760752255409,4993.8817638744,0.0,1.2706664,2.1398973471567975,0.059498977460071045
DMPP-8 b,10.8,,0.06424682395644284,17.7838,6009.0,0.275,579.7,0.18953508850280995,0.027580505478326918,0.09197520970237431,339.0092427230424,0.0,1.2648324,2.1404007533996,0.05947937854572146
HATS-51 b,15.80469,244.09344,0.061705989110707814,740.2246,5758.0,0.33,1553.0,0.081473120107568,0.0004210584498809701,0.08527007533255511,1020.4080426039636,0.0,1.8701191,2.003388302239771,0.05942260097466276
K2-261 b,9.26982704,68.968764319,0.08584392014519056,180.0,5490.0,0.274,1036.0,0.13066806848674153,0.002368347919032254,0.07811080835601442,286.4263997530959,0.0,0.9954546,2.1980029772877665,0.05942146583184036
HD 79181 b,14.1,,0.07241379310344828,76.0617,4862.0,0.259,821.87,0.13873603440504828,0.005691997379688325,0.061334615590085184,850.290337929937,0.0,1.2643268,2.1377112158241904,0.05941029853168632
TOI-5398 b,10.3,58.7,0.05263157894736842,118.413,6000.0,0.13,947.0,0.14594743103929353,0.003877329098590702,0.09173478655763913,240.90548179503259,0.0,1.0720755,2.1789691066646517,0.05937261459830774
HD 215497 c,13.0,111.23994245,0.050453720508166974,0.2267,5113.0,0.47,198.6,0.20084587016758487,0.09268115329437808,0.06803974995990153,464.3140904204292,0.9405536057700745,3.1850877,1.7044897882049594,0.0592686159581742
HD 224538 b,12.7,2075.737326117,1.0108892921960073,0.523,6097.0,0.476,236.74,0.36612060609788427,0.3066959380706429,0.09432601378424324,8673.67945889362,0.9999999999999998,2.4319844,1.8654660236437661,0.05910515289256972
HD 112570 b,13.1,1086.97315194,0.4827586206896552,2.9139,4750.0,0.2,364.01,0.3659630199288701,0.23407952355106676,0.05834268312228436,4546.032477370972,0.03540674854991607,0.74691904,2.2404262234662453,0.05910369593799662
HD 213472 b,13.1,,0.4936479128856625,0.0114,5729.54,0.53,91.76,0.16666227249212676,0.006077615388610822,0.0845098039215471,4648.574563326708,0.6321681627005254,3.8990064,1.5380091396155147,0.05908138106828867
Kepler-409 b,1.199,6.0,3.4482758620689657,6.15,5421.0,0.69,438.0,0.34975320867244053,0.10876459968790103,0.07626756424640307,24.89706543324881,1.2020417918272652e-30,4.4793386,1.4085827921731684,0.059074709259109986
HD 80883 b,12.8,1748.0562385,0.8312159709618875,0.0103,5177.91,0.203,88.66,0.20758927217114678,0.006944671008382111,0.06977373510710806,7301.841430201581,0.630284256855085,2.3833334,1.8617468011025113,0.05874652784114372
HD 1605 c,13.0,,0.5226860254083484,0.5026,4915.0,0.099,233.88,0.4448030201403504,0.3637700170872614,0.06275044077575288,4810.160361190056,0.999999999996587,0.92099774,2.186447316371748,0.0587280565408036
HD 48265 b,12.6,2351.9302118,1.1724137931034484,1.167,5733.0,0.211,283.0,0.44904140398733994,0.491561836442376,0.08460223326386468,9823.837359291467,1.0,1.0448432,2.15739461713448,0.05869131568331436
HD 133131 B b,13.3,,0.3375680580762251,0.0259,5805.0,0.61,112.28,0.1801081966440126,0.013710759651110856,0.08652561842173126,3326.632894209357,0.6569395719631894,4.261015,1.438615081966574,0.05861722521399014
WASP-162 b,11.209,1652.716,1.252268602540835,121.918,5300.0,0.434,910.0,0.17578245585985772,0.004727420071952619,0.07303520863385464,7387.316542152703,0.0,1.6251557,2.0179301078818983,0.05843706028192814
HATS-70 b,15.513256,4100.007,1.2050816696914701,9110.0,7930.0,0.18,2730.0,0.08083667066441683,4.35603035648021e-05,0.14329219426188156,18845.77352071125,0.0,2.4428837,1.834914970664261,0.05841176871514036
CoRoT-25 b,12.11,85.81,0.02722323049001815,414.1434,6040.0,0.0,1330.0,0.0,0.0,0.0,202.51663330386475,0.0,1.8565214,1.964838018707918,0.05839760154729499
Kepler-276 b,2.87,731.209,13.2486388384755,58.586,6105.0,0.0,739.0,0.0,0.0,0.0,1311.9145864574468,0.0,2.3525653,1.8508542195611954,0.05830917319733795
HD 75302 b,12.8,1716.2733978,0.8166969147005445,0.0299,5697.46,0.39,115.76,0.22806350142410464,0.019836802444861412,0.08365282897898571,7174.298348451335,0.6637457961035585,2.6554313,1.7811596239897085,0.05825270832551221
HD 13167 b,13.1,,0.4664246823956443,0.5428,5671.0,0.563,208.79,0.3249657719474904,0.27698626279139305,0.08294598493346378,4392.2193484373665,0.9999999999873748,2.8959463,1.7194196341304477,0.05805024921985335
HD 27969 b,12.9,,0.7096188747731398,0.76,5966.0,0.182,261.0,0.4430047789363059,0.45686398094431174,0.09082652134421407,6380.914108286341,0.9999999999999514,0.9629753,2.145622249922427,0.05795190138452279
HD 219415 b,13.8,,0.1206896551724138,0.4071,4820.0,0.4,221.26,0.26171766435797794,0.18538935856585936,0.06021264091465745,1328.6050992674773,0.999997905704876,2.1618955,1.8744309929346774,0.05784426835715921
HD 28192 b,12.2,,0.054809437386569876,91.1399,5919.87,0.104,859.98,0.15635001208573895,0.005338754629638518,0.08959421915901876,416.89188881412866,0.0,1.0855016,2.1129899349500163,0.05781967328921258
HD 171028 b,13.2,,0.36116152450090744,3.1028,5671.0,0.59,374.07,0.2881652007743258,0.17514744648539227,0.08294598493346307,3479.4602586473807,0.007714363021347906,2.8134918,1.7259420169705206,0.057758643795894314
HD 62549 b,12.6,2707.580199233,1.3502722323049003,0.0121,5930.46,0.15,92.25,0.2261635932923789,0.008713025405362416,0.08987711705934161,11314.140859617419,0.6333667504621973,2.4145203,1.81394215587618,0.05773909675524258
HD 16760 b,12.1,6833.3107505,3.8475499092558985,0.5388,5518.0,0.079,226.14,0.4319690882220897,0.3623644463696195,0.0788587914729877,28551.50346940282,1.0,1.7331918,1.9645747709306096,0.05771443777475409
HD 29021 b,12.9,1420.69297929,0.6606170598911071,0.1252,5560.0,0.453,163.2,0.2817895377161492,0.08388301198135133,0.0799807661484044,5940.288325872705,0.8169804119424848,2.4927754,1.7950778091567023,0.057703391624976216
Kepler-1746 b,8.93504475,,0.08257713248638839,3.4,6018.0,0.0,310.0,0.0,0.0,0.0,246.73945604753175,0.00039315087913635447,0.89572513,2.148236088040606,0.057647358656739776
K2-132 b,14.5717,155.7367,0.05027223230490019,293.374,4840.0,0.29,1586.0,0.09632726390839316,0.0011555212960851044,0.0607469145696212,651.5495421364245,0.0,1.7273195,1.959086124098685,0.0575469042921532
HD 184010 b,12.1,,0.055535390199637026,14.8144,4971.0,0.0,545.04,0.0,0.0,0.0,412.1113236621351,5.49241373756931e-286,1.1313839,2.086821598204731,0.057426280004530254
Kepler-33 c,3.2,0.39,0.023593466424682397,241.759,5904.0,0.0,1009.0,0.0,0.0,0.0,3.238398560064839,0.0,1.62098,1.9775111042056737,0.05741768652505251
Kepler-130 d,1.64,,0.7531760435571688,9.834,5884.0,0.8,451.0,0.3447444802016172,0.0749995969936408,0.08863599935885562,13.916071494991721,2.3510243542861734e-107,4.8316092,1.2588522367767538,0.05731616090750445
KOI-94 c,4.32,15.6,0.16515426497277677,268.219,6182.0,0.43,1012.0,0.1417350221810101,0.0017022156271534182,0.09659667681783841,55.77372400053669,0.0,1.38596,2.0251457442245733,0.05730255096159432
ups And c,12.3,4443.24112986,2.3774954627949185,4.8931,6156.77,0.2596,407.56,0.32339385579889085,0.14068812954219345,0.09592269060211686,18532.057559407283,2.8825230074850945e-15,1.3782469,2.0266263965316176,0.057296734680545046
HD 190984 b,13.0,1137.82569706,0.5172413793103449,0.089,5988.0,0.57,152.29,0.245411181159057,0.05497694464152756,0.09141422236467293,4760.0545240943275,0.7614856128445454,3.4915423,1.5516161653427918,0.0571812016486376
Kepler-324 e,2.03862444,235.014,0.029038112522686028,38.9,5191.0,0.0,635.0,0.0,0.0,0.0,1.0305490621800768,0.0,1.3997442,2.014100387496916,0.05710587599880666
TOI-2583 A b,14.4595851,79.45710175,0.026134301270417423,750.9,5936.0,0.0,1456.0,0.0,0.0,0.0,330.9535144707069,0.0,2.0584087,1.8583311971555658,0.056879551545583905
HD 34445 c,8.42,,0.08929219600725953,3.8979,5836.0,0.036,390.12,0.3894861052407859,0.1910743569668097,0.0873537425869216,223.2741207088978,5.520503882104956e-07,0.7469567,2.1470676014684846,0.056802301346368864
WD 1856+534 b,10.4,4386.054,3.8838475499092557,0.181,4710.0,0.0,163.0,0.0,0.0,0.0,18299.987863016395,0.8920402714997477,2.0740511,1.8508271678361454,0.05678037823184128
TOI-1173 b,9.19,27.4,0.0353901996370236,132.0,5350.0,0.023,868.0,0.1748047175811182,0.004153098657346184,0.07437089277124678,115.05835377766476,0.0,1.3036269,2.020229165652838,0.056729602890196
GJ 3021 b,13.1,,0.4754990925589837,2.7517,5540.0,0.511,350.0,0.3133261137163468,0.20728818822231201,0.07944649249343812,4477.671086733814,0.1043284107002609,2.1770127,1.8255007508188,0.056720918315061986
BD+55 362 b,14.0,,0.08312159709618876,0.7996,5012.0,0.27,259.06,0.2876167111706202,0.30034948160412855,0.06534166800232782,955.4029886471336,0.9999812205450922,1.5993211,1.946375216663792,0.056531247242438416
HATS-27 b,16.8135,168.4499,0.032667876588021776,1342.5733,6438.0,0.581,1659.0,0.056166358101552655,0.00016829535898189076,0.10343537960138706,650.4050433851838,0.0,4.286296,1.347227485536368,0.0565029255431769
HD 145377 b,12.8,,0.9092558983666061,7.7037,6014.0,0.31,442.98,0.3165404924488591,0.09722449832763724,0.09210877811613555,7987.385494609152,3.0604915510471977e-57,1.0546881,2.065031768207011,0.05646827970842191
HD 331093 b,13.6,,0.18874773139745918,0.4895,5544.0,0.59,234.84,0.27389794859100797,0.21799979779158407,0.07955334722442438,1988.7815156998186,0.9999999167728402,3.2661796,1.5723978156061966,0.05645703654481739
HD 92788 c,13.0,,0.52994555353902,0.0095,5744.0,0.46,91.27,0.16705923033042672,0.005163819039205858,0.0848960837740878,4876.968143984363,0.62891384691407,3.4764073,1.5246674395373065,0.05643378338581552
HD 155918 c,12.8,1878.048056963,0.8929219600725953,0.006,5771.84,0.071,77.38,0.22834527521054737,0.0046616876954966805,0.08563979270180358,7843.8995276401265,0.6229157512983048,2.5179982,1.731487856803488,0.05627407713084325
HD 103774 b,13.3,,0.04918330308529946,714.1738,6489.0,0.09,1487.08,0.10157620383142443,0.0005352153372576421,0.10479777742155395,484.68683566168585,0.0,1.5289205,1.950759227666502,0.0562530598320801
HD 40979 b,12.9,,0.6896551724137931,2.7022,6165.0,0.25,354.69,0.37772293497828413,0.2536545906794531,0.09614254421112557,6201.399900636341,0.13913099772265441,0.9350883,2.0810936569078122,0.056208048473020716
HD 70573 b,12.8,,0.9038112522686027,0.3222,5737.0,0.4,206.11,0.3513770574631449,0.21466953630978727,0.0847090879948554,7939.5568389528125,0.9969134133333596,1.9921844,1.8438230716997552,0.05615852423456551
nu Oph c,12.0,7838.32346,4.519056261343013,2.3098,4887.0,0.179,341.48,0.35022684800884984,0.25701985824472195,0.06200245765881179,32709.966224933753,0.681196709943828,1.7194722,1.9003042937847747,0.05605468018749648
TOI-4504 d,11.26,643.0,0.4500907441016334,12.5915,5315.0,0.293,524.8,0.2738453106100353,0.05509465779732494,0.07343591387507199,2691.5587438313028,1.329235723567436e-195,0.71474516,2.120264651611122,0.055964783800289325
Kepler-950 b,8.98,,0.08203266787658803,3.97,5857.0,0.0,360.0,0.0,0.0,0.0,248.83098301845632,1.8097617261704797e-07,0.8567117,2.0877387917032646,0.05594184292196086
HAT-P-17 c,13.1,,0.4791288566243195,0.0164,5336.96,0.39,99.59,0.18784383388109768,0.009532923969091722,0.07402254634822157,4511.851782052393,0.640724417752602,2.8088393,1.6492866556356827,0.05584330690412218
HD 20794 f,2.28,,0.49001814882032674,0.3746,5368.0,0.45,214.52,0.4321276568823045,0.2576795559276017,0.07485173906073025,24.327938855799818,0.9785333847905456,1.8508036,1.8618989087593483,0.055828437626115564
TIC 279401253 c,12.6,,1.2704174228675136,3.5788,5951.0,0.254,384.31,0.3694023809438748,0.2038011106723518,0.09042581610299474,10645.025002328213,4.676208841184778e-05,1.0413568,2.041944769747653,0.05582596306697074
TOI-622 b,9.2362001,96.302007321,0.09201451905626135,602.0,6400.0,0.42,1388.0,0.09545778192667669,0.0005758466287697407,0.10242025965696193,303.68613857839296,0.0,1.902003,1.8451361043599035,0.055696095291367764
HD 40307 g,2.56,,0.4228675136116153,0.6378,4956.0,0.29,255.0,0.48251095463269966,0.40227943498135943,0.06384570176843195,29.71753804780731,0.9823356441531578,0.9223183,2.0631101729370953,0.0556946298999505
EPIC 248847494 b,12.44199,4131.79,0.5121298466849487,0.19,4898.0,0.0,183.0,0.0,0.0,0.0,4131.79,0.902668412068043,1.195638,1.9972968249034968,0.05557173959270232
HAT-P-26 b,7.06167,22.2481,0.04693430127041742,185.0743,5079.0,0.12,1080.0,0.1404511066358675,0.0024175217338843753,0.06713148474646223,69.23109837443539,0.0,1.0073792,2.0383355318551466,0.05555055768385304
CoRoT-3 b,11.32,6883.91,4.791288566243194,735.4472,6740.0,0.0,1695.0,0.0,0.0,0.0,29112.54801881262,0.0,1.9011371,1.837311884719156,0.055498450578860686
HD 28185 c,12.8,1906.970442,0.9074410163339384,0.0134,5602.0,0.15,94.85,0.2351737035084059,0.009965742442342154,0.0811027408238336,7971.442609390373,0.6355921213543527,2.201077,1.7700625365933718,0.05548621507193498
WASP-172 b,17.59813,149.3801,0.029038112522686028,1506.5,6900.0,0.0,1740.0,0.0,0.0,0.0,662.9130336292396,0.0,2.4896717,1.7054964874571161,0.05547788409456866
Kepler-16 b,8.4493,105.833,0.17495462794918332,0.2517,4450.0,0.0069,205.9,0.4188984992942772,0.20606583230926825,0.050328578297790354,442.05492712375,0.9620085908322982,1.1497916,2.003355561897251,0.05546956162656744
HD 73267 c,12.8,1630.777556317,0.7749546279491832,0.0049,5387.0,0.089,69.53,0.20659156024537503,0.0035105626439913356,0.07535929903294848,6807.611988419378,0.6210299062472998,2.5576987,1.6864898615001676,0.055382552602276695
TIC 237913194 b,12.520453,617.22586,0.3352087114337568,83.3856,5788.0,0.575,974.0,0.15826072711831385,0.005996049138672668,0.08607148581501502,2755.9036673516603,0.0,2.4955773,1.697939926565308,0.05532399224554759
HAT-P-2 b,10.659759,2866.81223114,1.3230490018148822,588.518,6380.0,0.5172,1540.0,0.12439856839912669,0.0007925800655833946,0.10188598600201823,6712.846200385389,0.0,2.4763656,1.698183724479195,0.055224592794128995
HD 206255 b,6.47,,0.12595281306715064,21.0939,5635.0,0.23,596.48,0.23553595897817267,0.02863444603878616,0.08198429235451833,142.89246326172875,0.0,0.52780014,2.127433841042242,0.055115814013065784
HD 152843 c,5.94,9.67,0.04591651542649728,133.1,6310.0,0.074,253.08,0.16775411429739398,0.003841864755257048,0.10001602820960795,40.31037762086351,0.0,1.0451981,2.0110691101730334,0.055085851396227174
TOI-6884 b,10.39072511,8365.24367224,7.441016333938294,1230.0,6330.0,0.067,1652.0,0.12081709536013706,0.0003842652522577108,0.10055030186461743,34967.0048593824,0.0,2.1810758,1.7573020026252717,0.05506188482550116
HD 217107 c,12.9,1388.91013859,0.6460980036297641,0.0357,5622.0,0.3918,123.27,0.22886770031923526,0.023276393872028806,0.0816370144787979,5809.732538490888,0.6735871047612826,2.5254622,1.6793187665223532,0.055028888140310775
Kepler-1628 b,6.43,,0.12686025408348456,0.79,3724.0,0.0,240.0,0.0,0.0,0.0,141.2690761273174,0.997066940199705,1.2150085,1.9701451721379424,0.05500864148189387
HD 68402 b,12.6,2510.8444153,1.252268602540835,0.2462,5950.0,0.03,196.26,0.5153815555157533,0.25941334494516216,0.09039910242024467,10492.953216580669,0.9578177492267765,1.3202598,1.9456846686158458,0.054983092296111695
Kepler-1311 d,9.65837605,,0.07477313974591651,6.0,5616.0,0.0,391.0,0.0,0.0,0.0,282.19320923884897,1.6021037849114237e-28,0.87197316,2.04526212874987,0.05497838675046628
HD 90156 b,4.43,,0.20689655172413793,11.52,5599.0,0.31,518.01,0.28939819255616156,0.0579485740145475,0.0810225997755828,75.34475767909903,3.59787025608388e-158,0.6005465,2.097734421739589,0.054782762604570594
HD 126614 b,12.7,107.743829973,0.05245009074410163,0.2392,5568.0,0.548,209.54,0.20075658955920933,0.09602343637831008,0.08019447561037393,450.03471519214656,0.9516121773206961,3.6974063,1.4069948024354448,0.0547453182686813
Kepler-1981 b,9.23,,0.07931034482758621,5.45,5874.0,0.0,390.0,0.0,0.0,0.0,261.2303007985459,2.102412462694581e-21,0.8527559,2.0378102626771883,0.05468923371755016
HD 48265 c,12.9,1414.33641115,0.6569872958257714,0.0355,5805.0,0.41,124.28,0.22761469972534296,0.023021664076374904,0.08652561842173608,5907.649379027252,0.6732483487151987,2.670486,1.6324522682605842,0.05466917699009014
HD 203387 c,12.6,2378.945626395,1.1851179673321235,2.8216,5174.32,0.202,360.63,0.39941204732981,0.2608332278321275,0.06967783298604634,9930.28760931475,0.06719837320533503,0.87926185,2.029376949536289,0.05462675510360028
TOI-3976 A b,12.27383387,55.619971225,0.029945553539019967,469.0,5975.0,0.0,1295.0,0.0,0.0,0.0,231.93253601431866,0.0,1.775931,1.8248177838419732,0.05450345879010749
HD 156279 c,12.5,3098.82696825,1.5825771324863886,0.0237,5453.0,0.261,109.42,0.22831752219232643,0.016097742703497,0.07712240209434117,12947.428888433435,0.6531903052029681,2.4175224,1.6813244277774952,0.05448609983385772
HD 102329 b,12.6,,1.2921960072595282,5.9827,4745.0,0.21,532.95,0.34493678118697724,0.12996207187713787,0.05820911470854771,10827.51114522527,2.786497536193999e-28,0.90094674,2.0186912529330363,0.05448229583709604
Kepler-1656 c,14.0,126.4,0.04591651542649728,0.1126,5569.0,0.527,161.19,0.1702145384015141,0.04533686062572739,0.08022118929312073,527.7662797548576,0.7978680437511841,3.9056687,1.3444924184610874,0.05434710300340864
HD 13724 c,8.18,,0.0927404718693285,3.9773,5835.31,0.651,393.06,0.23648547590708413,0.11412042060824297,0.08733531014582561,212.62671110356737,1.6121861981739016e-07,3.5340881,1.4253288422555217,0.05430123402105763
Kepler-419 c,12.6,2320.1,1.1560798548094375,1.8888,6430.0,0.184,315.55,0.4310286851959198,0.36374877556773116,0.10322167013942794,9686.972752118676,1.0,1.037601,1.9800283708023778,0.05427891045804051
KOI-1783.02,5.44,15.0,0.09255898366606172,2.49,5922.0,0.0,321.0,0.0,0.0,0.0,62.417142954271256,0.37579019975240974,0.72246736,2.0493627682350364,0.05425918553536416
55 Cnc c,8.51,54.4738,0.0882032667876588,10.4149,5198.0,0.088,499.27,0.28267460391415394,0.06411692620630377,0.0703104129935117,227.69943866118777,9.746458138273361e-124,0.62749493,2.0661791932476525,0.05415267963299577
HD 142 A d,10.9,,0.06370235934664246,13.2625,6245.0,0.13,530.32,0.22811758250095954,0.04279538203103374,0.09827963883097073,345.5601236533802,4.458917118389991e-221,1.0299021,1.974531489898881,0.05410115248155394
TOI-5422 b,9.10169233,8899.195396,11.941923774954628,580.0,5820.0,0.094,1369.0,0.12592409286187273,0.0007818028627109497,0.08692632366298607,37716.32385240685,0.0,2.451868,1.6568683424364121,0.05407162052018268
HD 24040 b,12.9,1589.142035,0.7386569872958259,0.0779,5802.0,0.04,143.81,0.40114842450447985,0.0804135762746773,0.08644547737349242,6642.025683049976,0.7436731612979137,1.4815226,1.8724225429750474,0.05406173961171823
CoRoT-22 b,4.88,12.2,0.04519056261343013,121.8837,5939.0,0.077,885.0,0.17587889396831205,0.004292746055972938,0.09010525190999194,21.99863953689389,0.0,0.94307643,1.9917758790508295,0.05404989591644429
TOI-2876 b,9.6397234,54.03082919,0.059891107078039935,124.2,5271.0,0.13,929.0,0.1491126748590575,0.0037865852079211706,0.07226051183413573,224.72152217146765,0.0,0.90764606,1.9971202098937668,0.05398725513490682
HIP 109600 b,13.2,,0.37023593466424687,1.6736,5530.0,0.163,312.88,0.4008586213925814,0.36104257309752424,0.07917935566595329,3566.8838832365113,0.9999999998216547,0.6978946,2.0379851948555108,0.053843866335316445
HD 111998 b,12.9,1525.5763536,0.7096188747731398,0.8918,6557.0,0.13,275.49,0.474368239728537,0.5316981517048212,0.10661430784845699,6380.914108286341,0.9999999999999514,1.0114441,1.966954848345171,0.05381308865717002
HD 43197 c,12.6,2500.673906276,1.2468239564428314,0.01,5508.0,0.149,90.89,0.21954002015593846,0.007125543312837318,0.07859165464549558,10447.331680856407,0.6297703814010032,2.4237962,1.6517240839995104,0.053790774336993114
HD 56957 b,12.8,1880.908512626,0.8947368421052632,0.075,5743.0,0.273,145.67,0.2939661641290468,0.05710834296373359,0.08486937009134424,7859.842412858907,0.7389684882589432,1.8476431,1.7788932038289103,0.053764728983009755
HD 18015 b,13.1,1048.8337431,0.46460980036297644,0.6286,5603.0,0.148,242.98,0.4250343821708454,0.3944918649804291,0.08112945450657974,4375.129000778078,0.9999999999867217,0.8693436,1.996093513588811,0.05375178884576836
HD 233832 b,13.5,,0.22867513611615245,0.0376,4981.0,0.359,117.8,0.19825690812035623,0.02104487651199054,0.06451354383713497,2356.724740858014,0.6768029871384854,2.427978,1.648698580124111,0.05373913057191169
NGTS-38 b,12.11690814,1516.04150139,0.8475499092558983,10.1316,6310.0,0.3086,457.0,0.3009103328939661,0.07352380129452027,0.10001602820963104,6315.814084014817,1.3574547708750948e-115,1.0423934,1.9483502756436348,0.05352423474039919
BD+49 828 b,13.5,,0.20689655172413793,1.673,4943.0,0.35,320.63,0.31232404435395117,0.28106798771929303,0.06349842389270095,2132.274765538203,0.9999999574832013,1.3998728,1.8666817236006445,0.05347222029505077
HD 3765 b,8.56,,0.08747731397459166,0.0863,5049.8,0.298,152.85,0.22118537283089068,0.04592950930594454,0.06635144521021252,229.82927269697595,0.7560772433081199,2.0149457,1.7246449189444915,0.05334527012785126
GJ 724 b,3.27,,0.30671506352087113,23.32,3799.0,0.577,611.0,0.240646967797885,0.026142279137317207,0.03293797082865315,44.92281607493942,0.0,2.5822928,1.5975211163850915,0.05332411661980628
HD 74156 c,12.5,2753.983146655,1.4065335753176045,0.186,6068.0,0.377,187.52,0.31689973868478455,0.128978864149852,0.09355131698454439,11507.175904284302,0.8980010871912419,2.2155588,1.6790348921854235,0.05332153774524423
gam Cep b,12.7,2097.6674862,1.0217785843920146,2.6076,4775.0,0.15,343.48,0.4289149164173208,0.2965572080418996,0.059010525190995235,8767.112271736281,0.22838761219409706,0.8080206,1.9919647677975119,0.05331353979382753
HD 151450 c,12.8,1636.180639236,0.7785843920145191,0.0085,6091.98,0.138,84.59,0.21407195135989157,0.006002263804725255,0.09419191109684213,6839.49775885694,0.6272005079982899,2.4026246,1.635786515755067,0.05328169813237964
NGTS-5 b,12.733424,72.78307,0.035208711433756805,101.253,4987.0,0.0,952.0,0.0,0.0,0.0,304.4909169252457,0.0,1.5071471,1.8345848599501189,0.05326950887039511
HD 74156 b,13.5,,0.2159709618874773,32.0951,6068.0,0.636,679.63,0.17137198253775746,0.015343403291008275,0.09355131698453373,2225.7955885881242,0.0,3.1928601,1.4573772138795713,0.05321911224191856
KELT-1 b,12.442,8654.15,4.482758620689655,5165.92,6516.0,0.0099,2361.0,0.10800867093203276,9.430239319280779e-05,0.10551904685579845,36166.33949559122,0.0,2.1780076,1.6827714293121963,0.053207623077357324
TOI-4504 c,11.17,821.0,0.5880217785843921,0.2639,5315.0,0.04987,412.5,0.4759957123724153,0.24942928665622513,0.07343591387507159,3432.744974396105,0.9707824918688346,0.97881687,1.9489074345562816,0.05318914369517184
HD 147018 b,13.4,,0.279491833030853,12.4842,5441.0,0.4686,519.98,0.22685321183203425,0.04635098004735783,0.07680183790135436,2816.9045181527995,1.12744521238341e-191,1.7474016,1.7759401633460978,0.053141930416191245
Kepler-279 d,3.1,37.5,0.0544464609800363,35.739,6689.45,0.0,574.0,0.0,0.0,0.0,6.794278529444177,0.0,1.027294,1.934366837395876,0.053096650093232355
TOI-4600 b,6.8,959.84178914,0.7287596300366999,3.3159,5170.0,0.25,347.0,0.4118476395858195,0.22910649751621812,0.06956242987657107,959.84178914,0.0009815561354892162,0.57990897,2.0297157433322175,0.052992643305962484
HD 213240 b,12.8,1655.88600047,0.7876588021778584,0.7524,5979.0,0.42,257.7,0.383028285376038,0.39305641530024693,0.09117379921994267,6919.212184950843,0.9999999999999882,1.904774,1.7222807449043434,0.052682503917891525
TOI-1052 c,6.48,,0.12577132486388384,39.7,6146.0,0.237,719.0,0.20639891014899509,0.014356034093739173,0.0956349842388964,143.34919639753323,0.0,0.60534275,2.0085308145120684,0.0526099121450299
Kepler-1085 b,7.22,,0.10925589836660617,2.055,6000.0,0.0,313.0,0.0,0.0,0.0,172.24439340257624,0.9857783923780539,0.74647677,1.9770382543467115,0.052607877646590175
HD 113538 c,13.8,,0.11215970961887478,0.0151,4462.0,0.2,100.28,0.16122138733664187,0.00754659554905916,0.050649142490767025,1234.7036862365428,0.6384987950515149,2.5899308,1.566607493305421,0.05260390037975809
HD 4203 b,13.3,,0.30127041742286753,1.4338,5596.0,0.52,297.28,0.31813647802443557,0.31169461879303806,0.08094245872733934,2968.930432466415,0.9999999985174444,2.37036,1.6144166520593977,0.05257783207485838
Kepler-114 d,2.53,3.9,0.039927404718693285,31.016,4660.0,0.0,446.0,0.0,0.0,0.0,2.7084526954017156,0.0,1.1478984,1.8740469048773554,0.05227128453296634
TOI-1273 b,11.09689089,70.557906354,0.05081669691470055,225.013,5690.0,0.055,1211.0,0.14558909017405355,0.002166233746658675,0.08345354490566897,290.87003915460156,0.0,1.1194476,1.8770052695369392,0.05218811678172902
DMPP-2 b,14.2,,0.05970961887477314,288.2234,6500.0,0.06,1000.0,0.13326014463733443,0.00162184570689962,0.1050916279317865,716.1400158753745,0.0,1.3236339,1.8292312934848591,0.052130641104677605
HD 107148 b,9.6,,0.07531760435571688,18.2517,5797.0,0.05,582.78,0.26761865823619696,0.03776297245655083,0.08631190895973785,279.1250451194347,0.0,0.74776685,1.9572025197250689,0.052125939161295966
HD 10697 b,12.8,1825.288541401,0.8675136116152451,0.7124,5641.0,0.104,259.25,0.4979983073590093,0.4966977582631409,0.08214457445101911,7620.699134577197,0.9999999999999978,0.8983418,1.9232833094857509,0.05211587934258191
HD 162020 b,12.5,,1.5970961887477315,39.0625,4723.0,0.28,650.0,0.22500660557836188,0.017073453184093163,0.05762141368808685,13066.212639703464,0.0,1.0975775,1.875815845826306,0.052038798195214335
DMPP-2 c,8.26,,0.09165154264972777,553.7504,6500.0,0.28,1910.88,0.10673557387636572,0.0006893338627295134,0.10509162793179104,216.35579422425027,0.0,1.2235209,1.8465923571804046,0.05200935749065011
HD 85390 b,6.16,,0.13430127041742287,0.2281,5186.0,0.5,190.89,0.2724986414910772,0.12070747244259501,0.0699898488005329,131.49549270052162,0.9392559210438458,2.5329287,1.55483186909983,0.0520008380231382
HD 156098 c,12.8,1661.606911796,0.7894736842105263,0.1642,6419.19,0.391,177.18,0.30862027931970804,0.11448685278166601,0.10293289522891402,6935.155070169624,0.8710232927063485,2.2238863,1.6195006998751384,0.05189951206801361
WASP-195 b,10.31226224,33.054154328,0.029038112522686028,890.0,6300.0,0.0,1522.0,0.0,0.0,0.0,133.38863821172646,0.0,1.8764404,1.696267052650542,0.05188572143196285
HD 117618 b,8.59,,0.08693284936479129,50.4075,5990.0,0.15,745.79,0.19117379757066702,0.010908103969314076,0.09146764973015994,230.80861521385168,0.0,0.6688058,1.963800884496755,0.05185537379673624
HD 30177 c,12.9,1484.25866069,0.6896551724137931,0.0124,5680.0,0.21,87.87,0.21120715289287825,0.008327687543641835,0.08318640807819883,6201.399900636341,0.6338803656902021,2.2811027,1.5955040433780638,0.05162184467973264
WASP-189 b,18.14733975,632.47852993,0.11288330308529945,8083.7169,8000.0,0.0,3353.0,0.0,0.0,0.0,2825.902855857695,0.0,2.6081746,1.522403497501042,0.051614223031170935
Kepler-88 d,13.1,,0.4283121597096189,0.1124,5466.0,0.41,158.95,0.26505940406425527,0.07207466875204056,0.07746967997006188,4033.3220475922903,0.7978656612219703,2.225448,1.6058469707456071,0.051571470283029434
K2-99 c,12.6,,1.3303085299455537,3.8779,6069.0,0.21,390.0,0.3752146359229504,0.19539631386738388,0.09357803066729424,11146.861895295118,7.478722666985309e-07,0.9545086,1.8879512938675846,0.051552998720018284
HD 152079 b,13.2,,0.3666061705989111,0.073,5907.0,0.532,147.84,0.22820980475486313,0.0431085949928227,0.08925041406205847,3531.9144334008593,0.7357123980060879,3.2313702,1.3808911464105003,0.05154476850670464
MASCARA-1 b,17.90074218,1175.971,0.2722323049001815,38711.5,7490.0,0.00034,2594.3,0.03819749729848704,5.465561583718863e-06,0.13153817385261618,6540.958327122757,0.0,2.459107,1.5519984716401976,0.051525945689250445
HD 13908 c,12.8,,0.7749546279491832,0.9705,6255.0,0.12,273.57,0.4934306446953748,0.5749050998090816,0.09854677565847243,6807.611988419378,0.9999999999999847,0.9120539,1.8961125509672838,0.05152126410756816
Kepler-421 b,4.16,,0.22323049001814882,0.2,5308.0,0.041,185.0,0.4824565287986108,0.18915381461962932,0.07324891809582759,67.31659086806779,0.9071010831974198,0.8305054,1.9135812243368604,0.051504491715164386
TOI-1470 c,2.47,7.24,0.4827586206896552,3.35,3709.0,0.5,373.0,0.3873640865804858,0.20108913409992663,0.030533739381307098,30.472599715378802,0.0006719174439521673,2.2075198,1.6060379864935475,0.05147781316784503
HD 200964 c,13.7,,0.14972776769509982,3.0164,4982.0,0.243,380.62,0.2914122456159418,0.18007787890293706,0.06454025751988296,1612.696563347492,0.016046310635669355,1.00507,1.8697042892919,0.05138056506016488
HD 204941 b,10.1,,0.0707803992740472,0.0477,5026.0,0.37,134.04,0.17711700001488986,0.022313928479083613,0.06571565956080165,305.4680122222927,0.693174571478096,2.7289386,1.4844707455000774,0.05134165203167645
K2-287 b,9.494023,100.11645,0.11433756805807622,53.5814,5695.0,0.478,804.0,0.15721911740192884,0.008581997254383156,0.08358711331941582,409.8532642909427,0.0,1.8710382,1.667596140248171,0.05114924756316485
HD 37124 b,14.0,,0.0780399274047187,2.7119,5698.64,0.054,366.48,0.34488920132214834,0.22665167902449568,0.08368435112461507,896.9940723106275,0.1316993729700862,1.093498,1.8360091580033764,0.051035047660185025
HD 79498 b,13.6,,0.16878402903811254,0.1207,5748.0,0.575,164.53,0.216876766520315,0.06197700094636596,0.08500293850507458,1778.429624616184,0.8103296240088075,3.5570245,1.2802604263709056,0.05085065971961522
HD 11964 c,5.38,,0.1600725952813067,54.875,5303.0,0.3,757.54,0.19906317765876005,0.010254697397871042,0.07311534968208695,104.41248273018087,0.0,0.60930824,1.9331231572029735,0.05077261949651307
Kepler-108 c,8.18,,0.0927404718693285,7.8,5854.0,0.04,426.0,0.345435279970659,0.098916261383598,0.08783458887639159,212.62671110356737,3.635974418434388e-59,0.64116555,1.9258543516271274,0.05076821121834897
HD 128311 c,13.0,1204.25787,0.5462794918330308,0.1017,4965.0,0.159,158.23,0.31844099096540424,0.08008766194645735,0.0640861249131672,5027.285655271552,0.7814441787600038,1.4057032,1.7551132555120557,0.05075367505470391
V1298 Tau c,5.08,4.7,0.036297640653357534,146.0,4970.0,0.0094,953.0,0.18364022059764862,0.003818107414008694,0.06421969332689657,19.93233340643418,0.0,1.1732098,1.7997833723811385,0.05057931731230944
HD 31527 d,3.46,,0.28493647912885667,1.8299,5898.0,0.24,327.48,0.4482671312018487,0.3457307553360572,0.08900999091732384,49.43846286290655,0.9894993260514467,0.54521674,1.937353808993523,0.05052526713329905
GPX-1 b,16.47720163,6261.2196179,1.4922727767695099,4650.0,7000.0,0.0,2300.0,0.0,0.0,0.0,27963.220938499955,0.0,1.7914765,1.6541233417901617,0.05038056584373586
HD 128311 b,13.5,,0.22867513611615245,0.262,4965.0,0.303,200.47,0.2902115282441801,0.15243432232653883,0.06408612491316312,2356.724740858014,0.9694988242107555,1.5746782,1.7011224081240333,0.050349738282285936
HD 147379 b,4.94,,0.17876588021778586,0.7847,4090.0,0.063,276.66,0.49982994448322615,0.4852578522374356,0.04071165250840479,90.27221269067104,0.9947561886302733,0.82734597,1.8645450333159281,0.050278250918023244
Kepler-279 c,4.3,49.4,0.0544464609800363,60.157,6689.45,0.0,774.0,0.0,0.0,0.0,18.132748247474673,0.0,1.0220528,1.820904765841629,0.05027067383548599
Kepler-82 d,1.77,885.098,39.92740471869329,484.351,5428.0,0.0,1253.0,0.0,0.0,0.0,927.42647698817,0.0,4.158415,1.1211567738307993,0.05022788139400866
TOI-4734 b,10.9175472,61.658710958,0.047186932849364795,775.0,6070.0,0.12,1468.0,0.09853621407885262,0.0004730503188998922,0.0936047443500197,257.2086636484061,0.0,1.3734013,1.732697749268178,0.0500238269275946
TOI-1883 b,5.65,13.7,0.07259528130671507,14.7,3554.0,0.0,544.0,0.0,0.0,0.0,54.84566987400789,6.294132416674147e-281,1.1820905,1.774990919326174,0.05001682653754888
TOI-4010 e,13.3,,0.29401088929219604,0.15,4960.0,0.26,174.0,0.28404011945579777,0.09762542423912021,0.06395255649942272,2897.389940117827,0.8521437873340715,1.531389,1.692340114288256,0.049895710257655504
TOI-421 c,5.09,14.1,0.10707023593466425,34.32,5291.0,0.19,635.0,0.2233377769003265,0.017357652271963755,0.07279478548910472,59.14400310355627,0.0,0.4480454,1.9333753006484704,0.04989403219556558
GJ 9404 b,3.48,,0.2813067150635209,11.2454,3811.0,0.49,473.5,0.2785681349068017,0.056910323768043176,0.03325853502163232,49.65996858244416,3.2056076673071447e-149,1.9358203,1.5997600322329049,0.04983230241803411
HD 11506 b,12.9,1551.00262616,0.7205081669691471,0.2609,6123.0,0.379,193.57,0.3328825709733948,0.17514620746979506,0.09502056953569596,6478.830948822704,0.9687436627629409,1.9399121,1.5976928307738951,0.04980378947077797
Kepler-167 e,10.16,321.00669107,0.30490018148820325,0.1,4884.0,0.29,134.4,0.2731005862585649,0.06607200363767467,0.06192231661055233,1339.4528049123767,0.7788006293270394,1.6258463,1.6672845875125444,0.04979626849633034
K2-264 c,2.668,,0.3992740471869329,2.5922,3660.0,0.45,331.0,0.39500413835755266,0.24518785148391242,0.02922476892664001,31.762682031868955,0.24181633158032478,1.9061966,1.6025466665147599,0.049738465035683
GJ 414 A b,2.63,,0.4174228675136116,2.2033,4120.0,0.45,308.6,0.4133806993952955,0.2836536374339951,0.04151306299085678,31.80768720695621,0.834045860800063,1.7186725,1.6408195219939343,0.04965312782613543
HD 154857 b,13.3,,0.33030852994555354,2.7638,5589.0,0.46,359.86,0.3027351695438553,0.19915152342182615,0.08075546294810224,3255.092401860768,0.09694981935762213,1.8298315,1.6159104547178238,0.04964893333326495
TOI-6692 b,11.67975789,197.05361234,0.12341197822141563,182.3533,5890.0,0.537,467.0,0.11769508393387719,0.0021544950144121453,0.08879628145533427,823.6589924122259,0.0,2.4445882,1.4759074727813053,0.04957038908977993
HD 107148 c,4.7,,0.19056261343012706,66.7145,5752.92,0.34,799.68,0.19872995251544298,0.008498655040454224,0.08513436982420065,82.874301942489,0.0,0.7234525,1.855997651539966,0.049497495778285196
Kepler-47 b,3.05,2.07,0.07259528130671507,10.1419,5636.0,0.021,490.2,0.40199744172728474,0.08619297825455542,0.08201100603726218,8.627729487047365,5.75571388829918e-116,0.63155067,1.874541702819818,0.04945042924970918
GJ 4276 b,4.22,,0.21960072595281308,2.9298,3387.0,0.37,363.86,0.33908613343900906,0.19911718372328402,0.021931933536353664,69.12891390237307,0.03126184612142333,1.6266464,1.6522245711074686,0.04942937912753875
Kepler-18 d,6.98,16.4,0.049001814882032674,51.922,5345.0,0.0,720.0,0.0,0.0,0.0,69.80186757334046,0.0,0.9380621,1.803441819215907,0.049379321123925124
HD 180314 b,12.0,,4.1560798548094375,20.9853,4917.0,0.247,597.64,0.2291796601862571,0.029707479158686798,0.06280386814126136,30082.659700842687,0.0,1.5905055,1.6559713488089365,0.04932345435191614
HD 115404 A b,6.09,,0.13611615245009076,39.0242,5019.17,0.232,695.65,0.21135188865780508,0.014910807667999487,0.0655332051076376,128.7805132846145,0.0,0.49276003,1.8984128240427598,0.04927742700479569
HAT-P-34 b,13.417173,1058.3739,0.4537205081669692,433.78,6442.0,0.432,1520.0,0.1229008558509613,0.001049564475944928,0.10354223433240375,4590.500910163766,0.0,1.7401356,1.62050000452751,0.049269945046217414
HIP 41378 d,3.65,6.53,0.13430127041742287,3.01,6290.0,0.063,367.0,0.4590510109839739,0.25645286965362324,0.09948175455464926,27.355667952145797,0.016152114580349847,0.5187239,1.891048209761959,0.04923832120278079
HD 206893 c,16.36511182,3527.8953177,0.8021778584392014,0.2043,6500.0,0.283,1181.9,0.325410638017229,0.1458894927064918,0.1050916279318041,14727.065254219706,0.9185913165983236,1.8593886,1.592323883055455,0.04922961782141442
IC 4651 9122 b,12.7,,0.9745916515426498,10.4109,4740.1,0.18,513.04,0.32918758234538326,0.0792829360486841,0.058078217663079995,8362.236749418087,1.2776356204304057e-123,0.6917391,1.851259658796028,0.04920668596879527
HD 142 b,12.7,2256.5816897,1.0980036297640654,2.7603,6245.0,0.158,358.19,0.4233677645820778,0.2806521018504325,0.09827963883099289,9421.141961634903,0.0990407041814445,0.8719923,1.8100899241981565,0.04918071294416282
HD 89839 b,12.8,1748.0562385,0.8312159709618875,0.1067,6314.0,0.185,159.03,0.33169119044156836,0.08683186762556046,0.10012288294062091,7301.841430201581,0.7891652324285853,1.5891168,1.6463216416082438,0.04907793774159138
HD 73526 b,13.1,,0.43375680580762255,5.1529,5601.0,0.19,414.37,0.33840117136229764,0.14212686349021272,0.08107602714108388,4084.593090570159,5.383927001631111e-18,0.58482814,1.8640827416841428,0.048936227690586066
55 Cnc d,13.0,1232.493,0.558983666061706,0.0203,5198.0,0.0913,104.85,0.26025945008380574,0.0160285020526577,0.07031041299351945,5144.199275161589,0.6473887207644051,1.9008045,1.5703184053523982,0.048914346536995924
HD 73267 b,13.0,1321.530516306,0.6007259528130672,0.1577,5387.0,0.261,165.89,0.32066323540745434,0.11497814542148298,0.07535929903294877,5528.34402622885,0.8625025616944763,1.485491,1.6616735448321198,0.04888784836718468
Kepler-148 d,8.68,,0.08584392014519056,6.532,5172.0,0.0,413.0,0.0,0.0,0.0,235.15668359221195,2.086637261461977e-36,0.7443163,1.8264828845934382,0.04888433186758096
TrES-4 b,18.04649,247.9074,0.01796733212341198,2276.295,6200.0,0.0,1778.0,0.0,0.0,0.0,442.3341201259139,0.0,2.8463361,1.3551566696227062,0.04879775575849587
Kepler-176 b,1.43,290.537,32.486388384754996,123.802,5232.0,0.0,841.0,0.0,0.0,0.0,397.92218607401736,0.0,3.794828,1.1418536957206606,0.048743230991639935
Kepler-539 c,13.3,762.792,0.32304900181488205,0.1486,5820.0,0.5,253.0,0.25777795320490166,0.08762959674752618,0.08692632366295641,3183.55190951218,0.8502304567137842,2.7672582,1.3688856355605594,0.04870234250757193
HD 114386 b,13.6,464.02947422,0.18330308529945555,0.0964,4836.0,0.23,154.56,0.24707379595811108,0.05900870511989275,0.06064005983863166,1931.4128181315546,0.773173390738281,1.7062378,1.6038147144560781,0.04867261002651159
HR 810 b,12.7,1970.5361234,0.9600725952813067,2.116,6167.0,0.14,329.57,0.4522937092306344,0.3561522835620325,0.09619597157662452,8237.659665627873,0.9475988692272315,0.825906,1.796549151907322,0.04859402529331985
HD 89345 b,7.39794,34.9613,0.08548094373865699,275.6427,5576.0,0.22,1089.0,0.13031650917229887,0.0015731308171906253,0.08040818507236779,144.97407008114314,0.0,0.7976734,1.798271236948901,0.048481576342179186
HATS-45 b,14.414774,222.481,0.07441016333938294,811.3504,6450.0,0.24,1518.0,0.08853782633800894,0.00042002501747677624,0.10375594379437482,933.5646111094846,0.0,1.5248924,1.635231593881176,0.04845215028705821
HD 48948 c,2.6,,0.411978221415608,15.5,4593.0,0.55,553.0,0.29000786268666195,0.04413448979236728,0.05414863493080167,30.330733388615087,2.464184e-317,2.092032,1.5028424627911872,0.04830004986549853
K2-157 c,6.08,,0.1366606170598911,22.65,5334.0,0.2,587.0,0.24315505111831623,0.027720998717978954,0.07394347384728264,128.65975630603074,0.0,0.40180525,1.8755297494155947,0.04821423976148779
HD 21411 b,9.52,,0.07622504537205081,4.1365,5605.0,0.4,408.17,0.24186592019586534,0.11451645641766783,0.0811828818720651,275.4844857228037,1.1747401357640997e-08,1.7377119,1.5781749310447002,0.04821319342425787
TOI-2120 b,2.122,6.8,0.16989639537353637,3.61,3131.0,0.32,384.0,0.35487554777723107,0.17225508145516824,0.015093230752789235,6.8,2.6686087602684115e-05,1.680961,1.5874010263268934,0.04812927091128362
TOI-5293 A b,11.9,170.4,0.1016333938294011,34.6,3586.0,0.38,675.0,0.15962560318741698,0.013304962131558207,0.027247956403263423,717.4075149031348,0.0,1.944315,1.5279507820164524,0.04810857298383199
KOI-3680 b,11.09691,613.4119,0.44646098003629764,3.3,5830.0,0.496,347.0,0.3145367754056972,0.18095196801136898,0.08719346049044348,2555.5142608252454,0.0011592291726710824,1.9728361,1.5175768021370326,0.04800930712504995
HD 210277 b,13.6,,0.16261343012704174,0.7275,5538.0,0.48,259.86,0.2920405062742775,0.29121218013427236,0.07939306512793386,1713.4117673721512,0.9999997158138195,2.354065,1.4284141976974334,0.04790284622786139
TOI-640 b,19.2794468,181.16219199,0.0250453720508167,1150.12,6460.0,0.013,1816.0,0.09290569424873281,0.0003231900349707441,0.10402308062184583,751.7956378100009,0.0,2.4700284,1.39401669416007,0.04769109122655369
WASP-88 b,16.36514,133.4886,0.02558983666061706,1489.5543,6430.0,0.0,1772.0,0.0,0.0,0.0,469.8024723690263,0.0,2.3841429,1.406619636581073,0.04753056611793189
NGTS-11 b,9.157753,109.33352,0.1415607985480944,9.242,5050.0,0.13,435.0,0.2892598794345504,0.07337557068596687,0.06635678794676708,455.405624661323,7.7793185291329e-92,0.48237592,1.827621647237495,0.04747521384696837
KOI-1783.01,8.86,71.0,0.1016333938294011,5.7,5922.0,0.0,412.0,0.0,0.0,0.0,296.0916793003191,1.6510574777103305e-24,0.70413816,1.7705790239543875,0.04728566937015708
HD 28185 b,12.8,,0.883847549909256,0.9073,5602.0,0.063,271.95,0.5565173119698249,0.6277958074972041,0.0811027408238358,7764.185101546223,0.9999999999999984,0.8475488,1.7386365496865308,0.04728503435284241
Kepler-223 e,4.6,4.8,0.05081669691470055,119.882,5803.0,0.051,751.0,0.19491614439888158,0.004813456636383378,0.08647219105622542,20.718987902806653,0.0,0.834195,1.7399059078976586,0.047243059721610685
HD 159868 b,13.3,,0.29945553539019965,0.668,5534.0,0.024,255.69,0.5290752183444861,0.5064697418255439,0.07928621039694461,2951.045309379268,0.9999999984198709,0.8569418,1.7318807949511195,0.04717001953389579
TOI-5678 b,4.91,20.0,0.16842105263157897,3.8369,5485.0,0.14,513.0,0.3842310724797186,0.18486932545544965,0.07797723994227536,83.50826544805271,1.3664299207406078e-06,0.33938783,1.8460013843851828,0.04714380057919867
KIC 5437945 b,6.4,,0.1277676950998185,2.9,6340.0,0.0,308.0,0.0,0.0,0.0,140.29738992527055,0.039048177612572295,0.6700591,1.7719083276022478,0.04713145903879645
TOI-5027 b,10.76062147,642.01338214,0.5335753176043557,190.912,5909.0,0.385,1056.0,0.15892765152490615,0.0028175967167001713,0.08930384142756258,2784.8153484445984,0.0,1.1674026,1.656932036793653,0.0470256931311112
HIP 54597 b,13.3,762.7881768,0.32304900181488205,0.0143,4799.0,0.03,94.0,0.26264719837414835,0.011786882464620542,0.05965165357694676,3183.55190951218,0.6371322948821123,2.11542,1.4437420997008925,0.0469713529832624
Kepler-117 b,8.059,29.875,0.0544464609800363,157.541,6150.0,0.0493,984.0,0.1697661649985412,0.0034174840393061488,0.09574183896988324,119.37179721609057,0.0,0.9792277,1.6961322426135526,0.04695964657772467
HIP 79431 b,13.4,,0.27586206896551724,0.2179,3191.0,0.29,177.42,0.2781642830842603,0.12970863649820055,0.016696051717687437,2780.3213425923736,0.9325787849363261,2.2657392,1.4091837903797428,0.046944134203587305
TOI-7384 b,3.56,,0.27404718693284935,4.9,3185.0,0.4,378.0,0.3253152287104635,0.13076756584762045,0.016535769621197977,51.792151407458334,2.432005501059386e-15,1.8109543,1.5088613546400385,0.04690624273633697
Kepler-952 b,7.65,,0.10108892921960073,5.046,5730.0,0.0,369.0,0.0,0.0,0.0,189.57301231841072,7.610543739557524e-17,0.6447188,1.7666266284090377,0.04686221272250949
HD 133131 A c,14.3,,0.0455535390199637,0.0477,5799.0,0.49,128.96,0.14682924985137735,0.018825517601200218,0.08636533632522674,557.9802720926166,0.6935961789017878,3.951032,1.0268032543594143,0.046763901702349425
HD 100508 b,13.7,381.3940884,0.14791288566243194,0.0216,5419.0,0.42,106.66,0.16146956239467847,0.010394369054304872,0.07621413688088452,1593.1487262160072,0.6496076134678562,3.067699,1.222180229125151,0.04673399854262679
TOI-2295 b,16.47720163,278.099856125,0.061705989110707814,42.0912,5730.0,0.334,747.0,0.14239987354873596,0.010003247009054453,0.08452209221560127,1156.2887386224215,0.0,1.7085125,1.5218352008099205,0.04666402230065519
TOI-3877 b,11.67975789,99.798119798,0.062068965517241385,729.0,5731.0,0.22,1445.0,0.09337482383391356,0.0004777532507500947,0.08454880589835123,414.2520226543842,0.0,1.3097364,1.6071844491780987,0.04658019392089725
XO-2 S d,13.0,,0.5353901996370236,0.0253,5325.0,0.091,110.98,0.27103454002745486,0.020307649300403286,0.07370305070255281,4927.073981080093,0.655917434499715,1.8034643,1.4951192746367348,0.046526359100086165
HD 95872 b,13.0,,0.5390199637023594,0.0216,5312.0,0.06,103.45,0.28142365995498125,0.01830606236972352,0.07335577282682494,4960.477872477247,0.6496079577347682,1.8675864,1.4797705336084077,0.046499780661690096
TOI-912 b,1.93,5.1,0.7259528130671506,15.0,3572.0,0.58,551.0,0.3143550376542301,0.049024477602630095,0.026873964844791414,21.860944858984414,2.5628661922357144e-294,2.8992639,1.2498318466961358,0.0464915480065569
4 UMa b,12.6,,1.252268602540835,150.0929,4415.0,0.453,967.44,0.16049233107272035,0.0036276400505320505,0.04939359940161009,10492.953216580669,0.0,1.9716982,1.4492227582110755,0.046317908422827916
Kepler-33 d,5.35,3.91,0.045372050816696916,123.691,5904.0,0.0,853.0,0.0,0.0,0.0,29.103040601418634,0.0,1.0007408,1.6643301413078821,0.04629365455658664
HD 148164 b,13.7,,0.15154264972776768,2.1682,6032.0,0.587,337.89,0.26154087215464467,0.20021193011799623,0.0925896244055907,1632.2444004789766,0.8930029451954125,3.077293,1.201927435441308,0.04628733799541608
Kapteyn c,2.54,,0.426497277676951,0.1666,3550.0,0.23,165.59,0.3976549921647275,0.13375642496918774,0.0262862638243269,29.2756146907002,0.8584126694571181,1.5767108,1.5327651664141002,0.04621032345911063
TOI-2796 b,17.26183028,139.84449908,0.02722323049001815,352.0,5764.0,0.0,1205.0,0.0,0.0,0.0,586.5280631723847,0.0,2.0168664,1.4325634145373078,0.04615502498624622
HD 125612 b,13.2,,0.4101633393829401,0.6309,5900.0,0.446,253.38,0.3397673613463457,0.3157137217421099,0.08906341828282253,3951.5478314286834,0.999999999947423,2.025413,1.4295665730886216,0.046128035874244466
TOI-1431 b,16.70138124,991.62462984,0.21234119782214156,5300.0,7690.0,0.0022,2370.0,0.078510174893522,6.889847255823308e-05,0.13688091040227052,4143.62115195402,0.0,1.9931908,1.4327285045729115,0.04602919413342454
GJ 3293 b,5.19,,0.1678765880217786,1.07,3466.0,0.06,280.54,0.4936218539518571,0.5270194483185536,0.02404231447346841,98.30617914021428,0.9952973262802973,1.1041743,1.630355797316811,0.046023583945008176
K2-18 c,2.65,,0.40290381125226865,7.0278,3457.0,0.47,363.0,0.3319176377557265,0.09881054151614094,0.023801891328735742,31.40708332318338,1.1992499660629885e-44,2.034092,1.4182558205896765,0.04589680663163101
Kepler-296 f,1.8,,0.5807622504537205,0.62,3740.0,0.33,274.0,0.49729923974216794,0.4048071999104156,0.03136186354650441,14.187455230091752,0.9597039016541411,1.604586,1.5135637296290347,0.04588988766923322
HD 27894 c,8.24,,0.09183303085299456,9.0713,4875.0,0.015,498.89,0.36253836406778944,0.09223602213848744,0.06168189346581336,215.21332751587127,1.3636338588429135e-87,0.67685425,1.7175446324123538,0.04582849584254393
Kepler-32 e,1.5,4.08181,0.016515426497277677,56.649,3900.0,0.0,652.0,0.0,0.0,0.0,0.2334813414963739,0.0,2.4503167,1.3222494057828293,0.04581363562542221
omi UMa b,13.0,,0.5263157894736842,8.4795,5075.0,0.149,473.88,0.3300834455700931,0.09371218637292572,0.0670246300154816,4843.56425258721,1.165360858175715e-73,0.49338228,1.7511447706698944,0.04565019240588287
HD 56414 b,3.71,,0.2595281306715064,1614.3559,8500.0,0.68,1133.0,0.09658810538513858,0.00022594687163966377,0.15851899342838968,55.513010087164744,0.0,4.929578,0.7628051487452094,0.04562447193490326
HD 216437 b,13.0,1334.8793094,0.6061705989110707,0.3389,5909.0,0.31,209.85,0.3534744921906001,0.2232583143651042,0.08930384142755958,5578.449863324579,0.9995072814252631,1.4898908,1.5234318576531727,0.04550386967961437
TOI-2025 b,11.89272852,1144.1822652,0.6787658802177859,343.7178,5977.0,0.394,1166.0,0.14222095631131657,0.001489858192226266,0.09112037185444885,4782.479622209072,0.0,1.3643352,1.5502077991025032,0.04547509779063142
Kepler-42 c,0.73,60.337,17.78584392014519,82.125,3068.0,0.0,720.0,0.0,0.0,0.0,28.982221181732836,0.0,4.133893,0.9335757175689317,0.045468838403637954
K2-139 b,9.11,123.00021,0.16515426497277677,15.5562,5370.0,0.12,524.0,0.27576170845042963,0.045033588832198976,0.07490516642622225,523.0383505984801,5.725e-320,0.36204854,1.7723168158077223,0.045451563100007544
HD 102117 b,8.47,,0.08874773139745917,63.8539,5655.0,0.12,780.86,0.19136515092511788,0.008814625739149285,0.08251856600948233,225.88952935908156,0.0,0.5857548,1.72017268668178,0.0453934492761011
Kepler-12 b,19.660586,137.30256,0.019963702359346643,877.539,5947.0,0.0,1480.0,0.0,0.0,0.0,635.5051439382856,0.0,2.5734754,1.2701221973740469,0.04520426304162467
Kepler-9 b,8.29,43.4,0.07622504537205081,48.229,5774.0,0.0609,661.0,0.22149118125591188,0.013077128972392287,0.08569749425652778,181.9072014451631,0.0,0.6597438,1.6956235116415865,0.04519418677521206
WASP-139 b,8.9672,37.18611,0.056261343012704176,120.7076,5310.0,0.0,910.0,0.0,0.0,0.0,169.92969298122856,0.0,0.9483919,1.6306861182794927,0.04517699405817738
Kepler-1519 b,7.06,,0.11215970961887478,3.944,5644.0,0.0,342.0,0.0,0.0,0.0,165.32540249521932,2.71605749965896e-07,0.5929286,1.7083273924403668,0.04514078375978762
HD 96700 d,3.61,,0.26860254083484575,7.6762,5845.0,0.27,466.19,0.3452474051731956,0.09560481663856257,0.08759416573166472,52.932247141987716,1.0596395398863692e-56,0.4536054,1.7340850614454633,0.04501136941682579
TOI-1448 b,2.749,19.5,0.2240896418655354,5.45,3412.0,0.36,426.0,0.33123753875023193,0.12007207172175952,0.022599775605061205,19.5,2.0018828906806604e-21,1.5024898,1.4988294080002575,0.04496646467461784
HD 158038 b,13.5,,0.19782214156079858,5.2889,4860.0,0.29,405.91,0.2702550174072688,0.11107806203725276,0.06128118822459279,2038.7539424882823,1.6187655681833886e-19,1.0119755,1.6039030783558539,0.04486556786807372
Kepler-82 c,5.34,13.9,0.0896551724137931,8.035,5401.0,0.007,450.0,0.36590466699371316,0.0991961197737228,0.07573329059141498,57.18573803581782,5.254185172445525e-64,0.5521124,1.7048571865584623,0.0448312848554603
Kepler-397 c,6.18,,0.13357531760435573,1.8,5307.0,0.0,295.0,0.0,0.0,0.0,132.062723702921,0.9967874985609393,0.59293616,1.6955924277162135,0.044826865857269346
TOI-2525 c,10.13291855,208.813263399,0.20145190562613433,6.0478,5096.0,0.157,399.96,0.31458776038957076,0.1137189256313343,0.0675856173531904,877.937590331891,3.442589900610787e-29,0.4795598,1.7195474460931317,0.0447953730652953
Kepler-42 b,0.78,0.705944,0.02722323049001815,22.388,3068.0,0.04,519.0,0.27673853069356286,0.028867874468843688,0.013410268739644267,0.05411430406338815,0.0,2.7572007,1.2117837032841243,0.04477407328078471
HD 148164 c,12.8,,0.7803992740471869,0.0565,6032.0,0.125,135.77,0.31566374851460416,0.04807145599631651,0.09258962440560063,6855.44064407572,0.708525662229447,1.6379557,1.4571684769412656,0.04468264627153888
HD 103949 b,3.35,,0.29764065335753176,1.3983,4792.0,0.19,302.65,0.48108583227979734,0.43332083084488954,0.05946465779771012,46.87219368679577,0.9889031351585309,0.49755424,1.7078143613776813,0.04460484383945647
Kepler-79 e,3.53,3.8,0.08711433756805807,18.78,6389.0,0.025,511.0,0.3525030426104242,0.0453220257096996,0.10212640914672766,16.051009950992164,0.0,0.6073146,1.6833255640187927,0.044603337234782325
Kepler-102 b,0.46,1.1,11.252268602540836,90.0,4909.0,0.1,857.0,0.2263684922075827,0.006990616648398768,0.0625901586792802,4.5877758927643315,0.0,3.0960007,1.1287403042004966,0.04458567594728331
TOI-172 b,10.816685,1722.6386,1.3666061705989112,299.0,5645.0,0.3806,1198.0,0.15127868809438555,0.0017869238009307513,0.08225142918201869,7244.602045838723,0.0,1.4133775,1.5028117086078179,0.044575707556820575
HATS-56 b,18.920792,191.33366,0.028130671506352088,1080.87,6536.0,0.019,1902.0,0.09773392610581416,0.0003600194795646601,0.10605332051071735,798.1539053584224,0.0,2.3498483,1.2935989473532108,0.04455606483750621
Kepler-1750 b,6.00434637,,0.1386569872958258,1.85,5644.0,0.0,298.0,0.0,0.0,0.0,125.7267185724969,0.996568653750778,0.5724174,1.6852652809107644,0.04445968665055904
WASP-41 c,13.1,,0.4482758620689656,0.5573,5545.0,0.294,241.0,0.36654845189582513,0.317431203620863,0.07958006090717833,4221.315871844474,0.9999999999790006,1.2523249,1.5318768851658022,0.0444086115105004
Kepler-320 c,1.37,,0.9509981851179674,101.619,6435.0,0.0,1002.0,0.0,0.0,0.0,10.243066656898016,0.0,0.5998577,1.6769878000027347,0.044406176285898415
HD 183263 b,13.1,,0.49001814882032674,0.8347,5948.0,0.383,263.26,0.3705999523627386,0.40005767994083186,0.09034567505474216,4614.393868008129,0.9999999999933884,1.6097252,1.450417533447365,0.044361321020091646
GJ 682 c,2.89,,0.35934664246823955,0.0646,3028.0,0.1,190.08,0.3651661579052856,0.056784764329060176,0.012341721429715014,36.332537375176074,0.7114241325993282,1.9976429,1.3633567273617988,0.04434337522702451
Kepler-454 c,12.9,,0.6660617059891107,0.6814,5687.0,0.0053,249.58,0.536797396790494,0.5217877063064157,0.08337340385743895,5989.246746140887,0.9999999999998701,0.89481086,1.60877757669743,0.044342891374242306
NGTS-33 b,18.38272835,1153.71711741,0.034482758620689655,2620.0,7437.0,0.0,1991.0,0.0,0.0,0.0,897.264571226931,0.0,2.7548823,1.192007679631282,0.04427380834903073
TIC 9344899 b,9.16,6170.0,8.003629764065336,149.861,5800.0,0.029,923.0,0.21146630882278983,0.00453956833673921,0.0863920500080165,25766.891037074223,0.0,1.8752782,1.3876754821613446,0.04427153342648751
HD 42618 b,3.89,,0.24319419237749548,3.16,5727.0,0.19,337.0,0.4154470830313937,0.22644965700783395,0.08444195116736478,59.964002388976276,0.004557443713688634,0.34711355,1.727754559521299,0.04427101083902344
TOI-1694 c,13.8,,0.12014519056261344,0.4016,5005.0,0.111,222.0,0.3319984072177993,0.23279817550360726,0.06515467222309157,1322.6113920527368,0.9999978390406649,1.252464,1.5240970389975321,0.044217575578682944
HD 108147 b,10.9,,0.06388384754990925,193.0925,6255.73,0.53,890.0,0.10406079915279175,0.0017864547197778125,0.09856627664686174,346.5446254301704,0.0,2.7900302,1.1807240169939597,0.044188474610157756
TRAPPIST-1 h,0.755,0.326,0.7554954627949183,0.144,2566.0,0.00567,171.7,0.5660796874854979,0.1665451521649977,0.0,1.3619505038052466,0.6330392079834346,2.8097525,1.1762750175588732,0.04418700230842569
AF Lep b,13.0,1147.36054927,0.5208711433756806,0.0241,6140.0,0.015,1400.0,0.3351105727735058,0.024019675853208834,0.0954747021424129,4793.458415491481,0.6538722781122148,1.9278901,1.3599177601548353,0.043875879244295174
WASP-8 b,12.66617,807.2882,0.38112522686025413,209.118,5600.0,0.31,1059.0,0.15056110541638368,0.0024811553213409613,0.08104931345833682,3244.0851363938073,0.0,0.8642596,1.5964896326928395,0.043872326157340186
MASCARA-4 b,16.98160576,532.362581725,0.08729582577132486,4913.69,7800.0,0.0,2250.0,0.0,0.0,0.0,1790.6815108195271,0.0,2.4140823,1.2509966565513655,0.04385821019059963
HD 12661 b,13.3,,0.3266787658802178,1.9237,5645.0,0.38,325.35,0.3301222985193493,0.27358530706758827,0.08225142918200647,3219.322155686474,0.9999999993807227,1.416398,1.4717028544981607,0.04382534345286995
KOI-94 d,11.27,106.0,0.06588021778584392,97.12,6182.0,0.022,806.0,0.20273525275562562,0.006518675868032559,0.09659667681783002,395.0166336710535,0.0,0.9898036,1.5664573812249474,0.04382075535030108
HD 92788 b,13.0,,0.5426497277676952,1.1129,5744.0,0.35,300.27,0.38663171575925337,0.4325827832467372,0.08489608377409075,4993.8817638744,0.9999999999979599,1.367462,1.4740051453002292,0.04361360462838821
KELT-21 b,17.777474,1242.7153,0.2250453720508167,2950.0,7598.0,0.0,2051.0,0.0,0.0,0.0,5296.254573670703,0.0,1.8292977,1.3702793522969243,0.043590378569371785
TOI-2447 b,9.60609646,124.906563951,0.14047186932849365,44.5933,5730.0,0.17,414.0,0.20510914155252832,0.013245695066197646,0.08452209221560744,521.5774431812011,0.0,0.4835437,1.6667092057914359,0.04351459285432706
HD 70642 b,13.0,1239.5307873,0.5626134301270418,0.0934,5732.0,0.175,150.52,0.31394581750578765,0.07323193477998018,0.08457551958111,5177.6031665587425,0.7684542571691452,1.4420254,1.4528987187190225,0.04350236895277012
HD 168746 b,11.1,,0.06261343012704174,224.4898,5570.0,0.11,900.0,0.1349214889617111,0.0020187004541678912,0.08024790297587564,358.69476789727116,0.0,0.9678618,1.5577997893986002,0.04348692849830747
TOI-1670 b,2.06,41.31769291,1.5607985480943738,196.694,6170.0,0.59,1062.0,0.19402464147346524,0.002990337575130149,0.09627611262487595,57.15274878447668,0.0,2.8247588,1.1438103528032506,0.04346897550061426
HD 216770 b,14.1,,0.06442831215970962,3.7539,5399.0,0.37,370.18,0.2239147692489057,0.11727693196028256,0.0756798632259158,756.5239848750066,4.530259195353025e-06,1.8937585,1.3509085805447574,0.04346650351297962
WASP-148 b,8.47398941,91.216752809,0.15081669691470054,72.699,5555.0,0.208,940.0,0.1853575440159324,0.007649422451926429,0.07984719773465682,384.4162917589861,0.0,0.47529548,1.6662701047774644,0.043458511792241264
HD 220842 b,13.1,,0.4482758620689656,4.155,5960.0,0.404,397.62,0.30553764711162523,0.15095320550069857,0.09066623924772205,4221.315871844474,8.5605619548113e-09,1.4588048,1.4455539094493692,0.043413358942793065
HD 109286 b,13.2,,0.411978221415608,0.709,5694.0,0.338,259.4,0.36382214896695914,0.3603774592886263,0.08356039963667387,3969.03255634651,0.9999999999501905,1.3913093,1.4547156046159946,0.04326889603324874
TOI-2669 b,19.72780603,193.87532827,0.025226860254083487,375.554,4800.0,0.09,1226.0,0.0935492835539525,0.0009096579909167377,0.05967836725968493,811.3125203624462,0.0,2.1833556,1.2765750435049505,0.043222870847998425
WASP-78 b,21.63337,352.7913,0.023774954627949187,4812.6238,6100.0,0.0,2469.7,0.0,0.0,0.0,1008.2792754367838,0.0,2.8281364,1.132692165627933,0.043213407500027355
TOI-6695 b,9.52763359,66.74396547,0.07441016333938294,85.9385,6400.0,0.04,599.0,0.20224641910058916,0.007189271025071915,0.10242025965695858,269.572761630255,0.0,0.87496215,1.565503158628781,0.04316712846102185
HD 98736 b,13.3,,0.3139745916515427,0.1734,5271.0,0.226,179.53,0.30394026997884815,0.11697501785742973,0.07226051183414275,3094.1262940764445,0.8827173416963038,1.3564112,1.4563915799413574,0.04311873868332493
HD 220773 b,13.6,,0.18330308529945555,0.129,5940.0,0.51,167.02,0.22728395244483449,0.06867975692421685,0.09013196559274743,1931.4128181315546,0.8225351129790699,3.0152721,1.0843489410829057,0.04304834566547014
HD 142415 b,13.5,,0.2159709618874773,1.0219,5940.0,0.5,283.72,0.3147598308062457,0.3645069184592367,0.09013196559274994,2225.7955885881242,0.9999999710863154,2.3827586,1.223850952954561,0.043017113671794546
HD 10180 f,5.24,,0.16569872958257714,6.1329,5911.0,0.119,427.54,0.3620043441481871,0.12246546693129229,0.08935726879304849,99.86231944275964,2.1158936017852807e-30,0.3158914,1.6825929946202274,0.04298632066006658
HD 139357 b,12.1,6315.568275497,3.5571687840290385,7.649,4700.0,0.099,446.97,0.3316530912092719,0.10143439340590599,0.0570069989848789,26396.67301888186,3.669154329800215e-56,1.3313191,1.452963049738919,0.04289654075582866
Kepler-712 c,4.85,,0.18330308529945555,0.662,5148.0,0.0,236.0,0.0,0.0,0.0,87.59586387928174,0.9945688506221481,0.6452474,1.6037174104782077,0.04284885740309661
Teegarden's Star d,0.954,,0.9419237749546281,0.12,3034.0,0.07,159.0,0.5574832353027264,0.13926708892390188,0.012502003526205804,3.4257012994334426,0.702136540069662,2.344706,1.2242373403371216,0.04281785551444198
HD 150706 b,13.3,772.32302901,0.3266787658802178,0.024,5961.0,0.38,108.81,0.19297285043272444,0.013729399759453427,0.09069295293046481,3219.322155686474,0.6537017962028355,2.6570408,1.1543150748742463,0.04280773165043205
11 Com b,12.2,,2.7041742286751362,68.5387,4874.0,0.238,803.26,0.19505630518124906,0.008860707301435185,0.06165517978308284,20568.507097120917,0.0,1.2415781,1.4691619628475838,0.04280351472045738
HD 196885 A b,13.2,,0.35571687840290384,0.4271,6254.0,0.48,224.21,0.3098752276535429,0.22769565232611988,0.09852006197571747,3427.006083893903,0.9999999997173783,2.4133365,1.2022274754249802,0.04265179501907809
TOI-1232 c,8.88,58.480426888,0.08330308529945554,31.4327,5823.0,0.027,660.05,0.27099896740622975,0.02360638874281018,0.08700646471119453,244.33663772174475,0.0,0.66200554,1.5912784322865714,0.04263414226123023
TOI-2180 b,11.32107051,875.617261285,0.6025408348457351,2.71,5695.0,0.3683,348.0,0.3553656911725132,0.23509086676302254,0.08358711331942546,3662.1622368042845,0.1331338853916197,1.2428043,1.4565557047250335,0.0424994558296159
TOI-1408 b,25.0,593.0,0.032667876588021776,465.179,6117.0,0.0023,1293.0,0.08674297198776915,0.0007068914057655558,0.0948602874391853,2138.107522860567,0.0,2.2188382,1.238195334502588,0.04247136578006155
GJ 667 C g,1.99,,0.5825771324863884,0.0455,3350.0,0.08,,0.40478347453855296,0.04541709197108887,0.020943527274667695,19.2309736181395,0.6717048812754735,1.9983997,1.286820541901297,0.04246065580576563
Kepler-278 b,3.955,56.0,0.9074410163339384,110.0,4965.0,0.696,586.0,0.19740166147905147,0.005410180413645487,0.06408612491317282,235.1508095848088,0.0,3.4730256,0.9565813938259141,0.042410014215025146
pi Men d,3.72,,0.2595281306715064,5.6398,5998.0,0.22,443.55,0.3736504421322405,0.13252168165529793,0.09168135919215328,55.9631133913258,9.585751318612015e-24,0.36734173,1.6454571555115365,0.04235309169514035
KOI-142 c,14.0,214.1,0.07785843920145191,28.7874,5466.0,0.05724,635.87,0.22432164487095546,0.021909182582701595,0.07746967997005377,894.9080395843238,0.0,0.8862508,1.5261749458555094,0.04225949401474663
Kepler-1602 b,1.34,,0.9782214156079855,124.507,6296.0,0.0,1159.0,0.0,0.0,0.0,9.8591658135348,0.0,0.58957154,1.5836999671178866,0.04204988291164613
KELT-11 b,15.13212395,65.154823435,0.016878402903811252,1433.0,5375.0,0.0,1712.0,0.0,0.0,0.0,244.97379441932884,0.0,2.619655,1.1269523206135361,0.04192802192323372
HD 211403 b,12.8,,0.8366606170598911,3.44,6273.0,0.084,380.0,0.4522410255109124,0.25750062849967065,0.09902762194794322,7349.670085857923,0.00024991242536772144,0.7129521,1.550144194115032,0.041899575144555036
K2-264 b,2.231,,0.5045372050816697,13.0794,3660.0,0.5,496.0,0.31200363372473483,0.05494243016437874,0.029224768926640873,23.468239800217297,5.575469476155603e-214,2.1258883,1.2356636686688007,0.041898962327292164
HD 185283 b,13.6,413.1769291,0.16388384754990926,0.013,4848.0,0.07,93.97,0.20338997485548763,0.008322129446857465,0.06096062403160977,1726.7977968047462,0.6349073049940968,2.2764199,1.196766913622609,0.04176595147808547
TOI-712 b,2.049,,0.5626134301270418,22.6,4622.0,0.54,650.0,0.2923251552556256,0.03168436975689198,0.05492333173050377,20.27330618364081,0.0,2.0627842,1.24313150306075,0.04173683434764389
HD 94890 c,12.5,,1.4464609800362977,3.094,4867.0,0.05,369.1,0.4859228023308208,0.29785822904246717,0.061468184003840395,11833.831220276888,0.00833456461413791,0.8595015,1.5043564001511498,0.04157482837961761
Kepler-1586 b,1.52,,0.8294010889292197,105.771,6681.0,0.0,1013.0,0.0,0.0,0.0,12.200678251962165,0.0,0.6001779,1.5599008595722084,0.041521349474216505
HD 100777 b,13.7,390.92894061,0.15154264972776768,0.9345,5533.0,0.38,264.28,0.30971511489060666,0.35011835507643707,0.07925949671419207,1632.2444004789766,0.9999995599801876,1.7225819,1.3052973795639804,0.04140283747571182
HD 167677 b,13.2,905.81095995,0.3920145190562614,0.0891,5474.0,0.182,151.9,0.2920012618123769,0.06541745828599294,0.07768338943204754,3776.700582250424,0.7616445971090537,1.4438374,1.3614501214590853,0.041257797954957015
HD 38801 b,12.5,,1.573502722323049,1.7311,5338.0,0.017,287.8,0.6038013996926829,0.5343083309240335,0.07405032857828914,12873.189043889664,1.0,0.95826024,1.4692469819896103,0.041251125315360675
HD 151450 b,6.94,,0.11470054446460981,66.5618,6091.98,0.496,795.0,0.1576315866111046,0.006917721368328533,0.09419191109683321,160.59517763093837,0.0,1.9468476,1.2480572535399534,0.04122215950873736
Kepler-857 b,6.8,,0.11796733212341198,5.747,5773.0,0.0,390.0,0.0,0.0,0.0,155.37355591404832,4.0633787468970097e-25,0.5274065,1.561676844742069,0.04116585774797447
K2-138 f,2.904,1.63,0.07259528130671507,51.0,5356.3,0.062,653.0,0.2555115931863014,0.013339004037051783,0.07453918897256583,7.447094037000465,0.0,0.549755,1.5560124936876658,0.041148832166167215
HD 5388 b,13.1,1017.0509024,0.45190562613430135,1.4901,6297.0,0.41,316.59,0.35080157355582037,0.3381251087574205,0.09966875033389688,4255.4965671630525,0.9999999999810478,1.7171404,1.2948083449942651,0.041114392389134086
HD 94771 b,14.2,,0.058802177858439206,0.271,5631.0,0.39,200.79,0.21912795837724272,0.11597656110875627,0.08187743762351717,705.2564290079677,0.9752431328289647,2.5831914,1.1000975650735476,0.041065897796663114
HIP 65891 b,12.7,1938.7532827,0.9437386569872959,5.617,5000.0,0.09,429.05,0.41590410339508155,0.16468504999562666,0.06502110380936219,8097.510446363883,1.875173406969432e-23,0.60516864,1.540031911177377,0.04105889662059991
GJ 876 e,3.92,14.6,0.2413793103448276,0.111,3293.74,0.055,150.46,0.4034196738121791,0.10031331309607966,0.01944061548324718,60.90414524240151,0.7890765046765563,1.6678991,1.3014972660346131,0.04100912364400137
Kepler-327 c,1.03,20.3,18.511796733212343,28.272,3799.0,0.0,537.0,0.0,0.0,0.0,84.73227290721834,0.0,3.506958,0.8912620381705804,0.040985851255265125
Kepler-24 e,2.78,26.2118,0.056261343012704176,81.506,5897.0,0.0,792.0,0.0,0.0,0.0,5.063293377722466,0.0,0.8171156,1.4869891994056397,0.04091410980557377
HD 67087 b,13.1,,0.4319419237749546,2.9727,6330.0,0.17,365.67,0.3743901942631827,0.23517597433109932,0.10055030186459071,4067.5027429108686,0.022718376148207178,0.73721933,1.5045150383416137,0.040907811763285604
Kepler-890 b,8.89,,0.08312159709618876,30.227,5954.0,0.0,540.0,0.0,0.0,0.0,244.62890501174775,0.0,0.71291566,1.5069482566555383,0.04083445147662154
Kepler-511 b,6.35,,0.12885662431941924,4.208,5770.0,0.0,332.0,0.0,0.0,0.0,138.2027023297682,3.3844101005282515e-09,0.5075133,1.551087439922906,0.04079564493038988
Kepler-223 d,5.24,8.0,0.056261343012704176,175.951,5803.0,0.037,827.0,0.1887404332258796,0.0033228690356211336,0.08647219105622651,33.907249756030104,0.0,0.80697167,1.4815734380294008,0.04072493645990866
HD 104067 c,3.69,,0.2613430127041742,27.4455,4952.0,0.29,648.36,0.26260619801781354,0.024645370647811773,0.06373884703743797,55.002015107614874,0.0,0.46173072,1.5557158024546685,0.04065855364133849
HD 187123 c,13.2,912.16752809,0.39564428312159716,0.056,5790.0,0.252,135.42,0.253732905007219,0.03815658128983547,0.0861249131805084,3811.670032086076,0.7076936334313493,1.785527,1.2597354982639637,0.040624946590364336
TOI-1859 b,9.75181321,,0.0736842105263158,23.786,6341.0,0.57,615.0,0.16207430392288763,0.018211609518892894,0.10084415237480841,286.23264656683483,0.0,2.9506664,0.9999646493659974,0.04061351893962197
BD+14 4559 b,13.8,,0.12540834845735027,0.7867,4864.0,0.29,246.28,0.30501908905340885,0.31748187407254197,0.061388042955582804,1380.550561795228,0.9999983991214747,1.4821974,1.3256824624123114,0.040586476408833415
WASP-76 b,20.78145022,284.138595858,0.030852994555353907,4104.0,6329.0,0.0,2228.0,0.0,0.0,0.0,1159.8811367990263,0.0,2.5590448,1.085754933145903,0.0405798187999567
HD 69830 d,4.45,,0.20508166969147004,1.5182,5385.0,0.07,308.1,0.5168150539371682,0.4503006648664334,0.07530587166744673,75.69993156357087,0.9935222027667961,0.3817312,1.570250045087339,0.04057793653029284
EPIC 211945201 b,5.76,11.0,0.059891107078039935,101.0,6069.0,0.0,817.0,0.0,0.0,0.0,47.94224871352604,0.0,0.8268876,1.4707245771647968,0.04056674887206438
TOI-3457 b,10.64,797.74930157,0.1581076703100364,17.4858,6300.0,0.59,824.2,0.19293790016003498,0.02882564864479904,0.09974889138213491,797.74930157,0.0,2.8021417,1.0303156814051544,0.040546860246997996
Kepler-799 b,6.88,,0.11615245009074411,6.356,5681.0,0.0,433.0,0.0,0.0,0.0,158.44637188620007,1.0874716415916164e-33,0.51878434,1.537649714332633,0.040526201401184146
HD 190360 b,13.5,537.0,0.2177858439201452,0.0741,5560.0,0.3342,150.0,0.22941252611004628,0.043744245656517446,0.07998076614839697,2244.4997531981085,0.7375043689439144,2.0600634,1.1938880202640465,0.040507890120190404
tau Cet f,1.81,,0.6606170598911071,0.2782,5310.0,0.16,201.97,0.5369337425149777,0.25791976077824147,0.07330234546133069,16.408697877405036,0.949684179486754,0.8954552,1.451327232274855,0.04046475018626315
Kepler-1625 b,6.06,,0.13720508166969148,3.3,5677.0,0.0,350.0,0.0,0.0,0.0,127.90180647141412,0.0011553520323872193,0.49460903,1.5366417489903885,0.04036870854231546
K2-121 b,7.16,51.0,0.12704174228675136,62.5,4526.0,0.22,716.0,0.18483486276496902,0.008670049868307828,0.05235881818666129,195.3323240889212,0.0,0.63172305,1.5050096778627897,0.04034117835374024
Kepler-58 e,1.61,597.796,23.774954627949185,511.6,6100.0,0.0,1212.0,0.0,0.0,0.0,415.6099479628624,0.0,3.456025,0.8758398591590917,0.04032618673891446
GJ 3323 c,1.32,,1.0018148820326678,0.17,3159.0,0.17,147.8,0.5012867576474744,0.1671234033582951,0.01584121386974347,9.651568154639971,0.8377309115567353,2.0620399,1.1841191751991544,0.04027789983427862
HAT-P-41 b,22.97845,378.2177,0.037023593466424684,2485.0721,6390.0,0.0,1941.0,0.0,0.0,0.0,1881.6089430063062,0.0,2.3834717,1.1107929940712225,0.040233770469193526
DMPP-6 c,3.74,,0.2558983666061706,42.4847,6182.09,0.31,715.27,0.23908466469609727,0.015179062787206233,0.09659908104928798,56.07521271527956,0.0,0.5875654,1.5102654922026746,0.040228471162231536
Kepler-25 d,10.0,71.9,0.07168784029038112,15.2243,6354.0,0.13,544.68,0.23047297210032056,0.03824369408799262,0.1011914302505356,300.28532321063966,1.578488586397454e-304,0.9344429,1.4315412231133928,0.040190873632989045
TOI-1803 c,4.29,8.0,0.07604990925589837,22.0,4687.0,0.0,588.0,0.0,0.0,0.0,25.15122752805139,0.0,0.65291214,1.4928839509212155,0.040158497144241044
NGTS-20 b,11.99360935,947.12865286,0.5480943738656987,6.7645,5980.0,0.432,688.0,0.2900773469351014,0.09798470730719162,0.09120051290268973,3960.897927110508,3.675035232694086e-40,1.540025,1.2941265271202536,0.04012580035240761
HATS-41 b,14.90797,3082.951,0.925589836660617,1300.3125,6424.0,0.38,1710.0,0.10817373835067978,0.00034333640386711626,0.10306138804294103,12845.846168359507,0.0,1.7870821,1.2386434751799318,0.04011349066546195
HD 147873 b,12.8,,0.7767695099818512,21.9829,5972.0,0.207,603.16,0.2766071869178407,0.034859297508346106,0.0909868034407066,6823.554873638159,0.0,0.61817765,1.498501947846095,0.0401064213339137
GJ 180 d,2.66,,0.4010889292196007,0.1362,3371.0,0.14,187.94,0.41137676411802426,0.11836629047591214,0.021504514612381495,31.62089761807604,0.8189969039909923,1.5676792,1.2861732247829178,0.04008145600262344
WASP-33 b,17.855937,665.21819,0.1250453720508167,9392.0471,7430.0,0.0,2781.7,0.0,0.0,0.0,2981.9761612233137,0.0,2.196876,1.1436739421828823,0.04002059816638147
Kepler-24 d,1.67,293.959,27.586206896551726,601.895,5897.0,0.0,1305.0,0.0,0.0,0.0,538.1830453394491,0.0,3.6511478,0.8183315524808354,0.03997900031434937
Kepler-7 b,18.180998,140.16303,0.025408348457350276,1375.11,5933.0,0.0,1630.0,0.0,0.0,0.0,639.6143566228928,0.0,2.336622,1.1096863901765912,0.0399494383745881
HD 20003 b,3.43,,0.2885662431941924,75.8952,5494.0,0.36,814.93,0.21454523063286393,0.00804011181366776,0.07821766308701504,48.777158263111666,0.0,0.71683156,1.4699010778997743,0.0399426005948305
Kepler-396 c,5.3,17.9,0.11996370235934666,5.244,5656.0,0.0,390.0,0.0,0.0,0.0,74.8111065824296,5.17619189022491e-19,0.46745402,1.5245663377315097,0.039922017566870145
Kepler-296 d,2.09,,0.3448275862068966,2.9,3740.0,0.33,403.0,0.4188226527513558,0.23704154568834118,0.031361863546503436,13.186497893611149,0.03681569489936274,1.259467,1.3480595293464204,0.03991608706215952
HATS-31 b,18.38276,279.6904,0.0441016333938294,1619.406,6050.0,0.233,1823.0,0.06754563882979518,0.0001720818739135405,0.09307047069505375,1147.5600894758466,0.0,2.0531297,1.1711814430638299,0.039910054610486925
WASP-39 b,14.336311,89.31023,0.030308529945553542,316.269,5485.0,0.0,1166.0,0.0,0.0,0.0,374.0810620872981,0.0,1.7652441,1.2313448556169446,0.03981373698079504
TOI-5795 b,5.62,23.66,0.132486388384755,240.6761,5715.0,0.25,1136.78,0.14876287664288015,0.0020008418597167454,0.08412138697438355,98.50739111007645,0.0,0.5986907,1.4897058453795142,0.039782648519835824
Kepler-1913 b,1.51852059,,0.8312159709618875,105.7,6214.0,0.0,818.0,0.0,0.0,0.0,12.191707747294824,0.0,0.4577488,1.5205663681998514,0.03977015521445741
Kepler-440 b,1.86,,0.6388384754990926,1.2,4134.0,0.34,229.0,0.5218765030711032,0.4968473542585724,0.04188705454933415,17.21941950502332,0.970772005113879,1.3398265,1.3239080589016243,0.03976158230761653
Kepler-113 c,2.18,8.7,0.0559431941923775,45.596,4725.0,0.0,628.0,0.0,0.0,0.0,2.4277577535221306,0.0,0.9024118,1.4184944723975135,0.039693482495797995
WASP-150 b,11.99363,2688.8418,1.5499092558983665,854.7074,6218.0,0.3775,1460.0,0.11815771403238676,0.0005389948863952253,0.0975583693967954,11200.74272117552,0.0,1.7272934,1.230852863379184,0.039593382630307906
Kepler-102 c,0.567,1.7,9.437386569872958,61.0,4909.0,0.094,777.0,0.26222695450022776,0.011398122826222976,0.0625901586792792,7.2059215676474615,0.0,2.683584,1.01747297567551,0.03957975222877891
TOI-2416 b,9.86390302,953.485221,0.9800362976406535,130.93,5808.0,0.32,1080.0,0.1937944711135484,0.004831281101459142,0.08660575946998857,3939.826993362872,0.0,0.91055584,1.4113034487138345,0.03956088370866654
Kepler-539 b,8.373123,308.2951,0.5263157894736842,3.681,5820.0,0.39,387.6,0.3485564718918393,0.18176710302570057,0.08692632366296171,1294.1881569264522,1.233531771055312e-05,1.1794204,1.3511184962109768,0.039552307696042746
HAT-P-33 b,20.73665,292.4036,0.036297640653357534,1701.38,6446.0,0.0,1782.0,0.0,0.0,0.0,1355.7599449625395,0.0,2.2598186,1.1105907070580003,0.039550333550616885
HD 204313 b,12.9,1466.778098305,0.6805807622504537,0.124,5767.0,0.1,163.43,0.3743540125011837,0.11047197733077174,0.0855104984773018,6119.802533522705,0.8152145083034429,1.3059323,1.3225072511201408,0.03954107983599625
Kepler-561 b,6.96,,0.11451905626134302,7.565,5646.0,0.0,446.0,0.0,0.0,0.0,161.73130413172782,1.5844883629249774e-54,0.50919855,1.4996062909476082,0.03953570957565895
HD 44219 b,14.1,184.34047606,0.06551724137931035,1.1462,5752.0,0.41,283.89,0.2598820429222262,0.2815332339853482,0.08510979323606203,769.3103057461335,0.9999353300350311,2.301415,1.099915007137558,0.039515369995955354
XO-3 b,14.79585452,4217.58296089,1.2994555353901998,1161.72,6970.0,0.2791,1890.0,0.11415950991241147,0.0004019538668732361,0.11764705882351449,17630.72575955088,0.0,1.6579657,1.242884428226665,0.03950961888237322
HD 143361 b,12.9,1382.55357045,0.6424682395644283,0.205,5507.0,0.197,180.26,0.3575332423715837,0.15703402896646318,0.0785649409627448,5777.093591645434,0.9193393175663125,1.2510724,1.332636517038091,0.039489799355703556
K2-19 b,7.0,30.8,0.0896551724137931,87.0,5322.0,0.1,857.0,0.19136046525577968,0.006581853935976346,0.07362290965430114,128.81252084925873,0.0,0.50954187,1.4972076065065059,0.03947845783828757
HD 73534 b,13.7,,0.13702359346642468,0.3721,4917.0,0.126,220.25,0.3285404658398316,0.21940563162605092,0.06280386814124249,1475.8617034270985,0.9999990609163835,1.2354896,1.3334719940454522,0.03942489844359325
HAT-P-51 b,13.50682174,97.573320949,0.03956442831215971,310.0,5453.0,0.07,1168.2,0.1203474932442441,0.0013549541175426707,0.07712240209432211,408.36922753478467,0.0,1.4387864,1.284900836290014,0.03934288944898666
Kepler-1485 b,1.47,,0.8656987295825771,85.176,6087.0,0.0,728.0,0.0,0.0,0.0,11.51880413793599,0.0,0.44540912,1.505153435378661,0.039322470667352484
GJ 687 b,4.32,,0.21234119782214156,0.801,3413.0,0.17,263.65,0.4349330844419807,0.42634041716849475,0.022626489287809113,71.70907371497573,0.9930485311531718,1.181342,1.3397502497702136,0.03928258601567172
HD 4203 c,13.3,,0.29219600725952816,0.0406,5582.0,0.24,124.96,0.22909775198276697,0.025968165004306775,0.080568467168861,2879.5048170306795,0.6818719181718542,1.8704176,1.184017291713354,0.03922401149287226
HD 213519 b,2.99,,0.3430127041742287,125.3797,5840.0,0.413,931.36,0.19915234564625067,0.004695076118699808,0.08746059731792666,38.407176356455885,0.0,1.0404924,1.3669426717332382,0.039180168199187564
TOI-4562 c,12.8,1833.86990839,0.8729582577132486,0.0657,6096.0,0.122,138.11,0.3298355295227075,0.05728467970651962,0.09429930010149248,7668.527790233538,0.7237523812101229,1.62586,1.2361338600573226,0.03916704078954943
Ross 508 b,1.83,,0.6515426497277677,1.2464,3071.0,0.33,293.86,0.5060757785312261,0.47756900497302945,0.013490409787892758,16.725716383590022,0.9699811131298489,1.8860031,1.1770956654537712,0.03913888343224664
TOI-4914 b,12.87,227.0,0.10707803992740472,18.1082,5805.0,0.408,894.0,0.18706533730925753,0.027323857916524398,0.08652561842172693,956.1469913536066,0.0,1.6401726,1.2307051343895614,0.03911173371874083
HD 9446 c,13.4,,0.23956442831215974,2.5718,5793.0,0.06,345.42,0.4200260889045293,0.2887753308439119,0.08620505422875206,2414.4895869881143,0.2704086426997096,0.64519763,1.4512810863874854,0.03909052059083707
HD 73526 c,13.3,,0.30308529945553536,2.0521,5601.0,0.28,329.17,0.34266797790179315,0.27286640827891095,0.08107602714108103,2986.815555553562,0.9892010900432117,0.9748019,1.3767755829912167,0.03906215668878594
TOI-2497 b,11.14172682,1531.93292174,1.1070780399274047,997.8085,7360.0,0.195,1595.0,0.1341498256960865,0.0005323455166527913,0.1280653950953489,6413.93217767794,0.0,1.3852218,1.2851431621538258,0.03905496985000661
WASP-54 b,17.71022,187.5197,0.030308529945553542,1639.1072,6100.0,0.07,1759.0,0.0779301663432463,0.0001948171790274456,0.09440615483246434,705.2211847241894,0.0,2.1569104,1.1113745542835878,0.0390050306491623
HD 114783 c,13.4,603.8739733,0.25045372050816694,0.017,5135.0,0.05,101.53,0.24465407273980458,0.012777086071783472,0.06862745098037235,2524.2391136693914,0.6417502894014111,2.0204005,1.1394916049878137,0.03894921867301307
TOI-2005 b,11.99360935,2034.1018048,0.2814714682370654,525.9409,7130.0,0.597,1221.39,0.10457130454880381,0.0007409620046250225,0.12192124806322664,2034.1018048,0.0,3.2496293,0.8654613278113679,0.03893788709899342
Kepler-841 b,5.23,,0.16588021778584394,1.648,5324.0,0.0,416.0,0.0,0.0,0.0,99.4004322096676,0.9953459745713664,0.49856538,1.4759906495549746,0.03889516419390904
HD 216536 b,13.8,,0.1266787658802178,169.5666,4639.0,0.38,897.99,0.12172135906194198,0.0024288107099049564,0.05537746433721895,1394.5358786296226,0.0,1.5509964,1.2401903011282975,0.03885629042360712
Kepler-462 b,3.0,53.9,1.6878402903811254,31.269,7500.0,0.042,611.0,0.4088131459369122,0.034113922873629555,0.13180531068011153,190.8902396409914,0.0,1.0511382,1.3513332107133904,0.03885375315742447
Kepler-462 c,4.0,6.0,0.07259528130671507,9.97,7500.0,0.11,453.0,0.2958054131987718,0.06600908399863295,0.13180531068007656,19.46152980808196,4.094127778834966e-111,1.2470617,1.3074299417726762,0.03884636793195211
Kepler-489 b,7.72,,0.1,20.618,5014.0,0.0,538.0,0.0,0.0,0.0,192.7260898768066,0.0,0.55863345,1.4569831846832018,0.03875614323536807
HD 72659 b,13.2,949.671280116,0.411978221415608,0.1115,5929.0,0.2393,155.34,0.29202251967768067,0.07882828849169146,0.08983811508252203,3969.03255634651,0.7964993226425297,1.5422597,1.2377402593998559,0.03874795262087134
HATS-64 b,18.819911,305.1168,0.04446460980036298,1711.0,6554.0,0.151,1793.0,0.07153499331064218,0.00017408061347305598,0.10653416680019245,1241.5259192570181,0.0,2.0463824,1.124001214012861,0.03870988363386198
HAT-P-40 b,17.03768,152.5584,0.02722323049001815,1747.4151,6080.0,0.0,1770.0,0.0,0.0,0.0,563.9747245927002,0.0,2.2924778,1.0685839971032307,0.038693921057570684
HD 192310 b,4.27,,0.2159709618874773,3.7598,5166.0,0.13,355.0,0.4140926274821852,0.20117007859164537,0.0694555751455711,70.43160689456244,4.140526125188647e-06,0.26268396,1.5198090167021472,0.038681218549210965
Kepler-39 b,13.9,6388.1,2.3593466424682394,90.22,6350.0,0.112,897.0,0.212495148518761,0.007599082931810819,0.10108457551957256,26541.457221932284,0.0,1.1045041,1.3298488327008902,0.03861689522427029
HD 178911 B b,12.6,,1.2722323049001816,7.8319,5588.0,0.11,480.24,0.376824003870974,0.11390835090865951,0.08072874926536316,10660.232180902969,8.255462807017042e-60,0.66015136,1.4270588575793068,0.03857540860430008
WASP-31 b,17.363,151.916,0.031215970961887475,970.9417,6302.0,0.0,1423.7,0.0,0.0,0.0,684.4468878212449,0.0,2.1248062,1.1006299068264807,0.038563992633847424
Kepler-296 e,1.53,,0.7441016333938294,1.41,3740.0,0.33,337.0,0.5314131328659256,0.46274511826606,0.0313618635465052,11.163365895949497,0.9534708910210298,1.5479418,1.2289707324817765,0.03856293056272407
WASP-153 b,17.37395,123.9537,0.02722323049001815,1400.0,5914.0,0.009,1700.0,0.08937096586125164,0.0002570872729622197,0.08943740984128114,598.0313780088892,0.0,2.2252302,1.077370303981685,0.038541563305914774
HD 25912 b,6.9,,0.11578947368421054,18.7477,5920.58,0.05,579.16,0.30483557044440474,0.041227073517694654,0.0896131858737751,159.3327167918516,0.0,0.4228305,1.475913024997328,0.03847771461318932
Kepler-123 c,1.48,,0.8584392014519058,77.399,6089.0,0.0,706.0,0.0,0.0,0.0,11.656906080285772,0.0,0.4375313,1.4705157189612665,0.03842531207580195
Kepler-10 d,3.49,,0.2813067150635209,3.9198,5708.0,0.19,387.0,0.4180563906151465,0.19431851141511586,0.0839343911951483,50.08930311975819,3.9162535797722097e-07,0.2963812,1.5004694741018205,0.03838932153986276
Kepler-272 b,1.43,78.0,26.678765880217785,801.741,5297.0,0.0,1200.0,0.0,0.0,0.0,326.78525895463986,0.0,3.6747413,0.7480632326054987,0.03837610202576568
Kepler-1501 b,1.56,,0.8003629764065336,100.001,6229.0,0.0,787.0,0.0,0.0,0.0,12.727684315708894,0.0,0.4369634,1.4644559836827815,0.03827280365476391
Kepler-350 c,3.1,6.1,0.06352087114337568,138.415,6492.3,0.0,888.0,0.0,0.0,0.0,7.9266582843515385,0.0,0.88286865,1.3647160883038865,0.03826043817424601
TOI-7510 b,7.31,18.1,0.04627949183303086,1678.5119,5720.0,0.0572,878.0,0.10265745633902146,0.00023520683946282527,0.08425495538811804,75.72326331886661,0.0,1.2993462,1.2713057637949665,0.03824265665576018
TOI-6894 b,9.5836785,53.395172376,0.060617059891107085,5.54,3007.0,0.029,417.9,0.31903090570669274,0.12343116122068261,0.011780734091999326,223.50136805464405,1.6956535516110375e-22,1.8645287,1.1451853913433325,0.03823436435476972
WASP-90 b,18.27067,200.2329,0.03502722323049002,1704.4939,6430.0,0.0,1840.0,0.0,0.0,0.0,894.8654489746073,0.0,2.1911972,1.0724572168359676,0.03823371007973968
nu Oph b,12.0,7057.73298,4.0653357531760435,25.1924,4887.0,0.126,620.57,0.2509339449491434,0.02771967188657093,0.0620024576588123,29425.83306981992,0.0,1.3440248,1.260523748211916,0.03822198255514449
TOI-5882 b,11.46678726,6995.40323807,4.609800362976406,4792.5,5920.0,0.0339,1515.0,0.1092459720599761,0.00010117302142904498,0.08959769193781104,29113.605495903983,0.0,1.9750462,1.1195786803180465,0.03820945208043731
HD 38283 b,14.0,,0.04627949183303086,2.4745,5981.0,0.41,348.58,0.22058788134652835,0.15304938761966885,0.091227226585418,531.9383452074652,0.40617737882933186,2.4475493,1.014398329847774,0.03820889669368875
Kepler-131 c,0.84,8.25,14.101633393829403,35.736,5685.0,0.0,615.0,0.0,0.0,0.0,35.010304452101686,0.0,2.8795936,0.9144228183466402,0.0381146716199533
Kepler-816 b,10.24,,0.0691470054446461,50.563,5286.0,0.0,668.0,0.0,0.0,0.0,311.00105053979973,0.0,0.84152585,1.3662153702248512,0.03807056428719022
HD 23127 b,13.5,,0.1960072595281307,0.5038,5843.0,0.406,223.4,0.2987592302810528,0.2417577220922044,0.08754073836616436,2020.0497778782978,0.9999999316978594,1.9339434,1.1222964656803154,0.03805093479088177
KELT-8 b,18.15858,209.7678,0.030308529945553542,983.3098,5754.0,0.04,1675.0,0.093991853329568,0.00037527418503483873,0.08516322060155572,760.1497074896873,0.0,2.0451741,1.0953669595699924,0.03799732462417868
Kepler-63 b,6.11,120.0,0.544464609800363,100.371,5576.0,0.45,791.0,0.19403593933141297,0.005914577863680178,0.08040818507237958,520.2138324789953,0.0,1.2834489,1.2647039386410743,0.037992675704269514
HD 153950 b,13.2,,0.4065335753176044,1.355,6124.0,0.34,295.3,0.3628086211599851,0.3675547423529138,0.09504728321844098,3916.578381593032,0.9999999999413969,1.3356673,1.2528019776675492,0.037985760098319846
HAT-P-69 b,18.786284,1137.8314,0.18511796733212343,2320.18,7394.0,0.0,1930.0,0.0,0.0,0.0,5141.144760637934,0.0,1.7385645,1.1618907881080196,0.03795507919602937
HAT-P-39 b,17.609,190.372,0.034482758620689655,1915.6934,6430.0,0.0,1752.0,0.0,0.0,0.0,788.6688570970568,0.0,2.2010267,1.0566938279903615,0.03789902193918497
Kepler-951 b,5.59,,0.15245009074410162,2.472,4834.0,0.0,340.0,0.0,0.0,0.0,111.5454141191652,0.40854858684098694,0.52491635,1.4279185535407497,0.03785460687258797
TOI-4329 b,16.81347105,143.02278315,0.029945553539019967,3990.5716,6000.0,0.068,2027.12,0.06613980737553721,7.285072486208195e-05,0.09173478655763578,596.2015434181677,0.0,2.2994637,1.0310434561553068,0.03780675105266535
TOI-1533 c,7.5,36.6,0.08711433756805807,25.9007,5146.0,0.0,628.0,0.0,0.0,0.0,153.9437416459608,0.0,0.6005962,1.4060092491815708,0.03772970335670689
Kepler-1713 b,1.71673535,,0.7078039927404719,144.3,6477.0,0.0,900.0,0.0,0.0,0.0,15.000704895324056,0.0,0.46018633,1.4369728490956735,0.037722670243189434
HD 69123 b,13.1,982.08977763,0.4355716878402904,4.7903,4842.0,0.19,411.78,0.33752672404207285,0.15056666086684814,0.06080034193512733,4101.683438229447,2.9834935374669416e-14,0.6407651,1.3961500713962052,0.03770703690693008
TOI-3757 b,12.0,85.3,0.049001814882032674,55.4,3913.0,0.14,759.0,0.15439400583465848,0.008341978164118146,0.03598333066195351,354.68638075229376,0.0,1.4863293,1.2064210780728173,0.03766895585081524
KELT-12 b,19.95202,301.9385,0.03793103448275862,1749.0,6279.0,0.0,1800.0,0.0,0.0,0.0,1261.9551228749144,0.0,2.1499789,1.0574627317390934,0.037637892960804886
Kepler-58 d,2.94,245.343,0.09618874773139746,18.244,6099.0,0.0,583.0,0.0,0.0,0.0,10.238937011498658,0.0,0.5264031,1.4181550957557885,0.03762206276829374
TOI-1221 b,2.91,1112.3994245,10.776883280804759,6.06,5592.0,0.21,440.0,0.32392312951191876,0.10552825192655095,0.08083560399636963,1112.3994245,2.317682344289367e-29,2.228492,1.0378544736951612,0.03758526354606273
HD 103891 b,13.2,918.52409623,0.397459165154265,0.5714,6072.0,0.31,241.25,0.35712397502778087,0.31372831119538136,0.09365817171552893,3829.1547570039015,0.9999999999229696,1.3716213,1.2258130539321106,0.03751766215363359
KELT-6 c,13.0,,0.5353901996370236,0.5448,6272.0,0.21,241.9,0.39753811588383686,0.34047590911046394,0.09900090826519016,4927.073981080093,0.9999999999975429,1.1194134,1.280481302051888,0.03748162369149841
HD 20794 e,2.03,,0.5680580762250453,2.6513,5401.0,0.29,352.04,0.48761029772809006,0.2904455191735652,0.0757332905914259,19.905333658313246,0.17853376034446,0.70551157,1.370434829634742,0.037428316225985504
TOI-5301 b,13.09208946,1182.32167404,0.5226860254083484,429.794,6240.0,0.33,1648.0,0.13318296740280364,0.0011451416184838162,0.09814607041724904,4913.1089052413345,0.0,1.1449299,1.271922501602137,0.03741062271764881
TOI-4465 b,14.01122587,1872.00931723,0.676950998185118,130.528,5545.0,0.24,427.0,0.18356785014269722,0.004710243461034409,0.07958006090718395,7799.634380502936,0.0,0.69869864,1.3703643581224203,0.03738919814120499
Kepler-83 c,2.36,2.03,0.06896551724137931,5.9,4082.0,0.0,362.0,0.0,0.0,0.0,3.7971400539313613,2.7590307152533952e-27,1.0469381,1.2918723116174815,0.03736479860537304
TOI-1386 c,10.3,,0.06860254083484574,1.771,5735.0,0.38,327.4,0.2677390013490989,0.22402345209028984,0.08465566062934167,314.0078348914563,0.9990966369405895,1.8617713,1.1043044668647457,0.03721138484123154
Kepler-221 b,1.71,5.95575,0.034482758620689655,308.885,5243.0,0.0,1090.0,0.0,0.0,0.0,0.7222356847815572,0.0,1.3930645,1.2012409904406798,0.0370295319002709
HD 37605 c,13.1,,0.4500907441016334,0.0431,5329.0,0.03,126.75,0.34648714473369213,0.04158587383616177,0.07380990543354525,4238.406219503763,0.6860872724590052,1.6159652,1.1473433034949558,0.0369237679030889
HD 191939 d,2.995,2.8,0.10344827586206896,14.3,5348.0,0.031,540.0,0.3831710552836706,0.06175181996068141,0.07431746540575669,11.64132318680521,1.3384774716801483e-263,0.39867842,1.416086699104236,0.03687028062264972
Kepler-27 b,4.0,2895.31,10.800067928517082,28.681,5400.0,0.0,610.0,0.0,0.0,0.0,2895.31,0.0,2.01638,1.0554319306450008,0.03685480808917034
Kepler-1395 b,0.8,,0.8511796733212342,730.531,6138.0,0.0,1311.0,0.0,0.0,0.0,1.8254914959980884,0.0,0.9954504,1.281543858087276,0.03682766924244666
HD 86950 b,13.0,,0.5190562613430127,4.9065,4805.0,0.17,416.76,0.3515586691174766,0.15419836218069588,0.05981193567344123,4776.756469792905,2.1123633566339294e-15,0.6159414,1.364562657889828,0.036792101494232204
Kepler-1542 c,0.65,,0.7549909255898367,786.082,5564.0,0.0,1287.0,0.0,0.0,0.0,0.8685011763259827,0.0,1.0620496,1.2642826982277624,0.03676753549003888
Kepler-1536 b,3.14,,0.32123411978221417,0.193,4434.0,0.0,166.0,0.0,0.0,0.0,41.658077254140714,0.8945752536936123,0.98255175,1.2786204356411175,0.0366848259282802
NGTS-2 b,17.878355,235.1942,0.041016333938294014,1085.35,6478.0,0.0,1468.0,0.0,0.0,0.0,981.8115103272611,0.0,1.9761636,1.056300946190487,0.03665557582522111
Kepler-1209 b,1.51,,0.8366606170598911,63.246,6210.0,0.0,755.0,0.0,0.0,0.0,12.066151605498609,0.0,0.44367042,1.39628592197686,0.03662898366320256
HD 50499 c,13.2,,0.40290381125226865,0.0292,6099.0,0.0,116.69,0.0,0.0,0.0,3881.60893175738,0.6625557590462076,1.8606964,1.0779049128083182,0.03655464973611105
HD 82943 c,13.4,622.603,0.2577132486388385,2.8285,5935.0,0.3663,360.95,0.30310158484423055,0.19585554031997052,0.0899983971790104,2597.405464790244,0.06420661692318048,1.3520912,1.1909341468605177,0.03655062514023545
Kepler-1635 b,3.64,,0.26678765880217786,0.4,5347.0,0.0,200.0,0.0,0.0,0.0,53.89624346034754,0.9904518350295045,0.65612906,1.3446444425128887,0.03652154936900329
HD 34445 d,6.07,,0.1368421052631579,8.6625,5836.0,0.027,476.32,0.40368097385312274,0.10424936304014788,0.0873537425869253,128.19598674769392,7.711163644441736e-78,0.376369,1.3996457943661553,0.036342552024920906
HD 65216 c,13.4,,0.26678765880217786,0.0214,5612.0,0.17,105.87,0.21238638940979998,0.013613249928329794,0.08136987765130886,2688.8634036913086,0.649266610625264,1.9763882,1.0432745864203894,0.03633566475904811
TOI-4603 b,11.67975789,4096.80816623,2.5589836660617062,1192.0,6264.0,0.325,1677.0,0.10686724095594126,0.0003572183097501666,0.09878719880322125,17078.811460312332,0.0,1.8206946,1.0769738026495586,0.03631221649392273
HD 114783 b,13.7,,0.1355716878402904,0.3152,5135.0,0.144,210.79,0.3138597881205876,0.1868798804499536,0.06862745098037022,1460.223433721911,0.9951665436892959,1.2723447,1.1971774627847225,0.03626699717525857
Kepler-603 c,6.5,,0.12522686025408347,8.8,5808.0,0.0,401.0,0.0,0.0,0.0,144.05428165022306,4.695190449463778e-81,0.453647,1.3782716070231396,0.036239609446340956
Kepler-767 b,6.64,,0.12159709618874774,9.365,5694.0,0.0,366.0,0.0,0.0,0.0,149.11318657460836,5.870577108029742e-95,0.45529956,1.3770498116070693,0.036218555238900364
HD 290327 b,13.3,,0.3266787658802178,0.0616,5505.0,0.08,139.7,0.3062543885200493,0.05001536967568056,0.07851151359724333,3219.322155686474,0.7169865189229803,1.4849848,1.146820511990197,0.03619222614714289
WASP-121 b,19.52604438,371.85923619,0.04990925589836661,6216.41,6628.0,0.0085,2409.0,0.07152959016233526,5.3677819080122285e-05,0.10851097932356818,1556.3688158367593,0.0,2.2925177,0.9670334260832142,0.03619057878160047
WASP-12 b,22.02564708,467.2101,0.048275862068965524,8220.584,6265.0,0.0447,2601.0,0.06329444671782003,3.705502390916735e-05,0.09881391248593832,2160.7507659864004,0.0,2.3407485,0.9546346164479329,0.03614953650075022
HD 134060 b,3.16,,0.3194192377495463,730.4602,5966.0,0.45,1473.18,0.1349885318363932,0.0006394487478191166,0.09082652134421246,42.21929005820646,0.0,1.4586483,1.1500011233408227,0.03612613853759268
HD 75898 b,13.2,,0.35208711433756806,1.9945,6122.0,0.105,335.16,0.4199212461312585,0.3408821731332601,0.09499385585294354,3392.0366340582505,0.9999999996824398,0.6865081,1.3201001106603651,0.03608313087297015
Kepler-1088 b,1.42,,0.9056261343012705,44.887,5975.0,0.0,667.0,0.0,0.0,0.0,10.861819693672095,0.0,0.44230062,1.3724914306675886,0.03603485456714164
Kepler-394 c,1.66,,0.7386569872958259,94.528,6402.0,0.0,901.0,0.0,0.0,0.0,14.153233893625375,0.0,0.43773326,1.3732209305926137,0.03602777937787164
NGTS-26 b,14.88552637,92.805894844,0.027767695099818513,523.0,5550.0,0.0,1331.0,0.0,0.0,0.0,383.63748085564606,0.0,1.9309759,1.040116757582379,0.03600864956915018
HD 63765 b,14.2,,0.05862068965517242,0.627,5449.0,0.24,246.9,0.2693817205117235,0.2454276104445313,0.07701554736332872,703.0797116344863,0.9998939131365465,1.7628155,1.0731200201255748,0.035899641807128145
HD 13931 b,13.2,889.9195396,0.38656987295825773,0.0592,5867.0,0.02,139.38,0.3800458661702134,0.05997950991573568,0.08818186675212694,3724.2464074969453,0.71301090788574,1.5442628,1.121604028724295,0.03589579780537597
HD 42012 b,13.5,,0.20689655172413793,0.1927,5405.0,0.2,182.63,0.29611616905574234,0.12314570324917291,0.07584014532241168,2132.274765538203,0.9057669799737628,1.3395756,1.1669369178036646,0.03589034421560118
Kepler-1660 AB b,12.9,1586.599407744,0.7368421052631579,7.2787,6305.24,0.05541,415.08,0.41997210790039463,0.1351091811080495,0.09988887107974778,6625.7062096272475,3.927388875161319e-49,0.6148926,1.3279962645000314,0.035884863553781426
Kepler-364 b,1.55,,0.809437386569873,68.71,6108.0,0.0,753.0,0.0,0.0,0.0,12.626034267217095,0.0,0.40316883,1.3733031033798826,0.035840159762391015
HD 73344 d,13.2,810.46243785,0.35208711433756806,0.0407,6148.0,0.18,126.51,0.24830997025919074,0.028269544797646876,0.09568841160439662,3392.0366340582505,0.6820406898937845,1.7883208,1.0643161795569258,0.03582253830994875
Kepler-79 c,3.76,4.6,0.08711433756805807,79.765,6389.0,0.038,734.0,0.24951202649769877,0.00888003155914162,0.10212640914672869,19.397322328939133,0.0,0.5853736,1.3288214180773013,0.03574324375735128
HD 180617 b,3.53,,0.2776769509981851,0.2751,3534.0,0.101,201.8,0.44694707122548905,0.22312547477060587,0.025858844900353346,51.162594218787525,0.9679233971959152,1.2407303,1.1815047410690913,0.03570715302763888
HD 51608 c,3.87,,0.24682395644283125,3.9287,5358.0,0.14,400.69,0.42293960286403015,0.19773622445531794,0.07458460223324441,59.92510640825432,3.421482656763909e-07,0.22816391,1.4065930468963193,0.03570066568931683
KELT-4 A b,19.044091,286.68266,0.04137931034482759,1840.0,6206.0,0.0,1823.0,0.0,0.0,0.0,1197.1611135599196,0.0,2.033678,1.003052480166149,0.03565838919165887
Kepler-1063 b,1.49,,0.852994555353902,54.93,5945.0,0.0,931.0,0.0,0.0,0.0,11.819352184196878,0.0,0.4003212,1.3661178386506971,0.035647394926541724
TOI-2580 b,17.37392009,200.23189641,0.039927404718693285,1730.0,6120.0,0.08,2410.0,0.0798183127596376,0.0001903499823501541,0.09494042848743314,877.1081577928492,0.0,1.9133217,1.028836587719674,0.035633692631565135
Kepler-132 d,1.55,,0.809437386569873,68.6,6003.0,0.0,758.0,0.0,0.0,0.0,12.626034267217095,0.0,0.3831472,1.368142318979001,0.03560307646048955
Kepler-1982 b,0.77,,0.8330308529945554,638.38,6202.0,0.0,1282.0,0.0,0.0,0.0,1.5930223593100565,0.0,1.0129385,1.227384509276885,0.03558841299711005
TOI-5592 b,17.14974047,285.727737893,0.039927404718693285,1712.0,6237.0,0.062,1789.0,0.08339061009940389,0.00020068841661044756,0.09806592936898315,843.5917965027065,0.0,1.9311737,1.0228969480573966,0.03558520883410486
eps Eri b,13.8,317.828407,0.1206896551724138,0.0306,5020.38,0.06,112.26,0.2338840821232223,0.020558378425201182,0.06556552866375918,1328.6050992674773,0.6649339714575008,2.037426,0.9988928410824155,0.03557640381998955
Kepler-1877 b,0.624086,,0.73502722323049,691.1,5615.0,0.0,1278.0,0.0,0.0,0.0,0.7483854827136901,0.0,1.0734767,1.2118200303935553,0.035536852887672395
HD 3167 e,3.97,14.9,0.23774954627949185,3.8357,5338.0,0.128,389.0,0.4268741206497418,0.20338187312793932,0.0740503285782783,62.31316729097819,1.388410865125291e-06,0.22726932,1.4000257425029894,0.03553385131752071
Kepler-296 c,2.0,,0.2177858439201452,14.8,3740.0,0.33,606.0,0.2963355662756442,0.046209226582568395,0.031361863546502625,7.298073678030735,2.0908257702175272e-285,1.1749773,1.1883558054632044,0.03551528678775153
Kepler-394 b,1.6,,0.7767695099818512,164.78,6402.0,0.0,1035.0,0.0,0.0,0.0,13.327255612574529,0.0,0.49389267,1.339102211097002,0.035494769805214925
CoRoT-36 b,15.80466279,216.12331676,0.045372050816696916,1491.0287,6730.0,0.0,1567.0,0.0,0.0,0.0,750.2961560915537,0.0,1.9551909,1.0124650271646005,0.03545980282293856
HD 60532 c,13.3,,0.3375680580762251,3.9142,6245.0,0.03,381.66,0.4561568176231108,0.23541414321303886,0.09827963883098388,3326.632894209357,4.3122037766589443e-07,0.63914233,1.3008706289922347,0.035349177489710344
TOI-269 b,2.77,8.8,0.41379310344827586,19.0,3514.0,0.425,531.0,0.28176790954912306,0.03644088676654829,0.025324571245388967,36.83928263320809,0.0,1.6374485,1.078319574417985,0.035339974725640905
HD 199509 b,7.43,,0.10508166969147005,4.5393,5796.02,0.373,410.73,0.2684453566225921,0.11675518220882483,0.08628572955064624,180.54356570855418,6.276150042749955e-12,1.3336332,1.1455941638112088,0.035331569488277315
NGTS-39 b,12.195371,466.254273069,0.2560798548094374,16.7057,6053.0,0.386,519.0,0.22412632608545352,0.03536638702713962,0.09315061174331019,1945.5799152142692,0.0,1.2515352,1.1610647658608706,0.03526252281824796
HAT-P-58 b,14.93036229,118.232167404,0.035208711433756805,1146.0,6078.0,0.073,1622.0,0.08841975336373002,0.00030308223505913403,0.09381845381200338,490.851111566319,0.0,1.8385845,1.0301612319320153,0.03525628726762271
Kepler-118 c,7.68,,0.10054446460980038,21.409,5274.0,0.0,564.0,0.0,0.0,0.0,190.77894168201786,0.0,0.5303596,1.3208188953336928,0.03524410904918165
TOI-558 b,12.17295304,1147.36054927,0.6352087114337568,248.8554,6466.0,0.298,1061.0,0.15673249913214232,0.0022130742864132054,0.1041833627183652,4799.465726578451,0.0,1.0067905,1.2144056110335169,0.0352347078380783
HIP 114933 b,13.4,,0.2558983666061706,1.711,4823.0,0.21,316.81,0.3544877835886575,0.3157407836179942,0.06029278196290669,2579.1138770100306,0.9999999932918877,0.8803967,1.2414008379802721,0.03520674319696128
WASP-187 b,18.38276,254.264,0.040653357531760435,1594.76,6150.0,0.0,1760.0,0.0,0.0,0.0,1057.8331688995459,0.0,1.9815722,0.9957999082707307,0.03519369915668747
Kepler-1513 b,8.594,48.309917864,0.23666061705989114,2.23,5491.0,0.306,346.0,0.3463389651191284,0.2524710748963914,0.07813752203876706,629.2172928653381,0.8092783440327821,0.882634,1.2398256078015266,0.03518018381749861
CoRoT-5 b,15.558,148.42,0.03938294010889292,786.2949,6100.0,0.09,1438.0,0.09333073718827783,0.000453818712842726,0.09440615483246667,621.2380470398421,0.0,1.7144549,1.0512162819721618,0.03509430036950907
HD 66428 c,13.5,560.649309948,0.2268602540834846,0.0141,5716.0,0.207,95.52,0.18395475890192367,0.008084462061018734,0.08414810065713002,2338.02057624803,0.6367900571177983,2.2562127,0.9290978038186608,0.03505614419537495
HIP 67522 c,7.93595834,,0.09637023593466426,116.049,5675.0,0.077,917.0,0.18842132834998648,0.005032964863634943,0.08305283966444914,201.7574914524127,0.0,0.52575904,1.313828611937591,0.03504653315231753
Kepler-450 d,0.837,17.6,13.974591651542651,557.205,6197.21,0.14,1199.0,0.15507860608586738,0.0008757713225900366,0.09700299193247437,34.3244913023961,0.0,3.094281,0.741654719169635,0.035033289343117724
TIC 4672985 b,11.5004142,4049.13390518,2.6497277676951,11.9376,5757.0,0.018,517.2,0.41969655274166084,0.08811666376655922,0.08524336164983065,16882.249444242527,2.776138560089674e-172,1.0166776,1.2021922707391355,0.03498785595063063
KOI-94 e,6.56,35.0,0.1088929219600726,29.7,6182.0,0.019,584.0,0.31415132231606535,0.028270096453476386,0.09659667681783353,128.76557720667037,0.0,0.4952654,1.3166280779672639,0.03494823931997453
Kepler-431 b,0.764,,0.8275862068965517,577.545,6004.0,0.0,1032.0,0.0,0.0,0.0,1.5459018924852164,0.0,0.9629496,1.2116418689912922,0.034926029454888714
HATS-23 b,20.84874,467.2101,0.05263157894736842,994.8004,5780.0,0.114,1654.0,0.08597484551399465,0.00034601558191145714,0.08585777635301642,1997.9032276520963,0.0,1.6924051,1.0476453192318698,0.034885283565166306
TOI-677 b,13.11450742,392.200254238,0.1733212341197822,37.6345,6295.0,0.46,1252.0,0.17079513302018468,0.013220845690832239,0.09961532296839475,1637.5566444032665,0.0,1.8548164,1.0100246760798108,0.03484891453381579
HIP 4845 b,3.89,,0.24319419237749548,2.9859,4010.0,0.25,358.21,0.38297864913513807,0.21964091013962536,0.03857455788854252,59.964002388976276,0.02031108177275347,0.7935172,1.2433141091309339,0.0347772282208271
Kepler-62 c,0.54,4.0,6.064431606915689,28.489,4925.0,0.0,578.0,0.0,0.0,0.0,4.0,0.0,2.3084023,0.9043575061724107,0.03473256338630168
rho CrB c,5.68,,0.14936479128856625,9.85,5817.0,0.048,448.1,0.3746369593750558,0.08666384032285751,0.08684618261470846,114.65205749601134,8.893535899102044e-108,0.30294758,1.3501303586140232,0.0347189888879002
TOI-1836 b,8.00321222,38.457237247,0.07441016333938294,153.5185,6380.0,0.0,966.0,0.0,0.0,0.0,159.77685437282463,0.0,0.871136,1.222236686669295,0.034683471865477655
HD 165155 b,13.2,,0.397459165154265,0.5482,5426.0,0.2,239.9,0.38510419382229627,0.3303072233797585,0.07640113266013043,3829.1547570039015,0.9999999999229696,0.98189116,1.196648248944445,0.034660313940539464
Kepler-278 c,3.268,34.9,0.9981851179673321,54.3,4965.0,0.616,492.0,0.2417784695113236,0.012393119983636448,0.06408612491317299,145.93042373586312,0.0,2.6885715,0.8159220402758556,0.03463821370075425
K2-12 b,2.44,5.2,0.29038112522686027,185.0,5672.0,0.5,1026.0,0.17829844013344612,0.002908445235585951,0.08297269861621212,17.669589989473003,0.0,1.6642723,1.0436834503953638,0.034633253814932694
WASP-18 b,13.89913607,3241.8497514,1.1978221415607986,5805.0,6432.0,0.0051,2429.0,0.11325541464308776,9.077272550202826e-05,0.10327509750493057,13472.381297882392,0.0,1.4135842,1.0989072286597457,0.034619249620000694
TIC 257060897 b,17.26183028,201.503210038,0.03901996370235935,1804.5549,5993.0,0.039,1775.0,0.08828698381916059,0.00020226886526144867,0.09154779077840004,840.6902238804181,0.0,1.9251446,0.984485743006888,0.03460516489735187
WASP-63 b,15.80469,117.5971,0.03139745916515426,1103.2708,5550.0,0.0,1469.91,0.0,0.0,0.0,519.207621677899,0.0,1.9628683,0.9758436793390431,0.034599088201803366
HAT-P-66 b,17.82231,248.86089,0.043920145190562615,1939.51,6002.0,0.09,1896.0,0.07768700731600266,0.00016731883994323317,0.09178821392313585,1041.4642265716247,0.0,1.8538494,1.000066802399649,0.03459811306611515
TIC 245076932 b,10.87271128,162.09248757,0.13549909255898368,85.6018,6130.0,0.428,845.0,0.14658251209031198,0.005316728491261873,0.09520756531492489,729.5222851895985,0.0,1.610656,1.0531793838400618,0.034573182446450024
TOI-1410 c,5.63,,0.15081669691470054,4.1841,4635.0,0.0,397.45,0.0,0.0,0.0,112.73615504656311,5.145538553487815e-09,0.50066805,1.2990744075591245,0.03454512564346664
HD 190647 b,13.4,,0.2613430127041742,0.3978,5656.0,0.224,214.19,0.33930268943490516,0.23716461464787597,0.08254527969223531,2633.9886403506694,0.9999999945495766,1.1626608,1.1514658832264806,0.03453824996006953
HATS-35 b,16.409976,388.38826,0.08784029038112523,2440.7,6300.0,0.306,2037.0,0.06846957446227937,0.00011995006521580448,0.09974889138213329,1625.946343693981,0.0,1.8876579,0.9883782836148942,0.03449545013806382
HD 191939 f,13.2,,0.397459165154265,0.0472,5348.0,0.0,125.0,0.0,0.0,0.0,3829.1547570039015,0.6929819265983168,1.6179796,1.0471756055266201,0.03446535213467174
Kepler-454 d,13.3,,0.3103448275862069,0.0434,5687.0,0.089,125.37,0.2802157105606037,0.03368297174500388,0.08337340385743229,3058.3560479021503,0.686592555152466,1.6215035,1.045191699638401,0.03443577649565774
Gliese 12 b,0.93,0.95,1.161524500907441,1.62,3328.0,0.24,314.6,0.5784050653431287,0.46119653290888085,0.02035582625420673,3.9135044329598463,0.8910059857913014,1.8401045,0.9964198133739611,0.03443278877992888
HD 30669 b,14.3,,0.05099818511796734,0.0987,5400.0,0.18,151.45,0.20632802414870205,0.04947205970374163,0.07570657690866048,624.671141267033,0.7766225184882707,2.2249737,0.9092130926859937,0.03439452008322924
Kepler-20 g,4.71,,0.19056261343012706,16.2132,5495.0,0.15,524.0,0.30278151326488345,0.04547185202475668,0.07824437676975986,83.40441314653172,0.0,0.18228683,1.3603195835840898,0.03430815596787951
HIP 10090 b,13.0,1229.99593509,0.558983666061706,0.1074,5661.0,0.115,163.17,0.3464040888960229,0.09079627249798994,0.08267884810598108,5144.199275161589,0.7902396382191025,1.3223038,1.1064112468408234,0.034303418800639356
Kepler-32 c,2.0,158.9,0.059891107078039935,10.68,3900.0,0.0,451.0,0.0,0.0,0.0,2.006970261458452,8.499620565339963e-132,1.2100285,1.1278833579369305,0.03421675555424995
WASP-118 b,16.14096,163.36462,0.04228675136116153,6586.47,6410.0,0.0,1729.0,0.0,0.0,0.0,744.8709125345173,0.0,2.2408214,0.8964515070676017,0.03416685644389997
TOI-2406 b,2.86,15.6,0.159198103466613,6.69,3100.0,0.17,449.0,0.3411984531453087,0.10551122884938909,0.014265106587592006,15.600000000000001,5.6845270327828793e-39,1.1611935,1.1365518207328382,0.034162517769278644
HD 148156 b,13.9,,0.10036297640653359,0.2965,6308.0,0.52,213.76,0.23160431935800094,0.13164186095766067,0.09996260084411457,1129.0327572098888,0.9886098766828078,3.1851258,0.6860680018520738,0.034161331518812954
TOI-1898 b,9.39553231,129.0,0.1542649727767695,51.0074,6241.0,0.485,674.54,0.16614079991255612,0.009525019538785675,0.09817278409998613,535.9448564404312,0.0,1.8846203,0.9749722504467269,0.03414828069933324
Kepler-1169 b,0.94,,0.9346642468239565,348.046,6191.0,0.0,1125.0,0.0,0.0,0.0,3.251829752410044,0.0,0.8312019,1.2075554676884237,0.034102424187516814
TOI-5322 b,16.6117094,184.022647653,0.039927404718693285,554.0,5692.0,0.055,1350.0,0.10775674555396685,0.0007248634551755627,0.08350697227116402,766.6597559407878,0.0,1.6432661,1.0267554493351139,0.03410066631558449
Kepler-1708 b,9.96,1462.0106722,0.35325142159965195,0.561,6157.0,0.4,245.02,0.35082503620345545,0.2979554226429886,0.09592883474913302,1462.0106722,0.9999999194246103,1.6829512,1.0175282268917574,0.03409092586862561
WASP-101 b,16.02887,162.0933,0.043557168784029036,1089.171,6380.0,0.0,1560.0,0.0,0.0,0.0,751.3753997836083,0.0,1.8229301,0.9852427244483875,0.034063005048772944
CoRoT-35 b,18.83108758,349.6112477,0.05263157894736842,1251.8629,6390.0,0.0,1747.0,0.0,0.0,0.0,1472.1810323169614,0.0,1.8165611,0.9859554365958886,0.034045630694168966
TYC 1422-614-1 c,12.5,,1.6225045372050817,11.9278,4806.0,0.048,518.21,0.3825641698791175,0.0817473895907194,0.059838649356195275,13274.084204426019,6.048344722228402e-172,0.7885138,1.214395870922589,0.03403684508857003
Kepler-328 c,5.4,39.4,0.1088929219600726,22.025,6064.0,0.0,475.0,0.0,0.0,0.0,71.82399210233949,0.0,0.46297058,1.2855880700622373,0.03400580711760306
HD 133131 A b,13.6,,0.17894736842105263,0.4642,5799.0,0.33,227.72,0.3025626934850079,0.23260311058334218,0.08636533632523873,1885.5178600769432,0.9999998694863438,1.5964857,1.0321213034958516,0.03397628280598936
Kepler-1581 b,0.8,,0.8511796733212342,470.862,6022.0,0.0,1108.0,0.0,0.0,0.0,1.8254914959980884,0.0,0.91403246,1.1832774800966226,0.033958358557458226
Kepler-1050 c,1.48,,0.8584392014519058,40.644,6010.0,0.0,935.0,0.0,0.0,0.0,11.656906080285772,0.0,0.41483426,1.293996505723257,0.03394899281888118
18 Del b,12.5,,1.4936479128856626,7.0173,4980.0,0.024,452.72,0.4682896520898545,0.15493710979245404,0.06448683015439866,12219.87841190449,1.859945026676426e-44,0.78063935,1.2120581018802736,0.033936006766271294
TOI-3980 b,14.4595851,187.51876013,0.045372050816696916,1153.0,5840.0,0.16,1621.0,0.08178581569547583,0.00027867786482631187,0.08746059731791266,574.5720737338662,0.0,1.6273491,1.021154101425755,0.03387524336225978
HD 332231 b,9.07303305,74.1,0.09981851179673322,98.09,6128.0,0.0,798.3,0.0,0.0,0.0,312.28935345677473,0.0,0.66758907,1.2341201649417641,0.03385963515137187
HD 2952 b,13.9,,0.10580762250453721,46.9588,4853.0,0.269,731.02,0.16279274134371163,0.01035205939442212,0.06109419244535242,1190.2822738758862,0.0,1.0730896,1.1435628213170284,0.03385196119280243
HD 65216 b,13.6,,0.1631578947368421,0.4185,5612.0,0.27,222.56,0.3041606840723071,0.21884883646986175,0.08136987765130724,1719.1486371289777,0.999999723260222,1.403894,1.066847204203507,0.03377569530122477
Kepler-1050 b,1.6,,0.7767695099818512,62.025,6010.0,0.0,1039.0,0.0,0.0,0.0,13.327255612574529,0.0,0.3593068,1.2949351458484883,0.033667469990532155
K2-97 b,13.45077684,174.487795443,0.07114337568058077,114.149,4673.0,0.207,1566.0,0.13364563507657132,0.003785161046569893,0.05628572955065793,725.2123307284842,0.0,1.1616819,1.1154789578338136,0.033645681310107936
HD 113337 b,13.1,,0.4591651542649728,4.1073,6774.0,0.28,395.73,0.32494772458264826,0.16260608471515028,0.1124111770048344,4323.85795780021,1.9305937226730428e-08,1.1276723,1.1197777643915579,0.03356506003849218
HD 202772 A b,18.2370116,323.549318326,0.05317604355716878,3770.0,6442.0,0.03,2181.0,0.08225747273830668,9.703918940941151e-05,0.10354223433238631,1351.0320565342943,0.0,1.9896469,0.9276617371407132,0.033558169971470486
TOI-1518 b,21.05046575,581.62598481,0.06225045372050817,7010.0,7299.0,0.01,2546.0,0.07253125607222312,4.935905617658608e-05,0.1264358604476743,2432.2950621967684,0.0,2.5344841,0.8061031476236843,0.033550712042052164
Kepler-1269 b,1.63,,0.7568058076225046,69.004,5998.0,0.0,657.0,0.0,0.0,0.0,13.728904329626776,0.0,0.34591085,1.292809308232057,0.033541561143310854
HIP 57274 c,14.2,,0.04519056261343013,48.8832,4640.0,0.05,437.32,0.18268619215040816,0.01111740837649142,0.05540417801996149,542.002625996864,0.0,1.3635463,1.065522679311489,0.03352166503857659
Kepler-849 b,8.08167508,298.75870258,0.5607985480943739,2.86,5950.0,0.078,362.7,0.49085742284165473,0.304982139340053,0.09039910242024042,1239.9370793229814,0.05190189095275252,0.38551804,1.282596739652221,0.03350710068563652
HD 221287 b,13.1,,0.4355716878402904,1.0624,6304.0,0.08,290.13,0.4876455724408076,0.5584049166824219,0.09985574611313439,4101.683438229447,0.9999999999698312,0.8282962,1.1815314209531005,0.033444901810397054
Kepler-1661 b,3.87,17.0,0.29038112522686027,0.88,5100.0,0.057,243.0,0.593325843563247,0.5985715188363974,0.06769247208418462,70.50012518618155,0.99470705073796,0.43409556,1.2676075641851152,0.033404098544252456
WASP-186 b,12.44199,1341.2426,0.6934664246823957,853.1355,6361.0,0.33,1378.4,0.12121410197223523,0.0005562189928689519,0.10137842602979565,5594.787449678013,0.0,1.2822896,1.0717464581348655,0.033229269907630955
TOI-3919 b,12.31866979,1233.17421916,0.6588021778584392,184.322,6100.0,0.259,1198.0,0.17226906629671163,0.003196397117912615,0.09440615483248875,5158.638285391711,0.0,0.7658826,1.186350760337667,0.03322126868305909
Kepler-365 c,1.64,,0.7531760435571688,66.87,6012.0,0.0,729.0,0.0,0.0,0.0,13.916071494991721,0.0,0.34418693,1.2792391762997144,0.03319755351183041
Kepler-379 b,1.66,,0.7386569872958259,90.346,6054.0,0.0,775.0,0.0,0.0,0.0,14.153233893625375,0.0,0.3515696,1.2769094018968925,0.033180623282350795
HD 117207 b,13.4,669.346625142,0.2776769509981851,0.0811,5732.0,0.157,147.2,0.28044115759698096,0.0578091017564823,0.08457551958110512,2798.6129303725866,0.748840818842934,1.4816614,1.0251043774308353,0.03317328319181273
TOI-7149 b,13.2,224.0,0.09618874773139746,20.6,3363.0,0.078,593.0,0.2263337363380534,0.030113090305972593,0.021290805150393353,926.6904206447798,0.0,1.3876622,1.043521066001622,0.03311156909319289
Qatar-10 b,17.295487,233.92288,0.045009074410163344,1816.48,6124.0,0.0,1955.0,0.0,0.0,0.0,975.4097153281225,0.0,1.8757102,0.9342364122982776,0.03309511946695213
psi1 Dra B b,13.5,,0.19782214156079858,0.1079,6212.0,0.4,159.48,0.23292030449112727,0.06090465631013871,0.09739808730028353,2038.7539424882823,0.7910060180756051,2.3819487,0.8213828162255588,0.03309048869404521
Kepler-102 f,0.861,4.3,6.715063520871143,10.0,4909.0,0.1,495.0,0.40915840846979107,0.08523544409198948,0.0625901586792768,17.9534612585067,6.593250381947603e-112,2.0458345,0.8958018362705927,0.033081002642550636
Kepler-460 c,5.52,,0.15480943738656988,7.4,6146.0,0.0,389.0,0.0,0.0,0.0,109.06948808903772,2.198346035241144e-51,0.40964,1.2578207129486962,0.03302863949334209
HD 191939 g,3.74,,0.2577132486388385,0.99,5348.0,0.03,278.0,0.65251749404336,0.6924998199766043,0.07431746540576104,56.47290925935956,0.9909455173126269,0.4294421,1.2533605220290371,0.03302732923863697
HD 6718 b,13.3,762.7881768,0.32304900181488205,0.0907,5746.0,0.06,148.94,0.3456355249886725,0.0783748910018573,0.08494951113958235,3183.55190951218,0.7641845505305702,1.3757273,1.0412799055229451,0.032990833395508116
Kepler-27 c,4.9,4385.87,8.899772504548924,11.067,5400.0,0.0,481.0,0.0,0.0,0.0,4385.87,1.5337447562795397e-143,1.851718,0.9349544258870621,0.032981181244244484
HD 106315 c,4.35,15.2,0.18330308529945555,97.0,6327.0,0.22,886.0,0.19979976409752034,0.006070299176146297,0.10047016081634114,63.20132090255618,0.0,0.4275352,1.251907677078215,0.03298104928814957
HD 216520 c,3.03,,0.3375680580762251,1.2669,5103.0,0.12,295.22,0.5506967939822829,0.5185128044693756,0.06777261313243049,39.33488095847061,0.9865528630848313,0.37460655,1.263067111155651,0.03296576201077228
Kepler-1998 b,0.6,,0.7205081669691471,468.31,5640.0,0.0,1187.0,0.0,0.0,0.0,0.6519004312900953,0.0,1.0527099,1.1086982469804858,0.03288061579396987
Kepler-1864 b,0.75408365,,0.8203266787658802,427.6,5854.0,0.0,1156.0,0.0,0.0,0.0,1.4734453037157844,0.0,0.9101383,1.1401593752141579,0.032873987088273875
HD 38529 b,14.1,,0.07350272232304901,516.1847,5697.0,0.256,1369.46,0.09687026750535134,0.000691566572398008,0.08364054068491046,863.0766588010639,0.0,1.3559809,1.0405996120151861,0.03286571880862853
TOI-2803 A b,18.11371281,309.882696825,0.052087114337568054,2150.0,6280.0,0.0,1893.0,0.0,0.0,0.0,1296.7054631089497,0.0,1.8663666,0.9252350171348054,0.03282193854641963
WASP-131 b,13.74221034,86.767155111,0.035621960072595285,995.3724,5990.0,0.0,1460.0,0.0,0.0,0.0,387.2364202441007,0.0,1.7910115,0.9383344375945118,0.03273143066688798
BD-14 3065 b,21.59,3932.0,0.39019963702359345,646.761,6935.0,0.066,2001.0,0.14130379264112936,0.0008712952441636784,0.1167120799273125,16448.76884027296,0.0,1.2250471,1.0635446016009715,0.032712993157090337
HIP 107772 b,3.64,,0.26678765880217786,1.163,4006.0,0.18,280.92,0.47165973268540673,0.47189121067221096,0.038467703157549375,53.89624346034754,0.9904518350295045,0.7689185,1.1643682683292653,0.03269598412229933
Kepler-145 b,2.65,37.1,2.3593466424682394,154.705,6022.0,0.43,873.0,0.19832577350986022,0.0038444429146198447,0.09232248757813064,183.91535279341616,0.0,1.7602346,0.943659124109374,0.03269383826120199
Kepler-1143 c,3.6,,0.26860254083484575,0.568,5053.0,0.0,234.0,0.0,0.0,0.0,52.49358435133948,0.9900510279728786,0.59378946,1.2028109809026242,0.03268284172640186
HIP 35173 b,3.61,,0.26860254083484575,6.4967,4881.0,0.16,444.34,0.3852362490403997,0.12255903813815934,0.061842175562308525,52.932247141987716,7.403620473198056e-36,0.22833312,1.2814332321639272,0.03261598719491479
HD 181720 b,14.0,,0.04627949183303086,0.5671,5736.0,0.26,249.06,0.2525169591588675,0.21591507370297985,0.08468237431208607,531.9383452074652,0.9996357452345316,2.0248554,0.8803397489844008,0.032584703817570504
Kepler-508 b,1.64,,0.7531760435571688,60.372,6025.0,0.0,710.0,0.0,0.0,0.0,13.916071494991721,0.0,0.34461945,1.2532340196084708,0.03255881280911682
HATS-67 b,18.887165,460.8535,0.06787658802177858,3821.0,6594.0,0.057,2193.0,0.07769881462427028,9.116023571122195e-05,0.10760271411012912,1915.6181171219846,0.0,1.8847061,0.9103523328229334,0.03255565456669086
HD 135625 b,13.3,731.0053361,0.3103448275862069,0.0758,6040.64,0.16,146.04,0.2801432062662376,0.05461943901163399,0.09282043062453926,3058.3560479021503,0.7402683220948352,1.5338607,0.9884259062087396,0.03255543968053322
HD 75784 b,13.8,,0.1206896551724138,5.3535,4867.0,0.097,425.98,0.30076432391086216,0.12194389123876699,0.0614681840038283,1328.6050992674773,2.909120394570471e-20,0.8095783,1.147692270246444,0.032507954171417
HD 47186 c,13.0,,0.05063520871143376,0.1925,5657.0,0.249,183.18,0.22311767401958776,0.09068013940204186,0.0825719933749713,465.9842849902868,0.905115321987972,2.1457958,0.8498452074570064,0.0324964771538081
HAT-P-57 b,19.50366,448.1403,0.060254083484573506,2726.6328,6330.0,0.0,2200.0,0.0,0.0,0.0,1872.5069853284458,0.0,1.879369,0.9084838853887213,0.032480308462534996
Kepler-107 d,0.86,7.7,12.159709618874773,315.0,5854.0,0.11,1173.0,0.18769513644935903,0.0017828778018864786,0.08783458887642791,32.39717686882142,0.0,2.7479959,0.7151285014977002,0.032479361721959754
Kepler-372 d,1.69,,0.7223230490018149,53.471,6509.0,0.0,660.0,0.0,0.0,0.0,14.60428153050956,0.0,0.4455939,1.2261982393649733,0.032446308628232085
HD 190360 c,5.53,26.2,0.1544464609800363,69.1705,5560.0,0.163,794.55,0.2117574139994914,0.008854997556969042,0.07998076614839839,109.4062076789778,0.0,0.26713115,1.2651479267264953,0.03242737402529787
WASP-113 b,15.793481,150.96925,0.04137931034482759,821.405,5890.0,0.0,1496.0,0.0,0.0,0.0,682.8187595423716,0.0,1.7052456,0.9436942846843488,0.032392995687994044
Kepler-297 c,6.54,42.1,0.1500907441016334,6.86,5619.0,0.0,409.0,0.0,0.0,0.0,175.86352139159717,9.287980267022585e-42,0.3907687,1.2361873065208429,0.03239176223641482
WASP-15 b,15.80469,171.6282,0.04773139745916516,1237.7366,6300.0,0.0,1676.0,0.0,0.0,0.0,789.3156329554189,0.0,1.741045,0.9353732631301475,0.032384276278385755
HD 141399 e,14.1,,0.07459165154264973,0.0636,5600.0,0.26,142.24,0.19205499094172143,0.03180649616431736,0.08104931345832116,875.8629796721907,0.7202679691764097,2.3026614,0.8101915123261345,0.03237955844062139
Kepler-1563 b,0.75,,0.8203266787658802,390.57,5765.0,0.0,1134.0,0.0,0.0,0.0,1.4496369004994643,0.0,0.89353263,1.1231573043291705,0.03236371898982267
GJ 1289 b,2.38,,0.46460980036297644,0.0754,3296.0,0.0,150.0,0.0,0.0,0.0,26.23661768788607,0.7248792513104606,1.8457,0.9112191451922494,0.032363009248381924
K2-167 b,2.36509493,6.5,0.5208711433756806,317.0,6310.0,0.48,1220.0,0.1750982327049179,0.0017583582039821769,0.10001602820962939,28.864539849805848,0.0,1.6777331,0.9480553153964323,0.032349556217802236
Kepler-32 d,2.7,39.9089,0.09437386569872959,3.631,3900.0,0.0,328.0,0.0,0.0,0.0,7.780932477753446,1.990744179541934e-05,0.9752464,1.1042901377548886,0.032346920503851385
Kepler-1445 b,0.96,,0.9473684210526315,248.548,6150.0,0.0,987.0,0.0,0.0,0.0,3.5109222542733707,0.0,0.779783,1.1450584684671146,0.03227954386374865
Kepler-1542 e,0.76,,0.823956442831216,369.999,5564.0,0.0,1065.0,0.0,0.0,0.0,1.515073284023748,0.0,0.8643762,1.1257348421625593,0.032267290613813254
Kepler-431 c,0.668,,0.7658802177858439,415.545,6004.0,0.0,951.0,0.0,0.0,0.0,0.9562662952978848,0.0,1.0067198,1.0921870855434848,0.032221225739873974
HD 208487 b,14.3,,0.04990925589836661,6.0876,6134.0,0.37,437.59,0.19661867544736414,0.07125073003444908,0.09531442004590768,611.3329674321496,9.425729787516239e-30,2.1029792,0.8478992282505274,0.03221357988316357
Kepler-887 b,1.84,,0.6460980036297641,109.842,6194.0,0.0,785.0,0.0,0.0,0.0,16.859336442055245,0.0,0.32603985,1.2431021366305508,0.03220708705238821
TOI-5628 A b,8.29464572,28.60455663,0.05263157894736842,45.5107,3310.0,0.0,492.0,0.0,0.0,0.0,125.81387309073773,0.0,1.6198444,0.9543633699928763,0.03218745254755155
HATS-65 b,16.824709,260.93843,0.0544464609800363,1178.0,6277.0,0.062,1634.0,0.09562736339875973,0.00032494929253941033,0.09913447667891767,1086.177868118985,0.0,1.619735,0.9537873592122066,0.032172651257985976
KELT-18 b,17.59813,375.0394,0.06842105263157895,3152.0,6670.0,0.0,2085.0,0.0,0.0,0.0,1561.988835488896,0.0,1.8619922,0.8992890261172207,0.0321582822344493
HAT-P-55 b,14.84069045,189.425730572,0.05771324863883848,583.0,5804.0,0.17,1367.0,0.09662451926231858,0.0006175588296779269,0.08649890473897583,790.1807586816033,0.0,1.3724133,1.007763164207933,0.032146350815459926
TOI-1296 b,14.11645916,95.3,0.034482758620689655,1078.5987,5567.0,0.0,1414.84,0.0,0.0,0.0,406.31975643497134,0.0,1.8038223,0.9113056989654733,0.03213537183851723
Kepler-520 b,1.66,,0.7386569872958259,59.77,6112.0,0.0,711.0,0.0,0.0,0.0,14.153233893625375,0.0,0.3523326,1.2341547537191715,0.03213076504681356
HD 108874 c,13.8,,0.11941923774954628,0.1412,5551.0,0.239,168.21,0.24667300460310063,0.07988389231572529,0.07974034300365866,1314.6197824330827,0.839967554564395,1.7261314,0.9272664308609655,0.032102588897237105
HD 124330 b,14.0,,0.08656987295825772,2.9422,5873.0,0.34,348.79,0.25124149947482527,0.15647306963141508,0.08834214884860804,995.0376104469054,0.028696556826774664,1.6240476,0.9489498079443696,0.03207705160062312
Kepler-1137 b,2.2,,0.5136116152450091,197.846,6807.0,0.0,1020.0,0.0,0.0,0.0,22.908227554373934,0.0,0.4794051,1.203179589120056,0.03206433484664281
Gl 49 b,2.24,,0.49909255898366606,6.0291,3805.0,0.363,435.99,0.38232912944966485,0.12704962187723434,0.033098252925143894,23.497072629085842,6.158430326494885e-29,1.2769389,1.0251171158146881,0.032050343048046916
75 Cet c,13.9,,0.10762250453720508,3.3569,4809.0,0.023,376.92,0.39111192151738366,0.2239258141763358,0.05991879040442649,1210.6987794312188,0.0006332061201160451,0.95623523,1.0934189411421573,0.03197460019665342
KOI-134 b,12.03844527,346.43296363,0.19782214156079858,45.0,6160.0,0.16,659.0,0.2094473920382445,0.013736159258882346,0.09600897579737629,1445.6884669668536,0.0,0.5351266,1.1864685645999522,0.03195808042329592
Kepler-68 e,11.2,,0.061343012704174235,0.0805,5847.0,0.33,147.35,0.1933764395406202,0.038338084819141714,0.08764759309714748,361.00047948322776,0.7473318087288714,2.508203,0.7454444368505327,0.031911075875162294
HD 196050 b,12.9,1493.7935129,0.6932849364791288,0.2591,5879.0,0.2,207.52,0.37493369978875546,0.19597530617895376,0.08850243094511148,6234.038847481795,0.9674889841833035,1.237654,1.0257313012887415,0.031849939471371824
TOI-2537 b,11.25381662,415.401727949,0.29038112522686027,7.4445,4870.0,0.364,338.0,0.26852820656201665,0.08339939255948134,0.0615483250520778,1733.6303258570965,3.203050966693806e-52,1.1249622,1.0507742583586337,0.03184902401995562
Kepler-820 b,6.09,,0.13593466424682396,16.228,6260.0,0.0,554.0,0.0,0.0,0.0,128.60880593356833,0.0,0.4469213,1.2009551857154734,0.031831266355829536
HD 8574 b,13.4,,0.26678765880217786,4.1197,6064.0,0.3,394.03,0.29804727446699397,0.14773084753573504,0.09344446225354082,2688.8634036913086,1.5654422618710274e-08,1.0272012,1.0717946027233562,0.03183085874788969
WASP-82 b,18.15858,371.8611,0.06424682395644284,3557.29,6480.0,0.0,2190.0,0.0,0.0,0.0,1611.335308091912,0.0,1.8862076,0.8802383008047994,0.03182148173890269
HD 154857 c,13.2,,0.35571687840290384,0.1601,5605.0,0.06,154.88,0.38760252662299743,0.13994633403866608,0.08118288187207383,3427.006083893903,0.8656729996516866,1.1721652,1.0390389781228622,0.03181869939623052
Kepler-769 c,1.79,,0.6715063520871144,86.761,6186.0,0.0,803.0,0.0,0.0,0.0,16.13235712341537,0.0,0.33091038,1.2258246705344384,0.031807863153344614
HAT-P-44 b,13.922,111.871,0.041742286751361164,185.119,5295.0,0.044,1108.0,0.1434482730085056,0.002595296961798812,0.07290164022009234,471.8128172548511,0.0,1.3795736,0.9923184110740466,0.03180487306023365
KELT-7 b,17.9344,441.7837,0.08021778584392016,1775.39,6768.0,0.0,2048.0,0.0,0.0,0.0,1938.2948205858847,0.0,1.698896,0.920832686463473,0.031794543074178575
GJ 3341 b,2.46,,0.4428312159709619,3.6578,3526.0,0.31,377.62,0.4115467123956577,0.20083301721283203,0.025645135438368386,27.61418042439924,1.649424186011414e-05,1.219619,1.0270344082855942,0.03178311284628393
Kepler-1588 b,0.76,,0.823956442831216,359.79,5817.0,0.0,925.0,0.0,0.0,0.0,1.515073284023748,0.0,0.8814743,1.1020627797726232,0.031777507927813364
KIC 9663113 b,4.6,,0.1960072595281307,3.356,6065.0,0.0,264.0,0.0,0.0,0.0,79.91609619653995,0.0006355275346604317,0.38746572,1.2104631443797176,0.031739453254049185
HAT-P-46 b,14.392,156.684,0.05081669691470055,1405.4798,6120.0,0.123,1458.0,0.0838696645527134,0.00023901987241616636,0.09494042848743535,634.5392527252736,0.0,1.5810063,0.9432977542809454,0.03170155416527667
Kepler-447 b,18.49,435.41,0.07259528130671507,119.039,5493.0,0.123,882.0,0.14007837629422717,0.0038994102607245187,0.07819094940425794,1922.2405532159585,0.0,1.1476442,1.038726666765913,0.03167646008939898
Kepler-8 b,15.871944,187.5197,0.049001814882032674,1444.881,6213.0,0.0,1680.0,0.0,0.0,0.0,820.7126778188123,0.0,1.7290453,0.9070840912914218,0.031621014941600814
HD 12484 b,13.2,,0.4101633393829401,11.9305,5920.0,0.07,524.3,0.34407998131600886,0.07318056479635578,0.08959769193779023,3951.5478314286834,4.8808285726174075e-172,0.4379104,1.1920575746120692,0.03156247038202411
Qatar-8 b,14.403565,117.91493,0.039201451905626135,698.148,5738.0,0.0,1457.0,0.0,0.0,0.0,490.6827065160372,0.0,1.6501484,0.9213444275499407,0.03153969453084951
PH1 b,6.18,169.0,0.1709356587701274,10.7524,6407.0,0.0702,481.0,0.3471918014850665,0.07545896110847415,0.10260725543620253,169.0,8.389775573606309e-134,0.38364366,1.2028329632289,0.03153037348755196
K2-19 d,1.044,6.2,5.626134301270418,404.0,5350.0,0.44,1258.0,0.15929244957234664,0.001213560464859392,0.07437089277127877,26.816383034519852,0.0,2.903712,0.6415381142657528,0.031519483466954996
47 UMa d,13.5,,0.21052631578947367,0.0117,5872.0,0.16,91.58,0.1834999521697315,0.006807529311687411,0.08831543516586304,2169.6830947581716,0.632681845835931,2.2813377,0.7799985770832844,0.031518205438625296
TOI-3321 b,15.55806521,176.076937478,0.04627949183303086,967.919,5850.0,0.054,1616.0,0.1007007422293802,0.00040522824575239027,0.08772773414539566,730.0354560382564,0.0,1.5779831,0.9350804570425064,0.031482383531954525
GJ 9689 b,3.07,,0.33212341197822143,4.8635,3836.0,0.29,453.04,0.37344458721014123,0.14877267058925706,0.03392637709033998,40.25346096141755,5.624022529042143e-15,0.91551465,1.0823492568779562,0.03147827360930692
TOI-5386 A b,14.70618268,155.100262616,0.048638838475499095,817.0,6094.0,0.072,1488.0,0.10114535837631361,0.00047405344391559064,0.09424587273597901,647.995028449866,0.0,1.5130903,0.9491069736445468,0.0314721346620286
HD 103197 b,5.83,,0.14392014519056262,7.52,5250.0,0.0,474.97,0.0,0.0,0.0,119.45817126920204,1.1638398823316974e-53,0.37110192,1.202615628828003,0.03145620237311619
TOI-1422 b,3.83,9.5,0.16878402903811254,90.5151,5840.0,0.2,870.0,0.20920024030845935,0.006684937808004654,0.08746059731792138,39.720643973752225,0.0,0.3030669,1.2169224261857179,0.03143562387909178
Kepler-333 b,1.32,28.2,12.23230490018149,16.819,4259.0,0.0,480.0,0.0,0.0,0.0,117.8470459461475,0.0,2.6525555,0.6935388193981032,0.031423450252698396
Kepler-315 c,4.15,,0.2250453720508167,1.722,5796.0,0.0,291.0,0.0,0.0,0.0,67.37565274913801,0.9925956989459763,0.4078475,1.1927901689790696,0.031415584502053825
TOI-3023 b,16.43236571,197.05361234,0.04446460980036298,1084.0,5760.0,0.0,1596.0,0.0,0.0,0.0,826.4248548504793,0.0,1.7015444,0.9048426274571557,0.031414865294145375
WASP-13 b,13.67498,114.4188,0.040290381125226864,617.309,5950.0,0.0,1531.0,0.0,0.0,0.0,431.5887189844273,0.0,1.6056598,0.9252922462668518,0.031392925505073055
HS Psc b,13.6,,0.18330308529945555,64.4735,4203.0,0.27,783.44,0.16630139456918763,0.008030075257478127,0.04373029865896356,1931.4128181315546,0.0,1.0340345,1.0516785582229058,0.03137242342502147
TOI-159 b,18.18,1110.0,0.18511796733212343,1797.8272,7287.0,0.24,1891.0,0.08394436132308307,0.00019894142464839902,0.12611529625470563,4659.28009288723,0.0,1.775631,0.8856378302905399,0.03134789550530602
Kepler-1252 b,1.67,,0.73502722323049,57.579,5949.0,0.0,665.0,0.0,0.0,0.0,14.339745615952426,0.0,0.31863126,1.209768693939846,0.03134465768226463
HD 222155 b,13.4,581.62598481,0.2413793103448276,0.1222,5701.0,0.16,164.93,0.29432162643028376,0.0852358009594583,0.08374739541590731,2432.7811747683268,0.8125552461735582,1.3764498,0.9730780080467267,0.03131339383735897
BD+48 738 b,13.9,,0.1074410163339383,48.9779,4414.0,0.2,705.93,0.16931410398305116,0.010402447655477955,0.04936688571885156,1208.6571288756854,0.0,0.98532087,1.0599444514889655,0.031308927320036074
TOI-2886 b,18.6405349,444.9597698,0.06842105263157895,2560.0,6240.0,0.11,1978.0,0.07627529911079155,0.00012878728535840918,0.09814607041723354,1856.32268594377,0.0,1.6806751,0.9051397495985627,0.031307687029131184
Kepler-30 c,12.3,640.0,0.3411978221415608,6.217,5498.0,0.0111,411.0,0.4401052799379514,0.15861885192229525,0.07832451781800805,2659.5624589073045,1.2811804515891984e-31,0.4590884,1.1752373781309249,0.0312639940754319
TIC 172900988 b,11.25,942.0,0.6606170598911071,5.7522,6050.0,0.0271,361.24,0.4914411207978801,0.18808335850891272,0.09307047069507168,3939.9976377513094,3.4854876575167027e-25,0.50383335,1.1639125035764135,0.031230301070913357
TOI-4034 b,17.71018951,276.51071409,0.04990925589836661,1870.78,5891.0,0.0,1907.0,0.0,0.0,0.0,1161.2863722055263,0.0,1.7772319,0.8797924035100002,0.031212570477571068
Kepler-1634 b,3.19,,0.31578947368421056,0.544,5474.0,0.0,282.0,0.0,0.0,0.0,42.939630988211526,0.987734015467762,0.57021725,1.1459555474116305,0.03115183177103611
Kepler-441 b,1.64,,0.7531760435571688,0.21,4340.0,0.1,189.0,0.5608133239214789,0.21944442019743784,0.047390073195483454,13.916071494991721,0.8923205751897849,1.1575902,1.0145515860531984,0.03113503458203857
HD 89307 b,13.4,642.01338214,0.26678765880217786,0.1265,5955.0,0.2,166.55,0.2883812041349656,0.08604173245595842,0.09053267083397458,2688.8634036913086,0.8188871419525464,1.4505204,0.9486143391887898,0.031116687315149234
HD 134987 b,13.5,,0.20689655172413793,2.7435,5736.0,0.23,339.45,0.320998879751434,0.21120314078986,0.08468237431209832,2132.274765538203,0.10957247872584003,0.861921,1.078872751097384,0.031098513153343083
HAT-P-30 b,16.14096,263.7989,0.05607985480943739,1467.9573,6304.0,0.04,1630.0,0.09899142615949526,0.0002742362981695056,0.09985574611312192,987.8330985972783,0.0,1.6262964,0.908229108581642,0.031085489667169536
WASP-62 b,14.79588,165.2716,0.04754990925589837,1817.8874,6230.0,0.0,1475.3,0.0,0.0,0.0,645.1500018897581,0.0,1.7537138,0.8793593887114733,0.031072857682178625
Kepler-1629 b,0.77,,0.8330308529945554,315.457,5776.0,0.0,1081.0,0.0,0.0,0.0,1.5930223593100565,0.0,0.8563259,1.078611819758967,0.03106138160538556
Kepler-1737 b,5.395,,0.15934664246823957,5.09,5043.0,0.0,383.0,0.0,0.0,0.0,104.8107607910433,2.5784480871328012e-17,0.37867603,1.1847217988844645,0.031056616806633575
Kepler-176 d,2.51,1.72,0.1088929219600726,15.536,5232.0,0.0,501.0,0.0,0.0,0.0,7.212891930449573,4.25084e-319,0.4353396,1.1696438566917389,0.03099579214861034
HD 109271 c,5.27,,0.16460980036297643,52.058,5783.0,0.15,716.68,0.23259156641195836,0.012516174575040189,0.08593791740126817,100.91974468849807,0.0,0.2325331,1.2145186373974952,0.03098936348111717
TOI-3807 b,18.49481816,330.54154328,0.05245009074410163,1230.0,5772.0,0.0,1646.0,0.0,0.0,0.0,1389.9047859132593,0.0,1.6804578,0.8915638084549239,0.030971802716808543
HD 11343 c,13.9,,0.09491833030852995,23.9661,4672.0,0.169,613.29,0.1974124306258327,0.022825019092351694,0.05625901586791049,1067.783240543891,0.0,0.930443,1.0579691205670905,0.030959129443546552
ome Ser b,14.0,,0.08493647912885663,77.1527,4724.0,0.18,824.94,0.15217767068598512,0.006178669883859344,0.05764812737082163,976.2633159101714,0.0,0.9998657,1.0414016932917087,0.030931589666698216
TOI-1272 b,4.26,24.1,0.3121597096188748,120.595,4985.0,0.345,1051.0,0.1910502851798449,0.0047940519601965695,0.06462039856813331,101.08675482447538,0.0,0.68523204,1.1101883987495191,0.03090110575398628
Kepler-132 e,1.18,,1.0689655172413792,6.1,6023.0,0.0,414.0,0.0,0.0,0.0,7.356958854492012,5.897013019032152e-30,0.69793975,1.1068436435486926,0.03088837008226832
Kepler-867 b,4.64,,0.1941923774954628,2.72,5541.0,0.0,327.0,0.0,0.0,0.0,81.25960928377002,0.12498411410348305,0.36017174,1.1818357607294883,0.030883938561125437
TOI-813 b,6.71,,0.12014519056261344,23.1,5907.0,0.0,610.0,0.0,0.0,0.0,152.041645221723,0.0,0.4359211,1.1645046657619162,0.030872284666221453
HATS-71 b,11.478016,117.5971,0.07622504537205081,18.0832,3405.0,0.0,586.8,0.0,0.0,0.0,482.8216971222167,0.0,1.4697177,0.9340877272626612,0.030863887680055012
NGTS-32 b,15.91675259,181.16219199,0.043557168784029036,1554.0,5680.0,0.0,1750.0,0.0,0.0,0.0,735.7184532530421,0.0,1.7523887,0.8691893101544581,0.030814860497336814
HATS-44 b,11.960003,177.9848,0.1016333938294011,306.417,5080.0,0.279,1161.0,0.11438236469604966,0.0013079617574805844,0.06715819842921564,728.3144108218685,0.0,1.1065588,1.0118455949990561,0.03078832866335925
Kepler-444 d,0.53,0.2,1.4337568058076227,109.638,5046.0,0.18,783.0,0.2769522508469185,0.007248870677310708,0.06624993321578718,0.894111561272608,0.0,1.3228171,0.9631652289310514,0.03077474311148027
Kepler-1963 b,0.74437023,,0.8148820326678766,612.3,5726.0,0.0,1448.0,0.0,0.0,0.0,1.4078304001332982,0.0,0.9521998,1.0436845121777527,0.030726339881381407
Kepler-943 b,5.93,,0.14101633393829402,10.16,5612.0,0.0,455.0,0.0,0.0,0.0,123.17486907991719,2.125364294877912e-116,0.35690615,1.1759009699988257,0.030719708813736736
HD 64114 b,4.41,,0.20689655172413793,12.0441,5676.0,0.12,518.51,0.3423978215221265,0.06598514769538895,0.08307955334720148,74.32888707875678,5.5429208584751974e-176,0.15277767,1.2211136855686366,0.030714357994475947
Kepler-1600 b,3.13,,0.32304900181488205,0.4,5214.0,0.0,209.0,0.0,0.0,0.0,41.494451234167705,0.9872472962001837,0.64881426,1.1105144392212063,0.030709329877425712
HD 32963 b,13.4,657.90480249,0.2722323049001815,0.0996,5727.0,0.07,157.63,0.3335682094099756,0.08170500795292342,0.08444195116736365,2743.738167031948,0.778177490742981,1.365134,0.9501277597814525,0.03068550660278788
61 Vir c,4.46,,0.20508166969147004,16.9856,5577.0,0.14,565.87,0.31085707053761336,0.044690532793312254,0.08043489875512048,76.21141586375653,0.0,0.14758968,1.220950645665842,0.030681873515822158
HAT-P-9 b,15.614137,238.05467,0.062068965517241385,931.0,6350.0,0.084,1540.0,0.09906738134552492,0.0004158810368821991,0.10108457551954401,989.7307720566508,0.0,1.4575578,0.9275733415525059,0.030636568262875294
TOI-2154 b,16.28664896,292.40213444,0.06715063520871144,1005.8946,6280.0,0.117,1580.0,0.0929123350327581,0.0003648749702364033,0.09921461772716439,1215.1613334736642,0.0,1.4395809,0.9309016337950113,0.030619987719581517
LSPM J2116+0234 b,3.71,,0.2595281306715064,2.6063,3475.0,0.183,371.68,0.41420075661008826,0.2610627348542934,0.024282737618204087,55.513010087164744,0.22770076941893325,0.91536504,1.0469104313850117,0.030603767426001783
TOI-6564 b,16.39873876,222.162056493,0.05027223230490019,1257.4271,5943.0,0.0,1445.0,0.0,0.0,0.0,928.6415722539558,0.0,1.6537364,0.88129497610159,0.030572028300614954
Kepler-347 c,1.75,,0.6896551724137931,65.707,6088.0,0.0,705.0,0.0,0.0,0.0,15.482274140535905,0.0,0.31527945,1.1789006402840336,0.030565266866037832
Kepler-48 f,13.8,,0.11324863883847551,0.0157,5190.0,0.015283,95.68,0.23831892016719972,0.011498925233424431,0.0700967035315238,1246.6911006660239,0.6395252375619412,2.3424873,0.7277041184146174,0.030564482540541855
KELT-14 b,19.537287,408.09372,0.05843920145190563,826.113,5720.0,0.0,1970.0,0.0,0.0,0.0,1825.5160303946222,0.0,1.5745194,0.8976147515525341,0.03053972439029501
Kepler-11 e,4.19,8.0,0.10526315789473684,32.34,5663.0,0.012,582.0,0.3253433470364199,0.02623286651754442,0.08273227547146947,32.4344899581799,0.0,0.37521213,1.1639792224640553,0.030526237746458358
Kepler-1285 b,0.97,,0.9509981851179674,181.591,6170.0,0.0,874.0,0.0,0.0,0.0,3.6356619938806842,0.0,0.7534908,1.079380363199139,0.030516101417634393
WASP-93 b,17.900773,467.2101,0.08693284936479129,2531.1336,6700.0,0.0,1942.0,0.0,0.0,0.0,2088.756814497488,0.0,1.6956737,0.8695586106941816,0.03051278590054197
HAT-P-1 b,14.784671,166.86075,0.05117967332123412,259.687,5980.0,0.0,1322.0,0.0,0.0,0.0,692.8211114386165,0.0,1.371158,0.9399582529070619,0.030467846519680934
NGTS-31 b,18.04645893,355.96781584,0.0544464609800363,643.0,5710.0,0.0,1410.0,0.0,0.0,0.0,1340.3995014456939,0.0,1.5293024,0.9046747784566683,0.03046568443779057
Kepler-1654 b,9.180171,158.915,0.2177858439201452,0.3,5597.0,0.26,206.0,0.32896413305781885,0.18386884542105777,0.08096917241008457,705.7819856862953,0.9900407597808688,1.1796105,0.9802295652628276,0.03040970186587268
WASP-159 b,15.46842,174.8065,0.05081669691470055,1599.92,6120.0,0.0,1850.0,0.0,0.0,0.0,787.8307148810343,0.0,1.6825672,0.8678489653236956,0.03039872629991188
Kepler-1397 b,1.72,,0.7078039927404719,58.103,6026.0,0.0,551.0,0.0,0.0,0.0,15.086446541898932,0.0,0.31281626,1.1726496335805068,0.03039764381869203
Kepler-197 e,0.91,,0.9165154264972777,57.941,6004.0,0.38,691.0,0.3029954805413231,0.013725046373686536,0.09184164128865367,2.8930275241789443,0.0,1.4352916,0.9221462310749096,0.030380603791028346
HD 102843 b,13.1,,0.050453720508166974,0.0438,5436.0,0.11,127.34,0.1964050010172899,0.02327768792914719,0.0766682694875984,475.1116649282444,0.6869601889289199,2.3732228,0.7127675657644028,0.030364884082945565
K2-138 g,3.013,4.32,0.1633393829401089,9.29,5356.3,0.059,445.0,0.4097269190364258,0.09553425985930358,0.07453918897257021,18.714443397351634,4.483923900667932e-93,0.22611241,1.18988602782704,0.03034685895852803
GJ 876 b,13.3,723.2235,0.30671506352087113,0.2857,3293.74,0.0324,190.6,0.42830632589267104,0.2434168324608737,0.019440615483247707,3022.585801727856,0.9835980400945379,1.7389408,0.8526094892314977,0.030332328593659426
Kepler-1235 b,0.79,,0.8457350272232306,265.325,5541.0,0.0,985.0,0.0,0.0,0.0,1.7466432144108852,0.0,0.8084315,1.0596475500328104,0.030331065743879976
Kepler-19 c,3.68,13.1,0.2613430127041742,22.1608,5544.0,0.21,589.64,0.29426503095931345,0.033213018043517784,0.0795533472244285,54.55605500350461,0.0,0.19830254,1.1948855512353163,0.030317529076298137
HD 148427 b,13.7,381.3940884,0.14791288566243194,4.8905,5025.0,0.12,451.86,0.3065232641892539,0.13331736704991579,0.06568894587805973,1593.1487262160072,3.06122408865806e-15,0.7233205,1.076503549135248,0.0302796425224066
Kepler-176 c,2.6,1.33,0.08838475499092559,39.631,5232.0,0.0,633.0,0.0,0.0,0.0,6.507078044165438,0.0,0.5061074,1.124720740223318,0.030276570344217348
Kepler-436 b,2.73,,0.38656987295825773,1.69,4651.0,0.19,322.0,0.5024940869319247,0.40357860083706953,0.05569802853020172,32.94614117139229,0.9839027353525017,0.5007461,1.1231940518256327,0.030209516327980298
Kepler-1994 b,0.51,,0.6533575317604357,268.27,5495.0,0.0,1032.0,0.0,0.0,0.0,0.36303628929917076,0.0,1.1126268,0.9864955935306748,0.03019665998028834
HD 159868 c,14.0,,0.08874773139745917,3.3758,5534.0,0.184,383.37,0.2765540493754863,0.1567147897137919,0.0792862103969374,1020.070003162551,0.0005150146099483729,1.0722892,0.9953849945728477,0.03019449246489568
TOI-1064 c,2.651,2.5,0.14009183303085299,26.8,4734.0,0.088,634.0,0.30824483250134027,0.02874522772493159,0.05791526419830656,10.932780036547243,0.0,0.31148052,1.164538525153159,0.03019034913854335
TOI-3474 b,14.67255574,193.87532827,0.06116152450090745,740.0,6020.0,0.13,1451.0,0.09759528832781979,0.0005020148000344699,0.09226906021260747,809.2528087986891,0.0,1.3404022,0.933261968778094,0.03013401258658089
Kepler-700 b,5.99,,0.13920145190562613,12.071,5692.0,0.0,452.0,0.0,0.0,0.0,125.31782293725747,6.384994281286648e-177,0.35574812,1.1520905606857046,0.030126349110712693
HATS-13 b,13.585308,172.58169,0.06842105263157895,315.9878,5523.0,0.181,1244.0,0.11284476646752147,0.0012577012115885262,0.07899235988670678,718.5993625884697,0.0,1.1313747,0.978820958663508,0.030110318751735025
HAT-P-56 b,16.92559,734.1873,0.13611615245009076,3515.0,6566.0,0.29,1840.0,0.06887915023492068,8.721531878948122e-05,0.10685473099318345,2764.5835734914344,0.0,1.8017721,0.829514846774272,0.030107706078756014
KELT-15 b,19.50366,416.3573,0.06533575317604355,1612.7618,6003.0,0.0,1642.0,0.0,0.0,0.0,2030.4292611995193,0.0,1.6473534,0.8632951144502422,0.03009325023460321
Kepler-362 b,0.88,,0.9001814882032668,207.336,5788.0,0.0,838.0,0.0,0.0,0.0,2.569606980516063,0.0,0.74682605,1.0617121119305641,0.030043952657869754
Kepler-296 b,1.61,,0.544464609800363,6.5,3740.0,0.33,495.0,0.4050845567750219,0.12468933228249823,0.031361863546504755,9.517785067851811,6.19680494449587e-36,1.2632154,0.9462137604802857,0.03002981526399203
HD 207832 c,14.0,,0.08439201451905627,0.1732,5710.0,0.27,179.84,0.2345341082955951,0.08892309070033089,0.08398781856063466,970.0052177312601,0.8824526539683947,1.9338287,0.7960369649634368,0.030006921512870575
HATS-11 b,18.03,263.7989,0.05716878402903811,1027.296,6563.0,0.34,1596.0,0.0720260574249347,0.000279553701377396,0.10677458994492936,1403.5721569457232,0.0,2.2869515,0.7147003393984247,0.029939186836843903
TOI-1855 b,18.49481816,360.099585131,0.056261343012704176,852.162,5359.0,0.033,1701.0,0.11062740443789529,0.0005095767940676611,0.07461131591598599,1490.901327450209,0.0,1.517904,0.885638367116292,0.029933834177360914
HATS-47 b,12.520453,117.27927,0.06007259528130672,87.73,4512.0,0.088,852.9,0.16026198199176817,0.005724008366919862,0.05198482662818183,493.88419810146166,0.0,1.1194041,0.9741139298924427,0.029928595600235402
HD 102195 b,14.2,,0.045372050816696916,185.2,5301.0,0.0,1035.17,0.0,0.0,0.0,544.1793433703454,0.0,1.3543336,0.9217204316810328,0.029925913045461387
HATS-25 b,14.12334,194.82979,0.06896551724137931,454.8721,5715.0,0.176,1277.0,0.10523229137327887,0.000842648463620445,0.08412138697437915,813.8284162063185,0.0,1.1921991,0.9577524794963581,0.029924636891561947
K2-24 b,5.638,20.6,0.11470054446460981,52.0,5726.0,0.0498,732.0,0.2591959937877634,0.013971655270294502,0.08441523748461285,86.10518483491158,0.0,0.3405727,1.146524390860414,0.02990586131505544
TOI-782 b,2.734,19.1,0.223125510576264,5.91,3370.0,0.19,435.0,0.367833358040607,0.12519315904190362,0.02147780092963273,19.1,2.626831339329986e-27,0.93963355,1.013132154739976,0.029904174718023247
Kepler-48 e,13.4,657.0,0.2722323049001815,0.1426,5194.0,0.003142,171.49,0.3385669669933194,0.11156447102312438,0.07020355826252314,2743.738167031948,0.8419294611366567,1.2980826,0.9317926575380255,0.02986559321763916
Kepler-1617 b,1.2,,1.0798548094373865,64.689,6167.0,0.0,736.0,0.0,0.0,0.0,7.816236909170915,0.0,0.6238911,1.0813453366408399,0.029853467905276987
TOI-3912 b,14.28024141,129.038333242,0.0441016333938294,872.2,5725.0,0.0,1512.0,0.0,0.0,0.0,537.9599344934774,0.0,1.5800254,0.8680094933240017,0.029840066295154292
WASP-142 b,17.14977,266.9772,0.056261343012704176,3140.9238,6010.0,0.0,2000.0,0.0,0.0,0.0,1188.7036718723239,0.0,1.7927036,0.8201481230276243,0.029827028264319596
Kepler-1633 b,1.58,,0.7894736842105263,26.258,6256.0,0.0,925.0,0.0,0.0,0.0,13.04360168701691,0.0,0.4250725,1.123950120210891,0.029812956498609808
Kepler-270 c,1.77,,0.6805807622504537,62.241,6067.0,0.0,756.0,0.0,0.0,0.0,15.808405857752895,0.0,0.30351517,1.1484466702615028,0.029749927663297194
WASP-92 b,16.376349,255.85315,0.06279491833030852,1622.2528,6280.0,0.0,1871.0,0.0,0.0,0.0,1155.2191100493799,0.0,1.6101164,0.8563744602411985,0.029718324140979885
HIP 14810 d,14.1,,0.06678765880217787,0.2597,5544.0,0.185,198.54,0.2564373890709929,0.13181084583868832,0.07955334722441684,784.2276800957816,0.9678532237704816,1.7587118,0.8212991149003882,0.02966890111857031
HIP 14810 c,13.6,,0.16515426497277677,3.2423,5544.0,0.1566,373.22,0.3218874303255648,0.1886644629050186,0.07955334722442453,1740.183826237341,0.002084476756873873,0.747856,1.0456554119925423,0.02965375272722328
HD 1397 b,11.500434,131.89945,0.08656987295825772,356.0,5521.0,0.251,1228.3,0.11173322290644819,0.0011055056790333503,0.07893893252121194,551.5667519253564,0.0,1.0786369,0.9718133377343003,0.02964820026094717
Kepler-1965 b,1.35415138,,0.9637023593466424,13.8,5852.0,0.0,492.0,0.0,0.0,0.0,10.023818203601618,1.2450994555329172e-242,0.50040686,1.1003862096307608,0.0296453659476742
WASP-151 b,13.30506009,100.433776612,0.045490199637023596,460.0,5871.0,0.0,1312.0,0.0,0.0,0.0,448.80426253160255,0.0,1.4421438,0.889136022965209,0.029604388180873256
WASP-176 b,16.869545,271.74465,0.056261343012704176,1703.2413,5941.0,0.0,1721.0,0.0,0.0,0.0,1131.3808189090523,0.0,1.6450987,0.840908994642109,0.02952898697497879
Kepler-1435 b,0.86,,0.8874773139745916,893.886,6356.0,0.0,1331.0,0.0,0.0,0.0,2.3645103714706974,0.0,1.0405928,0.9746646721428862,0.02950975783350961
TOI-2587 A b,12.07207221,69.286592726,0.039201451905626135,728.0,5760.0,0.0,1445.0,0.0,0.0,0.0,288.8924787424655,0.0,1.5571516,0.8595659895808331,0.029506402604727842
Kepler-138 e,0.797,0.43,0.8475499092558983,1.73,3841.0,0.112,292.0,0.6582392830150487,0.5063084229279782,0.03405994550408371,1.7973342702825488,0.7898023935363627,1.3285851,0.9081127893237908,0.02944916463575844
HIP 63242 b,12.5,,1.4900181488203268,133.6297,4830.0,0.23,993.26,0.18521098955777307,0.004629608600718078,0.06047977774215507,12190.182474086983,0.0,0.920821,0.9987663479985831,0.02944679073112537
HD 2638 b,14.3,,0.0455535390199637,292.3345,5186.0,0.0,1212.27,0.0,0.0,0.0,557.9802720926166,0.0,1.4136108,0.8884566624745658,0.02943108714856312
NGTS-27 b,15.64773706,188.472245351,0.048275862068965524,1680.0,5700.0,0.0,1783.0,0.0,0.0,0.0,774.7708390764192,0.0,1.6760279,0.8298850709002165,0.0294269105060547
HD 63454 b,12.31,,0.042468239564428314,159.9116,4812.0,0.0,1018.06,0.0,0.0,0.0,331.8386948957058,0.0,1.3828579,0.894291413065946,0.029406200839702357
HD 83443 b,14.1,,0.045372050816696916,477.4442,5442.0,0.012,1262.68,0.1312758558648083,0.0010014706627705491,0.07682855158409226,532.7633696302863,0.0,1.4382708,0.8807896135529806,0.029377371369799576
Teegarden's Star c,1.02,,0.987295825771325,0.35,3034.0,0.04,209.0,0.7297236690455837,0.40920118791293725,0.012502003526205941,4.388705363972197,0.89411491956246,2.0331578,0.7482267021729561,0.0293732295202151
Kepler-281 d,5.93747806,654.0,2.2323049001814885,2.51,5717.0,0.0,321.0,0.0,0.0,0.0,1957.258444210896,0.3533133283530506,0.85498637,1.008567025740887,0.029327193864210867
HD 174205 b,13.0,,0.6061705989110707,82.699,4308.0,0.4,821.72,0.17754600892538078,0.006901055436426888,0.04653523534753917,5578.449863324579,0.0,1.4733816,0.8707382585401185,0.029322214629131194
Kepler-783 b,0.78,,0.838475499092559,229.104,5521.0,0.0,991.0,0.0,0.0,0.0,1.6667205651523551,0.0,0.8018017,1.0201567828998712,0.029321111051303493
TOI-150.01,14.067295,797.7533,0.30490018148820325,750.922,6255.0,0.262,1404.5,0.11368445443264803,0.0005871124158058492,0.09854677565846962,3555.3149342721276,0.0,1.0093818,0.9725862268458827,0.029287271219084775
EPIC 249893012 d,3.94,10.18,0.16515426497277677,53.0,5430.0,0.15,752.0,0.2417228145984348,0.012563706414510413,0.07650798739112045,42.31234238293704,0.0,0.18851611,1.1547597933389169,0.029274599996254234
WASP-108 b,15.13212395,283.502939044,0.0866480943738657,1360.1641,6783.0,0.0,1589.0,0.0,0.0,0.0,1257.6138026173612,0.0,1.4975803,0.8621848213429459,0.029244115088872598
HD 75289 b,14.2,,0.05426497277676951,821.3488,6117.0,0.03,1260.0,0.11801210694932239,0.0005497414296371006,0.09486028743919073,650.8384946709331,0.0,1.4354408,0.8756843018825369,0.02923598047170072
Kepler-1093 b,1.95,,0.6007259528130672,98.8,6166.0,0.0,776.0,0.0,0.0,0.0,18.65816108852237,0.0,0.28472343,1.13132653666942,0.029224754305571227
GJ 422 b,3.33,,0.29945553539019965,0.8928,3323.0,0.11,292.68,0.5217382873787809,0.5328323733019518,0.02022225784046299,46.31841133282155,0.9887309170598549,1.0939963,0.9507776837116931,0.02921387382975738
WASP-100 b,14.90797,400.4658,0.09618874773139746,5502.8822,6900.0,0.0,2099.0,0.0,0.0,0.0,1334.960484162851,0.0,1.7794176,0.7980272252387958,0.0292087778890768
K2-285 d,2.48,6.5,0.10173483963972313,24.61,4975.0,0.0,619.9,0.0,0.0,0.0,6.5,0.0,0.47650886,1.0877577242858536,0.029202910069293105
HAT-P-45 b,15.984,283.492,0.06896551724137931,1052.239,6330.0,0.049,1652.0,0.10696003066099072,0.0004027085521859875,0.10055030186457925,1179.714777894165,0.0,1.424937,0.8757176601666555,0.02917917169240076
TOI-4010 c,5.93,20.31,0.09074410163339383,112.0,4960.0,0.03,907.0,0.22380940878488137,0.006061455224182293,0.06395255649941926,79.26310751603422,0.0,0.5207561,1.0765457712531892,0.02916927031904662
XO-7 b,15.389957,225.34147,0.061705989110707814,1540.0,6250.0,0.038,1743.0,0.10155028997347074,0.00026848537583581224,0.09841320724471514,942.1675596447134,0.0,1.5249164,0.8530006790396328,0.029167681131072085
HD 210193 b,14.3,,0.052268602540834846,0.5142,5790.0,0.24,235.69,0.2581465367176253,0.20890116199770123,0.08612491318049473,640.2323440743967,0.9998271157786566,1.9136317,0.7650402447958135,0.02913193372011107
Kepler-221 e,2.63,7.86706,0.10344827586206896,25.156,5243.0,0.0,582.0,0.0,0.0,0.0,7.882774655636974,0.0,0.4308254,1.0931802890879696,0.029085942174100078
NGTS-12 b,11.747032,66.10864,0.04047186932849365,416.0,5690.0,0.0,1257.0,0.0,0.0,0.0,274.80607481781124,0.0,1.4371803,0.8690888217198598,0.029082924086194315
AU Mic b,4.79,8.99,0.08892921960072596,21.2,3540.0,0.07,554.8,0.2719620084993404,0.032571261747674995,0.02601912699684142,40.93922629429647,0.0,0.97861147,0.9705708787368007,0.02906875787414934
WASP-81 b,16.017661,231.69807,0.060254083484573506,1034.0911,5870.0,0.066,1623.0,0.1006739342536554,0.000383613668254799,0.0882620078003638,1037.2235959110862,0.0,1.4129717,0.8734843957299212,0.029058464417400388
HD 27894 b,14.1,,0.07005444646098004,22.7604,4875.0,0.047,627.88,0.23392991822990356,0.028183668781645237,0.06168189346581228,822.5866427091621,0.0,1.0126766,0.9620568147456093,0.02904576353634518
Kepler-37 c,0.755,1.3,2.722323049001815,23.9,5357.0,0.099,615.0,0.4005753193074482,0.0400269237961933,0.07455788855051113,4.907599622626874,0.0,1.2803619,0.9015923113107355,0.029023825763132793
HD 164509 b,14.3,,0.04809437386569873,1.7417,5859.0,0.238,319.12,0.25784060173550394,0.22259917588509145,0.08796815729012676,589.1026777073442,0.9997457664524082,1.7369916,0.7996579922129461,0.02901620231202125
TOI-5688 A b,10.3,124.0,0.11070780399274048,50.3,3713.0,0.128,742.0,0.19012476912796666,0.011209307295584925,0.030640594112297193,506.7322203274824,0.0,0.99655914,0.963775050356988,0.028999691901354402
HD 360 b,14.0,,0.08656987295825772,57.4344,4770.0,0.139,765.69,0.16978334026761982,0.008996538503535987,0.0588769567772431,995.0376104469054,0.0,0.9159211,0.9805547282922299,0.02897092908826526
Kepler-1689 b,0.94678642,,0.9382940108892922,149.3,5731.43,0.0,879.0,0.0,0.0,0.0,3.335674107647171,0.0,0.68198,1.031668829493793,0.02894749356466105
Kepler-42 d,0.57,0.357785,0.09981851179673322,12.538,3068.0,0.02,450.0,0.414881350249294,0.07383692243206623,0.013410268739645981,0.07743267575630729,5.267332672761149e-194,2.098449,0.7134212596182541,0.028873393458909814
HAT-P-21 b,12.44199,1547.8321,0.6594883847549909,459.542,5588.0,0.23,1367.0,0.14688222199717174,0.0011840235140426398,0.08072874926536125,5320.657506851197,0.0,0.71139944,1.021871583652664,0.02886737491499159
NGTS-1 b,14.90797,258.07796,0.07622504537205081,65.3,3916.0,0.016,790.0,0.21165358855833757,0.010092249412066497,0.03606347171019995,1057.8932138649006,0.0,1.3128873,0.8867206446897292,0.028835647293413008
TOI-5261 b,11.60129502,3651.84839643,2.341197822141561,159.592,5790.0,0.1585,1244.0,0.1864498618384248,0.0039040592773361502,0.08612491318052524,15312.501130455279,0.0,0.96526206,0.9640774648787104,0.02883542924011399
WASP-1 b,16.623,271.415,0.06315789473684211,2121.5175,6110.0,0.0,1812.0,0.0,0.0,0.0,1215.1907891920946,0.0,1.6293106,0.8162083974536889,0.02883340978121645
HD 212301 b,14.2,,0.05644283121597096,1944.4444,6239.0,0.0,1870.75,0.0,0.0,0.0,676.9591031527096,0.0,1.6166232,0.8161866664494696,0.028763262333658758
BD+15 2940 b,13.7,,0.1368421052631579,352.2269,4796.0,0.26,1207.75,0.11522033409420691,0.0011793360292117697,0.05957151252870183,1473.9069197139504,0.0,1.0444634,0.9434319591978212,0.028761004259701062
Kepler-276 d,2.8,16.3,0.13793103448275862,11.274,5693.0,0.0,489.0,0.0,0.0,0.0,12.683078975927009,3.5090916329295724e-150,0.34037292,1.0991267099665887,0.02873625414596862
Kepler-1283 b,1.91,,0.617059891107078,80.34,6175.0,0.0,764.0,0.0,0.0,0.0,18.01009606102568,0.0,0.2898433,1.1101075029611733,0.028729725617812084
HIP 39330 b,13.5,530.77343969,0.2159709618874773,0.044,5748.0,0.078,125.05,0.2706712881473467,0.0328263556938767,0.08500293850507572,2225.7955885881242,0.687602734287926,1.6872174,0.7985703777877602,0.028716291683199176
TOI-4773 b,15.22179579,1687.66884117,0.47731397459165154,3879.8071,6740.0,0.024,2255.0,0.125477251622362,0.0001460375378039326,0.11150291179139801,7051.6448752990345,0.0,1.2497958,0.8959187445400848,0.0287162459762384
TOI-3785 b,5.14,14.95,0.11070780399274048,19.1,3576.0,0.11,582.0,0.2648139093526441,0.034997682727014964,0.026980819575780527,62.973263770697244,0.0,0.86843586,0.9801705509149006,0.028700919878928983
Kepler-1130 d,0.64472273,,0.7513611615245008,221.4,5450.0,0.0,981.0,0.0,0.0,0.0,0.843444084748876,0.0,0.9184467,0.9677837953016043,0.02866994015277205
HD 121504 b,13.6,,0.19056261343012706,14.2224,6027.0,0.03,523.32,0.33200308393747036,0.06047929734738348,0.09245605599185219,2007.90441488924,3.0767598970234463e-260,0.5818461,1.0426581335920606,0.028669010276659898
Qatar-7 b,19.0553,597.5204,0.0911070780399274,2886.2922,6387.0,0.0,2053.0,0.0,0.0,0.0,2640.5117185712033,0.0,1.6375377,0.8066150241061438,0.028642041412074215
Pr0201 b,14.2,,0.05970961887477314,487.9693,6174.0,0.0,1303.39,0.0,0.0,0.0,716.1400158753745,0.0,1.3416976,0.8714785019406314,0.028617951494558105
HD 50499 b,13.5,,0.21052631578947367,0.1619,6102.0,0.266,174.69,0.27372142835026747,0.09938400261559147,0.09445958219797206,2169.6830947581716,0.8680321929098793,1.6304903,0.8069146207171505,0.02861075988559279
HD 27631 b,13.5,495.81231492,0.20145190562613433,0.0836,5737.0,0.141,147.61,0.27263272623277396,0.05748590277545222,0.08470908799484439,2076.1622717082505,0.7528600735095605,1.5185062,0.828919052280014,0.028538817331996428
HD 221585 b,13.5,,0.20689655172413793,0.4965,5620.0,0.123,242.77,0.3748237387881693,0.30095857178613816,0.08158358711329529,2132.274765538203,0.9999999574832013,0.99189883,0.94588254639269,0.028533012553132387
HD 16417 b,5.0,,0.1764065335753176,141.5514,5841.0,0.2,964.0,0.184709896510083,0.004009107313201755,0.0874873110006703,92.3662449875765,0.0,0.32833058,1.0924465447724419,0.028505492885414985
HD 99283 b,13.8,,0.11705989110707805,55.3069,4886.0,0.2,759.06,0.17002384673406368,0.009338305198656954,0.061975743976046715,1288.6470511692073,0.0,0.83104,0.9786101820260809,0.02845727097488851
WASP-184 b,14.90797,181.1631,0.058076225045372055,669.018,6000.0,0.0,1480.0,0.0,0.0,0.0,806.0138772304006,0.0,1.397833,0.8523379844041478,0.028454072997085578
HATS-29 b,14.022459,207.54299,0.07459165154264973,356.0,5670.0,0.158,1212.0,0.11441761742233492,0.0011469516416443243,0.08291927125070646,861.4922381385014,0.0,1.0799184,0.9217224133193276,0.028420322961056142
Kepler-1868 b,3.14950109,,0.32304900181488205,0.5,4658.0,0.0,215.0,0.0,0.0,0.0,42.27487204032589,0.9876449524050235,0.6783906,1.0100742327269838,0.0283954207651775
HD 74698 c,14.0,,0.045735027223230494,0.088,5783.0,0.2,151.77,0.19618956118643915,0.04250754018542768,0.0859379174012545,525.6802470285538,0.7596028526220694,2.3896737,0.6279789968974441,0.028364824114982513
CoRoT-31 b,16.36514,266.9772,0.059891107078039935,727.7611,5700.0,0.02,1664.86,0.1264181202289079,0.0006653804671252726,0.08372068173315392,1099.5377012892106,0.0,1.3871685,0.8492100060201173,0.028318444764666894
Kepler-967 c,3.65,,0.26497277676951,1.05,5178.0,0.0,258.0,0.0,0.0,0.0,53.971993527206564,0.9904173305246747,0.4553155,1.056572819227669,0.028317816260778925
Kepler-1318 b,3.11,,0.3266787658802178,0.492,4598.0,0.0,202.0,0.0,0.0,0.0,41.16145164190952,0.9871938132066876,0.6969795,1.0012087716293643,0.02827884974836239
Kepler-61 b,2.15,,0.5281306715063522,1.69,4017.0,0.25,273.0,0.5070511566953038,0.4046012336281269,0.03876155366778283,21.985957250063045,0.9763946767221526,0.921402,0.950401783056071,0.028257630380671035
Kepler-208 e,1.48,,0.8584392014519058,106.345,6092.0,0.0,880.0,0.0,0.0,0.0,11.656906080285772,0.0,0.4498617,1.054997024828073,0.028249044279873726
WASP-55 b,14.72860064,186.247446502,0.0620978221415608,504.0,6096.0,0.0,1342.0,0.0,0.0,0.0,831.0926437576195,0.0,1.3247339,0.8600628069669323,0.02824344109997695
K2-107 b,15.98,266.9772,0.06352087114337568,1291.4267,6061.0,0.0,1649.0,0.0,0.0,0.0,1085.7638545158625,0.0,1.4957724,0.821970825548409,0.0282427864784917
Kepler-403 c,1.75,,0.6896551724137931,45.154,6090.0,0.0,604.0,0.0,0.0,0.0,15.482274140535905,0.0,0.3117016,1.0842342312233586,0.028211793442286554
HD 209458 b,15.58051,232.0159,0.06569872958257714,587.098,6091.0,0.0,1459.0,0.0,0.0,0.0,1040.8558542887386,0.0,1.3417803,0.8548204919807694,0.028207729555460234
Kepler-11 f,2.49,2.0,0.12522686025408347,19.53,5663.0,0.013,513.0,0.4040475674397983,0.049198308473830804,0.08273227547147037,8.09811877881575,0.0,0.34985882,1.075485755691133,0.028205472286542355
Kepler-1558 b,0.68,,0.7731397459165155,189.886,5101.0,0.0,1019.0,0.0,0.0,0.0,1.0182943818366863,0.0,0.8860911,0.9558773519557486,0.028198880705950235
HAT-P-49 b,17.82231,699.226,0.13611615245009076,4392.03,6820.0,0.0,2131.0,0.0,0.0,0.0,3227.6783881352007,0.0,1.6520058,0.7848985725418249,0.028186040676459304
TOI-4666 b,12.53164042,155.418091023,0.0780399274047187,55.6,3793.0,0.023,695.0,0.21903994411665506,0.01192342819817107,0.032777688732159804,643.3232400321432,0.0,1.237992,0.8763624988322949,0.028169355135585276
Kepler-14 b,12.733,2669.66,1.2885662431941924,1029.51,6395.0,0.035,1605.0,0.17221657217496575,0.0006673563156769012,0.10228669124324287,11142.626581043422,0.0,0.99412775,0.9296098229778201,0.028144064854775774
HD 161178 b,14.1,,0.06442831215970962,78.0069,4786.0,0.044,828.33,0.1824853839102244,0.007310469110054551,0.0593043757012143,756.5239848750066,0.0,1.0813985,0.9094224699284186,0.02812520947401745
Kepler-387 c,0.89,,0.9056261343012705,144.963,5774.0,0.0,826.0,0.0,0.0,0.0,2.67428430798031,0.0,0.7143241,0.9910354386019266,0.028123208034293
Kepler-693 b,10.18,,0.06969147005444647,31.641,4881.0,0.0,600.0,0.0,0.0,0.0,307.9722378650052,0.0,0.8787142,0.9541352109583614,0.028115456307602205
HD 28109 c,4.13,9.2,0.12704174228675136,29.9535,6189.0,0.0039,643.0,0.290712552711739,0.025162385232489315,0.09678367259707281,37.48739008836019,0.0,0.38064802,1.0637601773366532,0.028085329350561468
Kepler-1417 b,1.0,,0.9691470054446462,114.332,5839.0,0.0,695.0,0.0,0.0,0.0,4.0595534834045965,0.0,0.65443957,1.002433420949824,0.028075636866628128
TOI-163 b,16.690201,387.7526,0.08892921960072596,1489.1126,6495.0,0.0,1669.0,0.0,0.0,0.0,1731.8799771806105,0.0,1.4582558,0.8232231458567004,0.028067817571982786
Kepler-5 b,15.984034,670.93913,0.07259528130671507,1822.758,6297.0,0.0,1750.0,0.0,0.0,0.0,1241.8129538106286,0.0,1.5268519,0.8070731036313283,0.02804603311881059
HATS-28 b,13.383546,213.58176,0.08711433756805807,407.8485,5498.0,0.202,1253.0,0.11017693202229842,0.0009746617435758094,0.07832451781800134,874.7658810873575,0.0,1.0466458,0.9135020100514348,0.028035105223389686
Kepler-522 b,6.91,,0.11542649727767695,63.855,6392.0,0.0,761.0,0.0,0.0,0.0,159.52482182322402,0.0,0.560176,1.0214401961902257,0.028027019837203133
TOI-2373 b,10.42435205,2955.8041851,2.6134301270417426,69.8726,5651.0,0.112,860.0,0.23401035452778718,0.010273537829309528,0.08241171127851182,12400.714594810723,0.0,0.8899519,0.9476899319265054,0.028018216432476633
WASP-102 b,14.90794433,197.689269154,0.058076225045372055,1293.0,5990.0,0.0,1671.0,0.0,0.0,0.0,806.0097136171247,0.0,1.4995053,0.8114342039401228,0.028003505266565185
Kepler-444 c,0.497,,0.6442831215970962,165.73,5046.0,0.31,868.0,0.2264120590085784,0.004082392293581582,0.06624993321578317,0.3313099887274506,0.0,1.5286176,0.8037702062807814,0.027974293302722834
HD 10180 e,5.39,,0.15989110707803994,20.4541,5911.0,0.051,577.77,0.3301678474687525,0.04080032494639112,0.08935726879304896,104.87674849747074,0.0,0.23843026,1.0904956834577932,0.027964140109333867
Kepler-1466 b,1.55,,0.809437386569873,21.875,5884.0,0.0,585.0,0.0,0.0,0.0,12.626034267217095,0.0,0.37250268,1.0602025750123882,0.02795293133014027
WASP-169 b,14.616536,178.30263,0.059891107078039935,1486.8579,6110.0,0.0,1604.0,0.0,0.0,0.0,783.4013795790139,0.0,1.5132647,0.8054933555155216,0.02793253748180892
Kepler-1527 b,4.77,,0.1869328493647913,7.813,6224.0,0.0,450.0,0.0,0.0,0.0,84.9824744319953,1.9797524855293235e-59,0.344133,1.063265648068715,0.02787278981298724
HD 164922 c,3.66,,0.26497277676951,6.29,5390.0,0.12,400.5,0.41033974619686886,0.13361424269006125,0.07543944008119052,54.41681542070515,1.05848201660672e-32,0.14535488,1.1060076549560853,0.027835883771940562
Kepler-970 b,2.609,,0.4101633393829401,11.111,4290.0,0.34,464.0,0.3354591111534234,0.0679376116814226,0.046054389058067656,30.51179001793989,6.147501116247208e-145,0.8714388,0.9441439964791251,0.027829221205863376
HATS-6 b,11.186582,101.38777,0.07241379310344828,47.3315,3724.0,0.0,712.8,0.0,0.0,0.0,424.6216538272905,0.0,1.2918129,0.8499440268228751,0.027813351742373663
Barnard e,0.637,,0.7441016333938294,2.4456,3195.0,0.04,340.0,0.6946092936065785,0.43913145406333687,0.01680290644868218,0.8056365558916532,0.31089050294895787,1.7921528,0.7385284844636527,0.02781180986369891
K2-32 b,5.299,15.0,0.09981851179673322,79.5,5271.0,0.03,837.0,0.25002787950381383,0.009156311192772987,0.07226051183413883,62.2130450291744,0.0,0.40824947,1.0461489843364764,0.027802595916653645
HD 330075 b,14.3,,0.052087114337568054,292.3345,5000.0,0.0,990.0,0.0,0.0,0.0,638.0093151019162,0.0,1.3302896,0.8398904997769315,0.027776609580501606
Kepler-271 d,0.66,,0.7604355716878404,189.343,5555.0,0.0,954.0,0.0,0.0,0.0,0.9157624675711388,0.0,0.89215267,0.9369900077855247,0.027766502685351968
Kepler-452 b,1.63,,0.7568058076225046,1.1,5757.0,0.0,265.0,0.0,0.0,0.0,13.728904329626776,0.964576043831692,0.66029763,0.9883790987336639,0.02776129229759108
Kepler-271 c,0.95,,0.9401088929219601,119.631,5555.0,0.0,850.0,0.0,0.0,0.0,3.3762732358389886,0.0,0.65628415,0.9883500536067944,0.027738555581744578
HD 108874 b,13.6,,0.17894736842105263,0.923,5600.0,0.13,271.33,0.38934246897255936,0.4380092491258431,0.08104931345832879,1885.5178600769432,0.9999998694863438,0.9058884,0.9322796429928347,0.027725740505785093
GJ 3293 d,2.67,,0.397459165154265,0.59,3466.0,0.12,241.22,0.5308376939327513,0.4296041409932592,0.024042314473469984,31.689465156488115,0.9832441011844728,1.1093407,0.8858994107494247,0.027698598222372917
Kepler-1130 b,0.8,,0.8511796733212342,162.65,5403.0,0.0,904.0,0.0,0.0,0.0,1.8254914959980884,0.0,0.7602691,0.96287769435743,0.027681112646090453
Kepler-289 c,11.23,157.18,0.11978221415607987,4.882,5990.0,0.0,394.0,0.0,0.0,0.0,710.5918379807415,3.724942569335822e-15,0.7605091,0.9627016946982531,0.027678090557725042
Kepler-1890 b,0.86867375,,0.8929219600725953,493.0,6046.0,0.0,1328.0,0.0,0.0,0.0,2.4517275497525994,0.0,0.87976533,0.9355924839437554,0.027664083469290328
HD 13808 c,3.13,,0.32304900181488205,5.6365,5035.0,0.156,424.57,0.4184910182298257,0.1476092747470663,0.06595608270554687,41.494451234167705,1.0513693121029065e-23,0.20267121,1.0854903245051177,0.02764454157258241
HATS-34 b,16.02887,299.07803,0.07259528130671507,691.8428,5380.0,0.108,1445.0,0.10345930993275464,0.0005718373822392285,0.07517230325370182,1252.2923329726805,0.0,1.2079303,0.8615840219091402,0.027640076377293727
HD 154345 b,13.7,376.944490702,0.14627949183303088,0.0349,5468.0,0.058,119.21,0.2521017033394378,0.02487862828778627,0.07752310733555101,1575.5556727976711,0.672231424091188,1.8829788,0.7109960269321718,0.02763137971584967
Kepler-186 f,1.17,,1.0653357531760437,0.3,3755.0,0.04,177.0,0.7182543234367079,0.36120983852708793,0.03176256878773023,7.147146709171989,0.927429800539753,1.5740986,0.7785940540510283,0.027603158562652094
OGLE-TR-211 b,15.244,327.351,0.07622504537205081,710.2804,6325.0,0.0,1686.0,0.0,0.0,0.0,1131.0534300982706,0.0,1.3160825,0.8358940175849486,0.027600132199655496
Kepler-372 c,2.09,,0.5480943738656987,91.881,6509.0,0.0,755.0,0.0,0.0,0.0,20.959591388792457,0.0,0.34436566,1.0521129927421076,0.027599116280040675
CoRoT-26 b,14.12,165.26,0.05081669691470055,1021.0065,5590.0,0.0,1600.0,0.0,0.0,0.0,599.237704837041,0.0,1.4790504,0.7987841211769394,0.027579408585400415
HD 103720 b,14.1,,0.07005444646098004,140.3478,5017.0,0.086,926.24,0.14929877965565802,0.0035089901527761104,0.06547523641607061,822.5866427091621,0.0,1.006775,0.9034287785969046,0.027568006721374518
HD 147513 b,13.7,,0.14936479128856625,0.5609,5883.0,0.26,244.43,0.3137447597625216,0.27021617231289663,0.08860928567609411,1608.786995921195,0.9999995081657959,1.3641587,0.822655116773795,0.02753752996943119
HAT-P-6 b,16.58932,419.5356,0.10127041742286752,1099.44,6570.0,0.0,1675.0,0.0,0.0,0.0,1936.6759661800888,0.0,1.3588723,0.8235167212997188,0.027529766283831688
WASP-147 b,12.498035,87.40325,0.04773139745916516,639.4923,5702.0,0.0,1404.0,0.0,0.0,0.0,390.31745070253663,0.0,1.3936558,0.8150014546131288,0.027510683652711226
TOI-5340 b,15.07607904,270.15414595,0.0780399274047187,1004.0,5990.0,0.13,1566.0,0.0956685971990776,0.0003741927397071341,0.091467649730161,1120.1358138742366,0.0,1.2437723,0.8458156015203872,0.02744798704867568
Kepler-1517 b,9.76,,0.0736842105263158,1526.983,7010.0,0.0,2336.0,0.0,0.0,0.0,286.9541414290416,0.0,1.4794502,0.793294467027624,0.02744626356952147
Kepler-342 c,1.96,,0.5952813067150635,77.29,6175.0,0.0,754.0,0.0,0.0,0.0,18.77496206720648,0.0,0.2752788,1.0603067059299498,0.027422058703417813
K2-10 b,3.773,25.2,0.4283121597096189,42.1,5533.0,0.31,649.0,0.25904135896475544,0.016667906362112114,0.07925949671420077,96.3628040564502,0.0,0.46690685,1.017104609922419,0.027408391679801466
HD 12661 c,13.2,899.45439181,0.39019963702359345,0.1459,5748.0,0.031,174.06,0.4261899718020118,0.1429579922657076,0.08500293850508049,3759.215857332597,0.8465150994200079,1.2335837,0.8456282487882033,0.027387466007202262
HD 224693 b,14.0,,0.0809437386569873,111.6692,5894.0,0.104,903.45,0.15756328530786567,0.004546908412317902,0.08890313618632385,930.3705959314881,0.0,0.91531056,0.9146632905636907,0.027343135459837957
Kepler-1391 b,1.68,,0.7277676950998185,33.335,5840.0,0.0,513.0,0.0,0.0,0.0,14.45470484972229,0.0,0.29913542,1.051287025542466,0.02733058798238366
WASP-74 b,15.24424,228.8376,0.06709618874773139,531.159,5990.0,0.0,1865.0,0.0,0.0,0.0,995.6433413668452,0.0,1.2821733,0.8322379375498639,0.027323947790182622
HD 10442 b,13.6,,0.1869328493647913,0.5054,4912.0,0.132,234.49,0.3592073513005314,0.29262578939708833,0.06267029972750278,1969.658616510397,0.9999999096228023,1.0608164,0.8799997861631826,0.027286914222086827
NGTS-18 b,13.56286665,129.991818463,0.05081669691470055,845.0,5610.0,0.0,1381.0,0.0,0.0,0.0,531.0672464823991,0.0,1.4253099,0.7984986837045354,0.0272775125444582
Kepler-31 c,5.3,1493.7,0.132486388384755,35.254,6340.0,0.0,615.0,0.0,0.0,0.0,82.62043540873465,0.0,0.42796963,1.020051992475015,0.027267417005668877
Kepler-1611 b,0.81,,0.8584392014519058,146.22,5605.0,0.0,1243.0,0.0,0.0,0.0,1.9109670898728701,0.0,0.75148326,0.9476159730066823,0.027256655066705347
TOI-2346 b,16.11851425,394.10722468,0.09437386569872959,1360.0,6480.0,0.086,1689.0,0.09808512565658072,0.0002936113486027912,0.10455735427682619,1655.4473640357962,0.0,1.3296536,0.818084869037451,0.02723553840418571
Kepler-1952 b,1.23923346,,1.0852994555353903,65.27,5973.0,0.0,725.0,0.0,0.0,0.0,8.651623024562578,0.0,0.5711818,0.9866198795698283,0.02722896824685464
K2-32 d,3.484,6.7,0.15789473684210528,14.8,5271.0,0.05,550.0,0.37440126569903015,0.059509972915461194,0.07226051183414078,27.969886373777037,2.3095948143880177e-285,0.20120108,1.0689518540741623,0.027228746942575165
TRAPPIST-1 g,1.129,1.321,0.9176018148820326,0.252,2566.0,0.00208,197.3,0.5477511434641025,0.2462276650204884,0.0,5.531267969501794,0.8770057653932912,2.4455707,0.5689338267438515,0.027215854822172425
Kepler-643 b,10.16,321.0083,0.30490018148820325,211.711,4908.0,0.37,963.0,0.1442585563767288,0.0023143412066847966,0.0625634449965147,1339.4528049123767,0.0,1.0756407,0.873486886239788,0.02720768611249831
HATS-40 b,17.71022,505.3497,0.08892921960072596,3163.3762,6460.0,0.312,2101.0,0.0638208129638657,8.880334555502835e-05,0.10402308062186043,2069.211859370376,0.0,2.0590978,0.6545338811343389,0.02720571470137624
HAT-P-11 b,4.36,25.0,0.21270417422867513,100.77,4653.0,0.251,838.0,0.1956015771958823,0.00577510915092431,0.055751455895697216,73.84550927348359,0.0,0.44392243,1.0130090677165302,0.027181313914615684
K2-79 b,4.15,5.9,0.08655680580762251,180.0,5897.0,0.032,1033.0,0.2154389498781063,0.003676713852177456,0.08898327723456946,25.9139800922104,0.0,0.5300613,0.9925095963046037,0.02714855325084462
HD 187123 b,14.2,,0.05789473684210527,738.4255,5790.0,0.0103,1450.9,0.12431406346465759,0.0006377972361405529,0.08612491318049992,694.3728421405608,0.0,1.3412606,0.810588621477891,0.02711441474256116
CoRoT-1 b,16.7,327.35,0.06896551724137931,2852.63,5950.0,0.0,1898.0,0.0,0.0,0.0,1345.4576133486232,0.0,1.6062673,0.7515074680927892,0.027111884425096135
Kepler-141 b,0.69,,0.7803992740471869,228.663,4910.0,0.0,968.0,0.0,0.0,0.0,1.0738725426410054,0.0,0.9160779,0.9050772150300729,0.027111016775973776
TOI-2818 b,15.27784069,225.65816897,0.061705989110707814,598.0,5721.0,0.0,1376.0,0.0,0.0,0.0,921.7260436681246,0.0,1.3196944,0.8151038182014774,0.027107402071067706
TOI-3894 b,15.27784069,260.61929374,0.07259528130671507,546.903,6000.0,0.05,1531.0,0.1244296066648025,0.0008485164291448884,0.09173478655764293,1084.383580786029,0.0,1.1932352,0.8413695892916594,0.027061094885795348
Kepler-46 b,9.057,1907.0,2.540834845735027,10.9,5155.0,0.01,543.0,0.421697854353877,0.0941723350884752,0.069161724635354,7907.116714974497,2.5011305087932876e-138,0.8899744,0.9087410172919734,0.02705811967386512
HIP 10090 c,13.9,270.15414595,0.10036297640653359,1.9857,5661.0,0.188,338.35,0.3052191409257861,0.24555073108900613,0.08267884810597105,1129.0327572098888,0.9999935124372277,1.0952886,0.8618397406493246,0.02702834758586173
tau Boo b,12.8,1891.0,0.8983666061705989,1333.7826,6466.27,0.011,1682.02,0.17279783032651624,0.0005293217045995876,0.10419057541271133,7891.728183296469,0.0,0.95692146,0.892062806934706,0.027014265384881057
Kepler-443 b,2.33,,0.4754990925589837,0.86,4723.0,0.11,233.0,0.6106126934378148,0.5939720188905925,0.05762141368807971,25.19451861657391,0.9791717623373939,0.5458411,0.9815564302407703,0.026965100422017666
WASP-52 b,14.24,146.2,0.05263157894736842,605.7625,5000.0,0.0,1315.0,0.0,0.0,0.0,636.5975696175011,0.0,1.404602,0.7895317834940615,0.026942830458834506
HD 207832 b,14.2,,0.062068965517241385,2.2605,5726.0,0.197,340.28,0.2712262246477529,0.2003195654468782,0.08441523748460644,744.4373417306325,0.762219653637005,1.393545,0.7909028186501976,0.02691596422910557
HIP 65 A b,22.75427,1021.18779,0.08711433756805807,661.0,4590.0,0.0,1411.0,0.0,0.0,0.0,4298.995287601452,0.0,1.506684,0.7650003632999666,0.026898143751157417
HAT-P-24 b,14.5717,238.3725,0.07985480943738657,1294.929,6373.0,0.07,1637.0,0.10143930582242158,0.0003141705450761593,0.1016989902227573,1034.9523412997355,0.0,1.316458,0.8068513424715331,0.02688619396380901
TOI-2010 b,11.81426566,408.727331402,0.24682395644283125,4.09,5929.0,0.212,400.2,0.32271605648630997,0.15896023544624396,0.08983811508252053,1704.8890280656058,2.581267741096626e-08,0.6775371,0.9488018592186447,0.026880169517041787
HD 190007 b,4.06,,0.23049001814882034,24.6845,4610.0,0.136,651.41,0.2951139630739411,0.030639478889234777,0.05460276753752034,64.6128402455152,0.0,0.19573815,1.0553261644323317,0.02686285474565818
HD 219139 b,14.0,,0.09001814882032669,70.5297,4831.0,0.11,804.83,0.17137766515907618,0.007546243842922255,0.06050649142488927,1034.6722322466774,0.0,0.8635246,0.9060179162655081,0.02684586327860133
Kepler-858 b,4.87,,0.18148820326678766,6.338,5653.0,0.0,399.0,0.0,0.0,0.0,87.80593950026588,2.027610461140374e-33,0.28616062,1.0324100172962174,0.02679401776494161
Kepler-1928 b,1.992,,0.5843920145190563,37.8,5720.0,0.43,621.0,0.2853215055166258,0.019455133662729128,0.08425495538813406,19.349105135517092,0.0,1.2056715,0.8261729951731638,0.026754683377394506
TOI-2842 b,12.84549188,117.59651059,0.05517241379310345,781.8,5910.0,0.0,1471.0,0.0,0.0,0.0,489.8496599237387,0.0,1.3536143,0.7927698109370025,0.02674290330123033
TOI-2031 A b,14.20177855,254.2627256,0.08892921960072596,567.0,6490.0,0.076,1358.0,0.12075872404348949,0.0007961121950211315,0.10482449110430793,1066.992334965648,0.0,1.1489055,0.8375950562185931,0.02672481585542664
Kepler-1472 b,1.9,,0.6206896551724138,57.079,6159.0,0.0,613.0,0.0,0.0,0.0,17.83297987114956,0.0,0.2813882,1.0304242244936626,0.026718876401455562
TOI-3235 b,11.39953337,211.355890655,0.1415607985480944,13.8883,3388.8,0.029,604.0,0.31088114815055673,0.057749358690586075,0.021980018165300052,878.4010289603417,3.031981237208282e-246,1.1602981,0.8342897439232809,0.026705836928378163
CoRoT-12 b,16.14,291.438,0.07459165154264973,661.1334,5675.0,0.07,1442.0,0.11331225461768442,0.0006523801109660403,0.08305283966444828,1313.6795021052349,0.0,1.1912946,0.8269949166957828,0.026696063927292065
Kepler-444 b,0.403,,0.5698729582577133,225.735,5046.0,0.16,938.0,0.23033839831875705,0.0031698214576126515,0.06624993321578261,0.15623624659217672,0.0,1.3344207,0.7948327844961643,0.02668845271285464
HD 5608 b,13.7,,0.14392014519056262,4.4568,4807.0,0.11,403.72,0.31300315896274006,0.14617579124078317,0.05986536303893152,1550.1434845267408,3.2705900463185104e-11,0.77163136,0.918989135035593,0.026661455110152717
WASP-185 b,14.01125,311.4734,0.11978221415607987,662.3252,5900.0,0.24,1160.0,0.10204530143265225,0.0005834665823083481,0.08906341828281777,1380.1032942201045,0.0,1.1044105,0.8436110626154788,0.02662899916226761
WASP-160 B b,12.21781,88.35674,0.05154264972776769,210.575,5298.0,0.0,1119.0,0.0,0.0,0.0,393.76349562492203,0.0,1.1934047,0.823741818484333,0.026627441945208084
Kepler-82 f,4.84,20.9,0.18330308529945555,5.6657,5401.0,0.0014,423.57,0.34316040009464277,0.12313747022125787,0.07573329059141942,87.0551502010471,4.513634029145884e-24,0.28390914,1.026023252928532,0.02662420943055895
Kepler-262 c,1.64,,0.7531760435571688,25.26,5841.0,0.0,618.0,0.0,0.0,0.0,13.916071494991721,0.0,0.32214355,1.0160948174129818,0.026589221845480467
HAT-P-31 b,12.21781,721.4741,0.39564428312159716,746.9025,6065.0,0.25,1450.0,0.12289578308284832,0.0006317695394113767,0.09347117593629548,3022.550776275811,0.0,0.8354499,0.9014446602971826,0.026579079309161723
Kepler-1308 b,0.52,,0.662431941923775,58.108,3468.0,0.0,662.0,0.0,0.0,0.0,0.39015745151874914,0.0,1.59767,0.7310143353769091,0.02655948887899134
Kepler-1515 b,9.55,,0.07586206896551724,6.017,6511.0,0.0,380.0,0.0,0.0,0.0,276.77279976135065,9.287907453196374e-29,1.030643,0.8570062690587068,0.02655449405359598
TOI-4379 b,16.69017226,353.743016991,0.07586206896551724,2886.0903,6020.0,0.018,1869.38,0.1008129574804776,0.0001511905814365721,0.09226906021261021,1477.392021909297,0.0,1.5395889,0.7436613461684254,0.026552605496987652
Kepler-1086 c,2.94,,0.35208711433756806,0.519,4350.0,0.0,211.0,0.0,0.0,0.0,37.478373211900745,0.9859267480524068,0.7578484,0.9149963487489465,0.026487396220811452
HD 34445 b,13.9,,0.09673321234119783,0.4691,5879.0,0.27,231.47,0.2808189321968174,0.21612908329987068,0.08850243094509753,1088.1997460992238,0.9999918134789789,1.6351217,0.7183757208618393,0.02645339189942428
Kepler-1636 b,3.23,,0.3103448275862069,1.217,5797.0,0.0,248.0,0.0,0.0,0.0,43.80671505347891,0.9879689107023272,0.4251349,0.9872785202162949,0.02644388830847804
TOI-4153 b,16.11851425,365.50266805,0.08656987295825772,1212.0072,6860.0,0.039,1669.0,0.11097317787530869,0.00036940021423817037,0.11470855372117635,1518.5546012405284,0.0,1.5121398,0.7442158992817454,0.026415671975576198
HD 96063 b,13.7,,0.15662431941923777,10.3076,5020.0,0.17,500.75,0.25527737545984436,0.06113973130293815,0.06555537746431891,1686.978344447134,1.2780554957016632e-120,0.69116944,0.9262141794570389,0.026398104734476305
K2-7 b,4.03523305,,0.23230490018148822,125.0,5700.0,0.24,786.0,0.1983717652636968,0.00476448411653656,0.08372068173316265,63.93708702221856,0.0,0.32019848,1.008005486907366,0.026379120732095435
NGTS-23 b,14.20177855,194.828813491,0.06787658802177858,815.7013,6057.0,0.0,1327.0,0.0,0.0,0.0,814.3982311778618,0.0,1.3023345,0.7883083976459726,0.02635155738020532
TOI-5573 b,9.75,112.0,0.11996370235934666,12.92,3790.0,0.072,528.0,0.27958368022183944,0.054224515780740855,0.03269754768391582,465.7494138789006,7.042567020539313e-208,0.9143492,0.8737862060361364,0.026330104472398124
Kepler-1583 b,0.6,,0.7205081669691471,124.307,5645.0,0.0,788.0,0.0,0.0,0.0,0.6519004312900953,0.0,0.9371842,0.8682829281615503,0.026319719284916325
HAT-P-19 b,11.29865255,88.038468739,0.06079854809437387,154.0,4962.0,0.07,981.2,0.15364349521300663,0.0032556829305341807,0.0640059838649137,367.3345501897418,0.0,0.99060726,0.8562225355494993,0.02631550740708403
TOI-1710 b,5.06,19.1,0.14519056261343014,33.0,5775.0,0.05,602.99,0.300844020137508,0.024228039531529178,0.08572420793928066,78.791351138959,0.0,0.23322618,1.0238220188440166,0.02629185864467835
WASP-35 b,14.5717,225.6593,0.06860254083484574,758.1026,5990.0,0.0,1338.29,0.0,0.0,0.0,889.1181477529547,0.0,1.288317,0.7888173952974326,0.02628719492309556
HD 147873 c,13.3,,0.3103448275862069,3.2385,5972.0,0.23,373.68,0.33409465815226963,0.1969915640421996,0.09098680344069873,3058.3560479021503,0.002164579849880438,0.7930901,0.8972325025075385,0.02624281936870753
Kepler-404 c,1.72,,0.7078039927404719,33.153,5654.0,0.0,678.0,0.0,0.0,0.0,15.086446541898932,0.0,0.26662895,1.0133362254540057,0.02621662046517704
Kepler-544 b,2.12,,0.5372050816696915,126.031,6206.0,0.0,748.0,0.0,0.0,0.0,21.440568881959855,0.0,0.26902038,1.0127694312530642,0.026215768152603725
gam Psc b,13.6,,0.16878402903811254,33.5227,4742.0,0.204,666.07,0.19908103019799295,0.017189585214584146,0.058128973660294014,1778.429624616184,0.0,0.71963173,0.9111302888885209,0.02618240093547068
Kepler-1349 b,0.7,,0.7876588021778584,1862.33,6086.0,0.0,1668.0,0.0,0.0,0.0,1.131672754019803,0.0,1.2227327,0.7988495904547197,0.026174679898935557
WASP-49 b,12.44199,117.5971,0.052268602540834846,615.4709,5600.0,0.0,1400.0,0.0,0.0,0.0,421.6955732811483,0.0,1.3106292,0.7790366288732653,0.026168487836976565
TRAPPIST-1 f,1.045,1.039,0.9115978221415607,0.373,2566.0,0.01007,217.7,0.7482264105965557,0.44112737146363756,0.0,4.357533751040198,0.8897183393112479,2.3786864,0.5411897187078152,0.026164895421768322
Kepler-50 c,2.17,8.2,1.6786230490018148,388.444,6225.0,0.0,1125.0,0.0,0.0,0.0,71.8490438331783,0.0,0.7131748,0.9116657088535461,0.02616017354510842
Kepler-41 b,14.46,177.98,0.059891107078039935,2036.749,5750.0,0.0,1790.0,0.0,0.0,0.0,758.5004262907848,0.0,1.5113437,0.7327308936944947,0.026128160387157873
WASP-48 b,16.8135,254.264,0.07531760435571688,3410.2601,5920.0,0.0,2035.0,0.0,0.0,0.0,1499.5449611380627,0.0,1.5907099,0.7148457308352962,0.026122690910477756
TOI-4145 A b,13.30506009,136.66621501,0.058076225045372055,223.0,5281.0,0.0,1074.0,0.0,0.0,0.0,572.9774228313983,0.0,1.1602894,0.8102589695487734,0.02611335070974655
HD 188015 b,13.6,,0.18874773139745918,0.7914,5746.0,0.137,267.98,0.3838128605672461,0.4001410571696807,0.0849495111395799,1988.7815156998186,0.9999999167728402,0.9396695,0.8577576891773525,0.026073873006045297
Kepler-1424 b,1.16,,1.0544464609800364,58.6,5838.0,0.0,629.0,0.0,0.0,0.0,6.894251313357239,0.0,0.57481486,0.9388212454644628,0.0260705063227297
TOI-3135 b,13.65253849,327.36325921,0.12704174228675136,464.0,5890.0,0.24,1292.0,0.11126855876807037,0.00087963561429765,0.08879628145533507,1354.1765198086928,0.0,1.0161043,0.8391467531927024,0.02603442779212388
GJ 682 b,1.93,,0.6098003629764065,0.3125,3028.0,0.08,281.93,0.5667913091145789,0.30241278807446936,0.012341721429715664,18.363193681546907,0.9669535438823785,1.6450341,0.6989221628713834,0.026028183269653747
K2-14 b,4.81,,0.18511796733212343,8.0,3789.0,0.14,488.0,0.3320189918951628,0.09154826960529987,0.032670834001168596,86.29237285794,2.878601134208682e-63,0.6372687,0.9225569596399883,0.026012204079537422
Kepler-1243 b,1.75,,0.6896551724137931,36.162,5667.0,0.0,690.0,0.0,0.0,0.0,15.482274140535905,0.0,0.25496748,1.007319844964334,0.026004313366067247
TRAPPIST-1 d,0.788,0.388,0.7925197822141561,1.115,2566.0,0.00837,286.2,0.787407575820232,0.7773021363546581,0.0,1.6243416239150013,0.7738959149707664,2.2907805,0.5530596758207726,0.02597521424848997
HD 99492 b,5.44,,0.15789473684210528,23.2671,4929.0,0.034,622.27,0.33523462323638,0.03718300704467023,0.0631244323342245,106.47630268669802,0.0,0.25234452,1.0054276536131355,0.025943273161072866
alf Ari b,13.4,,0.23774954627949185,59.6537,4553.0,0.25,747.22,0.18098941259074902,0.009364876948241039,0.05308008762086802,2396.197999207901,0.0,0.7881182,0.8857971457769718,0.02593362032350707
HD 238090 b,2.52,,0.4301270417422868,8.1,3933.0,0.3,469.6,0.36430345514671686,0.09599289085387727,0.036517604316925655,28.832810577734715,2.2469740207386276e-65,0.8790838,0.8650226532376286,0.025920562560593472
Kepler-272 c,1.79,97.8,17.005444646098006,310.76,5297.0,0.0,947.0,0.0,0.0,0.0,408.5410439091947,0.0,2.8201957,0.4329805458260133,0.025919613685851488
HD 9174 b,13.7,,0.1368421052631579,0.4979,5577.0,0.12,234.3,0.34965086073655,0.28023720764384463,0.08043489875511589,1473.9069197139504,0.9999990517402108,1.1254894,0.8098768268470589,0.025912991260595156
HATS-3 b,15.48,340.382,0.09255898366606172,1212.0044,6351.0,0.0,1648.0,0.0,0.0,0.0,1438.2025537981037,0.0,1.3070701,0.7689429619497647,0.025900117317298063
Proxima Cen d,0.692,,0.7822141560798548,1.814,2900.0,0.0,282.0,0.0,0.0,0.0,1.085756814976444,0.7254078780034994,2.0372262,0.6062993015114487,0.025896567763280157
Kepler-341 d,1.85,,0.6424682395644283,45.423,6012.0,0.0,622.0,0.0,0.0,0.0,17.039445495925126,0.0,0.26480216,0.9993134530191181,0.025860889238041536
HIP 38594 b,2.77,,0.3793103448275862,1.3216,4086.3,0.17,308.29,0.5178905794460813,0.478480726866654,0.04061281188223871,33.76934241377408,0.9842932481919737,0.6881908,0.9046592542276761,0.02585036110213335
HD 21693 c,4.34,,0.21234119782214156,9.2712,5430.0,0.07,492.36,0.39434215290995134,0.09464456745515043,0.07650798739112114,72.70965111069978,1.4185540089873658e-92,0.14115739,1.0258976096116035,0.025837873576696677
TOI-6420 b,11.93756445,2606.1929374,1.5245009074410165,106.619,6020.0,0.078,1213.0,0.2393942535254331,0.0072862097413527475,0.09226906021263077,10863.342806789753,0.0,0.6951834,0.9015549629471978,0.025812196269644587
TOI-3856 b,13.59649359,171.62733978,0.06733212341197822,949.0,5622.0,0.083,1544.0,0.10375799549983622,0.00042284324838525746,0.08163701447878821,708.9109537277058,0.0,1.197893,0.789336967270771,0.025803873668140485
NGTS-24 b,13.60770257,165.27077164,0.06533575317604355,391.83,5820.0,0.0,1499.0,0.0,0.0,0.0,689.594732738993,0.0,1.1686774,0.7952749870896444,0.025789968278656553
WASP-126 b,10.51358773,90.3,0.07441016333938294,759.3374,5800.0,0.18,1480.0,0.10141220853215593,0.0004968644060644286,0.08639205000798486,362.2210591759747,0.0,1.0702075,0.8168707194104371,0.025782098103998157
Kepler-795 b,1.68,,0.7277676950998185,28.9,5631.0,0.0,580.0,0.0,0.0,0.0,14.45470484972229,0.0,0.28227144,0.9905119107747685,0.025739750913985397
HD 118203 b,12.778238,680.15279098,0.32486388384754994,593.4,5742.0,0.3136,1361.0,0.1192793474505606,0.0007569793392459847,0.08484265640859437,2839.245589303618,0.0,1.0132705,0.8265255507144192,0.0257077246340793
WASP-69 b,11.21,82.58,0.052813067150635204,180.5564,4792.0,0.0,971.0,0.0,0.0,0.0,311.63543734808087,0.0,1.1779436,0.7895971785402268,0.02570083179842052
TOI-2714 b,13.72,228.0,0.08892921960072596,945.55,5665.0,0.164,1603.0,0.09698673841285194,0.00039820019530621866,0.08278570283696687,962.0450837303031,0.0,1.1032221,0.8058944088832758,0.025692637688739608
TOI-5344 b,10.60369574,130.945303684,0.10961887477313975,38.0,3747.0,0.054,689.0,0.2303898074505822,0.017492332400756243,0.03154885932573913,547.451590879318,0.0,0.979298,0.8327380027948247,0.02567448506546968
TOI-5153 b,11.88151954,1036.12060682,0.6152450090744103,49.5559,6300.0,0.091,906.0,0.2682259557391674,0.016317546622475882,0.09974889138214663,4322.675836213756,0.0,0.4482057,0.9508531046973037,0.025672463388039617
WASP-116 b,13.67495645,203.41018048,0.0780399274047187,663.0,6250.0,0.0,1414.0,0.0,0.0,0.0,835.9558124947193,0.0,1.2060044,0.7816763124442196,0.025659517627712954
XO-2 S c,13.6,,0.17386569872958257,3.3572,5325.0,0.149,376.79,0.32455751693507423,0.1859752064698895,0.0737030507025486,1831.9737423465635,0.0006311496719022342,0.7169239,0.8892268973847474,0.025627552139807504
HD 185269 b,13.8,,0.12177858439201453,832.9821,5923.0,0.229,1455.61,0.09886720041915048,0.00045794014363267937,0.0896778329860288,1340.5925136969581,0.0,1.0951229,0.8042685089985572,0.025608115778219365
HD 163607 c,13.3,,0.2958257713248639,0.4605,5522.0,0.08,228.5,0.4233191081846357,0.32549699041343233,0.07896564620396478,2915.2750632049733,0.9999999982039907,0.9165681,0.8438128983379298,0.0256033367375548
Kepler-126 d,2.5,,3.3391793103448277,14.714,6239.0,0.02,475.0,0.49372360825006545,0.07773918903674785,0.09811935673451262,218.54877479996549,1.55771983076331e-281,1.0117648,0.822609326058353,0.025602915340394355
TOI-2567 b,10.92875618,63.883509807,0.04882032667876589,558.0,5611.0,0.0,1352.0,0.0,0.0,0.0,266.9325291723696,0.0,1.2824177,0.7622329405626923,0.02559943181513174
HD 20781 e,3.83,,0.2486388384754991,4.3043,5256.0,0.06,398.38,0.4811827793582978,0.21032467821380396,0.07185980659291848,58.5132067140221,5.917114211158073e-10,0.18924133,1.0051060717776958,0.02558911580123848
HD 82943 b,13.5,534.25,0.2159709618874773,1.117,5935.0,0.162,286.13,0.3856975835199603,0.4282307242078144,0.08999839717900852,2225.7955885881242,0.9999999710863154,0.88782084,0.8492892689533478,0.025580619674776914
WASP-194 b,15.47960235,373.130549818,0.09981851179673322,1365.0,6405.0,0.0,1693.0,0.0,0.0,0.0,1550.883230762258,0.0,1.3042139,0.7560286835382524,0.02556606592563062
Kepler-422 b,12.89,136.66,0.06896551724137931,264.983,5972.0,0.0,1028.0,0.0,0.0,0.0,618.6989217250097,0.0,1.0841372,0.8040440211232412,0.02554230574082676
Kepler-91 b,15.322703,257.4423,0.07259528130671507,3273.324,4550.0,0.0519,2040.0,0.08464849798813726,0.00011299581635550361,0.052999946572619215,1093.964308419341,0.0,1.5759047,0.6923106063891905,0.025485893129813014
HAT-P-13 b,14.258,270.462,0.06185716878402904,1978.5245,5653.0,0.0133,1740.0,0.1062351202174827,0.00022154885354131365,0.08246513864398503,751.0251467019713,0.0,1.4505002,0.7193184473800681,0.025463668146233742
TOI-4588 b,2.92922558,,0.35390199637023595,2310.43,7746.12,0.0,1768.0,0.0,0.0,0.0,37.25890402506416,0.0,1.2896926,0.7546005372196669,0.025451183641655186
Kepler-204 c,1.79,,0.6715063520871144,36.886,5812.0,0.0,683.0,0.0,0.0,0.0,16.13235712341537,0.0,0.25539345,0.9844152323699535,0.0254419754420591
WASP-94 B b,14.1,,0.06987295825771325,2000.0146,6040.0,0.0,1848.91,0.0,0.0,0.0,820.455589230641,0.0,1.4316993,0.7226117123297698,0.02544170249227084
TOI-1181 b,17.02644168,374.719691853,0.08892921960072596,14140.0,6054.0,0.011,1942.12,0.07239146974609502,2.5427803367920672e-05,0.09317732542605453,1838.6741737625089,0.0,1.8832948,0.6217107356740946,0.025431933678877083
K2-419 A b,10.55,196.0,0.1662431941923775,3.3,3711.0,0.042,377.0,0.39983483964097954,0.22994937405572471,0.030587166746801075,817.6922150642274,0.0011592190707693556,1.0044241,0.8172696605976026,0.02543099833945342
Kepler-370 c,1.91,,0.617059891107078,54.197,5852.0,0.0,647.0,0.0,0.0,0.0,18.01009606102568,0.0,0.22534466,0.9902370888065083,0.025420634491739962
WASP-7 b,14.90797,305.1168,0.09981851179673322,612.686,6400.0,0.034,1487.0,0.13598087418775406,0.0008392741525667327,0.1024202596569627,1385.336351489751,0.0,1.117757,0.7899518401297257,0.02537934842773038
TOI-5916 b,11.35469745,226.611654191,0.1560798548094374,51.7,3613.0,0.09,683.0,0.2090811537902405,0.012183080166984163,0.027969225837468487,957.1106792452331,0.0,0.93826294,0.8297952717673426,0.025376789234757786
TOI-3523 A b,15.9727975,435.42491759,0.10653357531760435,2590.0,6450.0,0.047,1984.0,0.0972053207414694,0.00016144484379018245,0.10375594379437897,1818.5199468850642,0.0,1.3856657,0.7301352906596598,0.02537461003526008
Kepler-390 b,0.82,,0.8620689655172414,99.972,5166.0,0.0,786.0,0.0,0.0,0.0,1.9910042048557433,0.0,0.72992855,0.8759768739336001,0.025372247924526626
WASP-58 b,16.02887,308.2951,0.08166969147005446,404.7112,5800.0,0.0,1270.0,0.0,0.0,0.0,1408.8288745942657,0.0,1.1348498,0.7847311901185563,0.02534442571381528
HATS-60 b,12.923977,210.40346,0.09745916515426498,903.9,5688.0,0.191,1528.0,0.09790606748839831,0.00041733023487156343,0.08340011754017823,881.2514113355613,0.0,1.0613266,0.7985616695571092,0.025281992174782792
HD 169830 b,13.2,,0.3484573502722323,7.8465,6300.0,0.294,345.0,0.27906929769201205,0.08405414199825195,0.09974889138214083,3357.0671842225984,4.173923911306083e-60,0.95493424,0.822043966210308,0.025277164017655847
BD+45 564 b,13.6,,0.17132486388384754,0.579,5004.0,0.12,238.82,0.3670798147979818,0.3236777328255793,0.06512795854034541,1805.2016834813735,0.9999998132090895,1.0323833,0.804547699541698,0.02527076423738778
51 Peg b,14.1,193.87532827,0.06896551724137931,506.1775,5761.0,0.0063,1328.93,0.12981496300391818,0.0009423957560712696,0.08535021638080063,809.8003218380352,0.0,1.1706626,0.7737541635499595,0.025270300498390175
TOI-778 b,15.4,878.0,0.23593466424682397,734.672,6643.0,0.21,1561.0,0.11165053645551569,0.0005920195365349154,0.10891168456480585,3609.4624263234396,0.0,1.0784303,0.7941029761626476,0.025265913836929412
TOI-2443 b,2.363,4.8,0.3629764065335753,13.2931,4375.0,0.301,519.0,0.3317064626586106,0.05726069155480886,0.04832505209167246,20.061258358669736,2.723634123164167e-222,0.6892206,0.8799741388327689,0.025247440794068838
Kepler-1580 b,2.11,,0.5408348457350273,83.088,6228.0,0.0,733.0,0.0,0.0,0.0,21.281421841846257,0.0,0.25659657,0.9761009364910311,0.025243601538260847
TOI-1899 b,11.09689089,212.94503269,0.1542649727767695,3.4,3926.0,0.044,378.0,0.38931624614554905,0.21946275697719675,0.03633060853768437,882.9983331478975,0.00039366613094242404,0.9516605,0.820708557006242,0.0252262797748943
HIP 54373 c,3.57,,0.2722323049001815,6.1142,4021.0,0.2,463.2,0.367027127589184,0.12323869214571956,0.038868408398774326,51.88393634567314,3.899694055930716e-30,0.55723375,0.9084786965141838,0.025225998644069804
DMPP-1 b,4.26,,0.2159709618874773,103.0711,6196.0,0.2,877.0,0.20765405595584757,0.005969783885022288,0.096970668376316,69.93792920995679,0.0,0.30854645,0.9625925417718723,0.025195608864196407
Kepler-238 e,5.6,169.7,0.09800362976406535,98.461,5800.0,0.0,731.0,0.0,0.0,0.0,72.0932910210588,0.0,0.48428464,0.9233163848548848,0.025191546128884874
Kepler-339 d,1.17,14.7,9.147005444646098,58.651,5631.0,0.0,796.0,0.0,0.0,0.0,61.365620807882145,0.0,2.1502497,0.5521235495602549,0.02518108341049579
TOI-2145 b,12.24020692,1805.26535176,0.9691470054446462,515.939,6206.0,0.214,1484.0,0.1516891116832718,0.0011031472706096255,0.09723780520381185,7444.654481849055,0.0,0.8607068,0.8386376866695443,0.025169255513028267
BD-10 3166 b,14.1,,0.06678765880217787,402.4216,5393.0,0.02,1240.38,0.14851290019214972,0.0013317315457629687,0.07551958112942875,784.2276800957816,0.0,1.1318228,0.7769479806505424,0.025135935371120882
Kepler-1375 b,1.74,,0.6969147005444646,2948.362,6704.0,0.0,1543.0,0.0,0.0,0.0,15.378570915853674,0.0,0.95043504,0.8160599508232506,0.025104952447947127
ups And b,14.0,,0.079491833030853,955.9835,6156.77,0.0215,1523.73,0.1282846821170135,0.0005222270053445441,0.09592269060209382,913.6823341210578,0.0,1.2166156,0.7561074563662823,0.025087380763096342
Kepler-747 b,5.27,,0.16424682395644286,10.19,5096.0,0.0,456.0,0.0,0.0,0.0,100.69720941906368,2.984604122777769e-117,0.29426342,0.9609108792582431,0.025075783322627363
Kepler-310 b,1.19,,1.0707803992740472,45.97,5797.0,0.0,665.0,0.0,0.0,0.0,7.55840060344374,0.0,0.55954677,0.9017133862118377,0.02507190208545517
K2-260 b,18.41635529,546.66486004,0.08711433756805807,2520.03,6860.0,0.053,2090.0,0.08948707436268509,0.0001540821179465975,0.11470855372117701,2279.2360336208267,0.0,1.732312,0.6405852299256406,0.025068852646681926
CoRoT-9 b,11.948794,266.9772,0.1560798548094374,3.444,5625.0,0.133,420.0,0.3335959271163414,0.18524980949188272,0.08171715552703593,1115.3410412846981,0.00023864186770584874,0.66310966,0.8782651708005057,0.025062045777183645
HD 95089 b,13.7,,0.15535390199637023,7.2989,4918.0,0.119,458.34,0.2884194864532381,0.09175823936058197,0.06283058182399275,1673.2948584550945,1.670803007851442e-49,0.6787509,0.8744907659125732,0.02505481292470625
WASP-21 b,11.99,95.345,0.058076225045372055,705.0438,5800.0,0.0,1333.0,0.0,0.0,0.0,419.3189967705062,0.0,1.2504692,0.7465966896655029,0.025038653951975125
Kepler-149 d,3.96,,0.23956442831215974,2.446,5381.0,0.0,306.0,0.0,0.0,0.0,62.315559607132,0.4476343541985052,0.31831318,0.9540190585774104,0.025037831167582538
Kepler-1306 b,1.91,,0.617059891107078,52.146,5727.0,0.0,678.0,0.0,0.0,0.0,18.01009606102568,0.0,0.21034649,0.9778636991515951,0.02503329844515908
Kepler-214 c,2.13,,0.5353901996370236,87.244,6169.0,0.0,619.0,0.0,0.0,0.0,21.67194234972401,0.0,0.24082884,0.970596549131105,0.02502138703627008
HD 134987 c,13.9,,0.09655172413793105,0.0535,5585.0,0.12,125.03,0.22499786552817275,0.032155345630641936,0.08064860821709856,1086.1580955436905,0.7035211891520818,1.9368703,0.5929097164261048,0.025015845858966816
OGLE-TR-10 b,14.011,197.046,0.07259528130671507,818.5035,5950.0,0.0,1702.0,0.0,0.0,0.0,836.3814671495835,0.0,1.2336175,0.7487717523736974,0.02499981619245674
NGTS-16 b,14.57167491,211.991547469,0.06896551724137931,480.0,5550.0,0.0,1177.0,0.0,0.0,0.0,893.8178595521282,0.0,1.1777997,0.7610835434308976,0.02499708631572946
Kepler-1396 b,2.07,,0.5553539019963702,71.816,6195.0,0.0,786.0,0.0,0.0,0.0,20.633337086744156,0.0,0.25285578,0.9663173713649141,0.02498187943038093
WASP-180 A b,13.89916,286.047,0.11070780399274048,918.3877,6600.0,0.0,1540.0,0.0,0.0,0.0,1245.181066531575,0.0,1.1840241,0.7590028049167831,0.02497994077175189
WASP-136 b,16.81347105,479.92089457,0.10590326678765881,1843.4633,6250.0,0.0,1630.0,0.0,0.0,0.0,2108.4830183404433,0.0,1.343219,0.7232071669899022,0.024970916573385023
HAT-P-12 b,10.749,67.059,0.05793103448275862,118.075,4650.0,0.0,963.0,0.0,0.0,0.0,301.37281992180755,0.0,1.0955093,0.7776301514753564,0.024953511127375438
gam Lib b,13.7,,0.13883847549909256,45.374,4879.0,0.16,720.78,0.1900011864886863,0.012485574841332616,0.06178874819680947,1495.4095405585836,0.0,0.6854509,0.8683531089203324,0.024940260377925537
Kepler-62 f,1.41,35.0,2.9807262832022547,0.5,4925.0,0.0,208.0,0.0,0.0,0.0,35.0,0.9980654584419072,1.563616,0.671238860971339,0.024898980310459253
K2-321 b,2.05124347,,0.5607985480943739,68.5516,3750.0,0.44,830.0,0.2389946611395233,0.009695764732985996,0.031629000373988345,20.27435863123256,0.0,1.6720203,0.6454883275665098,0.024858927368828054
Kepler-1647 b,11.8739,483.0,0.2885662431941924,0.5956,6210.0,0.0581,242.92,0.4676177545207749,0.41613453611657636,0.09734465993479106,2023.5516590080315,0.9999999786424383,0.8929733,0.818771749870513,0.024856530896974902
Kepler-1280 b,1.87,,0.6352087114337568,35.293,6227.0,0.0,757.0,0.0,0.0,0.0,17.39922380349986,0.0,0.30576572,0.9494349552834368,0.024855973322814494
Kepler-206 d,1.19,,1.0707803992740472,44.17,5764.0,0.0,681.0,0.0,0.0,0.0,7.55840060344374,0.0,0.5559858,0.8936669872231169,0.024853993535456354
Kepler-45 b,10.76,160.497,0.14519056261343014,68.37,3820.0,0.11,1000.0,0.19199539517001868,0.008635549511810335,0.03349895816636561,757.6415980421289,0.0,0.8417652,0.8296443819984971,0.024843613346453474
Kepler-1125 b,1.84,,0.6460980036297641,41.04,5683.0,0.0,778.0,0.0,0.0,0.0,16.859336442055245,0.0,0.22585699,0.9664069116577464,0.02483595212544519
Kepler-372 b,1.36,,0.9600725952813067,384.627,6509.0,0.0,1081.0,0.0,0.0,0.0,10.116013671203888,0.0,0.7323252,0.8535995518505957,0.024833721892183715
Kepler-123 b,2.94,55.3,2.177858439201452,138.807,6089.0,0.0,817.0,0.0,0.0,0.0,231.82498893959226,0.0,0.6844776,0.8639516550425493,0.024826409659138654
WASP-124 b,13.89916,190.698,0.0780399274047187,748.0,6050.0,0.017,1400.0,0.13811098919348655,0.00070275815776397,0.09307047069505835,877.7505878829136,0.0,1.1685654,0.7546018659253125,0.02478662554075701
K2-19 c,4.1,11.0,0.1591651542649728,51.0,5322.0,0.1,679.0,0.2577124077437491,0.013906490435483336,0.07362290965430446,45.95028125417071,0.0,0.16255859,0.9783112325068438,0.024782133014231662
Kepler-444 e,0.546,0.1,0.8711433756805808,81.344,5046.0,0.1,727.0,0.33568950547836685,0.011516964888896947,0.06624993321578443,0.5939586013997484,0.0,1.0146153,0.7872603066274232,0.024747083836829577
Kepler-274 c,1.84,,0.6460980036297641,36.518,6023.0,0.0,678.0,0.0,0.0,0.0,16.859336442055245,0.0,0.27050042,0.9522098384869868,0.02473089280010819
WASP-103 b,17.127,473.547,0.09981851179673322,6568.6932,6110.0,0.0,2508.0,0.0,0.0,0.0,2100.601122020577,0.0,1.639005,0.6471816535510526,0.024719527534846766
HATS-58 A b,12.273855,327.3649,0.17422867513611615,382.7103,7175.0,0.168,1721.0,0.1303270696369883,0.0012305731506545947,0.12312336378689476,1349.4326334003943,0.0,1.0942159,0.7682723067182818,0.024715712371492646
Kepler-1618 b,1.26,,1.0617059891107077,903.908,6620.0,0.0,1267.0,0.0,0.0,0.0,8.896199466231437,0.0,0.95574653,0.798744779009252,0.02470721820402731
TOI-519 b,11.54525012,147.154552441,0.1016333938294011,54.0,3322.0,0.33,687.0,0.1497220045824299,0.008382212076006049,0.020195544157713463,655.1414470188711,0.0,1.8469152,0.599999512701898,0.0246970748550414
Kepler-1370 b,1.84,,0.6460980036297641,132.587,6202.0,0.0,770.0,0.0,0.0,0.0,16.859336442055245,0.0,0.33762366,0.9357958871871113,0.0246945203237483
HATS-42 b,15.6926,597.5204,0.15063520871143377,1637.2058,6060.0,0.229,1856.0,0.08733963581847917,0.00022096441516033721,0.09333760752254712,2438.3711842150187,0.0,1.2290223,0.7367444719728179,0.024678090859751693
Kepler-1630 b,2.19,,0.515426497277677,0.26,4736.0,0.0,182.0,0.0,0.0,0.0,22.677109389951777,0.9458915841617972,0.8883085,0.8124738646813782,0.024675672884845436
TOI-5713 b,1.77,,0.6805807622504537,2.2554,3225.0,0.24,347.2,0.5069718441891561,0.33943323251824303,0.017604316931131073,15.808405857752895,0.7460946883698533,1.3770802,0.7030280310159291,0.024659219863204837
TOI-4794 b,14.35870428,308.29355479,0.10344827586206896,1310.0,6390.0,0.1,1673.0,0.10024750839156886,0.0003078914505313178,0.10215312282948065,1282.796067220235,0.0,1.1787701,0.7471282990809224,0.02465836737860345
Kepler-1038 b,3.53,,0.27586206896551724,1.512,5335.0,0.0,285.0,0.0,0.0,0.0,50.828198178141854,0.9897112529113465,0.37534437,0.9251493367713047,0.024639010163985606
KOI-1599.01,1.9,4.6,0.6696914700544465,44.8,5833.0,0.014,660.0,0.4658054041279298,0.027243089310705036,0.08727360153869258,19.240846703082422,0.0,0.2193381,0.959277852358557,0.024624429830562455
Kepler-32 b,2.2,1303.0,0.08348457350272233,22.025,3900.0,0.0,514.0,0.0,0.0,0.0,3.7235988250925827,0.0,0.9355689,0.79951345012936,0.024615459867592223
HD 47366 c,13.5,,0.1960072595281307,7.7091,4866.0,0.161,467.37,0.2820256860514331,0.08601175508924118,0.061441470321082665,2020.0497778782978,2.3918305478003472e-57,0.648353,0.8632334677217308,0.024610498246673992
Kepler-1823 b,2.0861268,,0.5499092558983666,78.0,6000.0,0.0,718.0,0.0,0.0,0.0,20.91229738226256,0.0,0.21217911,0.960068592837043,0.024604644875663034
Kepler-124 b,0.73,,0.8076225045372052,198.843,4984.0,0.0,892.0,0.0,0.0,0.0,1.3160294312113383,0.0,0.8587124,0.8156004263724761,0.024590367186570056
Kepler-215 c,1.77,,0.6805807622504537,57.694,5739.0,0.0,675.0,0.0,0.0,0.0,15.808405857752895,0.0,0.25508207,0.9492687532203169,0.02457378913697425
WASP-25 b,13.80946422,179.255221548,0.07244736842105264,341.0,5697.0,0.0,1217.0,0.0,0.0,0.0,799.1746720222338,0.0,1.0840168,0.764339116250182,0.024562787128308068
HD 141399 c,13.6,,0.16751361161524503,3.3493,5600.0,0.048,383.17,0.3913992950105769,0.2242009617747384,0.08104931345832908,1765.043595183589,0.0006875044992148215,0.69618535,0.8502374269986439,0.024552545249750972
HD 167768 b,13.9,,0.10036297640653359,2042.741,4851.0,0.149,1873.59,0.08489099992852522,0.00017349752874358344,0.06104076507985714,1129.0327572098888,0.0,1.2062038,0.7366981866548733,0.024551751147293535
HD 13908 b,13.9,,0.10199637023593468,168.6392,6255.0,0.02,993.25,0.19127544231291138,0.003810308885476011,0.09854677565845957,1147.407612209688,0.0,0.90511066,0.8033254313045918,0.024542321857839187
HD 220197 b,9.32,,0.07822141560798548,0.1332,5683.0,0.187,164.22,0.2548433167287026,0.07587271314123199,0.08326654912643003,265.254046381517,0.8276330081787354,1.6503296,0.6370470074208215,0.024531809761028547
TOI-954 b,9.550068,55.30242,0.06352087114337568,1393.0,5710.0,0.14,1526.0,0.09280434416925933,0.00025853179362864305,0.08398781856063767,231.75251006310984,0.0,1.161183,0.7453091331719501,0.024517023609491144
Kepler-20 f,0.952,1.4,1.5245009074410165,35.9,5495.0,0.094,681.0,0.41506914576070764,0.028750417386930963,0.07824437676977318,5.509689714456075,0.0,0.76901114,0.8323118144110406,0.024510193762259793
TOI-5789 c,2.86,5.0,0.21052631578947367,8.7194,5185.0,0.067,718.0,0.42580734305856494,0.10468029051645908,0.06996313511778894,20.62970886461944,3.505048671028373e-79,0.17266247,0.9648161390788885,0.024504871053259655
Kepler-223 c,3.44,5.1,0.12885662431941924,302.474,5803.0,0.15,947.0,0.16841670491018781,0.0017756893793324051,0.08647219105623326,21.97205547640665,0.0,0.39710328,0.9144347260727991,0.024494244241674505
HD 109271 b,4.31,,0.21415607985480944,320.4393,5783.0,0.25,1128.86,0.15957968114719173,0.0016306623080562077,0.0859379174012711,71.82089755185245,0.0,0.45012674,0.9013726747179246,0.02446314580236687
Kepler-340 b,2.53,,0.426497277676951,274.318,6620.0,0.0,1092.0,0.0,0.0,0.0,28.931199246336508,0.0,0.393279,0.9139782106057499,0.024462006915512438
Kepler-1076 b,0.8,,0.8511796733212342,83.18,4868.0,0.0,770.0,0.0,0.0,0.0,1.8254914959980884,0.0,0.7758726,0.8286728622595777,0.02445812830973604
TOI-2049 b,16.64533634,486.27746271,0.10490018148820326,2032.0,6164.0,0.054,1869.0,0.09934972659368893,0.00020641100360352816,0.09611583052836685,2026.4811764005956,0.0,1.2918047,0.7138456699483526,0.024458028243662448
Kepler-1907 b,0.86973029,,0.8929219600725953,75.0,5159.0,0.0,856.0,0.0,0.0,0.0,2.460684307315929,0.0,0.689577,0.8476643364077454,0.024452851736000876
HAT-P-4 b,14.28,213.255,0.07313974591651544,1438.0,5860.0,0.0,1686.0,0.0,0.0,0.0,892.1269908184012,0.0,1.3203931,0.7068575764654832,0.02444260504450882
Kepler-1619 b,0.76,,0.823956442831216,74.635,5852.0,0.0,797.0,0.0,0.0,0.0,1.515073284023748,0.0,0.77978075,0.825644251480552,0.02440490572580712
HAT-P-7 b,16.92559,584.8072,0.12921960072595282,4353.408,6389.0,0.0,2733.0,0.0,0.0,0.0,2624.5113391012014,0.0,1.4807976,0.6696010094388501,0.024404200211234735
XO-6 b,23.20263,1398.452,0.11252268602540835,580.386,6720.0,0.0,1577.0,0.0,0.0,0.0,5887.627753173441,0.0,1.5221843,0.6593268154900511,0.024377984002930928
Kepler-6 b,14.616536,212.31044,0.07259528130671507,792.218,5647.0,0.0,1460.0,0.0,0.0,0.0,949.5774297927442,0.0,1.2205212,0.7262176658951554,0.024371927024481727
HD 11506 c,14.0,,0.04627949183303086,3.6537,6123.0,0.228,374.44,0.23198267810806786,0.12324585753866911,0.09502056953567542,531.9383452074652,1.7747620965784172e-05,1.6598771,0.6283783039222868,0.02437048141404725
CoRoT-27 b,11.287,3302.11,2.2867513611615244,300.8697,5900.0,0.065,1500.0,0.19266562929416006,0.0022599047897669915,0.08906341828283841,13773.462492666966,0.0,0.94835794,0.7866010210522494,0.024367295001209443
Kepler-891 b,6.41,,0.12722323049001816,44.326,5887.0,0.0,486.0,0.0,0.0,0.0,140.3553970073897,0.0,0.38626534,0.9111032888500417,0.024352648491588195
TOI-238 c,2.18,6.7,0.33212341197822143,58.3,5059.0,0.36,696.0,0.24460195866532689,0.011349149429054257,0.06659721109150717,14.413106012209361,0.0,0.7874382,0.8213482504711191,0.02434100926515764
HD 285507 b,13.8,,0.11814882032667877,53.0123,4503.0,0.09,736.35,0.19609603037187945,0.011220250712174301,0.05174440348345017,1300.6344655986882,0.0,0.7847201,0.8215248385284967,0.024330449481233953
Kepler-1348 b,1.94,,0.604355716878403,49.665,5911.0,0.0,636.0,0.0,0.0,0.0,18.48359456430943,0.0,0.22376335,0.9461268127636259,0.024324492896366155
TRAPPIST-1 e,0.92,0.692,0.8895834845735028,0.646,2566.0,0.0051,249.7,0.7275304685658907,0.6017369271883305,0.0,2.9016084199810463,0.847036212035906,2.329867,0.4765033580264911,0.024302301379966775
HD 205739 b,13.6,,0.17259528130671506,2.8535,6176.0,0.27,362.84,0.29817767211314766,0.1911031927997214,0.09643639472134606,1818.5877129139685,0.05426644624791362,1.0993325,0.7500380033795799,0.02429424931224381
HAT-P-43 b,13.63,210.395,0.0707803992740472,521.877,5693.0,0.0,1353.0,0.0,0.0,0.0,750.739358599421,0.0,1.1399035,0.7399748571792784,0.024268761595389043
WASP-96 b,13.45,152.55,0.06715063520871144,517.0,5540.0,0.0,1285.0,0.0,0.0,0.0,684.3930451064151,0.0,1.1557372,0.7357228420364404,0.02425080947880016
Kepler-170 b,3.2,82.6,2.5226860254083485,136.522,5679.0,0.0,899.0,0.0,0.0,0.0,346.2595383453943,0.0,0.7120277,0.8343301314561121,0.02424730003446869
Kepler-352 d,0.80628032,,0.8548094373865699,81.3,5208.0,0.0,788.0,0.0,0.0,0.0,1.87679179486325,0.0,0.7289938,0.8302459976011777,0.024239700302829566
Kepler-100 d,1.61,3.0,0.4892780399274047,53.981,5825.0,0.38,670.0,0.2736955007300803,0.013380463864319146,0.08705989207670414,8.553068718564395,0.0,0.99032325,0.7718371572638468,0.024233568338795274
HD 12235 b,3.23,,0.3103448275862069,1287.9273,5986.0,0.376,1667.37,0.12376095120050928,0.00034934639453199827,0.09136079499917853,43.80671505347891,0.0,1.1246718,0.7419327982573163,0.0242334591406659
HD 37124 d,14.0,,0.08039927404718694,0.098,5698.64,0.16,159.79,0.2315033802637184,0.05532558380494083,0.08368435112461337,924.1124977525768,0.77566172498476,1.8914063,0.5705106722126823,0.024214186495060266
Kepler-111 c,7.0840758,222.4798849,0.6206896551724138,2.48,5914.0,0.176,352.2,0.4509908164121175,0.30526426041385485,0.08943740984130241,924.2994935191851,0.39788183502288704,0.45574817,0.8896795578500276,0.02420571478798464
HD 31253 b,14.1,,0.07005444646098004,2.0698,6130.0,0.3,348.36,0.25859491440522886,0.2023460699616908,0.0952075653149169,822.5866427091621,0.9806560651149813,1.6884162,0.6142571679526363,0.024178934382593983
HD 141399 d,13.7,,0.14537205081669693,0.364,5600.0,0.074,220.0,0.3672628963635067,0.24086567880230234,0.08104931345832687,1565.7817542319287,0.9999993955248404,1.1638119,0.7304129817859213,0.024164207663599807
HD 52265 b,13.7,,0.14918330308529945,7.3281,6136.0,0.27,405.0,0.24907220682743075,0.07869469187166626,0.09536784741141383,1606.8322122080465,4.829078744124592e-50,1.0327045,0.7594825703615197,0.024161520591549464
Kepler-1711 b,1.923,,0.6116152450090745,47.39,5706.0,0.0,669.0,0.0,0.0,0.0,18.21817057589499,0.0,0.20443511,0.9418234799862653,0.024112352856123207
HATS-48 A b,8.9672,77.23269,0.10689655172413792,137.6,4546.0,0.162,954.6,0.15588657605453904,0.0036307764998857258,0.05289309184162668,322.8664166643342,0.0,0.6976732,0.8313539643108293,0.024095168433864243
CoRoT-4 b,13.34,228.83,0.09528130671506353,203.9517,6190.0,0.0,1074.0,0.0,0.0,0.0,947.4663674279091,0.0,0.9374815,0.7778448617394904,0.02409175058497124
WASP-22 b,13.78707,212.9461,0.08058076225045373,837.7034,6000.0,0.02,1502.0,0.133843719168546,0.0006137107868774205,0.09173478655764407,884.577568970965,0.0,1.1496326,0.7303539214190997,0.024084953597344874
HD 33844 c,13.5,,0.2250453720508167,2.8101,4861.0,0.13,360.22,0.353683611637038,0.23039367098819882,0.06130790190734147,2319.316411638046,0.07243627567614155,0.6980364,0.8300509705639417,0.024065037857698205
Kepler-1593 b,3.17,,0.3194192377495463,0.889,4995.0,0.0,260.0,0.0,0.0,0.0,42.62137584624826,0.9876978285360268,0.49268627,0.8755725264521282,0.02406059825357259
DMPP-9 b,3.89,,0.24500907441016337,176.6011,6092.0,0.25,995.58,0.18573129162159857,0.003255048521924266,0.09419244537049475,60.41149494411789,0.0,0.41552645,0.8925846210418059,0.02405664901690665
HATS-55 b,14.022459,292.72143,0.10653357531760435,355.909,6214.0,0.092,1367.0,0.1335823995557988,0.0013477519458801113,0.09745151466578046,1230.4037561734801,0.0,0.9173004,0.7807461727537041,0.02405254984129885
K2-237 b,16.06246934,434.153603962,0.10471869328493648,1860.0,6180.0,0.03,1759.0,0.11054282582252314,0.0002483325676729954,0.09654324945233946,1817.815317860176,0.0,1.2700832,0.7009704722136059,0.024021432198730083
Kepler-1000 b,4.76,,0.1869328493647913,18.0,6453.0,0.0,473.0,0.0,0.0,0.0,84.44911318288328,0.0,0.3504142,0.9055646761917218,0.024019398230311875
Kepler-976 b,3.96,,0.23956442831215974,2.661,5232.0,0.0,324.0,0.0,0.0,0.0,62.315559607132,0.17276922172701098,0.31140864,0.9136265230391304,0.02400413718195094
Kepler-516 b,5.74,,0.1471869328493648,174.58,7099.0,0.0,1095.0,0.0,0.0,0.0,116.59865530049198,0.0,0.7458106,0.8166486412156074,0.023996749280543236
Kepler-909 b,1.47,,0.8656987295825771,127.24,6154.0,0.0,852.0,0.0,0.0,0.0,11.51880413793599,0.0,0.47714472,0.8749211827628195,0.023959268331902674
CoRoT-14 b,12.22,2415.4,1.32486388384755,1803.4781,6035.0,0.0,1952.0,0.0,0.0,0.0,10126.829272257773,0.0,1.0332654,0.7509613562902439,0.023954521805360715
Kepler-1371 c,0.64,,0.7459165154264974,853.269,5361.0,0.0,1216.0,0.0,0.0,0.0,0.8190657281148609,0.0,1.0822383,0.7395121774980234,0.02394096190239779
Kepler-18 c,5.49,17.3,0.10707803992740472,126.081,5345.0,0.0,899.0,0.0,0.0,0.0,74.21745459347885,0.0,0.4289195,0.8840688814703095,0.02392019155221911
Kepler-1947 b,1.0101666,,0.9764065335753176,229.4,6040.0,0.0,1298.0,0.0,0.0,0.0,4.215977660770051,0.0,0.7282996,0.8166067524711141,0.023899638785375155
HD 48948 d,3.24,,0.3103448275862069,2.46,4593.0,0.055,349.0,0.5563242773675672,0.35806441505648134,0.05414863493079975,44.214849538200184,0.4238771558308905,0.34415627,0.9019518212213523,0.023895993772872236
WASP-83 b,11.65736,95.349,0.06352087114337568,238.875,5510.0,0.0,1120.0,0.0,0.0,0.0,421.50786263843776,0.0,1.0304312,0.7489690971773313,0.02388985521616476
Kepler-262 b,1.36,,0.9600725952813067,50.169,5841.0,0.0,734.0,0.0,0.0,0.0,10.116013671203888,0.0,0.46103516,0.8756492426745661,0.023888828870582867
Kepler-371 b,1.89,,0.6243194192377496,41.737,5666.0,0.0,554.0,0.0,0.0,0.0,17.65553432529008,0.0,0.21001427,0.9314216674502572,0.023886524667344523
PH2 b,9.33708092,87.084983518,0.10526315789473684,1.2,5734.0,0.215,295.1,0.3439121233150177,0.3547308688164285,0.0846289469465964,358.92058914732337,0.9996538053645523,1.02146,0.7508154025176867,0.023886151004428844
Kepler-279 e,4.13,56.0,1.32486388384755,21.96,6689.45,0.0,552.0,0.0,0.0,0.0,390.9399252071849,0.0,0.56589574,0.8519282621076758,0.02387936771991838
EPIC 212737443 c,2.69,,0.3938294010889292,2.2653,4684.0,0.2,316.0,0.4815393183342261,0.3235230571146745,0.05657958006089569,32.11098179201991,0.7421523341431797,0.46830225,0.8731426420544752,0.023866905287361462
HD 109749 b,11.1,,0.06261343012704174,409.4961,5824.0,0.0,1250.83,0.0,0.0,0.0,358.69476789727116,0.0,1.0923865,0.7336064551382866,0.02385104620449661
KELT-3 b,17.48604,616.5902,0.13611615245009076,1704.57,6304.0,0.0,1816.0,0.0,0.0,0.0,3048.40507801013,0.0,1.2598497,0.6960775367590598,0.02384465651712689
Kepler-384 c,1.13,,1.043557168784029,40.099,5577.0,0.0,531.0,0.0,0.0,0.0,6.307252035510905,0.0,0.56188285,0.8513110709020023,0.023842134501630655
Kepler-83 b,2.83,2.94,0.09437386569872959,15.412,4082.0,0.0,460.0,0.0,0.0,0.0,8.95982775200199,2.7645577896e-313,0.7562822,0.8067795816094286,0.023810898738567104
TOI-2458 c,3.18,,0.3176043557168784,131.8551,6005.0,0.29,922.76,0.20598910459012199,0.0046577544320667375,0.09186835497139485,42.781540526714664,0.0,0.48636064,0.8659748620015439,0.023789276920666052
Kepler-1533 b,3.46,,0.28493647912885667,4.786,6431.0,0.0,330.0,0.0,0.0,0.0,49.43846286290655,3.249337426787381e-14,0.35669172,0.8945301466528924,0.023781803267877977
HD 43691 b,13.2,,0.35208711433756806,55.8272,6093.0,0.0796,761.79,0.24438033170174533,0.013383775845177987,0.09421915905324517,3392.0366340582505,0.0,0.42771563,0.8776974051077766,0.023756508008242617
K2-77 b,2.4996027,603.877,9.230961172358555,58.0,5160.0,0.29,806.0,0.2079770687903445,0.009641544316061198,0.0692952930491032,603.877,0.0,2.2171166,0.47868239001183954,0.023737393558369513
V830 Tau b,14.0,222.481,0.0809437386569873,370.0414,4250.0,0.0,1213.95,0.0,0.0,0.0,930.3705959314881,0.0,1.2341082,0.6973028382737425,0.023733628285582488
Kepler-87 b,13.49,324.2,0.13230490018148822,9.203,5600.0,0.036,478.0,0.33052083441238733,0.08639383323886761,0.08104931345832803,1360.5057693465894,7.406855207833536e-91,0.6753467,0.8201206239172997,0.02369572971517079
TOI-6034 b,11.92,254.0,0.14882032667876588,43.0,3635.0,0.04,714.0,0.24196410277985456,0.01668366810170801,0.02855692685793085,1055.7950683006845,0.0,0.973296,0.7536825955448936,0.023692574092923753
TOI-5210 b,10.72699453,81.999729006,0.06606170598911071,456.0,5723.0,0.066,1286.0,0.13003573603728324,0.0010158138066738741,0.08433509643636512,341.5643780800577,0.0,0.99076146,0.7493254030581561,0.02368098273931648
TOI-2420 b,15.02003414,294.626933289,0.08656987295825772,1017.0,5707.0,0.055,1571.6,0.1125911913434822,0.00043536923562292136,0.08390767751239502,1228.7630659697218,0.0,1.1293505,0.7184133484979213,0.02367929678609294
WASP-67 b,12.89035,136.6669,0.07041742286751361,188.1062,5200.0,0.0,1003.0,0.0,0.0,0.0,631.7756228791361,0.0,1.0035858,0.7460845365039132,0.02367144832060255
HAT-P-28 b,13.585,198.953,0.07985480943738657,554.7122,5680.0,0.051,1384.0,0.12898503591001936,0.0008606191204187164,0.08318640807819015,838.626564723423,0.0,1.0252457,0.740366500107497,0.023649321538902635
Kepler-343 c,2.02,,0.573502722323049,57.932,5807.0,0.0,746.0,0.0,0.0,0.0,19.800593202511692,0.0,0.19223776,0.9228115811713332,0.023576722768372704
OGLE-TR-182 b,12.666,320.995,0.07441016333938294,669.0373,5924.0,0.0,1550.0,0.0,0.0,0.0,633.3435007258947,0.0,1.1269009,0.7142518419656639,0.023563261391407256
WASP-110 b,13.19297028,154.782434209,0.07196606170598911,279.0,5392.0,0.0,1158.0,0.0,0.0,0.0,692.2199289877498,0.0,1.0306679,0.7341525379403192,0.02352587681877133
HD 156411 b,14.0,,0.08548094373865699,1.5229,5900.0,0.22,304.95,0.29734908977639973,0.2787150755356383,0.0890634182828114,982.5214140890827,0.9999840712838447,1.3241684,0.6687698650151848,0.023524329961291536
Kepler-1171 b,2.56,,0.42105263157894735,10171.005,7044.0,0.0,2700.0,0.0,0.0,0.0,29.58999496605706,0.0,1.2543753,0.6840397748362134,0.023517849460339815
CI Tau c,13.0,,0.5190562613430127,19.2542,3807.0,0.58,610.62,0.2120409412124893,0.030322007250927804,0.033151680290640924,4776.756469792905,0.0,2.9524224,0.30588472617320317,0.023511767959673843
Kepler-1755 b,5.91688317,,0.1415607985480944,37.43,6086.0,0.0,631.0,0.0,0.0,0.0,122.83173761170411,0.0,0.36065266,0.8823659240133384,0.023503647145776956
HD 187085 b,13.9,,0.09872958257713249,30.5887,6117.0,0.251,229.38,0.1792643481068878,0.016633719787877314,0.09486028743919381,1110.6579022100893,0.0,1.076061,0.722594162156802,0.023489983252746788
Kepler-1769 b,4.465,,0.2032667876588022,8.9,6071.0,0.0,483.0,0.0,0.0,0.0,75.7913116031376,1.950377534067606e-83,0.27177173,0.9005978680616402,0.02346546099746844
BD-13 2130 b,12.5,,1.588021778584392,40.0372,4545.0,0.21,744.77,0.2354684335670127,0.017501404176694046,0.05286637815888952,12991.972795159694,0.0,0.9356453,0.7520050557199438,0.023444638619405805
Kepler-1764 b,4.55527871,,0.19782214156079858,16.17,6461.0,0.0,511.0,0.0,0.0,0.0,78.32643682081856,0.0,0.33849674,0.8840028870539226,0.023422440535974507
WASP-42 b,12.576498,167.49641,0.08421052631578949,137.118,5315.0,0.062,1021.0,0.16823336775092368,0.004004113954886138,0.07343591387506294,701.6720367881455,0.0,0.8073536,0.7793862961530591,0.0234157773802186
GJ 3323 b,1.23,,1.0816696914700545,2.58,3159.0,0.23,290.06,0.5403698280111578,0.32654026188132956,0.015841213869743864,8.431378859089113,0.24683747633298436,1.6594461,0.5895104488724668,0.023409894550580228
Kepler-127 b,1.4,,0.9237749546279492,159.163,6106.0,0.47,884.0,0.23163900758130274,0.004250786391907737,0.09456643692898077,10.617906576886263,0.0,1.8194491,0.5538507344467393,0.023408654415221497
BEBOP-3 b,14.2,,0.061705989110707814,1.159,6033.0,0.247,287.88,0.2811219791476355,0.3031771856096566,0.09261633808833121,740.0839069836699,0.9999180779642465,1.6778625,0.5847846981672151,0.02339443474261926
Kepler-203 d,1.44,33.9,11.32486388384755,121.816,5821.0,0.0,855.0,0.0,0.0,0.0,141.64755301723602,0.0,2.3358111,0.4383512926683062,0.023394340663845735
HD 222076 b,13.5,,0.20145190562613433,2.5381,4806.0,0.08,346.88,0.3826310053390027,0.2665056266183684,0.05983864935618468,2076.1622717082505,0.3140489247823624,0.72496873,0.7967425536241485,0.023391644469069443
TOI-7041 b,11.43316031,114.41822652,0.0764065335753176,143.259,4700.0,0.04,882.37,0.17567360562596637,0.003998343683950876,0.05700699898486228,478.31938857509226,0.0,0.90501803,0.7555790060839568,0.023364705224797354
TOI-2285 b,1.77,19.5,0.8395106365121066,3.91,3491.0,0.3,358.0,0.463211782957269,0.21256181258130136,0.024710156542179215,19.5,4.506573230064118e-07,1.380192,0.6493644714883414,0.023353308111487673
HAT-P-35 b,14.930388,335.62848,0.09981851179673322,999.6688,6096.0,0.02,1581.0,0.13217546475992856,0.0005205512475081724,0.09429930010148205,1391.5953918277896,0.0,1.127941,0.7051980265486293,0.023345761329665045
Kepler-193 b,2.39,,0.46098003629764067,117.303,6335.0,0.0,979.0,0.0,0.0,0.0,26.36115470829266,0.0,0.25559458,0.8993326315137389,0.023345509232370828
TOI-5349 b,10.2,127.4,0.11978221415607987,44.5,3751.0,0.03,719.0,0.24839092893339146,0.01634335436626915,0.031655714056732585,532.4532243054502,0.0,0.93519896,0.7472403205651094,0.02332472309667735
TOI-1295 b,15.69257298,451.31633794,0.11796733212341198,1800.0,6280.0,0.024,2360.0,0.11716934152246855,0.00027127168739292693,0.09921461772716977,1909.5579310269698,0.0,1.2227501,0.6826852502133655,0.02331093701177028
Kepler-163 b,1.05,,1.0,115.612,5776.0,0.0,906.0,0.0,0.0,0.0,4.849048260815846,0.0,0.6283276,0.814187181604084,0.02329147026524621
TOI-5350 b,12.41955062,2094.48920213,1.0943738656987296,321.879,6220.0,0.0165,1195.0,0.24280996551727999,0.002719719740322841,0.09761179676228862,8781.56597277866,0.0,0.73281753,0.7907840010460752,0.023287810401692616
HD 94890 b,13.3,,0.2867513611615245,13.5382,4867.0,0.22,533.83,0.25632419932135775,0.04904124544730959,0.061468184003833116,2825.8494477692384,5.3628985980810366e-232,0.63887376,0.8111711293978939,0.023274978291110256
K2-127 b,8.37,,0.09001814882032669,105.6,4575.0,0.12,809.0,0.17020192765696776,0.005003029367853144,0.0536677886413263,221.1032167011488,0.0,0.6922746,0.7983970973586483,0.023253050818443397
K2-277 b,2.18575124,7.4,0.7259528130671506,195.0,5680.0,0.52,1049.0,0.201538110628768,0.003140178239068128,0.0831864080782046,31.754055689261758,0.0,1.8876969,0.5317896540792323,0.023239232087016972
HD 5319 b,13.5,,0.19963702359346644,3.2825,4871.0,0.092,377.72,0.3597612735370348,0.21025333988927547,0.061575038734823874,2057.4581070982663,0.0013889252140506997,0.68100464,0.8000218376643469,0.023231271388145985
HD 211970 b,3.66,,0.26497277676951,4.2125,4127.0,0.15,398.77,0.40952440342310237,0.18292083502346485,0.04170005877009351,54.41681542070515,3.1054346301026658e-09,0.47591886,0.8450362200755994,0.023215778335845566
Kepler-37 d,2.03,2.0,0.23593466424682397,10.39,5357.0,0.1,499.0,0.41416307957164894,0.08625901498419673,0.07455788855049632,8.267390976296237,4.6132026507544446e-123,0.20184143,0.9057091576667999,0.023207783542616194
HD 18143 b,3.28,,0.30490018148820325,61.873,5078.0,0.224,769.92,0.24604646624807813,0.011089050840542337,0.06710477106372437,45.06795202233463,0.0,0.22413829,0.8999050488469056,0.023187029460206975
GJ 674 b,3.33,,0.29945553539019965,10.5165,3600.0,0.2,530.8,0.33743681626847544,0.0729109585952001,0.027621947961741784,46.31841133282155,9.913373955554627e-127,0.70839846,0.7919078319797479,0.02318153605048079
Kepler-1126 c,1.45,,0.883847549909256,2.06,5678.0,0.0,305.0,0.0,0.0,0.0,11.286777880287813,0.9450291796887834,0.63279086,0.8083994341751679,0.02317327165278039
TOI-1199 b,10.5140239,75.960989273,0.06497277676950998,324.114,5710.0,0.03,1486.0,0.1561040874168268,0.001662932607542103,0.08398781856063699,316.3201928905468,0.0,0.9710224,0.731883437160593,0.023142678012868397
HD 132563 b,13.6,,0.1869328493647913,0.3447,6289.0,0.22,213.27,0.31268984923468923,0.19846408636168117,0.09945504087190238,1969.658616510397,0.9998875559451049,1.3736564,0.6422542059663366,0.02314215717777789
HD 150010 b,13.3,,0.32304900181488205,48.9796,4153.0,0.2,681.22,0.20388629292683794,0.01267085205833433,0.04239461452155066,3183.55190951218,0.0,0.7441958,0.7810490107782625,0.023110240008336818
K2-3 d,1.458,2.2,3.176043557168784,1.44,3844.0,0.091,305.2,0.6021246537442927,0.5124518849627244,0.03414008655233214,41.233256066051815,0.9987957952210188,1.6702955,0.5738248785181861,0.023082720281357966
KELT-23 A b,14.829507,298.12454,0.0912885662431942,991.183,5899.0,0.0,1561.0,0.0,0.0,0.0,1247.0536434640849,0.0,1.1582739,0.6872051805349422,0.023068605952018133
Kepler-287 c,3.26,66.0,2.7949183303085303,12.457,5806.0,0.0,513.0,0.0,0.0,0.0,405.61175381535224,1.1005074098542641e-190,0.8016325,0.765718356147531,0.023047426854689735
WASP-123 b,15.13212395,285.72917,0.08905499092558984,758.324,5740.0,0.0,1500.0,0.0,0.0,0.0,1292.5475925269218,0.0,1.1244842,0.6938503824760396,0.023047037679270736
HD 72490 b,13.5,,0.22867513611615245,3.4894,4934.0,0.124,386.45,0.34659740039889997,0.19421519820608293,0.06325800074796716,2356.724740858014,0.00014008664175753512,0.6483282,0.799566335014276,0.023040755148373063
Kepler-139 e,13.7,378.0,0.14664246823956445,0.0991,5622.0,0.013121,154.06,0.3525545389985834,0.08557619804420377,0.08163701447878863,1579.465240223968,0.7773972438498729,1.564101,0.5955597715799062,0.02303589918660482
GJ 3082 b,2.79,,0.3756805807622504,5.521,3910.0,0.22,457.53,0.39864994608137444,0.14328543591728174,0.03590318961371433,34.17590043095715,2.8618288520345696e-22,0.65852606,0.797081216475497,0.023035441618493944
Kepler-100 e,5.27,,0.16442831215970963,25.4128,5884.0,0.026437,621.73,0.3497522958960314,0.03567376057810048,0.08863599935884539,100.80847705378088,0.0,0.23123987,0.8917616781514428,0.02302523254236882
Kepler-1607 b,0.92,,0.9237749546279492,449.632,6116.0,0.0,913.0,0.0,0.0,0.0,3.0131328121510252,0.0,0.8540343,0.7524017750066495,0.023006642438474292
Kepler-161 b,2.12,2.63,0.08166969147005446,123.4,5078.0,0.0,868.0,0.0,0.0,0.0,3.2595459448925457,0.0,0.63657975,0.800734821311469,0.023005101904176147
WASP-6 b,12.5428494,148.425866069,0.07990889292196007,288.0,5438.0,0.054,1167.0,0.147275216070159,0.0017795683175759866,0.07672169685310297,660.4992770212116,0.0,0.8942564,0.7428505628053458,0.02299186080257287
Kepler-351 b,3.06,4.8,0.16715063520871146,11.983,5643.0,0.0,498.0,0.0,0.0,0.0,20.06138534667217,7.034398845214146e-174,0.25413066,0.8845334097431313,0.022972626991216622
HN Lib b,2.2,,0.5117967332123412,0.503,3347.0,0.079,234.4,0.5916816448435048,0.4321449545001043,0.020863386226422937,22.827279753828442,0.9771445338670874,1.2543894,0.6617054956716163,0.022967311837317022
Kepler-444 f,0.741,,0.8130671506352088,59.915,5046.0,0.29,673.0,0.302791702608512,0.013466626375051792,0.06624993321578397,1.3857013765309094,0.0,1.1204494,0.6903607043418678,0.022938867939008997
55 Cnc b,13.9,263.9785,0.09800362976406535,45.6336,5198.0,0.0029,700.0,0.19583370977141773,0.012736384498999066,0.0703104129935131,1102.4912999879566,0.0,0.8005328,0.7601802729822618,0.02290486106411361
TOI-1294 b,10.12369881,63.9,0.061705989110707814,311.498,5718.0,0.0,1392.74,0.0,0.0,0.0,268.184439310823,0.0,1.0183269,0.7110580655017952,0.02288880925471135
Kepler-1903 b,2.28642395,,0.4882032667876588,82.56,6347.0,0.0,769.0,0.0,0.0,0.0,24.443285049873992,0.0,0.25790983,0.8795873932677784,0.022871426390779822
WASP-34 b,11.209,177.9848,0.07477313974591651,229.962,5700.0,0.04,1250.0,0.1631173069566619,0.0023932739056810814,0.08372068173315496,441.09774135752366,0.0,0.8732971,0.7409950835051603,0.022831119201686897
Kepler-1995 b,4.28,,0.21415607985480944,4.66,5029.0,0.0,375.0,0.0,0.0,0.0,70.33157203901236,5.07347452267174e-13,0.28256726,0.8717761857121012,0.022814142418306295
GJ 27.1 b,3.66,,0.26497277676951,2.5488,3542.0,0.08,387.13,0.48415570232184324,0.30924650688235794,0.02607255436234002,54.41681542070515,0.2969436425622106,0.7817238,0.759476123469197,0.022784301576071482
K2-54 b,2.6116925,,0.4101633393829401,6.1,3990.0,0.24,560.0,0.39524394550556907,0.1308895004930226,0.038040284233578386,30.606352462620055,6.1726632962783956e-30,0.67443454,0.780778138327145,0.022720801559516515
TOI-700 e,0.953,,0.9419237749546281,1.27,3459.0,0.059,272.9,0.7728010682478793,0.7013741277888782,0.02385531869423364,3.4149399419735564,0.8672744701253058,1.4909842,0.59800292631424,0.02269496017342657
TOI-5007 b,11.07447293,211.038062248,0.1542649727767695,85.3,3793.0,0.074,774.0,0.19736652935166696,0.007291514257894161,0.032777688732161844,877.6576322710233,0.0,0.8450073,0.74158778078507,0.02269051275480379
WASP-149 b,15.24421375,314.967951337,0.08892921960072596,1966.0,5750.0,0.0,1855.0,0.0,0.0,0.0,1319.6178442469215,0.0,1.2937772,0.6411907362704203,0.022677664753517787
Kepler-178 d,3.95,,0.23956442831215974,3.874,5676.0,0.0,392.0,0.0,0.0,0.0,61.84466317120087,7.864522302434298e-07,0.2640068,0.8698777725562696,0.02266550415458215
Kepler-122 d,2.2,,0.5136116152450091,77.14,6050.0,0.0,747.0,0.0,0.0,0.0,22.908227554373934,0.0,0.1998937,0.8838449661872062,0.022658071678961958
HD 37124 c,14.1,,0.0736842105263158,0.2641,5698.64,0.125,204.73,0.2818332252554351,0.14670785639808204,0.08368435112461328,865.207712279585,0.9708827042700894,1.6216745,0.5659617184624097,0.02262209819595025
HIP 67851 b,13.7,,0.14174228675136116,83.22,4840.0,0.13,840.72,0.1755042147804362,0.0066802217833023415,0.06074691456962636,1526.6860799689591,0.0,0.65986776,0.779225262931618,0.0226025942277625
HD 173416 b,13.4,,0.24319419237749548,58.1544,4683.0,0.208,771.03,0.1895203294931851,0.010026863305921101,0.05655286637814655,2451.07276254854,0.0,0.64210474,0.7828361353089671,0.022594153693526336
HATS-30 b,13.170575,224.38798,0.0985480943738657,718.9097,5943.0,0.096,1414.0,0.11550048622318983,0.0006082957981063781,0.09021210664099288,943.0854560422658,0.0,0.9562081,0.7128953223129737,0.022593275555220206
WASP-24 b,15.46842,394.1092,0.11288566243194192,934.465,6075.0,0.0,1772.0,0.0,0.0,0.0,1750.1096594857258,0.0,1.1000122,0.680863478570175,0.022592596088065364
Kepler-352 b,0.86,,0.8874773139745916,50.389,5212.0,0.0,694.0,0.0,0.0,0.0,2.3645103714706974,0.0,0.68491375,0.7717097254248482,0.02255473153813771
Kepler-1383 b,1.41,,0.9147005444646098,231.396,6370.0,0.0,928.0,0.0,0.0,0.0,10.74050953174657,0.0,0.6080519,0.7882090620449425,0.022539776044462213
HAT-P-8 b,15.6926,406.8224,0.12443629764065336,1519.9645,6200.0,0.0,1713.0,0.0,0.0,0.0,2014.2826171444847,0.0,1.1758211,0.6615309823159415,0.022531927755395097
Kepler-177 b,3.5,5.84,0.13611615245009076,30.4,5732.0,0.0,549.0,0.0,0.0,0.0,24.445696011372483,0.0,0.28398958,0.8593954795230225,0.022516720510814367
K2-136 b,1.014,4.3,4.355716878402904,33.5,4500.0,0.14,610.0,0.33165079012362575,0.024294820537135747,0.05166426243521991,19.0222601643622,0.0,1.5965298,0.5669206254752343,0.022507776050467616
GJ 720 A b,3.77,,0.2540834845735027,4.2846,3837.0,0.12,401.0,0.4165354673996601,0.1844860494059334,0.033953090773087516,57.02812550996182,8.492735184809164e-10,0.5779353,0.7932719448835174,0.022499351684301047
Kepler-1705 b,2.03,4.47,0.5403544464609801,91.74,6312.0,0.033,789.0,0.36428553615600207,0.011212606820622266,0.10006945557512537,18.934570250345022,0.0,0.25710094,0.8644633541321431,0.022494130175844135
Kepler-685 b,10.58,,0.06642468239564428,1137.124,5963.0,0.0,1579.0,0.0,0.0,0.0,329.51493159900775,0.0,1.1937534,0.6557765938658817,0.022488451999292437
Kepler-1201 b,2.29,,0.48638838475499097,89.431,6177.0,0.0,789.0,0.0,0.0,0.0,24.466860820351094,0.0,0.21700129,0.8730491955195537,0.022485784384132696
KOI-12 b,13.78707,349.613,0.13303085299455536,196.507,6635.0,0.34,911.0,0.12289721126409564,0.0021394776146251896,0.10869797510281332,1460.3499055308948,0.0,1.4728435,0.5931363832271317,0.02247545042087263
WASP-165 b,14.12334,209.13214,0.07985480943738657,1373.5324,5599.0,0.0,1624.0,0.0,0.0,0.0,942.3276398178424,0.0,1.228961,0.6469305724490552,0.022463542536253243
Kepler-827 b,5.63,,0.15081669691470054,23.602,5602.0,0.0,574.0,0.0,0.0,0.0,112.73615504656311,0.0,0.27641535,0.8583870316447532,0.022450301315512115
TOI-3837 b,10.87271128,187.51876013,0.14882032667876588,138.065,5905.0,0.221,1178.0,0.15421995242053668,0.0036248678986635073,0.08919698669655991,801.2433349256238,0.0,0.67593026,0.7686258869725568,0.022429414622512158
HD 177830 b,13.5,,0.2177858439201452,3.7258,4901.0,0.1,399.64,0.35304740123445244,0.1886809044738943,0.062376449217273214,2244.4997531981085,6.699065045222165e-06,0.6413089,0.7757565648965937,0.022415252169485284
HD 30856 b,13.5,,0.19963702359346644,2.8926,4895.0,0.061,364.02,0.3923729073667023,0.2502264683004382,0.06221616712078289,2057.4581070982663,0.04129808706049838,0.6953324,0.7627963629998289,0.022392151545894877
Kepler-1644 b,1.88,,0.6297640653357532,31.86,5499.0,0.0,606.0,0.0,0.0,0.0,17.528309500369478,0.0,0.20803511,0.8705448289585223,0.022374848610662783
TOI-3160 A b,13.7646283,378.21580433,0.14337568058076225,933.0,6190.0,0.18,1539.0,0.10358742533512531,0.0004338909656883499,0.09681038627982455,1566.2373138766027,0.0,0.9893648,0.6961038624945487,0.02236123137011035
Kepler-1097 b,3.26,,0.308529945553539,1.3,5211.0,0.0,267.0,0.0,0.0,0.0,44.775323473123294,0.9883546844459962,0.3993975,0.8270934436961862,0.022353578139392725
TOI-2382 b,12.25141591,235.19302118,0.12341197822141563,689.0,6033.0,0.18,1426.0,0.1098125481080099,0.0005997776506193964,0.09261633808834104,950.6152425634779,0.0,0.9056042,0.7143015514245659,0.022350294180787843
TIC 147027702 b,10.92875618,346.43296363,0.28431941923774956,90.5749,6410.0,0.127,863.0,0.20445763197498074,0.007120196169478029,0.10268739648445326,1554.5594803027293,0.0,0.45738783,0.8138960560440298,0.02234639510458275
Kepler-1620 b,1.61,,0.7695099818511797,7.92,6157.0,0.0,428.0,0.0,0.0,0.0,13.451802895897226,1.265460118912994e-61,0.45741826,0.8134264116151396,0.022334983742909147
Kepler-1277 b,1.6,,0.7767695099818512,12.11,5578.0,0.0,496.0,0.0,0.0,0.0,13.327255612574529,2.650809905493523e-178,0.35187835,0.8364445443564343,0.022323389848771788
Kepler-1441 b,1.31,,1.0072595281306715,33.046,5802.0,0.0,682.0,0.0,0.0,0.0,9.4851429509056,0.0,0.49186498,0.8052700300645811,0.022322901083139637
Kepler-434 b,12.67,908.96,0.4355716878402904,158.285,5977.0,0.131,1000.0,0.1900318710368387,0.004041783584293951,0.09112037185444512,3710.8901353516,0.0,0.4457298,0.8152130987899884,0.02231490020149416
Kepler-1967 b,0.73022577,,0.8076225045372052,57.1,4970.0,0.0,1086.0,0.0,0.0,0.0,1.3172508498372135,0.0,0.8039907,0.7350812964332799,0.02230506003514194
nu Oct A b,13.3,696.04421133,0.2958257713248639,8.5848,4910.0,0.195,477.33,0.28653665566997394,0.08029791593262522,0.06261687236200979,2915.2750632049733,4.749801870730751e-76,0.60554576,0.7792051551898224,0.02230404920396706
GJ 180 c,2.41,,0.455535390199637,0.7812,3371.0,0.09,290.87,0.5945335065183858,0.5585627867339692,0.02150451461238197,26.709260241159793,0.9803148706720477,1.1149307,0.6650373867678246,0.02228428409264762
TOI-1231 b,3.65,15.4,0.31578947368421056,1.93,3553.0,0.087,329.6,0.510186633126705,0.38901804100467013,0.02636640487257161,64.32278680639688,0.9941577534518262,0.7982488,0.7352059723793172,0.02227662986422376
HD 28678 b,13.5,,0.19782214156079858,16.4464,4972.0,0.149,561.84,0.2498590395849385,0.04030145182167261,0.06427312069240226,2038.7539424882823,0.0,0.55350167,0.7896179574928245,0.022275208318403954
Kepler-1508 b,1.33,,0.987295825771325,116.145,6158.0,0.0,967.0,0.0,0.0,0.0,9.729506959408015,0.0,0.55915755,0.7877899936325617,0.02226117504758071
WASP-19 b,15.86070769,366.773981678,0.09183303085299456,3320.0,5616.0,0.0126,2113.0,0.10037379864025078,0.00013214162712941622,0.08147673238230146,1534.8120879487337,0.0,1.3849505,0.6039943654709529,0.02226089193872285
Kepler-1596 b,1.9,,0.6206896551724138,33.378,5706.0,0.0,471.0,0.0,0.0,0.0,17.83297987114956,0.0,0.21250585,0.8648835511853216,0.022259808875128444
HD 63433 d,1.073,,1.0090744101633393,296.4321,5688.0,0.16,1040.0,0.2609990206545369,0.0026808707229100718,0.08340011754019329,5.221688590446678,0.0,0.68478596,0.7597117732604981,0.02225824072310215
Kepler-1218 b,1.44,,0.8911070780399275,84.83,5986.0,0.0,684.0,0.0,0.0,0.0,11.145664828760077,0.0,0.44396567,0.8128461215370897,0.022246867083786776
Kepler-301 d,1.75,,0.6896551724137931,68.931,5815.0,0.0,725.0,0.0,0.0,0.0,15.482274140535905,0.0,0.27296156,0.8507642283635602,0.022243423826013634
Proxima Cen b,1.02,,0.9909255898366607,0.641,2900.0,0.0,218.0,0.0,0.0,0.0,4.404840310163271,0.894623888780097,2.0330358,0.4586344899507486,0.022233146195882757
WASP-3 b,15.91678,772.3269,0.16152450090744103,1845.3,6400.0,0.0,2020.0,0.0,0.0,0.0,2728.3033592085685,0.0,1.1761131,0.648682541226712,0.02221677317871527
TOI-3714 b,11.32107051,222.4798849,0.1542649727767695,54.0,3660.0,0.03,750.0,0.24457962331299654,0.01369300382587503,0.029224768926638382,937.6017774950727,0.0,0.93451786,0.7022320345700824,0.022211381830760078
Kepler-1421 b,0.93,,0.9292196007259529,649.151,6335.0,0.0,1209.0,0.0,0.0,0.0,3.130803546367877,0.0,0.9490674,0.698892344047194,0.022208876568668438
Kepler-50 b,1.71,8.9,1.0979709618874773,494.705,6225.0,0.0,1196.0,0.0,0.0,0.0,22.99682047634295,0.0,0.6298714,0.7694418990183783,0.022196820453855414
Kepler-138 b,0.64,0.07,0.308529945553539,9.9,3841.0,0.02,452.0,0.5472523188472769,0.11862982134596634,0.03405994550408137,0.33878631089909084,2.130929577674474e-109,1.2160603,0.6382749725263239,0.022179370291278984
Kepler-1505 b,0.93,,0.9292196007259529,36.121,5686.0,0.0,525.0,0.0,0.0,0.0,3.130803546367877,0.0,0.64980227,0.7639575782370566,0.022170968391177034
Kepler-1752 b,4.54060463,,0.19963702359346644,7.29,5446.0,0.0,419.0,0.0,0.0,0.0,78.28359448191775,2.420610771796624e-49,0.23246774,0.8567373049218032,0.022168502021322683
HATS-66 b,15.815899,1694.0339,0.4246823956442831,2637.0,6626.0,0.064,1998.0,0.11569431066252168,0.0001920399739597733,0.10845755195809095,7037.761038291663,0.0,1.1175578,0.6595992477037758,0.022164629444565147
HIP 67522 b,9.9872018,,0.07150635208711434,341.0878,5675.0,0.064,1175.0,0.14225676917916225,0.001442662760608036,0.08305283966444754,298.3765637182994,0.0,0.87105954,0.714316330857103,0.022161121826294268
Kepler-1347 b,1.03,,0.985480943738657,34.32,5193.0,0.0,617.0,0.0,0.0,0.0,4.510747469472506,0.0,0.60311306,0.7739395983408381,0.022160888186842573
Kepler-405 b,2.08,,0.5517241379310345,55.623,5818.0,0.0,785.0,0.0,0.0,0.0,20.79699555273639,0.0,0.18047357,0.8679352260357183,0.022159290799544755
Kepler-610 c,3.3,,0.30308529945553536,2.297,5943.0,0.0,318.0,0.0,0.0,0.0,45.6242040824523,0.6946479924928516,0.3381325,0.8327412053332632,0.02215667064289249
TOI-2128 b,2.08874836,4.5,0.48638838475499097,86.2315,5968.0,0.0,780.53,0.0,0.0,0.0,18.56650548455751,0.0,0.19841585,0.8637227526197399,0.022153883455138294
HD 179949 b,13.9,,0.10816696914700544,1020.1193,6168.0,0.022,1590.53,0.13377884547371569,0.0005149374405310299,0.09622268525935981,1216.8237310978184,0.0,1.0614581,0.6709016153067515,0.02213546791820113
HD 29399 b,13.5,,0.20145190562613433,2.7435,4845.0,0.05,358.32,0.40786953993213715,0.2697016805132488,0.060880482983368185,2076.1622717082505,0.10957247748924633,0.7133632,0.748115498508741,0.02212914902197215
rho CrB b,13.7,,0.13502722323049002,34.7,5817.0,0.046,614.0,0.24929125283613185,0.020704519943363656,0.08684618261470856,1454.3590825824654,0.0,0.6261444,0.766851235404564,0.022112502907195665
HD 33142 b,13.7,,0.15535390199637023,8.6781,5025.4,0.049,477.5,0.3241023573664433,0.08950332099955687,0.06569963135115957,1673.2948584550945,3.3654391194773757e-78,0.64153314,0.7630961175864639,0.022104360202974422
TOI-1246 d,3.43139739,5.4,0.132486388384755,28.0,5213.0,0.0,587.77,0.0,0.0,0.0,22.421926281035812,0.0,0.29035327,0.8412211823890717,0.022103579231564606
Kepler-450 c,2.62,12.5,1.5970961887477315,213.731,6197.21,0.02,944.0,0.322344813264882,0.0046724972649830705,0.09700299193245737,120.31604752139715,0.0,0.55931246,0.781339781823354,0.02210300588233346
Kepler-377 c,2.06,,0.558983666061706,49.855,5949.0,0.0,677.0,0.0,0.0,0.0,20.468658866998627,0.0,0.20129962,0.8607944375837971,0.022097513196814675
Kepler-30 b,3.9,11.3,0.18511796733212343,16.379,5498.0,0.042,524.0,0.3820751820839536,0.05611502291177981,0.07832451781800455,45.997158453879926,0.0,0.14536417,0.8730091167077508,0.022091743780559902
TOI-858 B b,14.06727078,349.6112477,0.12522686025408347,908.9,5842.0,0.15,1529.0,0.10528979507353216,0.000450944084195534,0.08751402468341728,1460.2110914513125,0.0,0.944915,0.6948383252729764,0.0220861480775778
Kepler-1624 b,6.59,,0.12304900181488204,6.01,3768.0,0.0,540.0,0.0,0.0,0.0,147.51050441807908,1.1609305682977392e-28,0.89626837,0.7052731102121226,0.022076490257121644
HD 126105 b,13.5,,0.2159709618874773,4.8659,4875.0,0.103,413.6,0.335744493587687,0.14721835754182963,0.061681893465817615,2225.7955885881242,5.393772924281276e-15,0.6163896,0.7674919746215955,0.022074777088459334
HD 180902 b,13.5,,0.2177858439201452,4.7959,4961.0,0.107,412.37,0.33543964894326045,0.14864110638515843,0.06397927018217099,2244.4997531981085,2.632579160719727e-14,0.60472304,0.7691328793559001,0.022051219897202618
HD 221416 b,9.17,60.5,0.07822141560798548,495.9065,5080.0,0.115,1314.67,0.12220341071963091,0.0008785665346370962,0.06715819842921428,252.6517365515725,0.0,0.84231985,0.715711843634988,0.022037839453676347
Kepler-1371 b,0.73,,0.8076225045372052,414.765,5361.0,0.0,1015.0,0.0,0.0,0.0,1.3160294312113383,0.0,0.90029013,0.702396220500587,0.022027631623898047
Kepler-454 b,2.37,5.4,0.4047186932849365,117.7,5687.0,0.32,916.0,0.22424520066078998,0.005528576596337246,0.0833734038574385,22.567679815381844,0.0,0.59208333,0.7709172000774775,0.022025858883115187
Kepler-423 b,13.361,189.101,0.08330308529945554,649.148,5560.0,0.019,1605.0,0.14331450670867266,0.0008280695293090008,0.07998076614839543,832.2744989542051,0.0,1.0292186,0.672613782768633,0.022000789199292176
WASP-182 b,9.52765,47.03884,0.05771324863883848,756.261,5638.0,0.0,1479.0,0.0,0.0,0.0,209.08434424941302,0.0,1.1413106,0.6474604686899845,0.021995693154129442
Kepler-399 b,0.96,,0.9473684210526315,35.63,5502.0,0.0,773.0,0.0,0.0,0.0,3.5109222542733707,0.0,0.62619966,0.7620160461874936,0.02199360251510547
TOI-6383 A b,11.29,331.0,0.22867513611615245,51.3,3444.0,0.05,745.0,0.24408516744020106,0.014406068826340242,0.02345461345300714,1378.444806131239,0.0,0.93421346,0.6931459197204796,0.021985708474186072
Kepler-349 b,1.9,94.5,13.738656987295826,248.274,5956.0,0.0,972.0,0.0,0.0,0.0,394.72414510117596,0.0,2.5380683,0.33615362479284483,0.02198455502143319
CoRoT-11 b,16.03,740.51,0.17967332123411978,1890.649,6440.0,0.0,1657.0,0.0,0.0,0.0,3100.079077897994,0.0,1.1644892,0.6409101503284077,0.0219613803897419
Kepler-1992 b,0.91,,0.9165154264972777,38.99,5383.0,0.0,637.0,0.0,0.0,0.0,2.8930275241789443,0.0,0.6494819,0.7543481313657222,0.021932305843676753
HD 33844 b,13.4,,0.26497277676951,5.7778,4861.0,0.15,430.22,0.31585292244896923,0.12154594885926417,0.06130790190734259,2670.5718159110957,1.6120972323486875e-25,0.5965401,0.7660044283645009,0.021929195716646574
K2-29 b,13.33871,232.0159,0.09618874773139746,293.0,5358.0,0.066,1171.0,0.14527911622613887,0.0017415395995201606,0.07458460223324082,956.2124010339827,0.0,0.8255237,0.7145689877571396,0.02191750847958627
K2-18 b,2.37,8.92,0.7459165154264974,1.005,3457.0,0.2,284.0,0.5665503314832829,0.6002318028518394,0.023801891328736585,41.59334710368583,0.9940860770597135,1.2085,0.6292564084128515,0.021915551970830283
Kepler-412 b,15.031269,299.07803,0.09437386569872959,2144.307,5750.0,0.0038,1850.0,0.09420293938981536,0.00018419576726631654,0.08505636587057269,1342.5401888252484,0.0,1.265222,0.6165005372794281,0.021912294016884812
Kepler-286 e,1.77,,0.6805807622504537,20.6,5580.0,0.0,539.0,0.0,0.0,0.0,15.808405857752895,0.0,0.25728673,0.8399301033835214,0.021890323185461018
Kepler-1622 b,1.47,,0.8656987295825771,236.005,6436.0,0.0,922.0,0.0,0.0,0.0,11.51880413793599,0.0,0.5947276,0.7643140333295366,0.0218775769469731
Kepler-84 c,2.36,20.2,1.5317604355716878,132.23,6039.0,0.0,865.0,0.0,0.0,0.0,84.33647909258076,0.0,0.5168334,0.781626858696331,0.02187701282532
Kepler-277 b,2.92,87.3,1.6696914700544463,198.245,5946.0,0.0,964.0,0.0,0.0,0.0,174.1299166510642,0.0,0.5344088,0.7762260747199901,0.02184029672573898
Kepler-345 b,0.74,0.48,0.8711433756805808,35.37,4504.0,0.0,622.0,0.0,0.0,0.0,1.478677304053163,0.0,0.911423,0.6919960067445973,0.021832314793696937
TOI-4487 A b,14.60530185,397.28550875,0.12704174228675136,1203.0,6206.0,0.083,1639.0,0.10916689589399765,0.0003635830001603647,0.0972378052037964,1657.9317997709636,0.0,1.0289595,0.66567594941359,0.021828327273991917
HD 155358 b,13.8,,0.11941923774954628,5.0212,5905.0,0.17,421.43,0.27913635974782264,0.11830865303682636,0.08919698669655621,1314.6197824330827,1.3920277185917226e-16,0.875041,0.6997489344880895,0.021823832497433603
Kepler-1249 b,2.38,,0.4627949183303085,98.336,6202.0,0.0,647.0,0.0,0.0,0.0,26.13413090004276,0.0,0.21474414,0.8456685680780646,0.021798376352519213
HD 46375 b,10.0,,0.07168784029038112,359.0994,5285.0,0.063,1221.4,0.14016141188609954,0.0013593077429781423,0.07263450339261357,300.28532321063966,0.0,0.8696474,0.6998640630880832,0.021797077560860762
Kepler-32 f,0.82,1862.11,0.2722323049001815,349.645,3900.0,0.0,1026.0,0.0,0.0,0.0,0.6287381699544453,0.0,1.089329,0.6507812341459572,0.021792352870769714
Kepler-394 d,1.50066814,,0.8439201451905627,302.0,6398.0,0.0,1165.0,0.0,0.0,0.0,11.946589755498394,0.0,0.59022444,0.7618389182082007,0.021791849816318334
TOI-628 b,11.88154,2011.8639,1.1941923774954628,1052.9,6250.0,0.072,1586.0,0.15757851773069004,0.0005948460879222287,0.09841320724473905,8390.369893898118,0.0,0.8742277,0.6980094811173012,0.021776486739358607
HD 200964 b,13.5,,0.20689655172413793,4.7312,4982.0,0.087,425.95,0.3454854460080197,0.15456233237310205,0.0645402575198849,2132.274765538203,1.1005305771805425e-13,0.60870886,0.7567819984873407,0.02176859858249992
Kepler-1407 b,2.25,,0.4972776769509982,78.667,6010.0,0.0,826.0,0.0,0.0,0.0,23.726579181183713,0.0,0.18490262,0.8510625304740801,0.021767623532111972
Kepler-428 b,12.11,403.63,0.18511796733212343,195.088,5150.0,0.22,1070.0,0.14524915121874737,0.0025273503243218465,0.06902815622159948,1377.1131064662804,0.0,0.6590982,0.7454463319005238,0.021765608787971704
Kepler-334 d,1.41,,0.9147005444646098,39.475,5828.0,0.0,656.0,0.0,0.0,0.0,10.74050953174657,0.0,0.42771,0.7965549319880462,0.021756044735084627
Kepler-25 c,5.217,15.2,0.10671506352087114,210.172,6354.0,0.0061,934.0,0.1973661009584215,0.002987233026461285,0.10119143025054096,63.471220086348545,0.0,0.57788014,0.7625905562704155,0.021742650465211868
Kepler-975 c,10.69,,0.06551724137931035,439.8,4883.0,0.0,1168.0,0.0,0.0,0.0,335.25659357281694,0.0,1.0725019,0.6506027206416821,0.02169562665116883
TOI-3486 b,10.5700688,99.162462984,0.08348457350272233,334.0,4930.0,0.078,1190.0,0.13887099776930073,0.0014512812212688017,0.06315114601697053,412.9793006375568,0.0,0.8291669,0.7045298931099381,0.02169000076231966
HD 164595 b,4.16,,0.22323049001814882,19.6697,5790.0,0.088,589.0,0.33724077064677366,0.04247522017802948,0.0861249131805078,67.31659086806779,0.0,0.10195178,0.8655992811949947,0.021670875173577176
HATS-75 b,9.90873894,156.053747837,0.15934664246823957,59.26,3790.4,0.064,772.3,0.22275779670447693,0.011340845450141928,0.03270823315701628,649.3617235898759,0.0,0.77610266,0.7153615000025327,0.021665887324928718
K2-225 b,3.60929179,,0.26860254083484575,121.3934,5520.0,0.23,923.0,0.20883603025114414,0.005125354307324167,0.07891221883847052,52.90110049960643,0.0,0.25658944,0.8300005786070657,0.02164170141566242
WASP-87 b,15.524465,692.8694,0.18511796733212343,4170.0965,6450.0,0.0,2049.54,0.0,0.0,0.0,2901.2630698086837,0.0,1.3072342,0.5960379446552652,0.02163833219642053
HATS-5 b,10.223,75.323,0.0707803992740472,183.2395,5304.0,0.019,1025.0,0.1870599861310886,0.0033565339459297482,0.0731420633648307,316.76464286780873,0.0,0.85292614,0.6965810028665171,0.02162439412624332
Kepler-758 c,1.69,,0.7223230490018149,1211.822,6228.0,0.0,1372.0,0.0,0.0,0.0,14.60428153050956,0.0,0.64662164,0.7423426851279402,0.021620638076765897
KELT-24 b,12.71098411,1458.83238813,0.7078039927404719,624.0,6426.0,0.0319,1391.0,0.19063663850560644,0.0011670885911219235,0.1031148154084349,6088.9042530765155,0.0,0.742581,0.7208121317334963,0.021616339937102835
Kepler-1135 b,1.85,,0.6424682395644283,25.76,5656.0,0.0,451.0,0.0,0.0,0.0,17.039445495925126,0.0,0.2285548,0.8345441313319862,0.021599897089899452
Kepler-1700 b,2.90129941,,0.3575317604355717,2.2,6031.0,0.0,329.0,0.0,0.0,0.0,36.57470952745308,0.8398146900551512,0.3601442,0.8041910998871895,0.021573587273084605
Kepler-390 c,0.79,,0.8457350272232306,41.351,5166.0,0.0,630.0,0.0,0.0,0.0,1.7466432144108852,0.0,0.7345363,0.7206383838483145,0.021567917370253317
Kepler-378 c,0.7,,0.7876588021778584,8.166,4661.0,0.0,414.0,0.0,0.0,0.0,1.131672754019803,6.561493283969877e-67,0.96000373,0.6702091747357163,0.021561744980608765
K2-99 b,11.88151954,276.51071409,0.1633393829401089,357.0,6069.0,0.22,1184.0,0.12737210888916123,0.001270443652530981,0.09357803066728139,1147.613053862059,0.0,0.7930585,0.7069957957727799,0.021552676959732477
TOI-6130 b,14.3474953,333.71982735,0.11615245009074411,1150.0,6110.0,0.036,1750.0,0.1237608604587724,0.0004282399795713902,0.09467329165995948,1436.9619152342602,0.0,1.043066,0.6510259398652476,0.021544554180694002
TOI-700 d,1.073,,1.0090744101633393,0.85,3459.0,0.042,268.8,0.8223561941460674,0.7767233047069754,0.023855318694233702,5.221688590446678,0.9105000545928659,1.5263267,0.5415666776943213,0.02149753192026218
GJ 667 C e,1.45,,0.883847549909256,0.3022,3350.0,0.02,,0.7501193534759295,0.384618015618442,0.020943527274668656,11.286777880287813,0.950013737479315,1.6535809,0.5132097398166152,0.021496646720310437
GJ 1061 d,1.16,1.67,1.0671506352087115,0.6,2953.0,0.04,242.03,0.7683120562524333,0.6080701034558962,0.010338195223593647,6.977314582192869,0.9351365219959505,1.9179119,0.4537694802459066,0.02148155564272774
HD 240237 b,12.2,,2.7767695099818512,83.8296,3926.0,0.4,1153.09,0.1651049617574372,0.006296336154620501,0.03633060853769358,21120.681784291948,0.0,2.2355802,0.3829712544190877,0.02147909952139241
Ross 128 b,1.11,,1.0217785843920146,1.38,3192.0,0.116,301.0,0.6759811604928719,0.5909209819107828,0.01672276540043765,5.8534827340917035,0.9203847506106305,1.5895612,0.5267339191669106,0.02147880521668517
HAT-P-25 b,12.722215,180.84527,0.08765880217785844,325.0,5519.0,0.023,1182.0,0.1639558240373533,0.001777460384684709,0.0788855051557154,756.0879789822905,0.0,0.8841627,0.6836133734187898,0.021476084989724573
HD 208897 b,13.7,,0.1471869328493648,10.8876,4860.0,0.02,507.24,0.3449530925960916,0.07894039446765241,0.061281188224591575,1585.3295913634133,6.043644614603562e-138,0.6891292,0.726074653240517,0.021452803532056627
HATS-63 b,13.529263,305.1168,0.12159709618874774,634.1,5627.0,0.136,1398.3,0.11519720274262596,0.0006837531407617259,0.08177058289253374,1261.3459902444436,0.0,0.8459298,0.690149434978153,0.021427447742915554
HD 27442 b,13.5,,0.20145190562613433,4.3915,4846.0,0.06,369.62,0.3687319432530743,0.17456079598684765,0.06090719666611668,2076.1622717082505,1.1603966381786149e-10,0.6473845,0.7330687850872083,0.021396191345392584
HD 87646 b,12.4,,2.0689655172413794,665.812,5770.0,0.05,1012.7,0.1709471591315918,0.0009778568133755145,0.08559063952555926,16523.685383608237,0.0,1.0204191,0.6499738617506261,0.02139435942334993
Kepler-363 c,1.69,66.4,13.720508166969147,376.29,5593.0,0.0,1054.0,0.0,0.0,0.0,277.40796073028207,0.0,2.5803876,0.30260028728383365,0.021389546984129145
Kepler-1345 b,2.36,,0.4682395644283122,68.469,6449.0,0.0,693.0,0.0,0.0,0.0,25.78058247142872,0.0,0.27297375,0.816086929983037,0.02138857960865681
HD 159243 b,13.7,,0.13920145190562613,107.452,6123.0,0.02,942.13,0.22221663177569959,0.0066825577162149446,0.09502056953568719,1499.3191079848805,0.0,0.70357895,0.7201039212776554,0.021384886940174416
HD 60532 b,13.8,,0.1277676950998185,16.9008,6245.0,0.26,550.16,0.20880353506397925,0.032704661173500044,0.09827963883097701,1406.5232930591035,0.0,1.0302111,0.6466384802108351,0.021365857282939025
Kepler-136 b,2.05,19.8,2.2867513611615244,257.984,6165.0,0.0,951.0,0.0,0.0,0.0,82.52188480652093,0.0,0.85031813,0.6865497730387575,0.021362781555223982
omi CrB b,13.7,,0.13811252268602542,135.8368,4769.0,0.105,947.65,0.16431619586951832,0.004010274323704556,0.05885024309449754,1487.5904057059897,0.0,0.68830436,0.7219739622686234,0.021347182296243907
TOI-4087 b,13.04725353,232.01473711,0.10344827586206896,753.9,6060.0,0.0,1458.0,0.0,0.0,0.0,962.4300415604531,0.0,1.0026491,0.6515937499465461,0.021336795840033052
HD 40956 b,13.2,,0.3720508166969147,23.5561,4869.0,0.24,580.56,0.2365306829901969,0.028058102245206162,0.061521611369331236,3584.368608154337,0.0,0.641202,0.7307062836425767,0.021304025779005455
HAT-P-50 b,14.437192,429.0705,0.1415607985480944,2108.4362,6280.0,0.115,1862.0,0.0941669356261172,0.0001877865534530063,0.09921461772717141,1784.3490324594445,0.0,1.1122986,0.6254545490878302,0.021293993597684496
Kepler-1440 b,1.26,,1.0617059891107077,44.728,5698.0,0.0,597.0,0.0,0.0,0.0,8.896199466231437,0.0,0.5169884,0.7579401902301158,0.02129390775974283
WASP-70 A b,13.047,187.512,0.09056261343012705,649.1548,5763.0,0.0,1387.0,0.0,0.0,0.0,842.4992893768718,0.0,1.0062579,0.648954276674862,0.021291524405914922
Kepler-1568 b,1.3,,1.0163339382940109,72.568,5956.0,0.0,729.0,0.0,0.0,0.0,9.35308959120289,0.0,0.52373916,0.756019158310654,0.021283587314353158
Kepler-1268 b,2.03,,0.5698729582577133,40.652,5904.0,0.0,627.0,0.0,0.0,0.0,19.968928973515528,0.0,0.20091744,0.827565075822348,0.021276201692018003
Kepler-646 b,1.99,,0.5843920145190563,38.229,5634.0,0.0,632.0,0.0,0.0,0.0,19.290883193273892,0.0,0.18253206,0.8315119461109582,0.021272629816075517
TOI-905 b,13.125739,211.99261,0.09346642468239565,337.0,5570.0,0.024,1192.0,0.16308951516373157,0.0017156811212574723,0.08024790297587879,885.351102021813,0.0,0.87180483,0.6778680237925067,0.021266638954312533
Kepler-401 c,2.15,,0.5281306715063522,51.996,6117.0,0.0,598.0,0.0,0.0,0.0,21.985957250063045,0.0,0.21452646,0.8239720116598339,0.02126228946642572
Kepler-211 c,1.29,18.3,8.493647912885661,95.436,5123.0,0.0,841.0,0.0,0.0,0.0,76.37513561836334,0.0,2.0352569,0.41802477634778284,0.021244167694597388
XO-4 b,14.01125,451.3186,0.15063520871143377,1112.27,6397.0,0.0,1630.0,0.0,0.0,0.0,1735.5844457616465,0.0,1.0280393,0.6421492261742583,0.02124326639442202
Kepler-308 c,2.16,,0.5263157894736842,58.679,5895.0,0.0,714.0,0.0,0.0,0.0,22.21755489032368,0.0,0.1754171,0.8314047667619165,0.02123094970502328
WASP-188 b,14.81827249,458.626391301,0.1415607985480944,1278.0,6850.0,0.0,1666.0,0.0,0.0,0.0,1929.409191570786,0.0,1.2729979,0.587090439927616,0.021229901399266365
Wolf 503 b,2.043,6.26,0.52994555353902,69.6,4716.0,0.41,790.0,0.24635707173849017,0.00977298475564904,0.05743441790884387,18.928881907995645,0.0,1.1371629,0.6173006228641658,0.021229395516605673
NGTS-17 b,13.89913607,242.820902948,0.09074410163339383,1160.0,5650.0,0.0,1457.0,0.0,0.0,0.0,1020.6349468092722,0.0,1.1215012,0.6207673023835769,0.021228929455409315
HD 76700 b,9.6,,0.07531760435571688,723.1837,5644.0,0.09,1424.61,0.11769293738489447,0.0005991245526722149,0.08222471549925131,279.1250451194347,0.0,0.91282684,0.6671880704190246,0.021228418476596247
WASP-60 b,9.86392,174.8065,0.06860254083484574,925.4935,5900.0,0.0,1479.0,0.0,0.0,0.0,275.78931378493473,0.0,1.0980895,0.6254578620083593,0.021216113328179142
HD 109246 b,13.9,,0.10145190562613432,11.568,5844.0,0.12,507.43,0.24893580476626814,0.05367492098162893,0.08756745204890963,1141.2826605430885,9.273054450637911e-160,0.8166525,0.6875068022166816,0.021201661652926116
HIP 9618 c,3.42855926,7.0,0.18148820326678766,11.7,5649.0,0.0,470.31,0.0,0.0,0.0,30.6388169089695,3.4281018922082334e-164,0.222766,0.8195910649781019,0.021199492549633832
TOI-5205 b,11.6,343.0,0.21960072595281308,49.0,3430.0,0.02,737.0,0.2742085223714175,0.01689553330602249,0.023080621894530896,1435.8079327301655,0.0,0.98707473,0.6486420906602136,0.02117857549019299
OGLE-TR-56 b,15.278,441.77,0.12341197822141563,3942.3204,6050.0,0.0,2212.0,0.0,0.0,0.0,1843.5097558419686,0.0,1.3275088,0.5724492200668241,0.021168032835786478
K2-45 b,6.71,,0.12014519056261344,100.0,4103.0,0.1,1073.56,0.1921456276023676,0.005878876446637215,0.041058930384132636,152.041645221723,0.0,0.6248498,0.7285998834352096,0.021162376331189246
Kepler-411 d,3.319,15.2,0.4174228675136116,3.9,4974.0,0.128,410.0,0.47339361100689364,0.22197667351667952,0.06432654805790203,63.92733554942579,5.331426699354415e-07,0.20972486,0.8208161068674992,0.021158140869476996
HD 116029 b,13.6,,0.1764065335753176,4.1506,4819.0,0.0,400.04,0.0,0.0,0.0,1858.7458012117534,9.234479496281984e-09,0.7497062,0.7002775936323671,0.021149189226300453
HD 109833 c,2.59,,0.41379310344827586,77.4842,5881.0,0.3,756.7,0.24421428578755003,0.00884542624810801,0.08855585831060779,30.114187470357702,0.0,0.49887305,0.7557619635179067,0.021140813435826297
Kepler-1507 b,0.84,,0.8747731397459166,30.476,5410.0,0.0,630.0,0.0,0.0,0.0,2.1718103920093967,0.0,0.6932739,0.7115053766687488,0.02111636331658384
Kepler-350 d,2.8,14.9,0.4882032667876588,83.237,6492.3,0.0,782.0,0.0,0.0,0.0,44.89142427005744,0.0,0.263615,0.8062091995061998,0.021093711911211163
Kepler-54 b,2.1,0.98,0.13793103448275862,12.357,3705.0,0.022,453.0,0.4362090539722669,0.07915329868926473,0.03042688465031105,5.350673942969209,3.685094917147119e-187,0.80830574,0.6848798284150718,0.021091101598205493
HATS-72 b,8.0973816,39.855882,0.07459165154264973,49.58,4656.1,0.013,739.3,0.24825107735072632,0.014365709587088852,0.05583426831221167,165.88711404093118,0.0,0.7711097,0.6930646989004623,0.021088801973476564
Kepler-164 e,4.24,,0.2177858439201452,7.99,5888.0,0.0,429.0,0.0,0.0,0.0,69.53698015770763,4.6424395811233963e-63,0.2310884,0.8130952008824612,0.02108501058444764
HD 34445 g,13.6,,0.04773139745916516,0.0497,5836.0,0.032,131.09,0.24061635644285717,0.03187467428123819,0.08735374258691388,502.93224868178106,0.6968883997463714,2.4273047,0.3242951265914613,0.02108447453937575
Barnard c,0.743,,0.8148820326678766,4.7285,3195.0,0.08,400.0,0.5801950297214236,0.22861358532438578,0.016802906448682382,1.4000701382235032,8.847771382568756e-14,1.5924547,0.5097725765368172,0.021076526886288197
Kepler-65 e,13.9,260.0,0.09655172413793105,4.0231,6220.0,0.283,389.08,0.2517005943333629,0.12588143867146268,0.09761179676226635,1086.1580955436905,7.759656134821105e-08,1.3599666,0.5609488013234245,0.021062595735942824
Kepler-1483 b,1.52,,0.8294010889292197,265.018,6337.0,0.0,1131.0,0.0,0.0,0.0,12.200678251962165,0.0,0.5502929,0.7407688541748886,0.021053309540625703
Kepler-320 b,1.14,,1.043557168784029,280.559,6435.0,0.0,1292.0,0.0,0.0,0.0,6.476187426891155,0.0,0.79486704,0.6857658895122277,0.021039211753687226
NGTS-30 b,10.40193409,305.11527072,0.27041742286751363,172.857,5455.0,0.294,500.0,0.15507733984194058,0.002984387895050758,0.07717582945983166,1274.8690319046727,0.0,0.71134365,0.7038049497437245,0.021025665594112737
HD 5278 c,4.49,,0.2032667876588022,32.6706,6203.0,0.07,664.95,0.3067627505332546,0.02486808668302353,0.09715766415555281,77.07154341279622,0.0,0.18422182,0.8210715932211146,0.021024511561037282
GJ 887 c,2.43,,0.45190562613430135,2.5,3688.0,0.17,320.0,0.492287431357305,0.3114306100607212,0.02997275204359262,27.1615893133516,0.3607791516983532,0.79452884,0.6850213733339882,0.021019001287005366
Kepler-714 b,9.67,,0.07459165154264973,484.006,5995.0,0.0,986.0,0.0,0.0,0.0,282.5258918762853,0.0,0.9615011,0.6470901937888379,0.02100000066997134
HD 93351 b,1.69,,0.7223230490018149,522.5845,5408.0,0.549,1330.76,0.16854038722505946,0.0010537394324582477,0.07592028637066821,14.60428153050956,0.0,2.2885144,0.3513173898822661,0.020989160084025432
Kepler-1470 b,1.07,,1.0090744101633393,23.918,4961.0,0.0,574.0,0.0,0.0,0.0,5.178012983804405,0.0,0.6217948,0.7213993672368665,0.02096809765241224
Kepler-1984 b,6.81,,0.1177858439201452,48.82,3638.0,0.0,675.0,0.0,0.0,0.0,155.8199436617094,0.0,0.8891767,0.6609102426041757,0.02094388791263923
TOI-5181 A b,13.34989601,330.54154328,0.13793103448275862,1053.0,6060.0,0.15,1585.0,0.10463027039042176,0.0003909232944989625,0.09333760752254612,1374.6250408427675,0.0,0.9330298,0.6510430802945122,0.020941238508534073
KELT-2 A b,15.13215,540.311,0.16515426497277677,3108.45,6327.0,0.0,2080.0,0.0,0.0,0.0,2397.0677873960944,0.0,1.2226738,0.5862722782000624,0.020933617124136786
Kepler-1626 b,2.02,,0.573502722323049,1328.654,6826.0,0.0,1352.0,0.0,0.0,0.0,19.800593202511692,0.0,0.7630576,0.6883177321757118,0.020927593799876788
WASP-28 b,13.66374747,282.549453823,0.11817840290381126,695.65,6084.0,0.0,1456.0,0.0,0.0,0.0,1262.8047490915485,0.0,0.9603696,0.643576823388675,0.02090717617766508
Kepler-1986 b,1.89,,0.6243194192377496,26.62,5549.0,0.0,579.0,0.0,0.0,0.0,17.65553432529008,0.0,0.21026528,0.8101555115504472,0.02089828686082887
K2-116 b,0.69,,0.7803992740471869,78.6,4348.35,0.06,783.03,0.36775474273021297,0.012906234814700162,0.04761313244643378,1.0738725426410054,0.0,0.94130975,0.6468846994387957,0.020884150469123286
HAT-P-63 b,12.5428494,195.146641898,0.09800362976406535,387.4,5400.0,0.069,1237.0,0.13858393203869018,0.0012809578859596363,0.07570657690866939,810.0641147392319,0.0,0.80925953,0.6762312870772246,0.0208831197820714
Kepler-1907 c,1.15547044,,1.0544464609800364,20.6,5159.0,0.0,620.0,0.0,0.0,0.0,6.813804386354256,0.0,0.57561743,0.7281087257049694,0.02088014359615728
Kepler-813 b,2.14,,0.5317604355716878,56.04,5743.0,0.0,817.0,0.0,0.0,0.0,21.829608694312096,0.0,0.16026095,0.8197026903835722,0.02085929705719528
Kepler-117 c,12.341,584.78,0.31578947368421056,41.863,6150.0,0.0323,704.0,0.2945534500843134,0.02075680788533457,0.09574183896989694,2486.2071762235837,0.0,0.42541498,0.7602182196538821,0.02084763142820517
Kepler-362 c,1.45,,0.883847549909256,36.667,5788.0,0.0,543.0,0.0,0.0,0.0,11.286777880287813,0.0,0.4010442,0.7655673961980541,0.02084579089737194
DMPP-7 b,9.13,,0.08039927404718694,800.5908,5996.82,0.1,1480.51,0.11554333685193266,0.0005345250877463948,0.0916498370465044,256.30263391891935,0.0,0.91306084,0.6513526926006744,0.020839307437005183
Kepler-1178 b,1.07,,1.0090744101633393,23.237,4990.0,0.0,378.0,0.0,0.0,0.0,5.178012983804405,0.0,0.6180353,0.7161525677119122,0.020818119382968646
Kepler-1159 b,2.37,,0.46460980036297644,80.984,6217.0,0.0,677.0,0.0,0.0,0.0,25.907291626626694,0.0,0.21242003,0.805925148666674,0.020805816750798796
HATS-59 b,12.621334,256.17098,0.12704174228675136,269.0,5670.0,0.129,1128.0,0.14097323759637465,0.0018221946013106773,0.08291927125071018,1069.9188264710112,0.0,0.6854973,0.7004139916632877,0.02080025561285123
HD 4313 b,13.4,,0.2540834845735027,10.533,4943.0,0.147,502.39,0.28365056811519734,0.06700990313188215,0.06349842389270283,2560.8222892298177,3.2542141015479715e-127,0.5326389,0.7337286231608865,0.020782881699792297
Kepler-450 b,6.14,19.4,0.13611615245009076,94.325,6197.21,0.02,769.0,0.26209294924488374,0.008337130742223682,0.09700299193243768,131.97856052923788,0.0,0.39799473,0.7636428216114111,0.020781612040424256
TOI-5789 e,3.43,,0.2867513611615245,5.5729,5185.0,0.071,424.0,0.4663449311672691,0.16658007525891885,0.0699631351177905,48.47038368284052,6.593794416083404e-23,0.1416825,0.8206467155973374,0.0207806357738788
Kepler-1771 b,4.05537256,,0.23230490018148822,5.51,5661.0,0.0,391.0,0.0,0.0,0.0,64.89918677467588,3.9303624875236056e-22,0.22835755,0.8006455150930574,0.02076310084827909
Kepler-58 c,2.86,53.0,1.8148820326678767,64.389,5843.0,0.0,799.0,0.0,0.0,0.0,177.8423177984435,0.0,0.5124425,0.7368315158932718,0.02074856656580343
TOI-329 b,4.94057819,40.4,0.3339382940108893,576.8749,5614.0,0.39,1213.02,0.1364038187776237,0.0008271087336155364,0.08142330501681261,168.68954392494618,0.0,1.036992,0.6196011906150444,0.020736502410260624
TOI-1758 b,3.62,6.9,0.15063520871143377,21.05,5169.0,0.0,551.44,0.0,0.0,0.0,29.93234997416743,0.0,0.2519445,0.7942477923468448,0.02073479060393841
HD 210702 b,13.6,,0.19056261343012706,9.3194,4912.0,0.071,485.86,0.31238137572990776,0.08155351410352922,0.06267029972750414,2007.90441488924,8.572275569849671e-94,0.57761073,0.721358323012533,0.0207246601809378
TOI-1130 c,13.0,336.0,0.15009836660617062,30.0,4360.0,0.0398,650.0,0.26151746079829524,0.024865364419150198,0.047924346850444874,1381.321057444218,0.0,0.71243143,0.691287318937186,0.02072303263424865
Kepler-266 c,3.89,,0.24319419237749548,5.592,5885.0,0.0,421.0,0.0,0.0,0.0,59.964002388976276,3.822894037086624e-23,0.24071948,0.7962253131760708,0.020721954608331025
Kepler-953 b,4.21,,0.22141560798548096,5.84,5416.0,0.0,410.0,0.0,0.0,0.0,69.20590123598967,2.4052152331446473e-26,0.22531264,0.7995432067081689,0.020719218740837177
Kepler-1599 b,1.62,,0.764065335753176,8.196,5767.0,0.0,407.0,0.0,0.0,0.0,13.607055303788215,1.964562340511128e-67,0.38712692,0.763329617361034,0.02071426211774276
TOI-559 b,12.22899794,1910.14872607,1.0417422867513613,404.915,5925.0,0.151,1180.0,0.17036098770094082,0.001543666924199296,0.08973126035154054,7980.342271850335,0.0,0.6870751,0.6959658954076797,0.02069925208372217
WASP-175 b,13.540472,314.6517,0.13430127041742287,649.429,6229.0,0.0,1571.0,0.0,0.0,0.0,1396.593899099246,0.0,0.92383367,0.6432468855699265,0.020698580048312813
Wendelstein-2 b,12.9934728,232.33373,0.11252268602540835,282.3101,4591.0,0.057,2470.0,0.1522869209600287,0.0018977827008940275,0.054095207565300445,1033.961635501307,0.0,0.83849084,0.6621301740904512,0.02069586385171254
CoRoT-19 b,14.46,352.78,0.12885662431941924,1103.809,6090.0,0.047,2000.0,0.1222417778687885,0.0004399554110170026,0.0941390180049944,1631.9251595953249,0.0,0.98534423,0.6293903418434051,0.020694460851466267
HAT-P-53 b,14.773462,471.65972,0.14519056261343014,1400.0226,5956.0,0.134,1778.0,0.10003560953979981,0.000290364204115025,0.09055938451672417,1960.9830315082997,0.0,0.987325,0.6287600799411652,0.020689790862693687
GJ 163 c,2.5,,0.43375680580762255,1.2457,3500.0,0.099,305.07,0.58250486730561,0.5551274525058186,0.02495057968691241,28.389316553537533,0.9813969869851081,0.93869495,0.6395511685158708,0.020689007918932655
HAT-P-29 b,13.11453,279.6904,0.12900943738656986,433.0,6087.0,0.09,1281.0,0.13539290814465585,0.0011378748547349834,0.09405887695674896,1218.9005788853683,0.0,0.78662753,0.6728659647242824,0.02067597779691156
TOI-3629 b,8.29464572,82.63538582,0.14519056261343014,39.0,3870.0,0.05,690.0,0.2558329132548113,0.018663428776632983,0.03483464230378024,347.0727533537593,0.0,0.70246613,0.69134936661097,0.020669885532108696
TOI-530 b,9.30345398,127.1313628,0.16878402903811254,14.259,3659.0,0.0,565.0,0.0,0.0,0.0,569.314965424486,8.54148995953548e-262,0.88062847,0.6516697285598517,0.020669176557575546
Kepler-130 b,1.02,,0.9782214156079855,221.731,5884.0,0.15,982.0,0.28079742197808283,0.0037506951023645804,0.0886359993588593,4.348367998494511,0.0,0.6865644,0.6945277970873024,0.0206609960478561
Kepler-76 b,15.24424,638.8383,0.19963702359346644,3583.673,6409.0,0.0,2140.0,0.0,0.0,0.0,2962.4227089627534,0.0,1.2280145,0.5740014018702878,0.020660401772057635
K2-238 b,14.5717,273.3338,0.1016333938294011,1082.6407,5630.0,0.0,1587.0,0.0,0.0,0.0,1317.2120707451181,0.0,1.0788143,0.6067328572149467,0.020648722253471162
WASP-75 b,14.235,340.06,0.12522686025408347,1657.0,6100.0,0.0,1710.0,0.0,0.0,0.0,1513.06824108757,0.0,1.1057005,0.6004449143773722,0.020641220799663153
Kepler-1550 b,3.02,,0.33938294010889297,2.305,5991.0,0.0,348.0,0.0,0.0,0.0,39.156101522398956,0.6799872477560469,0.3439258,0.7698724717944685,0.020638532991833363
TOI-2570 b,13.64132951,260.61929374,0.10217785843920145,699.0,5771.0,0.0,1431.0,0.0,0.0,0.0,1086.4644088162145,0.0,0.9808483,0.6277650516160117,0.020629724086645988
WASP-68 b,14.79588,343.2564,0.1206896551724138,843.4794,5910.0,0.0,1490.0,0.0,0.0,0.0,1637.49905059805,0.0,0.9977833,0.6237543232357485,0.02062376384553437
HD 220689 b,13.7,381.3940884,0.14791288566243194,0.1074,5921.0,0.054,160.11,0.316454348410398,0.08211991450831645,0.08962440562052813,1593.1487262160072,0.7902392194221747,1.5326399,0.5044828543192011,0.020617930695130415
HD 136925 b,13.9,,0.09909255898366608,0.0518,5773.19,0.103,134.25,0.23150251031297045,0.032146616353747215,0.08567585617349965,1114.741203321156,0.7006827974554353,1.9393616,0.4137956106906083,0.02061375490139598
HD 217958 b,14.2,166.542085268,0.058076225045372055,0.1388,5930.64,0.156,169.89,0.2319984096985877,0.07355469973355092,0.08988192552221437,696.5495595140421,0.8364965506880472,2.0233357,0.394527572212991,0.020599475543327764
Kepler-1130 c,0.79239584,,0.8457350272232306,316.9,5450.0,0.0,1072.0,0.0,0.0,0.0,1.762582637514053,0.0,0.8215744,0.6616865541097814,0.02059211153211083
Kepler-324 b,1.14,2414.4,0.544464609800363,194.34,5194.0,0.0,935.0,0.0,0.0,0.0,3.3788803966388636,0.0,0.46999225,0.7397789495107502,0.020588318032924942
Kepler-1649 c,1.06,,1.0054446460980038,0.75,3240.0,0.0,234.0,0.0,0.0,0.0,5.016079037417973,0.9069044115854307,1.7378553,0.45654657020325323,0.020562101123165817
WASP-190 b,12.89035,317.83,0.14791288566243194,747.132,6400.0,0.0,1500.0,0.0,0.0,0.0,1327.0544655837525,0.0,0.92493737,0.637254486613174,0.020556902891198228
Kepler-371 c,1.78,,0.6751361161524502,17.063,5666.0,0.0,443.0,0.0,0.0,0.0,15.949238678455716,0.0,0.26722845,0.7832254237062269,0.02054691119117552
HD 34445 e,4.26,,0.2159709618874773,27.8395,5836.0,0.09,637.76,0.31117112267329716,0.028929950266869467,0.0873537425869293,69.93792920995679,0.0,0.10456334,0.8179046915118255,0.02050937341752815
Kepler-1554 b,2.9,,0.3575317604355717,1.014,5297.0,0.0,288.0,0.0,0.0,0.0,36.525589197810255,0.9854995668383135,0.44308966,0.742543451590081,0.020508865515834678
Kepler-355 b,1.46,,0.8747731397459166,154.803,6184.0,0.0,840.0,0.0,0.0,0.0,11.403616824159371,0.0,0.5014592,0.729454730868725,0.020506441825029954
WASP-16 b,13.67498,394.1092,0.10381125226860254,481.917,5700.0,0.0,1389.0,0.0,0.0,0.0,1112.0213840499657,0.0,0.9185621,0.6364204441084279,0.020501361883345358
NGC 2682 Sand 1429 b,13.4,,0.23774954627949185,37.2589,6000.0,0.0,683.0,0.0,0.0,0.0,2396.197999207901,0.0,0.5178137,0.7254041633210815,0.020496314292389822
CoRoT-6 b,13.068,940.74,0.42105263157894735,145.1436,6090.0,0.1,1017.0,0.20016213791855592,0.004619120583268731,0.09413901800500225,3935.9753759056703,0.0,0.45758733,0.7381600663809684,0.020480344947553575
TOI-757 b,2.5,10.5,0.6533575317604357,24.3644,5278.0,0.39,641.0,0.3084544384174214,0.031574854719294804,0.07244750761338743,42.76215045721135,0.0,0.93662435,0.6303244893702891,0.020450178772349198
TOI-2107 b,13.57407563,263.79757781,0.10471869328493648,508.468,5627.0,0.033,1397.0,0.14660650938584155,0.0010631476047094064,0.08177058289253254,1097.0934379139742,0.0,0.8751976,0.6427848339448569,0.020420336612034937
Kepler-326 b,1.52,44.6,12.667876588021779,783.449,5105.0,0.0,1127.0,0.0,0.0,0.0,186.3473396032733,0.0,2.6284537,0.25253703163499974,0.02041904619923204
Kepler-276 c,2.9,16.6,0.16152450090744103,19.793,5693.0,0.0,563.0,0.0,0.0,0.0,16.50140831779245,0.0,0.24757096,0.7817367123154156,0.020402354304347968
Kepler-1462 b,3.82,,0.25045372050816694,4.704,5756.0,0.0,390.0,0.0,0.0,0.0,58.47984132756573,1.970689600221606e-13,0.2393153,0.7833928443928067,0.020397887095766253
Kepler-1898 b,0.93353523,,0.9310344827586207,204.6,5702.0,0.0,1167.0,0.0,0.0,0.0,3.1728278714768203,0.0,0.708416,0.6787659987083171,0.020392308737446223
HAT-P-42 b,14.348,331.801,0.11070780399274048,684.0973,5743.0,0.0,1428.0,0.0,0.0,0.0,1369.7488657285223,0.0,0.96678317,0.6207245982133363,0.02037898218204659
HD 564 b,12.5,,0.05353901996370236,0.7254,5902.0,0.096,261.1,0.3265353484193053,0.3181768689624457,0.08911684564830363,438.0150828082411,0.9994853578354245,1.5327616,0.494284010790645,0.020367162951446673
Kepler-534 b,2.24,,0.5009074410163339,63.95,5884.0,0.0,721.0,0.0,0.0,0.0,23.582516529555242,0.0,0.16170827,0.7986205742026549,0.02034749363140931
TOI-1259 A b,11.6,141.0,0.08892921960072596,153.1389,4775.0,0.0,963.0,0.0,0.0,0.0,581.4428818494059,0.0,0.85418046,0.6442017432997634,0.02033995272258289
WASP-119 b,15.6926,390.9309,0.12704174228675136,907.8624,5650.0,0.058,1600.0,0.12131700383991091,0.0005250073207633063,0.08238499759574501,2056.457625241582,0.0,0.94780684,0.6224371236028439,0.020317083970582465
HD 155358 c,13.9,,0.09691470054446462,1.9155,5900.0,0.16,330.92,0.3138132601772844,0.2579159305207829,0.08906341828281253,1090.241396654757,0.9999919089676302,1.0980202,0.5889596696757688,0.020315931200958717
HD 143105 b,13.7,,0.14918330308529945,2502.0025,6380.0,0.07,2028.25,0.10066140984096837,0.0001710964463497,0.10188598600200136,1606.8322122080465,0.0,1.1125128,0.5856008743526573,0.02031264294877235
TOI-5634 A b,10.42,588.0,0.12407536454906691,77.0,3896.0,0.0,837.0,0.0,0.0,0.0,588.0,0.0,0.8998518,0.6327427691739383,0.020308036642245602
Kepler-865 c,0.89,,0.9056261343012705,164.98,5440.0,0.0,914.0,0.0,0.0,0.0,2.67428430798031,0.0,0.7045304,0.6760597498542533,0.020304271773899915
Kepler-1922 b,2.29064904,,0.48638838475499097,71.11,5931.0,0.0,740.0,0.0,0.0,0.0,24.487670173010994,0.0,0.16328636,0.7958721078360474,0.02028839327643231
Kepler-332 c,1.09,,1.0163339382940109,19.986,4955.0,0.0,550.0,0.0,0.0,0.0,5.513209950025439,0.0,0.6207799,0.6932619449044758,0.020268847754566874
WASP-72 b,14.45961,731.009,0.15789473684210528,6233.7915,6250.0,0.0,2210.0,0.0,0.0,0.0,1999.5211463311311,0.0,1.3539059,0.5293422128663239,0.020250134597183098
TOI-4214 b,10.68215861,165.27077164,0.13430127041742287,1210.0,6370.0,0.17,1642.0,0.10264454391178165,0.00033218567164414723,0.101618849174517,685.71838970107,0.0,0.9514617,0.6182117028717034,0.020232966031517377
Kepler-1341 b,2.99,,0.3448275862068966,1.141,4662.0,0.0,241.0,0.0,0.0,0.0,38.610388929770465,0.9863727507767,0.50502485,0.7172037142472986,0.020223977240822873
Kepler-688 b,9.76,,0.0736842105263158,458.912,5715.0,0.0,1005.0,0.0,0.0,0.0,286.9541414290416,0.0,0.9302292,0.6213092683826645,0.020192835003591487
Kepler-1144 b,1.99,,0.5843920145190563,62.061,5753.0,0.0,811.0,0.0,0.0,0.0,19.290883193273892,0.0,0.19462186,0.7847417746144738,0.02018592246316881
TOI-2076 c,3.54,7.2,0.15789473684210528,32.7,5187.0,0.036,581.0,0.3358885915445399,0.02671725941639463,0.07001656248328449,29.34040127198938,0.0,0.18512435,0.7866821908505891,0.020181650076492707
Kepler-197 d,1.22,,1.087114337568058,109.091,6004.0,0.03,810.0,0.4057807225099107,0.010421577462739197,0.09184164128865534,8.268815940386196,0.0,0.5694784,0.7006620498163962,0.020169808368458327
HD 28109 d,3.11,5.8,0.19963702359346644,17.3745,6189.0,0.0054,561.0,0.3837209552375271,0.05282763238830743,0.0967836725970761,25.1542204478336,0.0,0.25420466,0.77062119640283,0.0201647170217519
tau Cet h,1.19,,1.0834845735027223,8.3829,5310.0,0.23,473.22,0.4751967069636082,0.11647180829013616,0.07330234546133524,7.648076542806632,1.5809198007379504e-71,0.76303387,0.6573491059145777,0.020163983975280596
Kepler-1569 b,1.68,,0.7277676950998185,495.652,6319.0,0.0,1222.0,0.0,0.0,0.0,14.45470484972229,0.0,0.541921,0.7053864973068293,0.02013508223170949
Kepler-1327 b,1.8,,0.6660617059891107,79.9,5885.0,0.0,831.0,0.0,0.0,0.0,16.271237717011477,0.0,0.26933518,0.7657872748782889,0.020128561667159758
Kepler-853 b,1.69,,0.7223230490018149,499.301,6350.0,0.0,1187.0,0.0,0.0,0.0,14.60428153050956,0.0,0.54752386,0.7037439201888065,0.0201253283239672
Kepler-798 b,2.39,,0.46098003629764067,141.888,6224.0,0.0,864.0,0.0,0.0,0.0,26.36115470829266,0.0,0.2374011,0.7721505203503027,0.020110223562040442
Kepler-58 b,2.78,35.5,1.8330308529945554,112.992,5843.0,0.04,920.0,0.3287304921103572,0.008517091535178687,0.0875407383661831,164.9653648870868,0.0,0.5005489,0.7133991130726525,0.020105622857271247
TOI-2207 b,11.1529358,203.41018048,0.14519056261343014,406.0,6101.0,0.174,1259.0,0.1284279899218449,0.0011318380659688279,0.09443286851522595,843.7127346860659,0.0,0.7277831,0.6620436620359769,0.020086309186576366
Kepler-1576 b,1.04,,0.9927404718693285,156.608,5876.0,0.0,1059.0,0.0,0.0,0.0,4.677613720126153,0.0,0.66108906,0.6764742778070846,0.020076140910496188
HD 86226 b,14.3,143.0235,0.04882032667876589,0.1583,5863.0,0.059,176.0,0.27082276408582084,0.09515769983162092,0.08807501202111859,597.9947935972665,0.8630928072821936,2.057055,0.36576781913150336,0.020075459888571692
HD 167042 b,13.6,,0.17604355716878403,7.6592,4919.0,0.01,462.08,0.3655307597801627,0.1119520416358444,0.0628572955067417,1854.921221373869,2.313095100813947e-56,0.6555551,0.6774430238119721,0.02006966051848192
HD 20003 c,3.89,,0.24500907441016337,18.6659,5494.0,0.1,573.89,0.3403564985174998,0.04477371548428522,0.07821766308701325,60.41149494411789,0.0,0.06839542,0.8078845773879023,0.020063901076731283
WASP-197 b,14.44837612,403.324248483,0.13430127041742287,1276.0,6050.0,0.0,1665.0,0.0,0.0,0.0,1696.7812099376092,0.0,1.0293677,0.5929217015943247,0.02003693182458223
Kepler-1571 b,1.52,,0.8294010889292197,757.132,6297.0,0.0,1476.0,0.0,0.0,0.0,12.200678251962165,0.0,0.6646828,0.6734483381919857,0.020021259137426473
GJ 433 d,2.14,,0.5317604355716878,0.6312,3461.0,0.07,279.71,0.6294132156419914,0.5237553044543288,0.02390874605972906,21.829608694312096,0.9762654410507944,1.1446476,0.5662343040288998,0.02001150667520047
Kepler-20 e,0.821,0.76,1.3611615245009074,169.8,5495.0,0.092,1004.0,0.3059123064837482,0.005246857534659485,0.0782443767697733,3.155206189446168,0.0,0.8612927,0.6289546120092644,0.020003083440495884
Kepler-920 c,3.8,,0.25045372050816694,3.986,5403.0,0.0,364.0,0.0,0.0,0.0,57.566110461254716,1.3941664066234112e-07,0.24297078,0.7665402830748672,0.020002471760153996
K2-181 b,2.69,,0.3938294010889292,192.0,5528.0,0.4,949.0,0.19017935414205586,0.003029175901962759,0.07912592830045956,32.11098179201991,0.0,0.9815116,0.6018722919203031,0.019995020826956707
Kepler-1058 b,2.72,,0.3883847549909256,0.77,4644.0,0.0,239.0,0.0,0.0,0.0,32.73840341228933,0.9837991599596494,0.5960902,0.6875253243883316,0.019991955637290042
7 CMa b,13.4,,0.24319419237749548,3.7372,4826.0,0.06,387.33,0.39061034373778425,0.20853803536969037,0.06037292301115166,2451.07276254854,5.720494124021783e-06,0.62245625,0.6811581077929711,0.019979645550146353
Kepler-405 c,4.66,,0.19237749546279492,14.086,5818.0,0.0,557.0,0.0,0.0,0.0,81.5456175070789,1.7595306573292212e-254,0.21654792,0.7701801973706621,0.01994723310735409
Kepler-1253 b,1.33,,0.987295825771325,21.624,5850.0,0.0,501.0,0.0,0.0,0.0,9.729506959408015,0.0,0.49473733,0.7081119206346163,0.01994338954356045
Kepler-328 b,2.3,28.5,1.4156079854809438,57.079,6064.0,0.0,602.0,0.0,0.0,0.0,72.14647573298744,0.0,0.46124944,0.7150509832993112,0.019930722041923917
WTS-2 b,15.277867,355.9696,0.09800362976406535,2544.6509,5000.0,0.0,2000.0,0.0,0.0,0.0,1463.925397121651,0.0,1.3081702,0.5253709659666059,0.01990129130448008
Kepler-904 b,1.77,,0.6805807622504537,875.419,6160.0,0.0,1332.0,0.0,0.0,0.0,15.808405857752895,0.0,0.54925364,0.6941258701188752,0.019897702192989548
GJ 667 C b,2.25,,0.4972776769509982,5.3902,3350.0,0.2,,0.4286621158050227,0.15621090696540044,0.02094352727466813,23.726579181183713,1.0571609203280962e-20,0.97004765,0.6002651459797465,0.019892499656300223
K2-290 c,11.276254,246.00042,0.18330308529945555,28.2979,6302.0,0.0,676.0,0.0,0.0,0.0,1100.9128322341974,0.0,0.556787,0.6910406826542518,0.01986297552698778
Kepler-83 d,1.94,4.1,0.1016333938294011,28.81,4648.0,0.0,569.0,0.0,0.0,0.0,3.108352239043028,0.0,0.596595,0.681212327165119,0.019839088957799282
GJ 1132 c,1.52,,0.8257713248638838,2.1053,3090.0,0.19,300.0,0.5537498427900116,0.38523215945549416,0.013997969760110774,12.147283598780708,0.9190748500837134,1.4653398,0.48785268668309556,0.019838685245743126
TIC 87422071 b,10.8615023,409.99864503,0.34092558983666066,140.925,6150.0,0.124,1110.0,0.1944319877319924,0.00453342323441495,0.09574183896989835,1829.8601753140458,0.0,0.389644,0.7267402251632041,0.019826021938968534
TOI-1468 c,2.126,4.1,0.4192377495462795,2.13,3376.0,0.111,338.1,0.5415864616891243,0.37748868293334614,0.021638083026123467,16.874805308691766,0.8974726504687245,0.96456796,0.5984198303886592,0.019816941052588702
HAT-P-5 b,13.56289,311.4734,0.12130725952813066,850.6754,5960.0,0.0,1517.0,0.0,0.0,0.0,1267.7456217865656,0.0,0.95183897,0.6000167801756597,0.01978647084448392
Kepler-702 b,9.17,,0.07985480943738657,88.906,5419.0,0.0,713.0,0.0,0.0,0.0,257.92752687399513,0.0,0.71514,0.6526657496338334,0.019785743278034826
TOI-4364 b,2.01,,0.5771324863883848,13.3328,3528.0,0.29,488.0,0.3545566226096944,0.061208589938776134,0.02569856280386575,19.63144658511358,7.562481924263504e-224,1.0916669,0.568834113163415,0.01978491064974682
Kepler-1810 b,3.91815325,,0.2413793103448276,4.91,5492.0,0.0,380.0,0.0,0.0,0.0,60.81810818836193,1.9308230823204686e-15,0.22544782,0.7614946822858997,0.01978193741950565
Kepler-442 b,1.34,,0.9782214156079855,0.66,4402.0,0.04,241.0,0.8070744180336905,0.668838146075802,0.049046321525879275,9.8591658135348,0.9541758214701537,1.0236968,0.5833103397306293,0.01976886468310686
TOI-5616 b,10.78,624.0,0.1189158372161765,137.0,3996.0,0.0,939.0,0.0,0.0,0.0,624.0,0.0,0.91423625,0.6069535954054477,0.019751171047059465
HD 23079 b,13.2,,0.3666061705989111,0.5273,5994.0,0.07348,237.47,0.4524983440401132,0.3786131320379695,0.09157450446116129,3531.9144334008593,0.9999999998000717,0.9127761,0.6072148609976036,0.019749600878333648
Kepler-297 b,2.87,48.5,2.050816696914701,16.464,5619.0,0.0,509.0,0.0,0.0,0.0,203.0771894105363,0.0,0.58243346,0.6807089118116175,0.019748977615419414
HD 69830 c,3.46,,0.28493647912885667,17.417,5385.0,0.13,567.04,0.3429499574291003,0.04764073013400286,0.07530587166745001,49.43846286290655,0.0,0.06948321,0.794761131604802,0.019746332772100566
Kepler-257 d,4.95,,0.17840290381125226,15.2,5180.0,0.0,567.0,0.0,0.0,0.0,90.63712578984781,2.0504461003271545e-303,0.22670293,0.7595175283527852,0.019740080413998336
Kepler-1155 b,2.03,,0.5698729582577133,32.52,5842.0,0.0,609.0,0.0,0.0,0.0,19.968928973515528,0.0,0.19528683,0.7664754524597684,0.019739245167493907
Kepler-1780 b,3.60600667,,0.27041742286751363,3.14,5403.0,0.0,340.0,0.0,0.0,0.0,53.113247461503214,0.005471889641574075,0.2627275,0.7490651767275993,0.019680051661171497
HATS-9 b,13.85,266.02371,0.11361161524500908,2292.0839,5599.0,0.075,1746.0,0.09701178181473075,0.0001778494336020187,0.08102259977558177,1264.3306430037426,0.0,1.0784086,0.5670832435990921,0.01966900120156847
Kepler-341 e,1.99,,0.5843920145190563,25.667,6012.0,0.0,539.0,0.0,0.0,0.0,19.290883193273892,0.0,0.23495467,0.7546407613191243,0.019665126810982446
TOI-7510 c,10.81,131.0,0.10399274047186932,92.4087,5720.0,0.0091,702.0,0.21684479087563452,0.007300041029833132,0.08425495538812276,550.2609761749837,0.0,0.64914024,0.6618505813065746,0.01965005804070588
Kepler-299 e,1.87,,0.6352087114337568,20.174,5617.0,0.0,534.0,0.0,0.0,0.0,17.39922380349986,0.0,0.22901237,0.7553508572076112,0.019650029301822188
Kepler-856 b,9.3,,0.07840290381125227,153.497,5535.0,0.0,824.0,0.0,0.0,0.0,264.1615492247896,0.0,0.760663,0.6370270592364028,0.019649969045189557
Kepler-1605 b,1.08,,1.012704174228675,16.734,5280.0,0.0,528.0,0.0,0.0,0.0,5.343705012414057,0.0,0.60172814,0.6720805564884051,0.019642124485859915
Kepler-122 e,2.6,27.7,1.571687840290381,36.299,6050.0,0.0,618.0,0.0,0.0,0.0,115.7110797997386,0.0,0.48247558,0.6984173096039937,0.019637108173929788
TOI-2236 b,14.36991326,502.16888306,0.16878402903811254,1356.0,6248.0,0.0,1688.0,0.0,0.0,0.0,2097.8884837820897,0.0,0.9988634,0.5831794202966243,0.019629383658506805
Kepler-885 b,2.5,,0.43375680580762255,124.646,6187.0,0.0,830.0,0.0,0.0,0.0,28.389316553537533,0.0,0.20977049,0.7582114689497584,0.019614978193183204
WASP-26 b,13.56289,270.1555,0.12758620689655173,1225.5264,6034.0,0.0,1650.0,0.0,0.0,0.0,1333.3650090079723,0.0,1.002268,0.5817098680216422,0.01961183383144903
Kepler-215 d,2.39,23.6,1.7241379310344829,21.404,5739.0,0.0,527.0,0.0,0.0,0.0,98.59486997196073,0.0,0.5147922,0.6901683588516042,0.019611056207665692
Kepler-350 b,1.85,16.9,0.8892921960072596,257.721,6186.0,0.0,1037.0,0.0,0.0,0.0,23.585673144077152,0.0,0.45569664,0.702670944925745,0.019595045992583233
HD 154088 b,2.46,,0.4428312159709619,41.2119,5374.0,0.344,689.99,0.27241773729217766,0.01739989778972432,0.07501202115722186,27.61418042439924,0.0,0.6570836,0.65671460473492,0.019567021961517418
Kepler-53 c,3.17,36.0,0.16696914700544466,23.176,5858.0,0.0,550.0,0.0,0.0,0.0,22.279355555993412,0.0,0.23893476,0.7494321876898007,0.019558555637861436
Kepler-378 b,0.75,,0.8203266787658802,17.819,4661.0,0.0,503.0,0.0,0.0,0.0,1.4496369004994643,0.0,0.86498606,0.609607471707999,0.019546376099473513
KELT-16 b,15.860735,874.0325,0.2177858439201452,6992.0328,6236.0,0.0,2453.0,0.0,0.0,0.0,3639.889366436618,0.0,1.3490413,0.501324356262258,0.019532710695743617
GJ 676 A e,2.47,,0.44101633393829404,2.7678,3734.0,0.152,351.55,0.49295180218831935,0.29157527877648476,0.03120158145001427,27.837750867808452,0.09281170953529905,0.7252837,0.6396996370318195,0.01952174096991703
TOI-5542 b,11.30986153,419.53349724,0.29038112522686027,9.6,5700.0,0.018,441.0,0.42077254209473214,0.10563491700912697,0.08372068173316279,1759.6603828076716,4.577231520350602e-101,0.3950092,0.7124447031522574,0.019503026895591486
Kepler-1003 b,1.78,,0.6751361161524502,814.925,6109.0,0.0,1157.0,0.0,0.0,0.0,15.949238678455716,0.0,0.52393997,0.683683350774898,0.019501370435565706
HD 206610 b,13.4,,0.26860254083484575,6.2426,4842.0,0.1,437.88,0.33530859184915607,0.12146047575459888,0.06080034193512508,2707.1549914715215,5.387621092068118e-32,0.54942477,0.6778233762207315,0.019496730362206376
TOI-1601 b,14.19902343,387.0,0.13430127041742287,1071.42,5982.0,0.0,1493.97,0.0,0.0,0.0,1610.4385488445896,0.0,0.9771228,0.5825471647009235,0.019494511723078457
6 Lyn b,13.4,,0.2486388384754991,3.1949,4941.0,0.042,371.86,0.42480282003521436,0.25337823112792546,0.0634449965272056,2505.947525889179,0.0033088848526561785,0.6321274,0.6590163547926816,0.019486840307138355
Kepler-1238 b,1.93,,0.6079854809437387,1195.201,6386.0,0.0,1389.0,0.0,0.0,0.0,18.30854131939945,0.0,0.6095005,0.6639979177507922,0.019485505283698672
Kepler-1678 b,3.30422249,,0.30127041742286753,2.78,5754.0,0.0,329.0,0.0,0.0,0.0,45.52531370615489,0.08670721130898057,0.2863716,0.7351482255539796,0.019466680868991466
kap CrB b,13.3,689.6911,0.29219600725952816,1.7376,4840.0,0.04,319.32,0.47746899650308156,0.42180659302676815,0.06074691456962836,2879.5048170306795,0.9999999979570073,0.714421,0.6398643529426321,0.01946620107972461
Kepler-55 c,2.21,69.8,6.442831215970962,3.84,4362.0,0.0,349.0,0.0,0.0,0.0,291.30114022072905,1.3140452551767086e-06,1.8395923,0.3884125512164544,0.01944057251086226
K2-140 b,13.56286665,295.58041851,0.11978221415607987,204.0,5585.0,0.0,962.0,0.0,0.0,0.0,1251.801366708512,0.0,0.75323737,0.629771717703979,0.01943035857979481
TOI-1333 b,15.647764,753.2571,0.1960072595281307,1112.85,6274.0,0.073,1679.0,0.12034543703300275,0.0004352521445234006,0.09905433563068393,3145.7023609271423,0.0,0.92979395,0.590163384254809,0.01942259718991564
Kepler-1181 c,1.83,,0.6533575317604357,377.25,6688.0,0.0,1124.0,0.0,0.0,0.0,16.772306122820083,0.0,0.5785796,0.668295983283366,0.01942181255457043
WASP-133 b,13.56289,368.6828,0.15970961887477314,2054.7956,5700.0,0.17,1790.0,0.09185377632800626,0.00018648307971132758,0.08372068173316179,1669.0771094267645,0.0,0.98909485,0.5758986515373317,0.019396290816021587
Teegarden's Star b,1.05,,1.0,1.08,3034.0,0.03,277.0,0.8568971394404677,0.8471691680713791,0.012502003526206052,4.849048260815846,0.9037083664753013,1.7788197,0.39916999929481634,0.019372337124991302
24 Boo b,13.9,,0.10417422867513611,2001.2754,4816.0,0.032,1840.86,0.10954569649731942,0.00022829141093755285,0.060105786183667034,1171.907418876087,0.0,1.1651661,0.5352368895247036,0.01935989624805698
HATS-52 b,15.490838,711.9392,0.19237749546279492,1310.22,6010.0,0.246,1834.0,0.0942569100435521,0.0002928875386518217,0.09200192338513416,2995.4881944272506,0.0,1.1421049,0.5400241641744845,0.01935138811547612
Kepler-31 b,5.5,36.7418,0.1415607985480944,91.474,6340.0,0.0,781.0,0.0,0.0,0.0,98.65513191481705,0.0,0.42025334,0.7005382700534868,0.01934800107405
TOI-6029 b,14.39233122,519.649445445,0.17386569872958257,806.794,6223.0,0.091,1484.0,0.12326513750461988,0.0005933395797330372,0.09769193781051973,2171.1806258572806,0.0,0.848493,0.6048767519540558,0.0193392551932294
TOI-4463 A b,13.26022417,252.355755158,0.10798548094373865,633.0,5640.0,0.0,1395.0,0.0,0.0,0.0,1054.645671119482,0.0,0.91267836,0.5898055508261012,0.0193198668878417
TOI-1136 f,3.73591482,9.7,0.16152450090744103,26.4328,5770.0,0.001,658.0,0.2495033335785842,0.023977171823394827,0.08559063952553975,35.27913384091849,0.0,0.22634423,0.7425295932796969,0.019319303049168866
K2-266 c,0.705,,0.8257713248638838,32.4,4285.0,0.042,664.5,0.4648541119224514,0.03613922620516704,0.04592082064432898,1.2120366659089012,0.0,0.9625179,0.5780921657608916,0.019304548286633944
HR 858 d,2.001,7.1,0.8892921960072596,217.0,6354.0,0.0,1061.0,0.0,0.0,0.0,29.84519057397913,0.0,0.45765036,0.68819139501108,0.019248796326616774
HIP 90988 b,13.4,,0.2776769509981851,4.1955,4883.0,0.081,400.77,0.373592302481986,0.1834747457125488,0.061895602927805174,2798.6129303725866,4.230773487833309e-09,0.5779523,0.6613248082675751,0.019246508141826248
Kepler-1093 c,1.96,,0.5952813067150635,18.1,6166.0,0.0,508.0,0.0,0.0,0.0,18.77496206720648,0.0,0.28599003,0.7257485758090295,0.01923285466204109
HD 130322 b,13.7,,0.14174228675136116,67.9633,5387.0,0.029,720.0,0.23328504314745888,0.010627113687944622,0.07535929903294308,1526.6860799689591,0.0,0.59986824,0.6553646044165254,0.019219815792112915
Kepler-125 c,0.74,,0.8112522686025408,16.81,3810.0,0.0,529.0,0.0,0.0,0.0,1.3770182393995083,0.0,1.182997,0.5253720110320709,0.019214527206017094
TOI-6016 b,13.67495645,371.85923619,0.14700544464609802,940.0,6110.0,0.0,1890.0,0.0,0.0,0.0,1574.7074607458667,0.0,0.9232441,0.5816174479097712,0.019175973951944147
Kepler-514 b,1.72,,0.7078039927404719,506.412,6106.0,0.0,1248.0,0.0,0.0,0.0,15.086446541898932,0.0,0.47932425,0.6803537029459114,0.01917448956577521
XO-1 b,12.77826,263.7989,0.11615245009074411,321.85,5750.0,0.0,1210.0,0.0,0.0,0.0,1015.15450426686,0.0,0.7860099,0.6120609233926295,0.019173542150841775
Kepler-527 b,2.84,,0.3684210526315789,147.046,6388.0,0.0,1157.0,0.0,0.0,0.0,35.34989014533763,0.0,0.25095296,0.7307303648010155,0.019163433889353588
K2-118 b,2.54,,0.4246823956442831,4.3,4726.29,0.2,394.64,0.4459084003626855,0.1916383317662927,0.057709301704321724,29.151037606909984,6.344182200444727e-10,0.3813302,0.701628757256683,0.019161325037338417
Kepler-528 b,2.08,,0.5517241379310345,68.971,5807.0,0.0,708.0,0.0,0.0,0.0,20.79699555273639,0.0,0.18234693,0.7458511067101241,0.019159788757138394
Kepler-959 b,4.38,,0.2087114337568058,165.868,7005.0,0.0,1912.0,0.0,0.0,0.0,73.46105858716771,0.0,0.55695355,0.6614980490811516,0.01913556472420152
Kepler-140 c,1.8,,0.6660617059891107,9.957,6077.0,0.0,428.0,0.0,0.0,0.0,16.271237717011477,9.977747592038105e-111,0.35011667,0.7070404124999351,0.0191234806406587
WASP-80 b,11.197791,170.99254,0.13012704174228676,72.442,4143.0,0.002,825.0,0.1789874132532238,0.007632324517394912,0.04212747769406463,765.3379315452892,0.0,0.8047692,0.6056705463360874,0.019118925024071073
HD 4732 b,13.4,,0.2613430127041742,10.3009,4898.0,0.266,498.53,0.25621857061126463,0.06170472659864752,0.06229630816902969,2633.9886403506694,1.9946087460398494e-120,0.8006338,0.6063572438401986,0.019113164595518654
WASP-66 b,15.6926,746.9005,0.20762250453720507,1434.7739,6600.0,0.0,1569.7,0.0,0.0,0.0,3360.839318966242,0.0,1.1137847,0.5360460691355763,0.019097929689461852
WASP-4 b,15.12091496,381.3940884,0.11745626134301271,1188.6219,5436.0,0.0053,1653.0,0.11541807139859864,0.000389237029207321,0.07666826948760976,1700.9791692772787,0.0,1.0364265,0.552021100869483,0.01906732561045161
Barnard b,0.72,,0.7985480943738658,6.76,3195.0,0.03,438.0,0.6278860333940373,0.18761656012140562,0.016802906448682396,1.248496060248074,3.2417430537690106e-40,1.5933937,0.42739787360121,0.019050867849311832
WASP-155 b,13.45077684,276.828542497,0.11252268602540835,771.0,5660.0,0.0,1468.0,0.0,0.0,0.0,1147.0195026828067,0.0,0.93107307,0.5740942918279416,0.019033458458973466
HATS-24 b,15.636555,718.2958,0.1869328493647913,2706.9606,6125.0,0.0,2166.0,0.0,0.0,0.0,2993.625472036897,0.0,1.1280358,0.5299308204556189,0.01902536039835587
Kepler-19 b,2.209,6.1,0.5626134301270418,87.6,5541.0,0.41,851.0,0.23878981553542677,0.007693501401763224,0.07947320617618922,25.403049349316774,0.0,1.0544528,0.5448310077314413,0.018988970433344642
Kepler-231 c,1.93,24.1,0.17604355716878403,6.267,3767.0,0.0,393.0,0.0,0.0,0.0,5.301279128303721,1.9348078454900405e-32,0.7999449,0.6011514093503708,0.018981043177675502
HD 216435 b,13.7,,0.15535390199637023,0.5501,5999.0,0.07,242.57,0.3966362357084836,0.33808053728325127,0.09170807287489634,1673.2948584550945,0.9999996371773359,1.0877284,0.5366309466293501,0.018969385732534056
Kepler-1615 b,2.06,,0.558983666061706,31.171,5865.0,0.0,658.0,0.0,0.0,0.0,20.468658866998627,0.0,0.19194393,0.7357976442418839,0.01896459337193061
WASP-85 A b,13.89916,402.05495,0.15970961887477314,640.3258,6112.0,0.0,1452.0,0.0,0.0,0.0,1796.3267845045673,0.0,0.84776914,0.5890032360124656,0.018943948468436802
Kepler-11 c,2.87,2.9,0.11978221415607987,107.224,5663.0,0.026,786.0,0.2753271727005465,0.007373844962421203,0.08273227547147105,11.861145576190616,0.0,0.33530536,0.7025711855245862,0.018932033947448183
BD+15 2375 b,13.8,,0.1279491833030853,111.9838,4649.0,0.001,883.68,0.14046541129403436,0.004087625147205885,0.055644601164701754,1408.5211954640172,0.0,0.78447753,0.6025000247874847,0.018929426138317083
Barnard d,0.694,,0.7840290381125228,10.0441,3195.0,0.04,483.0,0.5592583920271195,0.12115778183994534,0.016802906448682417,1.097739188869705,2.8373808870224487e-113,1.5756547,0.42570714138864313,0.0189118577967083
Kepler-110 c,2.21,,0.5099818511796733,45.336,5960.0,0.0,743.0,0.0,0.0,0.0,23.057921240007,0.0,0.17448668,0.7361581004146625,0.018877696900639958
Kepler-82 e,2.47,254.02,0.09800362976406535,144.337,5428.0,0.0,926.0,0.0,0.0,0.0,6.186166859512991,0.0,0.4919437,0.6653130032667052,0.01887292557371342
Kepler-1997 b,2.28,,0.49001814882032674,44.86,6215.0,0.0,660.0,0.0,0.0,0.0,24.327938855799818,0.0,0.21472521,0.726675862039706,0.018864705513978414
K2-22 b,2.3,444.962,8.730734994828959,114.0,3879.0,0.19,2100.0,0.19489882421602317,0.004928820712769128,0.035075065448526545,444.96200000000005,0.0,2.2669065,0.26983530262317873,0.01886179942239897
Kepler-85 d,1.2,8.69679,0.7985480943738658,38.39,5436.0,0.0,626.0,0.0,0.0,0.0,5.780074353000342,0.0,0.446558,0.674629636376821,0.018853593220071494
Kepler-282 e,3.1,56.2,1.8874773139745917,24.114,5656.0,0.0,484.0,0.0,0.0,0.0,235.53498902073147,0.0,0.51267815,0.6584741342599816,0.018818088727141555
47 UMa c,14.2,,0.05970961887477314,0.1217,5872.0,0.098,164.38,0.24753491624612248,0.07055154584689101,0.08831543516585477,716.1400158753745,0.8117358270195205,1.9862734,0.33007467358195614,0.018807146109020047
GJ 338 B b,3.25,,0.308529945553539,3.9278,4014.0,0.109,391.0,0.4555559860737187,0.21309503971928886,0.03868141261953652,44.36454326184406,3.4574866360849667e-07,0.48146468,0.6648327503249309,0.018803590305276122
WASP-158 b,11.99363,886.7457,0.5626134301270418,903.013,6350.0,0.0,1590.0,0.0,0.0,0.0,4065.843376539124,0.0,0.73971766,0.6068580164955976,0.018791280525398166
Kepler-1070 b,1.73,,0.7005444646098004,380.134,6261.0,0.0,1101.0,0.0,0.0,0.0,15.193667726976054,0.0,0.47673965,0.6653024388001614,0.01878924469873146
HD 112640 b,12.9,,0.7386569872958259,98.0969,4155.0,0.24,959.65,0.1931154590917502,0.006445232320654896,0.04244804188705026,6642.025683049976,0.0,0.89847183,0.5709397510864695,0.018776814505954906
Kepler-388 c,0.86,,0.8874773139745916,16.64,4498.0,0.0,515.0,0.0,0.0,0.0,2.3645103714706974,0.0,0.8334122,0.5842944054939839,0.018749087433778754
HATS-68 b,13.809488,410.0007,0.15535390199637023,1521.0,6147.0,0.036,1741.0,0.1239953741983782,0.000332406090992434,0.09566169792164886,1713.7343670215257,0.0,0.9616574,0.5555989832692977,0.018745294992818358
Kepler-1478 b,1.73,,0.7005444646098004,85.282,5904.0,0.0,598.0,0.0,0.0,0.0,15.193667726976054,0.0,0.29787913,0.7030605387468973,0.018738750938110272
47 UMa b,13.2,,0.3484573502722323,0.3576,5872.0,0.032,215.23,0.4822672496415654,0.3145795488631623,0.08831543516586876,3357.0671842225984,0.9999999996429672,1.0071265,0.5446162598609784,0.018724009944260888
HIP 91258 b,13.7,,0.13430127041742287,166.6086,5519.0,0.02,1024.97,0.2026595826418862,0.004086971693507092,0.07888550515571796,1446.5399477298715,0.0,0.6705274,0.619467851705771,0.018722527907146805
K2-89 b,0.615,,0.7295825771324863,78.0,3691.0,0.15,830.07,0.3026884752760237,0.010817777196344715,0.030052893091839318,0.7108670934047446,0.0,1.342099,0.46988286439399507,0.018719481983314804
Kepler-43 b,13.663771,1026.5909,0.9074410163339384,1138.115,6041.0,0.017,1620.0,0.18569383276366908,0.000659807979420358,0.09283004755034276,9696.5834440595,0.0,0.85698956,0.5774546904531438,0.01870982821861633
HATS-77 b,13.05846252,436.696231218,0.1954627949183303,78.37,4071.0,0.045,828.3,0.22078258631883807,0.008925254250739435,0.0402040925361888,1823.1770881470018,0.0,0.7411133,0.6031860102820725,0.018708411127458843
Kepler-1542 b,0.76,,0.823956442831216,518.437,5564.0,0.0,1160.0,0.0,0.0,0.0,1.515073284023748,0.0,0.90420836,0.5661381986751634,0.018689915205525515
HD 170469 b,14.1,,0.07459165154264973,0.3188,5842.0,0.11,209.6,0.29750487483685595,0.17701841887733527,0.08751402468340848,875.8629796721907,0.9960818193776867,1.5700781,0.4176875529167437,0.018683550526947087
Wendelstein-1 b,11.5609626,188.15536,0.1306715063520871,113.6142,4251.0,0.012,2198.0,0.21461159399938576,0.006097616161975123,0.04501255543088063,845.7684794372652,0.0,0.78314126,0.5927023448765749,0.01868054928593229
HD 177565 b,4.0,,0.23593466424682397,14.5941,5627.0,0.0593,539.21,0.38531869503100863,0.06273755929457513,0.08177058289253604,63.24997187626637,2.8865465891421653e-276,0.09270896,0.7461060294225892,0.01867425535906786
Kepler-430 c,1.75,,0.6896551724137931,9.096,5884.0,0.0,458.0,0.0,0.0,0.0,15.482274140535905,3.2608980400764955e-88,0.34145606,0.6906876054147946,0.01867281112640821
Kepler-817 b,9.03,,0.08148820326678767,550.203,5861.0,0.0,1124.0,0.0,0.0,0.0,251.3313143413949,0.0,0.87664497,0.5714361785018038,0.018669295724240267
Kepler-852 b,2.54,,0.4246823956442831,92.131,6100.0,0.0,565.0,0.0,0.0,0.0,29.151037606909984,0.0,0.17360441,0.7274508154869909,0.018658192510010475
Gliese 48 b,2.77,,0.38112522686025413,0.89,3450.0,0.0,271.0,0.0,0.0,0.0,33.93091821479693,0.9844746213013943,1.064223,0.5276296538404993,0.018618506627815886
HD 17674 b,13.9,,0.1027223230490018,0.7946,5904.0,0.13,259.52,0.3464000876406907,0.3599932784788581,0.0891702730138056,1155.5742144318208,0.9999944101904414,1.1971489,0.49782495347801375,0.0186130480017628
Kepler-1484 b,2.11,,0.5408348457350273,35.92,5730.0,0.0,624.0,0.0,0.0,0.0,21.281421841846257,0.0,0.16434395,0.7275242769530824,0.018609194054694685
HD 98219 b,13.4,,0.2595281306715064,7.0547,4925.0,0.079,453.77,0.34031726732441164,0.11173547588521747,0.06301757760323345,2615.697052570457,4.122092071768801e-45,0.52484846,0.6471234684705743,0.018605031862860902
Kepler-1570 b,1.07,,1.0090744101633393,76.457,5550.0,0.0,836.0,0.0,0.0,0.0,5.178012983804405,0.0,0.58805513,0.6327894029874839,0.018598446636031774
Kepler-1457 b,1.99,,0.5843920145190563,23.468,5866.0,0.0,478.0,0.0,0.0,0.0,19.290883193273892,0.0,0.2150574,0.7154740639063897,0.018590366434834592
Kepler-217 c,1.85,,0.6424682395644283,730.808,6171.0,0.0,1208.0,0.0,0.0,0.0,17.039445495925126,0.0,0.49922514,0.6518513001177549,0.018581000879106486
HAT-P-14 b,15.91678,1093.3352,0.2831215970961888,1038.78,6600.0,0.11,1624.0,0.11982090168655912,0.00046485905437545436,0.10776299620663105,4782.194652095918,0.0,0.9671281,0.5470748376035999,0.018565162438522183
HD 2685 b,16.14096,371.8611,0.0882032667876588,1436.49,6801.0,0.091,2061.0,0.09440247217989517,0.0002689966304512256,0.11313244643902745,1553.6792424539715,0.0,1.4955155,0.429346391949151,0.018561875856580853
K2-34 b,13.75,539.67534,0.1705989110707804,963.566,6168.0,0.0,1687.0,0.0,0.0,0.0,1857.68878204984,0.0,0.8928026,0.5633870479572554,0.01855950994596025
TOI-216.01,10.1,177.98390792,0.13793103448275862,10.1,5026.0,0.0046,497.0,0.31623740809213635,0.07507823533139284,0.06571565956080792,595.2709981767755,1.0561790435236363e-114,0.5536228,0.6383190791578979,0.01854585094594527
K2-25 b,3.44,24.5,0.6007259528130672,9.91,3207.0,0.428,494.0,0.3193790151044702,0.07348987975661948,0.017123470641661694,102.43310369986762,2.0307089324080141e-109,1.8954964,0.33937007843929007,0.018538241247529955
Kepler-1489 b,1.77,,0.6805807622504537,11.893,5655.0,0.0,400.0,0.0,0.0,0.0,15.808405857752895,9.246718975576355e-171,0.2910898,0.6958680781015667,0.018524181758935474
K2-72 e,1.29,,1.0272232304900182,1.2,3360.47,0.11,286.34,0.6859482080061213,0.6476752543723833,0.0212232195330438,9.2368219572636,0.951858143713432,1.4229735,0.4437591265818784,0.018519180359811344
Kepler-1690 b,2.81109223,,0.3720508166969147,1.2,5404.0,0.0,267.0,0.0,0.0,0.0,34.61913049016424,0.984676114948132,0.4108202,0.6684827451423436,0.018505968637765366
Kepler-317 b,2.09,109.8,11.996370235934664,151.652,5497.0,0.0,976.0,0.0,0.0,0.0,458.7513214566826,0.0,2.2606838,0.25606433653845695,0.01848815690225996
24 Sex b,13.4,,0.2613430127041742,8.2099,5098.0,0.09,471.32,0.3257456227943151,0.09449769762528216,0.0676390447186886,2633.9886403506694,1.0220078626535222e-67,0.48930556,0.6494329726668293,0.018466955017704473
HAT-P-68 b,12.016048,230.10892,0.13194192377495462,184.8,4508.0,0.041,1027.8,0.18125599007503526,0.0033122781421634183,0.05187797189719257,958.8626118666407,0.0,0.72136015,0.5973033019916156,0.01845500264817821
WASP-120 b,15.58048317,1541.4755,0.42361288566243194,1818.5489,6450.0,0.057,1749.0,0.12757555943277749,0.00029696025849924916,0.10375594379439056,6711.205482602707,0.0,0.9758738,0.540612761201686,0.01845383617115565
TOI-6054.02,2.82,9.3,0.40834845735027225,285.0,6047.0,0.332,1143.0,0.18182619821242108,0.002026861370004995,0.0929903296468256,38.35896261338061,0.0,0.725026,0.5945210166634695,0.01840652357786394
HD 4208 b,13.9,,0.0956442831215971,0.2878,5717.0,0.042,196.68,0.35858046075207756,0.19896123389319137,0.08417481433987392,1075.9498427660242,0.9846351173590847,1.4369007,0.4358948548761675,0.018401714855368477
K2-204 b,3.17214154,,0.3194192377495463,290.0978,5783.0,0.28,1148.0,0.17814854019187826,0.00196123563290074,0.08593791740127384,42.70781470196257,0.0,0.48044452,0.648514738321935,0.018395699646802485
WASP-61 b,15.80469,851.7844,0.25825771324863883,1062.0298,6250.0,0.0,1624.4,0.0,0.0,0.0,4270.707778310118,0.0,0.9175146,0.5510845428356927,0.018391800164877223
TOI-5292 A b,12.64373023,412.859100693,0.2032667876588022,102.0,3919.0,0.034,809.0,0.21971823454101216,0.0069906017123518675,0.036143612758447984,1720.999310179873,0.0,0.7960709,0.5773771802734999,0.018373674044096892
Kepler-68 d,13.9,267.0,0.09909255898366608,0.7889,5847.0,0.102,260.75,0.35909663976677536,0.3715379447044019,0.08764759309715271,1114.741203321156,0.999992965604573,1.1905828,0.48936277061430417,0.018368400159422645
Kepler-1025 b,1.98,,0.5880217785843921,17.952,6089.0,0.0,1654.0,0.0,0.0,0.0,19.11954669764277,0.0,0.26522738,0.6952356946264071,0.018366691597603298
CoRoT-23 b,11.77,889.9,0.544464609800363,530.0221,5900.0,0.16,1660.0,0.1507250489612044,0.0010595424698273477,0.08906341828282867,3718.670115886868,0.0,0.5604034,0.6290274470462641,0.0183539845406409
HATS-1 b,14.594,589.55,0.1869328493647913,489.9461,5870.0,0.12,1359.0,0.13187985121462456,0.0010018977488905428,0.0882620078003721,2433.869346047772,0.0,0.7153386,0.5933274740061509,0.0183239465622344
WTS-1 b,16.7,1274.44,0.29219600725952816,554.9183,6250.0,0.1,1500.0,0.13827646595341112,0.0009543710020293315,0.09841320724472762,5700.491467082325,0.0,0.7932195,0.5757436844817633,0.018317758103517497
HD 152581 b,13.4,,0.24682395644283125,5.4072,5027.0,0.04,426.55,0.39328173815726963,0.15904258650428474,0.06574237324355915,2487.655938108966,6.808961303509228e-21,0.55888224,0.6275861440612179,0.018310105335817804
HD 4917 b,13.5,,0.2087114337568058,20.9781,4802.0,0.066,479.78,0.2755704074487769,0.036037919557401675,0.059731794625192534,2150.9789301481874,0.0,0.5218704,0.6356984689767268,0.018307027705874813
Kepler-703 b,8.2,,0.09237749546279492,373.108,6185.0,0.0,1038.0,0.0,0.0,0.0,213.35181900454174,0.0,0.7828402,0.5775131435393324,0.018304432656919535
HD 74698 b,5.12,,0.17096188747731397,123.0,5783.0,0.1,925.57,0.2131828349755359,0.005262840062631202,0.08593791740126895,96.11646640698535,0.0,0.20217165,0.7067012110746815,0.018303385936711193
HD 219134 g,3.28,,0.30490018148820325,2.2009,4913.0,0.0,339.34,0.0,0.0,0.0,45.06795202233463,0.8410158668354034,0.34455505,0.6748281326405106,0.01829882551029748
TrES-2 b,15.24424,473.5667,0.1604355716878403,903.864,5850.0,0.0,1466.0,0.0,0.0,0.0,2380.7106133846128,0.0,0.9099485,0.5479792344478167,0.018273730720074696
Kepler-1276 b,1.19,,1.0707803992740472,139.77,6188.0,0.0,886.0,0.0,0.0,0.0,7.55840060344374,0.0,0.66044194,0.6031940418700434,0.018265988067580716
HD 217107 b,13.6,459.579876522,0.18148820326678766,231.1546,5622.0,0.1284,1105.84,0.15243853903177412,0.0022867324047307937,0.08163701447879446,1912.289918942133,0.0,0.5853802,0.6192063373226661,0.01824890206094684
Kepler-1364 b,2.15,,0.5281306715063522,672.06,6805.0,0.0,1299.0,0.0,0.0,0.0,21.985957250063045,0.0,0.6199778,0.6114184719862483,0.018246732267645623
Kepler-311 c,1.43,,0.8965517241379312,72.456,5905.0,0.0,744.0,0.0,0.0,0.0,10.981763124053886,0.0,0.43159136,0.653320482790752,0.018246133788621235
Kepler-1937 b,3.0229133,,0.33938294010889297,163.1,6457.0,0.0,1014.0,0.0,0.0,0.0,39.26952888903143,0.0,0.2746805,0.6878226908658163,0.01823580285388886
Kepler-389 c,1.46,,0.8747731397459166,22.735,5376.0,0.0,636.0,0.0,0.0,0.0,11.403616824159371,0.0,0.386411,0.6629189833771907,0.01823487707566858
TOI-2169 A b,12.50922246,329.588058059,0.16696914700544466,577.0,6270.0,0.045,1364.0,0.15006952411124846,0.0009703639497801449,0.09894748089968894,1369.0388912671037,0.0,0.7521399,0.5813516843374092,0.018230621830105046
HATS-33 b,13.78707,378.85336,0.14337568058076225,757.1284,5659.0,0.08,1429.0,0.12505637598169156,0.0006332704196287854,0.08262542074048039,1573.9105393852753,0.0,0.78913903,0.5728238896822812,0.018223386896350897
HIP 9618 b,3.82838127,8.3,0.14700544464609802,40.3,5649.0,0.0,640.88,0.0,0.0,0.0,34.55155341813132,0.0,0.24279122,0.6941047923376927,0.018215710264158975
Kepler-1584 b,1.61,,0.7695099818511797,162.544,6069.0,0.0,886.0,0.0,0.0,0.0,13.451802895897226,0.0,0.40750068,0.6570514154046994,0.018205935063802067
Kepler-1024 b,3.91,,0.2413793103448276,5.446,5143.0,0.0,376.0,0.0,0.0,0.0,60.43923011760291,2.33052845729466e-21,0.22565743,0.6967313298930018,0.018186454890572433
TOI-3688 A b,13.08088048,311.47183886,0.13793103448275862,924.3,5950.0,0.0,1534.0,0.0,0.0,0.0,1293.1876109808495,0.0,0.8895481,0.5488949486216613,0.01818437512436375
TOI-4137 b,13.57407563,457.67290608,0.18330308529945555,1013.0,6202.0,0.0,1570.0,0.0,0.0,0.0,1920.388860126714,0.0,0.8797205,0.5505853062831534,0.018172126828610323
Kepler-634 b,1.89,,0.6243194192377496,808.844,6075.0,0.0,1309.0,0.0,0.0,0.0,17.65553432529008,0.0,0.48217335,0.63865240684288,0.018162045809406085
HD 102956 b,13.8,,0.11578947368421054,1781.1928,4985.0,0.037,1804.96,0.1126416182744085,0.0002610692491720078,0.06462039856812928,1274.6617343348128,0.0,1.0579383,0.5104730495474001,0.01816105690337564
TOI-2152 A b,14.35870428,899.45439181,0.30308529945553536,2195.7879,6630.0,0.057,1802.0,0.11840902552249757,0.00022982043138265257,0.10856440668908103,3758.3674250136705,0.0,1.0359535,0.5148924623214345,0.01814938573099497
Kepler-122 f,1.75,36.0,6.696914700544465,21.524,5917.0,0.0,543.0,0.0,0.0,0.0,150.34103046994076,0.0,1.6728607,0.3728715138041223,0.018142624821570877
TOI-201 b,11.4,164.0,0.11070780399274048,68.4513,6423.0,0.275,759.0,0.15861990879215365,0.0070611822530936355,0.10303467436017279,687.0390139832359,0.0,1.0671505,0.5076707816186441,0.01814251592761742
Kepler-1691 b,1.83470985,,0.6497277676950999,641.53,6000.0,0.0,1283.0,0.0,0.0,0.0,16.80823900046746,0.0,0.4514443,0.6446585851827951,0.018141516617010186
Kepler-229 c,4.92,,0.18003629764065338,21.637,5120.0,0.0,600.0,0.0,0.0,0.0,89.8139901016526,0.0,0.21210265,0.6974183743434121,0.01812902159743136
Kepler-1189 b,1.77,,0.6805807622504537,449.936,6012.0,0.0,1158.0,0.0,0.0,0.0,15.808405857752895,0.0,0.4287711,0.6491110130390225,0.018126882397796078
Kepler-124 d,1.11,,1.029038112522686,10.499,4984.0,0.0,428.0,0.0,0.0,0.0,5.895070533268197,3.039418631774568e-126,0.6469779,0.6003070997364107,0.018120941879268965
WASP-11 b,12.44199,251.0857,0.11470054446460981,184.988,4800.0,0.0,992.0,0.0,0.0,0.0,925.3875080336311,0.0,0.7724046,0.5721238726225228,0.018114312377231063
Kepler-1326 b,4.18,,0.22323049001814882,47.84,6725.0,0.0,938.0,0.0,0.0,0.0,68.29217856480722,0.0,0.37256283,0.6602353708072286,0.018092736056136267
TOI-892 b,11.99363,301.9385,0.17459165154264972,571.007,6261.0,0.125,1397.0,0.1293414392498079,0.0008419476368499939,0.09870705775495468,1261.7230091066572,0.0,0.7213912,0.5821430773712946,0.018081422990141642
GJ 180 b,2.43,,0.45190562613430135,1.5359,3371.0,0.07,344.43,0.6053173451697705,0.5161326439127892,0.021504514612382057,27.1615893133516,0.9806994121485028,0.9832276,0.5238101859832477,0.018079944815835112
Kepler-1256 b,1.49,,0.852994555353902,211.549,6129.0,0.0,933.0,0.0,0.0,0.0,11.819352184196878,0.0,0.4960707,0.6317609652263846,0.018068399665050874
Kepler-404 b,1.27,,1.0471869328493648,44.534,5654.0,0.0,730.0,0.0,0.0,0.0,8.985122168369157,0.0,0.5048549,0.6297687117486102,0.018067480382367145
Kepler-40 b,13.11,699.2,0.30490018148820325,1187.965,6510.0,0.0,1620.0,0.0,0.0,0.0,2877.7586450133545,0.0,0.87510556,0.5473277704772777,0.018066496444619908
K2-295 b,10.054473,106.47305,0.11107078039927405,97.8595,4444.0,0.0,852.0,0.0,0.0,0.0,472.89679344790295,0.0,0.73194677,0.5782687347127174,0.01804382274987738
Kepler-626 b,2.29,,0.48638838475499097,69.795,5813.0,0.0,784.0,0.0,0.0,0.0,24.466860820351094,0.0,0.14747879,0.7071611201180182,0.01801463998750428
TOI-1836 c,2.59987579,8.0,0.544464609800363,2981.98,6237.0,0.0,2007.6,0.0,0.0,0.0,40.07892504700751,0.0,0.6590733,0.5931599833972069,0.01801110557997577
Kepler-135 b,1.81,,0.6606170598911071,496.678,6090.0,0.0,1209.0,0.0,0.0,0.0,16.408697877405036,0.0,0.4422713,0.6408339753435032,0.01799689739486953
Kepler-300 c,2.25,,0.4972776769509982,43.248,5986.0,0.0,516.0,0.0,0.0,0.0,23.726579181183713,0.0,0.17229615,0.7005403960961087,0.017987582884404288
HD 224018 d,2.4,4.2,0.308529945553539,4.7348,5784.0,0.04,411.0,0.56377898735543,0.22249044476466984,0.0859646310840194,17.865684363819238,9.716043893335576e-14,0.22272184,0.689280848961161,0.017986668933015336
HD 190360 d,3.48,11.9,0.2813067150635209,7.7173,5560.0,0.058,459.21,0.4560266627195948,0.1255934047671577,0.07998076614840109,49.65996858244416,1.626906887006892e-57,0.109849736,0.7140146142684065,0.017977141518008697
Kepler-1969 b,1.68161001,,0.7277676950998185,235.89,6046.0,0.0,999.0,0.0,0.0,0.0,14.496302223225303,0.0,0.40087575,0.6477946223521568,0.017941374960164253
Kepler-1972 b,0.802,2.02,4.029038112522686,341.3,5818.0,0.067,1084.0,0.24156144317437706,0.0021681303044713373,0.08687289629748152,8.705888281299321,0.0,1.6521915,0.3692546288065291,0.017940050326952957
Kepler-491 b,8.92,,0.08294010889292197,312.514,5582.0,0.0,1111.0,0.0,0.0,0.0,246.57427999813623,0.0,0.7716405,0.5651455024858407,0.017938079469107682
WASP-14 b,15.46842,2809.6172,0.40834845735027225,1356.33,6475.0,0.09,1872.0,0.12509619774849956,0.0003805434114086876,0.10442378586309746,6330.782530294025,0.0,0.921964,0.5311115851849719,0.017923812450092044
TOI-480 b,2.85372018,20.8,0.8911070780399275,531.521,6174.0,0.0,1198.94,0.0,0.0,0.0,86.74663991760751,0.0,0.43022737,0.6405230991656454,0.0179231517328193
Kepler-1881 b,2.98104391,,0.3448275862068966,1.5,5135.0,0.0,289.0,0.0,0.0,0.0,38.264472508304365,0.9861666180677429,0.37966204,0.6516748858166237,0.01792064284150046
Kepler-1511 b,1.68,,0.7277676950998185,228.219,6064.0,0.0,903.0,0.0,0.0,0.0,14.45470484972229,0.0,0.40183982,0.6465878500063799,0.017916913677139577
Kepler-888 b,1.76,,0.6860254083484574,7.854,5875.0,0.0,417.0,0.0,0.0,0.0,15.666313526372127,2.8451936690550766e-60,0.3497071,0.6580138049489811,0.017912564115794873
TOI-181 b,6.9559,46.1687,0.13724137931034483,102.43,4994.0,0.1543,895.1,0.18427389793392804,0.005504122943155294,0.06486082171286353,193.47892823748685,0.0,0.38886377,0.6485807454654485,0.017894849310161536
GJ 3293 e,1.63,,0.7549909255898367,3.34,3466.0,0.21,370.79,0.5064318206292375,0.25890314339615145,0.02404231447347149,13.695981297661243,0.0007327972804933027,1.1447675,0.48032421209261383,0.017894194413190637
HD 3167 d,2.61,7.3,0.4101633393829401,88.9,5338.0,0.35,865.0,0.22881327621742417,0.00733493551080816,0.07405032857828314,30.54688793246715,0.0,0.68531686,0.581781981945445,0.017874590987956778
TOI-7510 d,10.52,190.0,0.16152450090744103,20.6036,5720.0,0.04,542.4,0.3045493719466001,0.03932988913393664,0.08425495538812504,787.7242883948809,0.0,0.42870778,0.6385197324963886,0.017865424631491322
Kepler-1538 b,2.82,,0.3720508166969147,1.989,5837.0,0.0,346.0,0.0,0.0,0.0,34.949277047746776,0.9849116117978881,0.34861147,0.6562751423120655,0.017863688946089706
Kepler-401 b,1.71,,0.7114337568058077,254.25,6117.0,0.0,889.0,0.0,0.0,0.0,14.900862549177393,0.0,0.4105207,0.6423591853198627,0.01786029245802219
TOI-157 b,14.414774,375.0394,0.12450090744101634,1062.0,5404.0,0.0,1588.0,0.0,0.0,0.0,1562.0129834661136,0.0,0.9694875,0.5175124679645493,0.017849296832239958
HAT-P-23 b,15.334,664.237,0.18330308529945555,2796.2342,5905.0,0.106,2056.0,0.09390732918788292,0.0001454912919742766,0.08919698669656334,2768.3739949682836,0.0,1.0424465,0.5011467362333867,0.017846132697648683
Kepler-82 b,4.07,12.15,0.17785843920145192,19.558,5401.0,0.0033,562.0,0.32624175169122593,0.04120488800848107,0.07573329059141987,50.22804952762671,0.0,0.18693382,0.6913097433430947,0.017840329232211
HD 197037 b,13.9,,0.09328493647912886,0.4042,6150.0,0.22,216.67,0.28260996111074516,0.1979742856679047,0.09574183896988411,1049.4083855440917,0.9999897473294213,1.5935824,0.3779565242157082,0.01783300935089143
HIP 74890 b,13.3,,0.32304900181488205,3.7188,4850.0,0.07,387.66,0.3995144410193643,0.21455540629440387,0.06101405139711214,3183.55190951218,7.377366980663745e-06,0.578718,0.6029168967208492,0.017810759551728617
HD 19994 b,13.6,,0.17259528130671506,2.2324,6188.0,0.063,350.1,0.39888517705185883,0.3003207837664851,0.09675695891432541,1818.5877129139685,0.8057037048896838,0.82239056,0.5486613421376139,0.017810141428531864
tau Cet g,1.18,,1.0617059891107077,27.9835,5310.0,0.06,639.65,0.4805025168692785,0.041905075750390604,0.07330234546133574,7.306996485361336,0.0,0.49800286,0.6208527564523704,0.017810077189203154
Kepler-1428 b,1.64,,0.7531760435571688,817.579,6184.0,0.0,1049.0,0.0,0.0,0.0,13.916071494991721,0.0,0.5937645,0.5994522663207229,0.017807900551876626
HATS-18 b,14.896761,629.144485,0.20270417422867515,2990.0,5600.0,0.166,2069.48,0.08741093447285775,0.00012725783112632212,0.08104931345833416,2806.89942600745,0.0,1.0417085,0.49970724799659977,0.01780659512195026
Kepler-1862 b,2.203,,0.5117967332123412,41.04,5644.0,0.0,645.0,0.0,0.0,0.0,22.920791480240027,0.0,0.13989307,0.6996779746561247,0.017788534809180915
TOI-4336 A b,2.137,3.33,0.33938294010889297,1.53,3307.0,0.0,309.4,0.0,0.0,0.0,13.873696302168435,0.9428576476977795,1.1098646,0.483765571889358,0.01778753313463146
TOI-1749 b,1.39,57.0,5.066894311649215,83.8379,3985.0,0.14,831.0,0.25747653137539267,0.008415633162304769,0.037906715819845074,57.0,0.0,1.7549797,0.3399533004254655,0.01778164470999827
BD+20 274 b,13.0,,0.6061705989110707,53.9651,4296.0,0.21,755.7,0.2180585293252963,0.01245980940304197,0.04621467115455945,5578.449863324579,0.0,0.7235507,0.5693581031308671,0.01777807902822552
Kepler-695 b,9.21,,0.079491833030853,499.064,5181.0,0.0,1021.0,0.0,0.0,0.0,260.129742803128,0.0,0.8674289,0.5365645758817426,0.017759028277869824
Kepler-277 c,3.36,64.2,1.4156079854809438,83.898,5946.0,0.0,778.0,0.0,0.0,0.0,224.93106798570346,0.0,0.39431316,0.6412088219330934,0.017743005992660845
Kepler-1251 b,1.84,,0.6460980036297641,13.78,5545.0,0.0,487.0,0.0,0.0,0.0,16.859336442055245,8.345099026140076e-242,0.25319737,0.6724687065415738,0.01773940414709144
TOI-6002 b,1.65,,0.7459165154264974,1.6823,3229.0,0.15,321.4,0.5859579509539895,0.46700383043608046,0.017711171662124364,14.03558972895801,0.965265237343999,1.2848818,0.4425549417710085,0.017731823624420787
Kepler-719 b,8.52,,0.08784029038112523,234.28,5777.0,0.0,998.0,0.0,0.0,0.0,227.56274109323758,0.0,0.7099786,0.5704489905099462,0.01773050681502527
HD 88133 b,13.8,324.1866,0.12304900181488204,1368.0872,5392.0,0.031,1762.08,0.12393850946157606,0.0003651061133852228,0.07549286744668521,1354.5778305313527,0.0,0.9578001,0.5152890839012304,0.017730357716445946
HD 231701 b,13.7,,0.13938294010889293,9.1798,6101.0,0.13,483.27,0.2705100868455356,0.07103899710412796,0.09443286851522316,1501.273891698029,2.8138267268722917e-90,0.7361752,0.5634812312839327,0.017702461656710702
Kepler-1936 b,3.16615594,,0.32123411978221417,9.4,6501.0,0.0,524.0,0.0,0.0,0.0,42.70779798665523,7.358774626430132e-96,0.3064627,0.6590482659304713,0.017700797352204357
Kepler-174 d,2.19,,0.515426497277677,0.53,4880.0,0.0,212.0,0.0,0.0,0.0,22.677109389951777,0.9770403567577406,0.6855825,0.5742788490307611,0.017691071261545635
HIP 54373 b,2.87,,0.3629764065335753,15.0984,4021.0,0.2,580.66,0.33667529289013454,0.05290725894575453,0.038868408398775464,35.9428653823958,8.897745997117391e-299,0.47889766,0.6201116861945652,0.017686982556625465
TOI-1268 b,9.1,96.4,0.12885662431941924,91.0972,5300.0,0.105,918.9,0.1915393938539534,0.006477437296564584,0.07303520863384104,406.74248359743564,0.0,0.43066812,0.630090982984768,0.017668383693996148
Kepler-341 c,1.7,,0.7168784029038113,237.43,6012.0,0.0,940.0,0.0,0.0,0.0,14.753017929338723,0.0,0.38796678,0.6390783079310852,0.01765566096403355
TOI-2986 b,9.292245,96.619835728,0.11978221415607987,1156.0,5906.0,0.14,1622.0,0.10866251380357168,0.0003613335109852477,0.08922370037930784,402.57138499484955,0.0,0.78985286,0.5493420843479188,0.017648398769685956
Kepler-1047 b,2.09,,0.5480943738656987,28.851,5754.0,0.0,503.0,0.0,0.0,0.0,20.959591388792457,0.0,0.17432924,0.6861577703801768,0.017644158174650634
Kepler-315 b,3.77,,0.2540834845735027,6.674,5796.0,0.0,409.0,0.0,0.0,0.0,57.02812550996182,1.1096874041046247e-38,0.20383024,0.6790288622281948,0.017630270447335568
55 Cnc B c,2.16,,0.5245009074410164,0.4613,3286.0,0.0,230.04,0.0,0.0,0.0,22.140942632081188,0.9765186865411027,1.3734812,0.4185845057455207,0.017626991629390673
Kepler-293 c,3.83,,0.2486388384754991,7.287,5804.0,0.0,466.0,0.0,0.0,0.0,58.5132067140221,2.7411716883565783e-49,0.20000592,0.6790717259657171,0.017610344192754212
Kepler-930 b,2.13,,0.5353901996370236,16.851,6335.0,0.0,561.0,0.0,0.0,0.0,21.67194234972401,0.0,0.29464573,0.6578228259214247,0.017605749703884236
Kepler-336 d,2.37,,0.46460980036297644,74.36,5867.0,0.0,749.0,0.0,0.0,0.0,25.907291626626694,0.0,0.14477286,0.6906101738596621,0.017591757292745314
Kepler-1488 b,1.86,,0.6388384754990926,73.335,5820.0,0.0,650.0,0.0,0.0,0.0,17.21941950502332,0.0,0.24053112,0.6688665844367486,0.01758110372017178
Kepler-1100 b,1.75,,0.6896551724137931,238.508,6247.0,0.0,1000.0,0.0,0.0,0.0,15.482274140535905,0.0,0.41993517,0.6284783268314262,0.017569737651718424
K2-88 b,1.23,,1.0925589836660616,7.8,3537.0,0.26,464.6,0.44706312491286543,0.11801245271631781,0.025938985948601643,8.51625851203296,3.4558001162065406e-59,1.3817768,0.41435899415819993,0.017568334740930336
HD 192699 b,13.4,,0.27586206896551724,9.0351,5041.0,0.082,495.11,0.3276246635295484,0.08794234834890477,0.06611636480203611,2780.3213425923736,1.0531545087269983e-86,0.478458,0.6153702867039611,0.017567678890246276
HD 113996 b,12.7,,0.9745916515426498,113.6719,4181.0,0.28,798.69,0.18843268245767647,0.005505313636337744,0.04314259763850702,8362.236749418087,0.0,1.0867909,0.47913844313177534,0.01754686011264745
Kepler-34 b,8.564,69.92,0.11125226860254084,1.2545,5913.0,0.182,294.42,0.36147658731300675,0.3625768468028049,0.0894106961585411,292.7031935426952,0.9994291472864236,0.90583503,0.5185919372025577,0.017526666177034203
WASP-114 b,15.008851,562.24127,0.17604355716878403,2978.2048,5940.0,0.012,2043.0,0.1156703143042386,0.00016881296155440075,0.09013196559275338,2493.165354636121,0.0,1.0905701,0.4770820443847151,0.01751689845774236
Kepler-201 b,2.46,,0.4428312159709619,64.549,6065.0,0.0,683.0,0.0,0.0,0.0,27.61418042439924,0.0,0.16388115,0.6827776410859073,0.017503501017756568
Kepler-1499 b,1.19,,1.0707803992740472,7.371,5097.0,0.0,409.0,0.0,0.0,0.0,7.55840060344374,7.243851144989311e-51,0.63851345,0.577010185488282,0.017500153227330926
Kepler-1015 b,3.55,,0.27404718693284935,172.112,6769.0,0.0,1040.0,0.0,0.0,0.0,51.35692553057634,0.0,0.40063778,0.6287361580412051,0.017470214781261276
Kepler-1762 b,2.76022913,,0.38112522686025413,61.49,6572.0,0.0,714.0,0.0,0.0,0.0,33.573120546063734,0.0,0.27857223,0.6557480169972768,0.017466408085380324
Kepler-645 b,2.1,,0.544464609800363,1364.762,6170.0,0.0,1730.0,0.0,0.0,0.0,21.12108135382583,0.0,0.5376291,0.5980707982410285,0.017465843904274254
Kepler-69 c,1.71,,0.7114337568058077,2.687,5638.0,0.14,299.0,0.5876356051498139,0.3438147925489459,0.0820644334027735,14.900862549177393,0.14638246454729414,0.44954187,0.6164829747801875,0.01743645583581093
Kepler-220 d,0.98,,0.958257713248639,8.208,4632.0,0.0,401.0,0.0,0.0,0.0,3.777888708645207,9.865011770866213e-68,0.7841955,0.5419432526631877,0.017434952380815362
Kepler-513 b,2.2,,0.5136116152450091,36.527,5849.0,0.0,623.0,0.0,0.0,0.0,22.908227554373934,0.0,0.16116525,0.6805534692344622,0.017433766370886377
TOI-2421 b,10.36830715,105.836859531,0.09437386569872959,923.6,5607.0,0.0,1534.0,0.0,0.0,0.0,440.6197064061397,0.0,0.9058933,0.514626158123768,0.017429216407787808
Kepler-147 c,2.43,,0.4500907441016334,61.287,6012.0,0.0,689.0,0.0,0.0,0.0,27.05250662534617,0.0,0.15626234,0.6812892692790063,0.017425005450463823
NGTS-6 b,14.863134,425.57437,0.12903811252268602,983.4246,4730.0,0.0,1283.9,0.0,0.0,0.0,1774.7524765692567,0.0,1.0349891,0.485138823151651,0.017410567534318046
CoRoT-21 b,14.5717,718.2958,0.24682395644283125,2915.5997,6200.0,0.0,2044.44,0.0,0.0,0.0,3198.9436003810015,0.0,1.0529158,0.48088881077894874,0.017404149397020303
Kepler-171 d,1.89,,0.6243194192377496,15.103,5642.0,0.0,497.0,0.0,0.0,0.0,17.65553432529008,5.416261248844686e-299,0.2381802,0.6612537001425624,0.01738052191879204
Kepler-366 c,1.79,,0.6715063520871144,286.6,6209.0,0.0,848.0,0.0,0.0,0.0,16.13235712341537,0.0,0.41444463,0.6218954300783752,0.017377322269815393
WASP-157 b,11.19,182.43442,0.11615245009074411,482.1005,5772.0,0.0,1193.0,0.0,0.0,0.0,681.7218973128456,0.0,0.7637087,0.5440543892885741,0.01737459389159162
Kepler-918 b,1.74,,0.6969147005444646,258.702,6028.0,0.0,1052.0,0.0,0.0,0.0,15.378570915853674,0.0,0.3841527,0.6285145417458187,0.017374302316286446
Kepler-332 d,1.18,,1.0689655172413792,7.253,4955.0,0.0,427.0,0.0,0.0,0.0,7.356958854492012,1.0886535186648328e-48,0.6613109,0.5660984675745303,0.017356226368479805
HD 114729 b,13.9,,0.09745916515426498,0.617,5844.0,0.079,237.89,0.36312393347780336,0.328978504744858,0.08756745204890756,1096.3663483213566,0.9999921882890145,1.2463875,0.4356855701585507,0.017351263045838422
HAT-P-62 b,12.02723629,241.867417727,0.1397459165154265,867.2,5629.0,0.101,1512.0,0.11942129067913808,0.0005282441559393552,0.08182401025803146,1018.416121451003,0.0,0.744928,0.5464391720270365,0.017330342414751038
Kepler-966 b,4.13,,0.2268602540834846,10.972,5840.0,0.0,391.0,0.0,0.0,0.0,66.94176801492893,1.4438464892384302e-140,0.18943635,0.6699145785683229,0.017326597739689673
TOI-4201 b,13.67495645,788.21444936,0.33030852994555354,45.2,3794.0,0.041,725.0,0.2665058692517462,0.017900770189583828,0.03280440241491205,3538.2315784660213,0.0,0.7885661,0.5350077645768418,0.017287950097431646
HD 112300 b,12.2,,2.7586206896551726,284.1257,3657.0,0.36,1240.35,0.1311967321827794,0.001652468540987929,0.029144627878400556,20982.63811249919,0.0,2.234386,0.21230155016138358,0.017264969411827424
Kepler-1841 b,1.48912557,,0.8511796733212342,20.35,5190.0,0.0,542.0,0.0,0.0,0.0,11.773451965148194,0.0,0.38253003,0.6244191374631471,0.017264433733230024
Kepler-406 c,0.85,2.71,4.426497277676951,349.769,5538.0,0.0,1050.0,0.0,0.0,0.0,11.386902129638337,0.0,1.7243265,0.32493918724101867,0.01724331107294234
Kepler-1524 b,3.54,,0.27586206896551724,8.443,6179.0,0.0,438.0,0.0,0.0,0.0,51.26139072807339,7.6105008679163e-73,0.23611543,0.655905334024313,0.017237338018725443
Kepler-1425 b,0.94,,0.9346642468239565,216.405,5718.0,0.0,676.0,0.0,0.0,0.0,3.251829752410044,0.0,0.71100605,0.5493556078179755,0.017216122122199626
Kepler-438 b,1.12,,1.0362976406533575,1.4,3748.0,0.03,288.0,0.8464670216156628,0.7301159363647832,0.031575573008492404,6.098558396003643,0.9241448242738329,1.2641251,0.42581612773699884,0.017205269725977086
Kepler-184 c,1.97,8.8,1.147005444646098,29.875,5788.0,0.0,630.0,0.0,0.0,0.0,36.73269283793435,0.0,0.37651533,0.6232755075948535,0.017203238377251056
HD 5278 b,2.45,7.8,0.5263157894736842,132.0,6203.0,0.08,943.0,0.2886231366678022,0.006451673154695347,0.09715766415556118,32.42151176334961,0.0,0.17993423,0.6667084865535775,0.017195421500995338
TOI-2449 b,11.24,222.0,0.1558983666061706,362.642,6021.0,0.098,400.0,0.14721103478452366,0.0014399341513439562,0.09229577389536293,927.318892751295,0.0,0.60251987,0.5722749072967754,0.017185926343399507
HAT-P-38 b,9.247,84.857,0.10707803992740472,243.0337,5330.0,0.067,1082.0,0.16396139060314582,0.0022682359950848656,0.07383661911628916,354.6431656739345,0.0,0.5745731,0.5779531884441035,0.017172578932953868
Kepler-1863 b,2.26309256,,0.4936479128856625,41.5,5871.0,0.0,508.0,0.0,0.0,0.0,23.966955255949976,0.0,0.1529784,0.6714907424693349,0.017165421083695082
HD 204313 c,4.31,,0.21415607985480944,28.2644,5767.0,0.059,634.95,0.33148941532386583,0.030423224120714968,0.08551049847729694,71.82089755185245,0.0,0.100912176,0.6828373631912682,0.017159480456674533
TOI-4377 b,15.10970598,304.161785499,0.15989110707803994,430.9826,4974.0,0.045,1162.08,0.15133180309897065,0.0012992684035894443,0.06432654805789918,2310.366928634804,0.0,0.7634339,0.5345710096258824,0.01713928914844784
K2-329 b,8.675766,82.6358,0.12595281306715064,45.7,5282.0,0.0697,650.0,0.2359479911712581,0.014805991993633114,0.07255436234437128,344.52438841335834,0.0,0.40330973,0.6146624272461204,0.01713791056847785
Kepler-1061 b,1.98,,0.5880217785843921,788.501,6067.0,0.0,1332.0,0.0,0.0,0.0,19.11954669764277,0.0,0.45337597,0.6033491044719638,0.017133698618087806
TOI-700 c,2.6,,0.411978221415608,2.64,3459.0,0.068,356.0,0.5548926939408995,0.34056117960878657,0.023855318694232217,30.330733388615087,0.19089842184548272,0.8280857,0.5198042740953295,0.01712996620973994
Kepler-1344 b,1.84,,0.6460980036297641,425.169,5981.0,0.0,1219.0,0.0,0.0,0.0,16.859336442055245,0.0,0.39395636,0.6163067180544627,0.017127128453622915
Kepler-1598 b,0.95,,0.9401088929219601,308.46,5940.0,0.0,1236.0,0.0,0.0,0.0,3.3762732358389886,0.0,0.7651864,0.5331683614830043,0.017114324634387022
Kepler-1225 b,1.82,,0.6569872958257714,324.282,6140.0,0.0,1453.0,0.0,0.0,0.0,16.59051031687569,0.0,0.40139884,0.6136999583103583,0.017103697903054896
K2-30 b,11.646151,184.02357,0.11615245009074411,299.0,5425.0,0.0,1092.0,0.0,0.0,0.0,768.5360335022726,0.0,0.7131078,0.5442053466704327,0.017100682879838167
Kepler-1949 b,2.21964541,,0.5063520871143375,2016.25,6028.0,0.0,1709.0,0.0,0.0,0.0,23.194873969626034,0.0,0.56006896,0.5776348073446869,0.017085149660164875
Kepler-1002 b,1.71,,0.7114337568058077,981.68,6144.0,0.0,1453.0,0.0,0.0,0.0,14.900862549177393,0.0,0.5849699,0.5719365010992432,0.017081291732887516
Kepler-274 b,1.54,,0.8166969147005445,147.812,6023.0,0.0,961.0,0.0,0.0,0.0,12.494293014196522,0.0,0.4241295,0.6077082250582664,0.017080698363995665
Kepler-1279 b,1.75,,0.6896551724137931,190.851,6221.0,0.0,738.0,0.0,0.0,0.0,15.482274140535905,0.0,0.39552215,0.613679380733562,0.017070946812651977
HD 22532 b,13.4,,0.279491833030853,5.2078,5038.0,0.03,420.41,0.4197149992164042,0.1749481625975853,0.06603622375379106,2816.9045181527995,1.331902419928829e-18,0.5500394,0.5790868181984202,0.01706591727977748
TOI-178 f,2.417,5.63,0.4022638838475499,0.6071,4316.0,0.00045,521.0,0.4085771079416295,0.3314763443817713,0.04674894480952234,23.79192613812401,0.9743448482871703,0.76234084,0.5316204945336136,0.017060551860937606
Kepler-1229 b,1.4,,0.9237749546279492,0.524,3784.0,0.0,212.0,0.0,0.0,0.0,10.617906576886263,0.9566722641015678,1.3272055,0.40590410945104627,0.01706047622552965
Kepler-824 b,1.87,,0.6352087114337568,454.604,6035.0,0.0,1231.0,0.0,0.0,0.0,17.39922380349986,0.0,0.4031374,0.6112272322466452,0.017052276031520184
HD 82886 b,13.3,,0.3139745916515427,5.568,4953.0,0.07,435.78,0.37318378748709957,0.14789825210568533,0.06376556072018658,3094.1262940764445,7.667273972354038e-23,0.517273,0.5856618238450275,0.01704823314526656
Kepler-758 e,1.53,,0.823956442831216,588.402,6228.0,0.0,1144.0,0.0,0.0,0.0,12.36138565063676,0.0,0.607479,0.5655594656639215,0.017047577601395244
Kepler-1122 b,2.04,,0.5662431941923776,23.263,5544.0,0.0,526.0,0.0,0.0,0.0,20.13641284646067,0.0,0.17691389,0.660853289516737,0.01703449959006925
Kepler-215 e,1.75,,0.6896551724137931,7.444,5739.0,0.0,405.0,0.0,0.0,0.0,15.482274140535905,3.1685031440790827e-52,0.3419968,0.623537159712102,0.017020295564916674
Kepler-1406 b,1.1,,1.0272232304900182,125.89,5892.0,0.0,854.0,0.0,0.0,0.0,5.727056888593483,0.0,0.62882847,0.5593617476353019,0.017011921678929596
WASP-56 b,10.53646,143.0235,0.10580762250453721,447.82,5600.0,0.0,1216.0,0.0,0.0,0.0,518.4295327565234,0.0,0.7556657,0.5304680084923044,0.016995514511039568
Kepler-1996 c,2.81,,0.3738656987295826,1.38,4580.0,0.0,276.0,0.0,0.0,0.0,34.74747015184204,0.9848286211573916,0.49469241,0.5884849656979299,0.016993939629529463
WASP-95 b,13.78707,457.6752,0.15245009074410162,2841.0562,5830.0,0.0,1570.0,0.0,0.0,0.0,1673.525130485609,0.0,1.0747616,0.45905666065062006,0.016985775776039318
Kepler-1818 b,1.71360684,,0.7096188747731398,504.23,6047.0,0.0,1209.0,0.0,0.0,0.0,14.95709764494692,0.0,0.46907145,0.5934091587295869,0.01697476241437306
Kepler-1360 b,3.4,,0.29219600725952816,82.564,6778.0,0.0,933.0,0.0,0.0,0.0,48.10604327338804,0.0,0.36056677,0.6175428510316887,0.01697440407042767
HD 28471 d,2.06,,0.5607985480943739,115.259,5766.0,0.093,945.0,0.3006754932561483,0.007512979131037217,0.08548378479455605,20.53511555163174,0.0,0.1500551,0.6642328984184979,0.016970451613883972
Kepler-855 b,8.35,,0.09019963702359347,405.183,5835.0,0.0,996.0,0.0,0.0,0.0,219.9646163928506,0.0,0.7495527,0.5298211312735913,0.01694602664498522
Kepler-830 b,1.7,,0.7168784029038113,160.18,6037.0,0.0,907.0,0.0,0.0,0.0,14.753017929338723,0.0,0.36243322,0.6157079091806589,0.016939407341630932
TOI-2184 b,11.39953337,206.58846455,0.13793103448275862,1429.0,5966.0,0.08,1676.05,0.11319864504822287,0.0003156790414671099,0.09082652134420668,855.8779256536662,0.0,0.8384903,0.5095575653030238,0.016934437483602523
TOI-2076 d,3.27,7.3,0.2032667876588022,16.5,5187.0,0.027,490.0,0.4200550777980543,0.06075766940425388,0.07001656248328561,29.77133373013737,0.0,0.14600256,0.6634855953806692,0.016929793008411822
Kepler-1512 b,1.18,,1.0689655172413792,1.6,4372.0,0.0,322.0,0.0,0.0,0.0,7.356958854492012,0.9388431669582133,0.9965146,0.4741972770006229,0.016929723239057004
Kepler-349 c,1.96,,0.5952813067150635,94.491,5956.0,0.0,763.0,0.0,0.0,0.0,18.77496206720648,0.0,0.23972797,0.6418234651528825,0.016909993982854834
HD 216520 b,3.18,,0.3176043557168784,9.0089,5103.0,0.09,482.1,0.42294073610676236,0.10243168369690082,0.06777261313243109,42.781540526714664,4.532355818053042e-86,0.100255765,0.6728266231919507,0.016909080793137854
HD 100655 b,13.5,,0.20689655172413793,92.9931,4891.0,0.09,907.14,0.1959381673262009,0.006764707500264859,0.06210931238979138,2132.274765538203,0.0,0.50786185,0.5820308693139412,0.016907081759493237
TOI-4438 b,2.4,4.11,0.29945553539019965,6.0,3501.0,0.07,446.0,0.4682809066989674,0.1565257834214268,0.024977293369660234,17.340223059001023,1.5278457900784856e-28,0.7320019,0.5318273013475164,0.016899189233989722
Kepler-1463 b,1.86,,0.6388384754990926,57.634,5679.0,0.0,619.0,0.0,0.0,0.0,17.21941950502332,0.0,0.22164758,0.6452458437622115,0.016895164991887795
HD 20794 b,1.45,,0.883847549909256,43.4733,5368.0,0.064,660.0,0.4241803148132114,0.025223441065252983,0.07485173906073618,11.286777880287813,0.0,0.32991192,0.6202011818315617,0.016871746376841648
GJ 667 C f,1.45,,0.883847549909256,0.5633,3350.0,0.03,,0.7805780564122738,0.5988878051523532,0.020943527274668746,11.286777880287813,0.9587360525066468,1.4942086,0.3605546363548954,0.016858758504860738
HD 60292 b,12.7,,1.0054446460980038,110.1333,4348.0,0.27,889.53,0.192177696020367,0.005771293017969902,0.04760378265747309,8626.963052472292,0.0,1.002661,0.4697598716698966,0.016854049591141285
Kepler-996 b,1.98,,0.5880217785843921,723.081,6014.0,0.0,1272.0,0.0,0.0,0.0,19.11954669764277,0.0,0.43086925,0.5966307032774574,0.016844579607221348
Kepler-850 b,1.78,,0.6751361161524502,329.283,5932.0,0.0,995.0,0.0,0.0,0.0,15.949238678455716,0.0,0.37728113,0.6076206873132355,0.016821496633067902
Kepler-771 b,1.82,,0.6569872958257714,339.296,5906.0,0.0,890.0,0.0,0.0,0.0,16.59051031687569,0.0,0.36490217,0.6102905944032487,0.016819398903922332
Kepler-383 c,1.24,,1.0834845735027223,6.44,4710.0,0.0,406.0,0.0,0.0,0.0,8.653193135100102,5.388974044502042e-35,0.69557416,0.5365938843619633,0.016816832590477743
GJ 273 b,1.51,,0.8366606170598911,1.06,3382.0,0.1,292.47,0.6832987697743063,0.6897160297864889,0.021798365122614335,12.066151605498609,0.9607478797981196,1.2934208,0.4030494176208006,0.01680473136705664
Kepler-906 b,2.11,,0.5408348457350273,21.987,6035.0,0.0,537.0,0.0,0.0,0.0,21.281421841846257,0.0,0.21793032,0.6410157526537918,0.016770483641710843
WASP-132 b,10.09929161,136.030558196,0.132486388384755,58.5,4686.0,0.0163,682.0,0.26281542309339045,0.013427151184029715,0.05663300742638855,571.6531587178288,0.0,0.56032294,0.5647979887294865,0.016770072767138728
HATS-7 b,6.310667,38.1396,0.15063520871143377,211.6178,4985.0,0.17,1084.0,0.16202321038962816,0.002485980595036861,0.06462039856812972,158.57725463766775,0.0,0.3983026,0.6008138117051262,0.016769023396930517
TOI-169 b,12.172974,251.40353,0.13793103448275862,1443.0,5880.0,0.0,1715.0,0.0,0.0,0.0,1042.1750840176376,0.0,0.9143386,0.4854934633253436,0.016757335358707937
Kepler-230 b,4.26,,0.2159709618874773,11.816,5588.0,0.0,506.0,0.0,0.0,0.0,69.93792920995679,4.1028105461879464e-168,0.174362,0.6498463836704867,0.01674914115382274
WASP-98 b,12.823096,293.03926,0.1386569872958258,269.8828,5473.0,0.0,1171.0,0.0,0.0,0.0,1224.6417182606433,0.0,0.6815757,0.5369209859237318,0.016748091260489262
Kepler-1473 b,1.19,,1.0707803992740472,111.011,6046.0,0.0,783.0,0.0,0.0,0.0,7.55840060344374,0.0,0.6184958,0.5503035598507745,0.016731914978418742
HATS-74 A b,11.56766808,464.02947422,0.29764065335753176,106.9,3776.9,0.044,895.1,0.225927840697007,0.006878575335448754,0.03234759843991608,1929.8267154914115,0.0,0.7444383,0.5222457316853254,0.01673120656942662
TOI-3819 b,13.13692538,352.78953177,0.1542649727767695,1186.0,5859.0,0.0,1633.0,0.0,0.0,0.0,1464.9983492110139,0.0,0.8784814,0.4919152252084863,0.016718914568830234
Kepler-965 b,3.38,,0.29401088929219604,4.98,5886.0,0.0,393.0,0.0,0.0,0.0,47.55565041090551,3.7015988407332426e-16,0.22885513,0.6363138334019321,0.01671450697105224
Kepler-284 b,2.24,,0.5009074410163339,38.366,5615.0,0.0,686.0,0.0,0.0,0.0,23.582516529555242,0.0,0.13276988,0.6572106316175755,0.016702490298345637
Kepler-77 b,10.761,136.661,0.10943738656987297,432.871,5520.0,0.0,1440.0,0.0,0.0,0.0,571.2315902388848,0.0,0.74237996,0.5211019213972634,0.016691714148483194
Kepler-791 b,3.05,,0.3357531760435572,140.057,6383.0,0.0,939.0,0.0,0.0,0.0,39.90324887759406,0.0,0.24252471,0.6315726059296773,0.016672621056961483
OGLE-TR-111 b,11.421971,174.799,0.11796733212341198,204.9529,5040.0,0.0,1019.0,0.0,0.0,0.0,736.3317488418214,0.0,0.6856294,0.5326601671514214,0.01666528948255227
Qatar-6 b,11.903958,212.31044,0.12558983666061704,174.9015,5052.0,0.0,1006.0,0.0,0.0,0.0,887.3955828915906,0.0,0.66666746,0.5365478426899662,0.01665709467225963
KOBE-1 c,3.56,,0.27404718693284935,3.91,4135.0,0.0,392.5,0.0,0.0,0.0,51.792151407458334,4.5523131213349824e-07,0.48608702,0.5766013581607476,0.01665375381617977
Kepler-396 b,3.5,75.5,1.7568058076225046,13.731,5656.0,0.0,496.0,0.0,0.0,0.0,315.5124498534475,8.627674807311018e-240,0.4911982,0.5752962622932348,0.01664962237078775
BD+20 594 b,2.57807,22.2481,1.4319419237749547,15.1513,5766.0,0.0,546.0,0.0,0.0,0.0,102.7775188560079,3.494014969006627e-301,0.42698994,0.5892246799872757,0.01664071175809506
Kepler-1016 c,3.68,,0.2613430127041742,7.071,5821.0,0.0,407.0,0.0,0.0,0.0,54.55605500350461,2.109821369822033e-45,0.19688837,0.6399710886240912,0.01662927801971794
HATS-38 b,6.882326,23.51942,0.07313974591651544,464.7,5732.0,0.0,1294.0,0.0,0.0,0.0,99.87292687882369,0.0,0.81438667,0.5024953486757583,0.016628080625882728
TOI-5624 d,3.584,4.9,0.10707803992740472,157.055,5327.0,0.0,712.6,0.0,0.0,0.0,20.64871476303782,0.0,0.41259417,0.5918415822715787,0.01662624165815367
GJ 251 c,1.8,,0.6642468239564429,0.404,3342.0,0.0,216.0,0.0,0.0,0.0,16.22690191941744,0.969116474426619,1.4574795,0.3591876449272278,0.01662353616646843
Kepler-364 c,2.15,,0.5281306715063522,22.234,6108.0,0.0,568.0,0.0,0.0,0.0,21.985957250063045,0.0,0.22428882,0.6335834639164486,0.016622140284323454
HD 149143 b,13.6,,0.16751361161524503,796.9815,5856.0,0.0167,1471.9,0.1578055184193276,0.0007629055038454808,0.08788801624189548,1765.043595183589,0.0,0.7874137,0.5080467276480719,0.01661694741843582
LHS 1678 c,0.941,1.4,1.9237749546279492,13.5,3490.0,0.039,510.9,0.5287136952629606,0.08737413630462183,0.024683442859432716,6.714470127423908,1.7244610007258463e-230,1.5139751,0.3460821945158274,0.016610418930285583
Kepler-240 c,2.2,102.3,9.582577132486389,59.838,4985.0,0.0,696.0,0.0,0.0,0.0,427.4043868801921,0.0,1.9727843,0.2436623527503994,0.016602782976931817
Kepler-1540 b,2.49,,0.4373865698729583,0.849,4540.0,0.0,266.0,0.0,0.0,0.0,28.284733705718782,0.9814107882840746,0.6189364,0.5446832510217595,0.016595772872084233
Kepler-1255 b,2.32,,0.4791288566243195,39.671,6018.0,0.0,694.0,0.0,0.0,0.0,25.061374825835614,0.0,0.16832758,0.6448797996126441,0.016593589195656983
Kepler-1185 b,1.33,,0.987295825771325,9.31,5622.0,0.0,355.0,0.0,0.0,0.0,9.729506959408015,1.4170811366030318e-93,0.52295244,0.5657481312290754,0.016588455573080786
NGTS-15 b,12.32987877,238.689133657,0.13430127041742287,425.0,5600.0,0.0,1146.0,0.0,0.0,0.0,1054.496517484696,0.0,0.7242101,0.5208506859160659,0.01658582739676521
Kepler-782 b,3.21,,0.3139745916515427,3.987,5867.0,0.0,350.0,0.0,0.0,0.0,43.50089684775247,1.3679191198593316e-07,0.24944532,0.6263050677412173,0.016580730093871635
TrES-1 b,12.66617,266.9772,0.12921960072595282,318.4582,5230.0,0.0,1140.0,0.0,0.0,0.0,1099.8993414820907,0.0,0.72449493,0.5202076582382333,0.016571537612381976
Kepler-340 c,3.37,,0.29401088929219604,154.653,6620.0,0.0,946.0,0.0,0.0,0.0,47.13480639929338,0.0,0.3296951,0.6074434169675195,0.016556035282817606
WASP-41 b,12.3299,270.1555,0.13466424682395645,344.149,5545.0,0.0,1244.0,0.0,0.0,0.0,1057.3519698062457,0.0,0.6972915,0.5255276999286175,0.01655343689912482
Kepler-92 d,2.067,,1.3535156079854809,46.844,5904.34,0.07,637.0,0.388299956116466,0.021950851344997923,0.08917935566596105,50.069506093830974,0.0,0.38792092,0.5934579998319899,0.016530716554311306
Kepler-399 c,1.43,,0.8965517241379312,15.69,5502.0,0.0,630.0,0.0,0.0,0.0,10.981763124053886,0.0,0.41945904,0.586437174046546,0.01653067068562134
TOI-1266 b,2.52,4.46,0.279491833030853,4.72,3563.0,0.039,415.0,0.5245239501976958,0.21128372350787264,0.026633541700054473,18.735244004097662,1.3417946355810177e-13,0.73360527,0.5163788485062629,0.016527130397361423
TOI-2524 b,11.2089807,203.41018048,0.14337568058076225,210.609,5831.0,0.0,1100.0,0.0,0.0,0.0,845.7898438614632,0.0,0.6005715,0.5457619304824761,0.01652160286877107
K2-72 c,1.16,,1.0544464609800364,2.2,3360.47,0.11,333.81,0.6421900344395002,0.4279641609820459,0.021223219533043933,6.894251313357239,0.7957907819035631,1.3843088,0.37110969854922404,0.016515987458560904
Kepler-524 b,1.91,,0.617059891107078,434.237,6014.0,0.0,974.0,0.0,0.0,0.0,18.01009606102568,0.0,0.3823984,0.5920106132176747,0.016464733300688893
Kepler-560 b,1.72,,0.7078039927404719,2.46,3556.0,0.17,298.0,0.5448653791265311,0.34329459196017703,0.026446545920818236,15.086446541898932,0.41494618754352613,1.0237869,0.44822944415771343,0.016439164699731425
Kepler-1637 b,0.89,,0.9056261343012705,337.78,5789.0,0.0,1093.0,0.0,0.0,0.0,2.67428430798031,0.0,0.78604484,0.5010011205719348,0.016435739058874986
TOI-1232 b,10.92875618,220.572914458,0.1680580762250454,90.0659,5823.0,0.065,785.71,0.21232156261958338,0.00736535877707883,0.08700646471120045,918.88298146325,0.0,0.43154663,0.579377430463175,0.01642294557527356
Kepler-720 b,8.41,,0.08947368421052632,384.561,5618.0,0.0,1162.0,0.0,0.0,0.0,222.93174584166468,0.0,0.73100036,0.512441154573146,0.016415760802243315
Kepler-229 d,3.85,,0.2486388384754991,6.162,5120.0,0.0,439.0,0.0,0.0,0.0,59.43465774114318,8.025334272835008e-31,0.2063669,0.6291410004978635,0.01641428621736097
Kepler-1883 b,3.25107395,,0.308529945553539,7.08,6208.0,0.0,416.0,0.0,0.0,0.0,44.408538074622655,1.460599874880645e-45,0.25031465,0.6185945078179231,0.016395408848750244
TOI-6330 b,10.89,3179.0,2.462794918330309,9.97,3539.0,0.34,495.0,0.26306950687686764,0.06507080105017249,0.02599241331410001,13322.953047932622,4.496706870587381e-111,2.0397248,0.2202221242331041,0.01639218700146775
TOI-3693 b,12.59889431,324.18497514,0.16152450090744103,68.6,5321.0,0.0,801.0,0.0,0.0,0.0,1353.082618740682,0.0,0.5395249,0.5540893588488625,0.01639195647206874
Kepler-375 b,1.45,,0.883847549909256,64.444,5826.0,0.0,851.0,0.0,0.0,0.0,11.286777880287813,0.0,0.40808445,0.5831108587025967,0.016386256597776743
Kepler-268 b,2.55,,0.4228675136116153,64.933,6081.0,0.0,695.0,0.0,0.0,0.0,29.370644238439844,0.0,0.15893646,0.6383119577013388,0.016380143522286054
Kepler-1840 b,2.77771129,,0.37749546279491836,1.3,4898.0,0.0,284.0,0.0,0.0,0.0,33.88922657691142,0.9843223814653498,0.44040045,0.5754381147019889,0.016374406789729977
Kepler-244 d,2.31,15.2,1.2304900181488205,31.267,5554.0,0.0,622.0,0.0,0.0,0.0,63.53347997718932,0.0,0.3425659,0.5971066643939081,0.01637181821214421
Kepler-1861 b,2.20677414,,0.5099818511796733,31.5,5855.0,0.0,617.0,0.0,0.0,0.0,22.957098018690182,0.0,0.16258506,0.6369555125862335,0.016366721522163192
Kepler-56 b,6.51,22.1,0.08021778584392016,819.245,4840.0,0.04,1378.0,0.1389480223579697,0.0006161054683197811,0.06074691456962426,92.70480516614224,0.0,0.81977904,0.49062707950954254,0.01636507447064025
Kepler-1126 b,1.73,,0.7005444646098004,4.55,5798.0,0.0,374.0,0.0,0.0,0.0,15.193667726976054,4.893473980976821e-12,0.40689176,0.5823212077639844,0.016360245130905032
Kepler-1498 b,1.33,,0.987295825771325,9.86,5256.0,0.0,564.0,0.0,0.0,0.0,9.729506959408015,4.54203710702048e-108,0.5172119,0.5572088720520273,0.016346437728432285
Kepler-814 b,2.12,,0.5372050816696915,935.124,6162.0,0.0,1164.0,0.0,0.0,0.0,21.440568881959855,0.0,0.46869916,0.567878759959422,0.01634331032796622
TOI-2374 b,7.48759911,61.658710958,0.1457350272232305,122.9,5002.0,0.13,926.0,0.18285926535164074,0.0046581974083064704,0.06507453117485029,256.2596966562691,0.0,0.36871573,0.5901152593259459,0.01634293352560704
Kepler-1672 b,2.97022762,,0.3466424682395644,4.4,6131.95,0.0,423.0,0.0,0.0,0.0,38.04867823113485,9.722425404532395e-11,0.2838536,0.6087567680189306,0.016336894388382577
HD 155193 b,14.0,,0.08656987295825772,4.0461,6239.0,0.21,391.86,0.2602146136848781,0.12950153785177773,0.09811935673448295,995.0376104469054,5.3364739684792496e-08,1.2141953,0.40126072344273783,0.016325945798556802
Kepler-1087 b,0.61,,0.7241379310344829,3496.493,5589.0,0.0,2161.0,0.0,0.0,0.0,0.6884928130663799,0.0,1.388808,0.36233087077781495,0.01632424618200329
Kepler-356 c,1.81,,0.6606170598911071,209.368,6133.0,0.0,913.0,0.0,0.0,0.0,16.408697877405036,0.0,0.3628144,0.5904878757294918,0.016319740819772756
Kepler-217 b,2.23,,0.5027223230490019,1366.477,6171.0,0.0,1413.0,0.0,0.0,0.0,23.352391807810356,0.0,0.5147908,0.5560366377211853,0.016304254090879128
TRAPPIST-1 c,1.097,1.308,0.991650272232305,2.214,2566.0,0.00654,339.7,0.7280731618319239,0.4873860334592026,0.0,5.483615905703655,0.7609049679833285,2.0237298,0.21938399023894375,0.01628376474614747
Kepler-1244 b,1.35,,0.9691470054446462,4756.325,6680.0,0.0,1839.0,0.0,0.0,0.0,9.988023901731585,0.0,1.2425306,0.39323332310432907,0.016283511617790153
Kepler-886 b,1.52,,0.8294010889292197,231.432,6098.0,0.0,1111.0,0.0,0.0,0.0,12.200678251962165,0.0,0.4810368,0.5627040151898416,0.016283428795065016
WASP-73 b,15.91678,908.9938,0.2896551724137931,2242.3605,6030.0,0.0,1790.0,0.0,0.0,0.0,4892.552990221208,0.0,0.99547756,0.4479230867957147,0.016276286455848
Kepler-1502 b,3.18,,0.31578947368421056,77.324,6666.0,0.0,608.0,0.0,0.0,0.0,42.53707458084773,0.0,0.3113053,0.6001494361532779,0.016275314845556353
WASP-57 b,11.76945,204.68252,0.12577132486388384,702.385,5600.0,0.0,1338.0,0.0,0.0,0.0,858.8923800423045,0.0,0.79133475,0.49261321780329476,0.016257973487763915
HAT-P-37 b,13.204,371.528,0.16152450090744103,412.3914,5500.0,0.058,1271.0,0.1525537457707982,0.0013448310790063456,0.07837794518350209,1557.5556196165642,0.0,0.6389236,0.5262843562031229,0.01625184269363441
Kepler-1401 b,1.68,,0.7277676950998185,100.91,5964.0,0.0,808.0,0.0,0.0,0.0,14.45470484972229,0.0,0.3322959,0.5940231743860928,0.016239451393043898
HAT-P-54 b,10.581296,241.5508,0.20290381125226864,88.6713,4390.0,0.074,818.0,0.21048801099085987,0.007467109383953666,0.0487257573328953,1006.9210137738626,0.0,0.5010446,0.5562427223954862,0.0162339132364184
Kepler-300 b,1.67,,0.73502722323049,265.186,5986.0,0.0,812.0,0.0,0.0,0.0,14.339745615952426,0.0,0.40539083,0.5770478143685049,0.016222003412051093
WASP-71 b,13.22662,441.7837,0.19963702359346644,3384.6097,6050.0,0.0,2016.1,0.0,0.0,0.0,1934.9793072717198,0.0,1.0417129,0.43501964966772816,0.016211854330726864
Kepler-291 c,1.88,,0.6297640653357532,332.737,6002.0,0.0,1035.0,0.0,0.0,0.0,17.528309500369478,0.0,0.35913017,0.5868506944348166,0.016209857932273523
Kepler-1232 b,1.93,,0.6079854809437387,14.6,5471.0,0.0,523.0,0.0,0.0,0.0,18.30854131939945,1.5609990413997524e-276,0.22266252,0.6169665359473602,0.016203554481193316
Kepler-367 c,1.2,,1.0798548094373865,3.761,4710.0,0.0,357.0,0.0,0.0,0.0,7.816236909170915,3.867176423090513e-06,0.7725641,0.4937286767244566,0.016182484359841917
HD 47366 b,13.4,,0.27404718693284935,17.9154,4866.0,0.071,577.05,0.29408927156351533,0.044217661506199886,0.06144147032108471,2762.0297548121603,0.0,0.46081954,0.5622232370725648,0.01616064967187207
Kepler-883 b,1.78,,0.6751361161524502,163.052,6116.0,0.0,818.0,0.0,0.0,0.0,15.949238678455716,0.0,0.35062116,0.5866438165352852,0.016158071083607645
LHS 1903 d,2.5,5.96,0.3793103448275862,6.35,3664.0,0.112,442.0,0.4438450046394143,0.14233990504239172,0.02933162365763325,24.82580401543658,1.3097205833709283e-33,0.62091285,0.5262389633653419,0.016151903764391753
Kepler-344 c,2.95,,0.3502722323049002,2.673,5774.0,0.0,360.0,0.0,0.0,0.0,37.66694235242357,0.16108362490234168,0.2928897,0.5990298853509111,0.01614667290343607
Kepler-526 b,1.99,,0.5843920145190563,584.354,5894.0,0.0,1099.0,0.0,0.0,0.0,19.290883193273892,0.0,0.37987268,0.5783699421806057,0.016114587310045912
TOI-1266 c,1.98,3.17,0.40834845735027225,2.42,3563.0,0.071,346.0,0.5808627767633927,0.3709222563113653,0.026633541700055163,13.277462984474147,0.4671191761519038,0.8450736,0.4746725943438237,0.016110527037016976
Kepler-825 c,1.84,,0.6460980036297641,261.628,5976.0,0.0,981.0,0.0,0.0,0.0,16.859336442055245,0.0,0.34260485,0.5863496015764785,0.016106834481800558
Kepler-1260 b,1.77,,0.6805807622504537,171.926,5961.0,0.0,823.0,0.0,0.0,0.0,15.808405857752895,0.0,0.32905236,0.5890097029891685,0.0160980561949761
WASP-36 b,14.874343,750.39663,0.22867513611615245,1422.6075,5959.0,0.0,1733.0,0.0,0.0,0.0,3152.2520196897617,0.0,0.89101696,0.46387320349841626,0.016096364328409503
Kepler-1751 b,1.82417378,,0.6533575317604357,221.46,6052.0,0.0,984.0,0.0,0.0,0.0,16.612620279404613,0.0,0.3477734,0.5845183276600964,0.016090045896359883
Kepler-339 c,1.15,7.3,4.791288566243194,101.841,5631.0,0.0,914.0,0.0,0.0,0.0,30.52350896395623,0.0,1.5182878,0.32382745379807826,0.016085427473746777
TOI-2088 b,3.6831179,37.0,0.3629764065335753,1.7338,5081.0,0.0,300.33,0.0,0.0,0.0,75.96505731505133,0.9963979658746956,0.34417003,0.5847219885871734,0.016075296119648058
Kepler-84 f,2.2,,0.5136116152450091,25.3,6031.0,0.0,572.0,0.0,0.0,0.0,22.908227554373934,0.0,0.19752516,0.6170235656674407,0.01606703891482892
Kepler-1449 b,1.68,,0.7277676950998185,271.885,5979.0,0.0,867.0,0.0,0.0,0.0,14.45470484972229,0.0,0.4021175,0.5707486250174026,0.0160487472991244
Kepler-1487 c,7.97,,0.09600725952813068,227.68,5745.0,0.0,991.0,0.0,0.0,0.0,203.5952524581302,0.0,0.6331333,0.5190188752431719,0.016040954619224102
YZ Cet d,1.03,,0.9945553539019965,2.7,3151.0,0.07,356.7,0.6790716615891716,0.3951893472331521,0.01562750440775736,4.552282897368201,0.1264639122972833,1.5322714,0.31889308205063027,0.016040502041070777
TrES-3 b,14.975,607.03,0.18039927404718695,1025.5022,5650.0,0.0,1638.0,0.0,0.0,0.0,2537.6042209834163,0.0,0.8626935,0.46771369465554224,0.016035642428800283
Kepler-131 b,2.41,16.13,1.088929219600726,66.122,5685.0,0.0,718.0,0.0,0.0,0.0,63.84683722986405,0.0,0.2950258,0.5934812075722076,0.01602159960613464
HD 6860 b,11.9,,5.317604355716878,406.4355,3802.0,0.28,1196.06,0.11657324906777912,0.0010475546303606873,0.033018111876906175,37535.78604761044,0.0,2.384533,0.12793730307051823,0.016008922891191026
TOI-700 b,0.914,,0.9201451905626136,4.98,3459.0,0.075,417.0,0.6086230840944339,0.2278376124404405,0.023855318694233817,2.9429545630916754,3.182608099065846e-16,1.3057183,0.36780192554164726,0.016003236074817045
Kepler-1504 b,2.13,,0.5353901996370236,25.17,5393.0,0.0,485.0,0.0,0.0,0.0,21.67194234972401,0.0,0.15421167,0.6239989321291068,0.016001356117122563
Kepler-521 b,3.18,,0.31578947368421056,160.612,6406.0,0.0,803.0,0.0,0.0,0.0,42.53707458084773,0.0,0.2586484,0.6007242337781515,0.01600057191519687
Kepler-872 b,1.99,,0.5843920145190563,553.056,5902.0,0.0,1230.0,0.0,0.0,0.0,19.290883193273892,0.0,0.37377247,0.5749857698228269,0.015997686073072503
GJ 1061 c,1.19,1.81,1.0707803992740472,1.4,2953.0,0.02,304.12,0.8533399702592815,0.7446573102032187,0.010338195223593711,7.55840060344374,0.9407077592891748,1.7524536,0.2680069514991235,0.015994066423304358
HD 86081 b,13.6,,0.1869328493647913,2003.7697,5939.0,0.0119,1860.31,0.12871430884045001,0.0002680782530685578,0.09010525191000529,1969.658616510397,0.0,0.9312602,0.44987710874284687,0.015972117465332333
Kepler-1362 b,2.6,,0.411978221415608,1.011,4857.0,0.0,248.0,0.0,0.0,0.0,30.330733388615087,0.9825404012667919,0.50469154,0.5445478860343795,0.01596560645377617
Kepler-1177 b,1.9,,0.6206896551724138,11.862,5712.0,0.0,377.0,0.0,0.0,0.0,17.83297987114956,1.0745428905643633e-169,0.2557606,0.5998747304489408,0.01596378435083748
TOI-5232 b,12.778238,743.71847238,0.35571687840290384,1193.86,6500.0,0.035,1772.0,0.1506225916430855,0.0005064679858198628,0.10509162793180354,3108.8946117514474,0.0,0.810407,0.4762935682112382,0.015960284041739048
G 261-6 b,1.1,,1.0272232304900182,1.8,2907.0,0.0,322.3,0.0,0.0,0.0,5.727056888593483,0.9188550858032594,1.7969942,0.25620257743081265,0.01594743107728581
HR 858 c,1.979,3.8,0.5263157894736842,512.0,6354.0,0.0,1309.0,0.0,0.0,0.0,17.08725855430565,0.0,0.44933957,0.556101080015703,0.015946730644322168
K2-292 b,2.63,24.5,1.3430127041742288,67.0,5725.0,0.04,795.0,0.3817785429329562,0.015863467791597835,0.08438852380188146,102.33777623107652,0.0,0.3252495,0.5830366174436905,0.01592993448392528
TOI-1298 b,9.65807033,99.0,0.1088929219600726,732.0077,5752.0,0.0,1278.0,0.0,0.0,0.0,410.9219606826366,0.0,0.77909815,0.4816686783703336,0.01592101551641561
Kepler-1941 b,2.64976949,,0.40290381125226865,46.53,6404.0,0.0,666.0,0.0,0.0,0.0,31.39888820953611,0.0,0.22780955,0.6042393525431319,0.015918027231903577
HR 858 b,2.004,3.55,0.4428312159709619,989.7,6354.0,0.0,1552.0,0.0,0.0,0.0,14.928631169247547,0.0,0.5284545,0.537144000334189,0.01591345648615536
TOI-3464 b,13.7646283,397.28550875,0.15063520871143377,1370.0,6370.0,0.25,1693.0,0.09077557529057631,0.0002679198139396273,0.1016188491745181,1645.5404690095952,0.0,1.2476095,0.3756312525729871,0.01587742845187018
Kepler-1111 b,2.0,,0.5807622504537205,118.52,6077.0,0.0,938.0,0.0,0.0,0.0,19.46152980808196,0.0,0.26199,0.5946960684357864,0.015870292019895614
Wolf 1061 c,1.66,,0.7441016333938294,1.3,3342.0,0.11,299.3,0.6404872483110335,0.5870772852844452,0.020729817812682193,14.257557484978877,0.9659278418206871,1.217942,0.3816466998367326,0.015862952260736436
HD 10180 h,9.4,,0.07731397459165154,0.1303,5911.0,0.095,163.24,0.28502916607478174,0.08341960429703278,0.08935726879304025,268.98630573333566,0.8234726038837209,1.5930476,0.29811016209470975,0.015861596603389594
HAT-P-20 b,9.718,2302.899,2.500907441016334,85.1168,4595.0,0.015,970.0,0.29069406805298814,0.010692803119722297,0.0542020622963067,9614.283234718467,0.0,0.9572461,0.4393461158082906,0.01585507047719211
TOI-1478 b,11.99360935,279.68899816,0.15970961887477314,261.013,5597.0,0.055,918.0,0.17149682051170287,0.002276596913776706,0.08096917241008629,1154.168932403062,0.0,0.5471443,0.530511502411297,0.015852489128890958
Kepler-33 e,4.02,5.57,0.14519056261343014,74.72,5904.0,0.0,752.0,0.0,0.0,0.0,39.50982960526003,0.0,0.28217888,0.589408987344282,0.015850718416429356
TOI-4010 d,6.18,38.15,0.1633393829401089,30.0,4960.0,0.07,650.0,0.28239746518061526,0.025269554621354988,0.06395255649942193,161.4897436584632,0.0,0.23816936,0.5991156166245968,0.015848551466634973
K2-129 b,1.04,,0.9927404718693285,4.5,3459.09,0.13,419.19,0.5707567158154594,0.2302885293582948,0.023857722925681297,4.677613720126153,1.2501660402162308e-11,1.2830379,0.3664080870663985,0.01584443231440465
Kepler-1187 b,2.61,,0.4101633393829401,72.957,5975.0,0.0,701.0,0.0,0.0,0.0,30.54688793246715,0.0,0.13770767,0.6203887289139741,0.015821799784343504
75 Cet b,13.3,,0.3339382940108893,14.175,4809.0,0.093,540.31,0.30297129728626765,0.05584657304203397,0.05991879040443273,3290.8626480350626,3.140726026984697e-258,0.46022025,0.5484616072141578,0.015818091339249316
Kepler-1046 b,1.71,,0.7114337568058077,101.4,5913.0,0.0,786.0,0.0,0.0,0.0,14.900862549177393,0.0,0.31320995,0.5806848380947938,0.015805897734684087
WASP-29 b,8.63093,73.1009,0.11796733212341198,121.7724,4800.0,0.03,970.0,0.2153724672368862,0.005585901597264395,0.05967836725969378,317.7043418710275,0.0,0.5319489,0.5319296183109367,0.015804077719284722
Kepler-1954 b,1.80235934,,0.6642468239564429,192.09,5840.0,0.0,949.0,0.0,0.0,0.0,16.290793556518622,0.0,0.30892435,0.5814126150929618,0.015800325948580343
WASP-64 b,14.247,403.945,0.14936479128856625,1563.6374,5400.0,0.0,1689.0,0.0,0.0,0.0,1809.2855662067427,0.0,0.9584466,0.4365262710011191,0.015792138678569934
HATS-49 b,8.574885,112.19399,0.17894736842105263,80.45,4405.0,0.071,834.8,0.2198004887156597,0.008363931017942576,0.049126462574119185,472.6055727685932,0.0,0.4384284,0.5522014125586931,0.015790724491284748
Kepler-289 e,2.94,17.4,0.52994555353902,1.58,5990.0,0.0,286.0,0.0,0.0,0.0,56.410747308634114,0.9954800684210462,0.41674632,0.5567091966179877,0.015782892979579827
Kepler-342 d,2.49,,0.4373865698729583,44.828,6175.0,0.0,658.0,0.0,0.0,0.0,28.284733705718782,0.0,0.18051937,0.6084372179118099,0.01576205086155697
Kepler-376 c,1.79,,0.6715063520871144,168.29,5900.0,0.0,873.0,0.0,0.0,0.0,16.13235712341537,0.0,0.3118039,0.5790409546156169,0.015757655914693434
Kepler-24 b,2.348,11.14,0.8505578947368422,252.246,6028.0,0.023,1050.0,0.324014743523915,0.004017463615829018,0.0924827696746133,46.11973115568131,0.0,0.31454134,0.577670119755618,0.015738879819794466
TIC 46432937 b,13.31626907,1017.0509024,0.4301270417422868,115.1312,3572.0,0.009,872.0,0.23867147290995502,0.0069101155821510935,0.026873964844790717,4254.348300317587,0.0,0.9494966,0.4355839127447213,0.015719800559776863
Kepler-1051 b,3.4,,0.29219600725952816,87.457,6675.0,0.0,850.0,0.0,0.0,0.0,48.10604327338804,0.0,0.3219243,0.5752303086784587,0.015719238565594755
Kepler-880 c,2.87,,0.3629764065335753,926.72,6900.0,0.0,1407.0,0.0,0.0,0.0,35.9428653823958,0.0,0.6400865,0.504236146135412,0.015714661284620117
TOI-4961 b,12.34108775,572.0911326,0.30308529945553536,115.0,5380.0,0.182,919.0,0.1811179356737717,0.005126635470403257,0.07517230325371,2386.2382482176404,0.0,0.44985718,0.5460174411245718,0.015700975389016804
Kepler-74 b,10.76,200.22,0.15970961887477314,337.682,6000.0,0.0,1078.0,0.0,0.0,0.0,833.4057578463417,0.0,0.6111816,0.5094052249803156,0.015683503489164932
Kepler-765 b,2.43,,0.4500907441016334,48.947,5901.0,0.0,641.0,0.0,0.0,0.0,27.05250662534617,0.0,0.13602023,0.615091154487775,0.01568193845714659
TOI-5218 b,9.86,657.0,0.1636236270434175,62.0,4230.0,0.0,783.0,0.0,0.0,0.0,657.0,0.0,0.62793577,0.5055975211222238,0.01568155615532571
HD 212771 b,13.3,,0.32123411978221417,10.8749,5003.0,0.076,507.69,0.3285843026122845,0.07569369094285923,0.06510124485760177,3165.666786425033,1.4899725536815977e-137,0.44789785,0.5449363115076626,0.0156635716823541
HD 31527 c,3.85,,0.24682395644283125,16.9215,5898.0,0.04,571.07,0.4029457537967204,0.05762621860563358,0.08900999091732419,59.00082812259469,0.0,0.112975344,0.618279719068056,0.01563410645920701
Kepler-168 c,2.69,,0.3938294010889292,169.002,6282.0,0.0,862.0,0.0,0.0,0.0,32.11098179201991,0.0,0.23763761,0.589753606751666,0.015614829103980305
Kepler-987 b,3.26,,0.308529945553539,3.853,5637.0,0.0,351.0,0.0,0.0,0.0,44.775323473123294,1.0718229652580126e-06,0.23157033,0.5904046596212265,0.015597590301273523
Kepler-1444 b,2.18,,0.5190562613430127,25.942,5810.0,0.0,581.0,0.0,0.0,0.0,22.525400652961082,0.0,0.16614442,0.6036930263831136,0.015566219456304976
Kepler-1442 b,3.93,,0.2413793103448276,25.972,6394.0,0.0,522.0,0.0,0.0,0.0,61.37143844450812,0.0,0.24891324,0.5848777350955362,0.015556488853842408
Kepler-151 c,2.09,,0.5480943738656987,21.407,5460.0,0.0,544.0,0.0,0.0,0.0,20.959591388792457,0.0,0.16728401,0.6027214766528823,0.015548520124459642
HD 195019 b,13.0,,0.573502722323049,109.862,5751.0,0.01,901.66,0.26882492736275004,0.007998514772859835,0.0850830795533319,5277.814840750201,0.0,0.4475391,0.5402113501336857,0.01554511727840165
HD 180053 b,13.3,,0.2958257713248639,17.673,5131.0,0.081,542.98,0.2940801040194289,0.04467594763460854,0.06852059624938338,2915.2750632049733,0.0,0.4126834,0.547876700494755,0.015542850360217617
HIP 94235 b,3.0,379.0,3.351095746212686,219.2841,5991.0,0.32,1060.0,0.18264336714298915,0.0025871008284442136,0.0914943634129361,379.0,0.0,1.4456012,0.3175883076719029,0.015532800763822577
Kepler-1052 c,2.3,,0.4827586206896552,1.96,5818.0,0.0,302.0,0.0,0.0,0.0,24.6037981345829,0.9786564374477399,0.39156386,0.5521654744384799,0.015532705921866606
Kepler-1382 b,1.88,,0.6297640653357532,198.471,6161.0,0.0,959.0,0.0,0.0,0.0,17.528309500369478,0.0,0.34383678,0.5622214105142178,0.015518753420838057
CoRoT-28 b,10.704595,153.82972,0.12522686025408347,672.7522,5150.0,0.047,1349.25,0.14103239293750064,0.0007808242131766479,0.06902815622159779,643.4233587735761,0.0,0.7026118,0.48222244636295997,0.015515008902459392
Kepler-467 b,2.25,,0.4972776769509982,72.749,5809.0,0.0,712.0,0.0,0.0,0.0,23.726579181183713,0.0,0.15339395,0.6041248354473605,0.015506906831808694
Kepler-1487 b,2.13,,0.5353901996370236,323.294,6541.0,0.0,1682.0,0.0,0.0,0.0,21.67194234972401,0.0,0.43537578,0.5412922415197531,0.015505028142349116
HD 1461 c,2.23,,0.5027223230490019,99.8365,5765.0,0.305,892.87,0.24327922872723334,0.006950620036222979,0.08545707111180695,23.352391807810356,0.0,0.55404735,0.5145066513503289,0.015495791207040449
Kepler-1121 b,1.91,,0.617059891107078,205.272,6231.0,0.0,1008.0,0.0,0.0,0.0,18.01009606102568,0.0,0.3544406,0.55766970695251,0.015464718936861266
TOI-5788 c,2.272,6.4,0.5503609800362976,49.8,5615.0,0.046,667.0,0.38955579934347495,0.020913189903565416,0.0814500186995627,27.037169627919077,0.0,0.09415134,0.6147581278939055,0.015444005508188719
Kepler-644 b,3.15,,0.32304900181488205,2381.77,6747.0,0.0,1655.0,0.0,0.0,0.0,42.29496541103621,0.0,0.7427964,0.4702089519984032,0.015439317745405624
Kepler-1645 b,1.78,,0.6751361161524502,138.538,5812.0,0.0,754.0,0.0,0.0,0.0,15.949238678455716,0.0,0.29094332,0.5703352720891341,0.015428575758548235
Kepler-265 b,1.86,,0.6388384754990926,220.328,5835.0,0.0,1022.0,0.0,0.0,0.0,17.21941950502332,0.0,0.30170095,0.5675770210806043,0.015419599755109288
Kepler-348 c,1.33,,0.987295825771325,133.259,6177.0,0.0,888.0,0.0,0.0,0.0,9.729506959408015,0.0,0.57073104,0.5073740550374986,0.01541148768816081
Kepler-1972 c,0.868,2.11,3.3393829401088926,198.4,5818.0,0.043,1215.0,0.29913706913646526,0.004397269392638656,0.08687289629747992,9.147744139739322,0.0,1.4068304,0.3210310565483644,0.015404951683202687
Kepler-1876 b,0.853,2.4,3.4482758620689657,475.0,6104.0,0.098,1299.0,0.21801842281444356,0.0014471063442033033,0.09451300956349458,8.964740133288279,0.0,1.5695555,0.2843435038667109,0.01539330752754238
Kepler-414 c,3.01,29.9,1.0925589836660616,137.086,5536.0,0.0,890.0,0.0,0.0,0.0,124.80528848760183,0.0,0.2811324,0.5710577735593799,0.015392558082717195
eps Tau b,12.7,,1.1125226860254083,22.147,4877.0,0.076,603.08,0.330425740023619,0.041569904175467465,0.06173532083132296,9545.719045425116,0.0,0.5803304,0.5043009075124073,0.015388393206703094
K2-95 b,3.31,,0.30308529945553536,8.4172,3566.0,0.16,474.0,0.36651712762639377,0.09523308447219006,0.026713682748299654,46.04022770879793,2.8661517566009776e-72,0.6739689,0.48324651287538584,0.015383100227474014
Kepler-386 c,1.58,,0.7894736842105263,16.657,5178.0,0.0,513.0,0.0,0.0,0.0,13.04360168701691,0.0,0.3482335,0.5553505696463596,0.015373487748562094
TOI-6255 b,1.079,1.44,1.1433756805807622,588.9944,3421.0,0.0,1256.46,0.0,0.0,0.0,6.016471917845767,0.0,1.4012654,0.3208124521957288,0.01536902848068365
Kepler-106 e,2.56,11.17,0.5626134301270418,20.294,5858.0,0.0,531.0,0.0,0.0,0.0,39.53835534257625,0.0,0.15359397,0.5975476964360315,0.015345855870337495
Kepler-1900 b,1.62314676,,0.7622504537205083,798.35,6173.0,0.0,1356.0,0.0,0.0,0.0,13.65399276581959,0.0,0.5944861,0.4992174470229007,0.015340737298967682
TOI-4641 b,8.18255591,1229.99593509,0.5359794300180533,192.5802,6560.0,0.074,950.11,0.22220100979938648,0.0038385792289310095,0.1066944488967034,1229.9959350900003,0.0,0.39984977,0.5415051738063561,0.015315356475002215
HD 10647 b,13.8,,0.1134301270417423,0.3471,6218.0,0.15,221.54,0.3072600440614327,0.1949084825506036,0.09755836939676948,1248.6890030709374,0.9999631610925626,1.4120343,0.3162267744209151,0.015315062130267447
WASP-166 b,7.06167,32.10083,0.09800362976406535,440.0,6050.0,0.0,1270.0,0.0,0.0,0.0,144.56162656296448,0.0,0.6946606,0.47580530817155536,0.015313179104135348
Kepler-1496 b,2.22,,0.5063520871143375,18.383,6182.0,0.0,535.0,0.0,0.0,0.0,23.205991940484335,0.0,0.23602387,0.5773233228029568,0.015299527070991628
Kepler-159 c,3.41,,0.2885662431941924,4.791,4625.0,0.0,275.0,0.0,0.0,0.0,47.92887903025806,2.9050223103389275e-14,0.3010063,0.5626318259878303,0.015293872768223539
Kepler-1092 b,2.07,,0.5553539019963702,17.016,5862.0,0.0,508.0,0.0,0.0,0.0,20.633337086744156,0.0,0.20985608,0.5827122022940262,0.01528880567092577
K2-290 b,3.06,10.9,0.7441016333938294,308.9946,6302.0,0.0,1230.0,0.0,0.0,0.0,89.30692716759597,0.0,0.34558138,0.5523100496245511,0.015283977457976394
Kepler-1403 b,2.14,,0.5317604355716878,699.644,6060.0,0.0,1238.0,0.0,0.0,0.0,21.829608694312096,0.0,0.4005638,0.5400167590958201,0.015282579697540554
HD 24064 b,12.3,,2.196007259528131,211.3995,4052.0,0.35,1088.02,0.1460870482426287,0.0024078332709094644,0.03969653256397911,17117.39667700978,0.0,1.8268459,0.2225420386208988,0.015281374527336314
Kepler-1128 b,3.65,,0.26497277676951,6.451,5543.0,0.0,424.0,0.0,0.0,0.0,53.971993527206564,3.800928489000691e-35,0.18241681,0.5884096736755112,0.015278715843618835
Kepler-33 f,4.46,9.6,0.1633393829401089,53.183,5904.0,0.0,691.0,0.0,0.0,0.0,60.69935776759371,0.0,0.2402347,0.575433207543031,0.015276033095424052
HATS-54 b,11.37711541,239.324790471,0.1397459165154265,476.965,5621.0,0.0,1429.0,0.0,0.0,0.0,862.0336646089163,0.0,0.68162286,0.477190431978421,0.015275792603503617
K2-17 b,2.23,,0.5027223230490019,4.91,4320.0,0.18,487.0,0.4589802305984561,0.17794515595080873,0.046855799540517044,23.352391807810356,1.903569453852434e-15,0.4759596,0.5221619482770762,0.015256074399187797
Kepler-402 e,1.46,,0.8747731397459166,157.481,6090.0,0.0,931.0,0.0,0.0,0.0,11.403616824159371,0.0,0.48235625,0.520137217548527,0.015241254693470166
Kepler-129 b,2.4,,1.47005444646098,158.306,5770.0,0.01,910.0,0.3389830911698147,0.006415493533742656,0.08559063952555597,85.12473138055047,0.0,0.45304292,0.5263785359983468,0.015234290184813532
Kepler-1452 b,2.7,,0.3920145190562614,73.501,6101.0,0.0,810.0,0.0,0.0,0.0,32.320796446052775,0.0,0.15559538,0.5923256719899959,0.015228096662479243
Kepler-367 b,1.3,,1.0163339382940109,5.985,4710.0,0.0,401.0,0.0,0.0,0.0,9.35308959120289,2.465952188066438e-28,0.6568441,0.4802574676877512,0.015215451024442267
Kepler-110 b,1.83,,0.6533575317604357,153.881,5960.0,0.0,1008.0,0.0,0.0,0.0,16.772306122820083,0.0,0.3024506,0.5587766497550166,0.015206754326013615
HD 105779 b,14.1,,0.07241379310344828,0.0683,5792.0,0.0,147.29,0.0,0.0,0.0,850.290337929937,0.7279976946858527,2.0797155,0.16322264518499455,0.01520637750881013
Kepler-519 b,2.1,,0.544464609800363,19.87,5260.0,0.0,532.0,0.0,0.0,0.0,21.12108135382583,0.0,0.17230427,0.587687856096227,0.015205435984993455
Kepler-1464 b,1.66,,0.7386569872958259,89.473,5828.0,0.0,564.0,0.0,0.0,0.0,14.153233893625375,0.0,0.31605023,0.5556470711848375,0.015204217110235885
Kepler-44 b,12.22,317.82,0.16878402903811254,1109.223,5800.0,0.066,1544.0,0.12597723371410605,0.00044614440121009747,0.08639205000799123,1290.1303045479083,0.0,0.73872936,0.46140917043884844,0.015200058831724749
GJ 273 c,1.06,,0.987295825771325,6.66,3382.0,0.17,462.26,0.5063115216506276,0.1510686172398799,0.021798365122614887,4.925536094504292,1.7082775953634164e-38,1.324236,0.33043193819706723,0.015183542978035196
Kepler-1514 c,1.1758241,,1.0671506352087115,193.0,6145.0,0.32,1066.0,0.2449308771118108,0.0037404304658567008,0.09560827055616554,7.266769899826107,0.0,1.1303476,0.3732656196774019,0.015175724932317551
Kepler-985 b,2.98,,0.3448275862068966,2.4,5434.0,0.0,323.0,0.0,0.0,0.0,38.22428791484948,0.5199854125125787,0.29030073,0.5601085894887134,0.015172928176188212
Kepler-311 d,2.05,,0.5626134301270418,2.71,5903.0,0.0,327.0,0.0,0.0,0.0,20.303003404778963,0.12976320407639128,0.3975554,0.5358581436735411,0.01516354989727152
NGTS-25 b,11.46678726,203.092352073,0.13430127041742287,339.4356,5321.0,0.0,1101.0,0.0,0.0,0.0,848.1916561798799,0.0,0.65847516,0.477617727153179,0.015159321929255242
Qatar-3 b,12.285064,1369.8473,0.7259528130671506,1330.0,6007.0,0.0,1681.0,0.0,0.0,0.0,5638.054526920788,0.0,0.7812561,0.44973353863247756,0.015145547735079526
Kepler-194 c,2.59,,0.41379310344827586,56.955,6089.0,0.0,815.0,0.0,0.0,0.0,30.114187470357702,0.0,0.15643454,0.5886023618696594,0.015140908878267856
Kepler-1884 b,1.81406781,,0.6606170598911071,131.92,5984.0,0.0,864.0,0.0,0.0,0.0,16.519577855084588,0.0,0.30208316,0.5561662078312808,0.015140382263704443
HD 20781 d,3.25,,0.308529945553539,18.0638,5256.0,0.11,570.19,0.35759010518087647,0.04800676359841173,0.07185980659292043,44.36454326184406,0.0,0.052470595,0.6114213938875386,0.015133053482789703
Kepler-1549 b,2.57,,0.4192377495462795,1.184,5324.0,0.0,286.0,0.0,0.0,0.0,29.809065432440704,0.982301193381203,0.42899293,0.5261591144919286,0.015096925109861322
Kepler-163 c,2.26,,0.49546279491833034,30.238,5776.0,0.0,648.0,0.0,0.0,0.0,23.95658860096664,0.0,0.1458528,0.5883766245078923,0.015077284759218266
TOI-712 c,2.701,,0.3920145190562614,3.08,4622.0,0.089,369.9,0.5302167466509802,0.29066926365693085,0.054923331730501436,32.35672174448529,0.009259346220868069,0.31037432,0.5517532510686439,0.015077079313740348
Kepler-1474 b,2.16,,0.5263157894736842,21.392,5870.0,0.0,561.0,0.0,0.0,0.0,22.21755489032368,0.0,0.18364468,0.5788768692393061,0.015050437439126535
Kepler-1831 b,1.97019818,,0.5916515426497277,288.69,6063.0,0.0,1051.0,0.0,0.0,0.0,18.95327880438786,0.0,0.33187786,0.5457271392026352,0.015046499347071526
Kepler-1839 b,1.9493759,,0.6007259528130672,286.32,5926.0,0.0,1049.0,0.0,0.0,0.0,18.64025211640373,0.0,0.31297213,0.5497748813897879,0.01504255933044234
Kepler-1649 b,1.017,,0.9764065335753176,2.208,3240.0,0.0,307.0,0.0,0.0,0.0,4.302116283185127,0.750037202482113,1.5554729,0.2732035480967883,0.015041403293193818
Kepler-1545 b,2.7,,0.3920145190562614,1.408,5201.0,0.0,274.0,0.0,0.0,0.0,32.320796446052775,0.9835846674338602,0.39496237,0.5314696732951376,0.01504113211937076
TOI-2368 b,10.83908434,206.58846455,0.15970961887477314,162.7267,5360.0,0.061,1000.0,0.18804831209192135,0.0038146362814775775,0.07463802959874033,851.9173622989506,0.0,0.452818,0.5185095880324053,0.01503906037530399
HD 68988 b,13.4,,0.2595281306715064,340.126,5932.0,0.12,1179.39,0.15191601725634496,0.0016065073380982352,0.08991825613076855,2615.697052570457,0.0,0.55995333,0.49451231909921173,0.015035268681753975
Kepler-1381 b,2.25,,0.4972776769509982,29.701,5747.0,0.0,649.0,0.0,0.0,0.0,23.726579181183713,0.0,0.1446341,0.5860314647790236,0.015012782030286003
Kepler-1262 b,1.82,,0.6569872958257714,142.545,5771.0,0.0,949.0,0.0,0.0,0.0,16.59051031687569,0.0,0.27545318,0.5568126433686504,0.015010207814689454
Kepler-1518 b,3.05,,0.3357531760435572,1079.458,6846.0,0.0,1351.0,0.0,0.0,0.0,39.90324887759406,0.0,0.6377909,0.47580635250432246,0.015001177096158391
Kepler-1621 b,2.16,,0.5263157894736842,14.055,6158.0,0.0,469.0,0.0,0.0,0.0,22.21755489032368,3.449917153866822e-253,0.25517058,0.5606137547182248,0.014992633102436537
TOI-1248 b,6.8084859,27.4,0.0852994555353902,202.0739,5205.0,0.0,952.09,0.0,0.0,0.0,112.76816034532828,0.0,0.6301354,0.47664944058537745,0.014979958449274161
Kepler-348 b,1.52,,0.8294010889292197,438.942,6177.0,0.0,1196.0,0.0,0.0,0.0,12.200678251962165,0.0,0.5631336,0.4910663430159951,0.014967763140133431
WASP-44 b,12.3299,276.5121,0.1471869328493648,533.0,5420.0,0.0,1337.0,0.0,0.0,0.0,1155.6771529822981,0.0,0.7126716,0.45775555810365526,0.014967013584971815
Kepler-625 b,1.99,,0.5843920145190563,407.833,5789.0,0.0,852.0,0.0,0.0,0.0,19.290883193273892,0.0,0.32222283,0.5443534375202033,0.014959658693327696
TOI-2379 b,11.72459381,1830.69162432,1.1270417422867514,25.3,3707.0,0.342,624.0,0.24129533565601616,0.02708746582744153,0.030480312015813023,7608.902657855583,0.0,1.542654,0.2726094573794403,0.014956423495125565
NGTS-9 b,11.99363,921.707,0.5317604355716878,729.0,6330.0,0.06,1448.0,0.16483506575981086,0.0008687188595720816,0.10055030186459621,3842.8777720192365,0.0,0.6458197,0.47187862321356155,0.014948397262373033
Kepler-142 d,2.16,,0.5263157894736842,22.072,5790.0,0.0,582.0,0.0,0.0,0.0,22.21755489032368,0.0,0.17274003,0.5768077231915564,0.014939595307751824
Kepler-1551 b,2.66,,0.4010889292196007,60.421,6136.0,0.0,722.0,0.0,0.0,0.0,31.62089761807604,0.0,0.1611233,0.57868753712581,0.014922201368114412
LHS 3154 b,3.69,,0.2613430127041742,3.7134,2861.0,0.076,343.83,0.44724174087953034,0.22218898164540718,0.007880536410749086,55.002015107614874,7.870567756161965e-06,1.1919886,0.3488674155535063,0.014912434841590093
HD 96127 b,13.0,1207.7479466,0.5480943738656987,364.3861,3943.0,0.3,947.29,0.1364904969024598,0.0013784656588082058,0.03678474114441037,5043.987600970129,0.0,1.2390069,0.3375922053233445,0.014892439198688254
HD 6061 b,2.42763557,10.0,0.6932849364791288,339.1,5934.0,0.0,1075.31,0.0,0.0,0.0,41.54806955143079,0.0,0.29901356,0.5466456737553081,0.014888827197772077
DMPP-1 e,1.86,,0.6406533575317604,492.4756,6196.0,0.07,1314.0,0.2415861533053298,0.0016016435115640858,0.09697066837632548,17.268338310435322,0.0,0.39967406,0.5241778194793061,0.014887215259473004
XO-2 N b,11.130537,199.91507,0.1297640653357532,428.036,5290.0,0.0,1328.0,0.0,0.0,0.0,749.5341162263012,0.0,0.68339133,0.4608528131033668,0.014882719036000523
mu Leo b,13.3,,0.32304900181488205,51.7863,4538.2,0.09,704.49,0.23473628370134061,0.013833850033017967,0.05268472511619451,3183.55190951218,0.0,0.48917213,0.5035715405865904,0.014870252308892672
TOI-1107 b,14.57167491,1064.72516345,0.3430127041742287,532.0,6311.0,0.025,1728.0,0.17991071117298937,0.001278972608121096,0.10004274189237485,4445.567775140848,0.0,0.7214342,0.45176890913510576,0.01486750062296017
HAT-P-27 b,11.43,197.05,0.13793103448275862,336.0384,5316.0,0.0,1091.99,0.0,0.0,0.0,862.758593789124,0.0,0.6455214,0.4686153149771583,0.014866309033116455
Kepler-206 c,1.77,,0.6805807622504537,95.51,5764.0,0.0,825.0,0.0,0.0,0.0,15.808405857752895,0.0,0.27092668,0.5519607731654241,0.014865757456070907
LP 791-18 c,2.488,7.16,0.46460980036297644,2.637,2960.0,0.0001,324.4,0.27640977924945803,0.17053282388876684,0.010525191002831176,29.97285438671314,0.19410152578169504,1.2278701,0.33880527418623885,0.014861240851467563
Kepler-983 b,2.36,,0.4682395644283122,30.997,6052.0,0.0,485.0,0.0,0.0,0.0,25.78058247142872,0.0,0.17237988,0.5734817726270873,0.014855623501973959
Kepler-1339 b,0.71,,0.79491833030853,3094.817,5586.0,0.0,1642.0,0.0,0.0,0.0,1.1917527619810564,0.0,1.2565978,0.3318865896507029,0.014848292964488755
Kepler-1289 b,1.52,,0.8294010889292197,223.442,6080.0,0.0,1113.0,0.0,0.0,0.0,12.200678251962165,0.0,0.47481185,0.5049375969912732,0.014825139333374995
Kepler-403 d,1.42,,0.9056261343012705,285.295,6209.0,0.0,958.0,0.0,0.0,0.0,10.861819693672095,0.0,0.5787694,0.48118711193116465,0.014809996162470251
TOI-257 b,7.16253867,43.860320166,0.11796733212341198,186.0,6095.0,0.0,1027.0,0.0,0.0,0.0,181.5730154849144,0.0,0.5365643,0.49024231957985487,0.01480166992185985
YZ Cet b,0.913,,0.9165154264972777,8.21,3151.0,0.06,471.2,0.5714366098466015,0.14454291407359474,0.015627504407757373,2.9217343144256036,8.637885813601346e-68,1.456514,0.28536496442178033,0.014798263560621267
Kepler-291 b,2.16,,0.5263157894736842,627.374,6002.0,0.0,1212.0,0.0,0.0,0.0,22.21755489032368,0.0,0.37127495,0.5256791943082146,0.0147684113217503
Kepler-631 b,2.9,,0.3575317604355717,94.137,6185.0,0.0,828.0,0.0,0.0,0.0,36.525589197810255,0.0,0.17401786,0.5695689867002274,0.014768147427758557
HATS-14 b,11.646151,340.39593,0.21615245009074413,505.884,5346.0,0.142,1276.0,0.1350182699617633,0.0009818902430296648,0.07426403804026666,1430.1975248456356,0.0,0.5464091,0.4865503276557401,0.014764665554814984
Kepler-1119 b,1.92,,0.6134301270417423,182.69,6083.0,0.0,938.0,0.0,0.0,0.0,18.186846313324125,0.0,0.3104058,0.5384969230808803,0.014750439268307557
Kepler-360 b,1.65,,0.7459165154264974,415.434,6053.0,0.0,1116.0,0.0,0.0,0.0,14.03558972895801,0.0,0.47186923,0.5021716839943278,0.014740805179483665
Kepler-1847 b,2.74516914,,0.38475499092558985,119.44,6122.0,0.0,843.0,0.0,0.0,0.0,33.34112084783765,0.0,0.17633471,0.5678603403761749,0.014738735511090058
WASP-135 b,14.5717,603.877,0.21052631578947367,917.4101,5675.0,0.0,1403.66,0.0,0.0,0.0,2728.51071797203,0.0,0.7892894,0.4312995969189679,0.01473516630563988
Kepler-1036 b,3.01,,0.3411978221415608,2.821,5533.0,0.0,326.0,0.0,0.0,0.0,38.97573793300523,0.06655078438274858,0.26782614,0.5467700832072173,0.014720777868784856
Kepler-557 b,2.67,,0.3992740471869329,2885.663,6068.0,0.0,1281.0,0.0,0.0,0.0,31.83416591062733,0.0,0.5936305,0.473994652464207,0.014714216741077193
TOI-6324 b,1.059,1.17,0.9818511796733213,284.211,3247.0,0.0,1216.0,0.0,0.0,0.0,4.8845229657113025,0.0,1.3859144,0.29749162036905524,0.0147098661909963
Kepler-812 b,3.55,,0.27404718693284935,421.917,6761.0,0.0,1163.0,0.0,0.0,0.0,51.35692553057634,0.0,0.4808213,0.49874771002676044,0.01470551029054791
Kepler-134 b,2.0,,0.5807622504537205,301.367,5983.0,0.0,1105.0,0.0,0.0,0.0,19.46152980808196,0.0,0.31458658,0.5352074060177916,0.014692280527761049
Kepler-1319 b,1.34,,0.9782214156079855,38.452,3655.0,0.33,557.0,0.31696076618512736,0.02124175428843259,0.029091200512901108,9.8591658135348,0.0,1.420446,0.28820288662729576,0.014670332935067459
Kepler-333 c,1.11,,1.029038112522686,7.049,4259.0,0.0,386.0,0.0,0.0,0.0,5.895070533268197,4.781114723479696e-45,0.8580906,0.41309333618212113,0.014663813781517114
Kepler-880 b,2.66,,0.4010889292196007,586.169,6761.0,0.0,1622.0,0.0,0.0,0.0,31.62089761807604,0.0,0.5239643,0.487184742752305,0.014657157916911889
Kepler-1548 b,2.64,,0.4047186932849365,1.933,5706.0,0.0,350.0,0.0,0.0,0.0,31.19274925340165,0.9830627796096509,0.34865615,0.5255281288727588,0.014640584131005493
LHS 1140 b,1.73,5.6,1.0707803992740472,0.43,3096.0,0.043,226.0,0.6983640490262103,0.4598136983580429,0.014158251856600714,23.22348175884941,0.9876479138832859,1.7072592,0.22298941180001253,0.014636265593773054
Kepler-1980 b,2.21,,0.5099818511796733,23.95,5819.0,0.0,564.0,0.0,0.0,0.0,23.057921240007,0.0,0.1645187,0.5663228910986279,0.014636001148982326
WASP-84 b,10.72,220.0,0.17785843920145192,34.6952,5280.0,0.0,732.0,0.0,0.0,0.0,917.7987084599669,0.0,0.42461342,0.5082029229610235,0.014630216058288749
TOI-1823 b,7.5406241,67.4,0.1560798548094374,9.2972,4927.0,0.0,423.63,0.0,0.0,0.0,280.32209934872867,3.1377368887239776e-93,0.4229761,0.5080817475389627,0.014618245142509511
K2-57 b,2.30905002,,0.4809437386569873,24.1,4413.0,0.25,635.8,0.32070656060136543,0.03308868218771834,0.04934017203610903,24.801783222535242,0.0,0.48471278,0.49418966216165444,0.014614490479954162
HD 149026 b,8.29466,120.7754,0.13611615245009076,1095.91,6179.0,0.0,1626.0,0.0,0.0,0.0,325.38238679100954,0.0,0.75497836,0.43399054724801794,0.014613251987548388
Kepler-1857 b,1.96065412,,0.5952813067150635,217.4,6074.0,0.0,946.0,0.0,0.0,0.0,18.793765909959376,0.0,0.31103826,0.532530067154955,0.014606806597026659
HD 131496 b,13.4,,0.23774954627949185,2.4257,4846.0,0.181,347.3,0.3437684736279174,0.24687973845666766,0.060907196666117255,2396.197999207901,0.4843817354024122,0.77499187,0.4290097686168457,0.014600267704903734
HD 224018 b,0.91,4.1,3.1034482758620694,146.7499,5784.0,0.06,968.0,0.307205866448849,0.00593379666588122,0.08596463108403705,9.79619221058613,0.0,1.2885853,0.3145204130553228,0.014595665144486545
WASP-156 b,6.15,42.0,0.17967332123411978,150.0,5036.0,0.16,934.5,0.18181663720784325,0.0038162842750596457,0.06598279638829353,175.06428419669092,0.0,0.28940445,0.5368090325318893,0.014593598786641565
Kepler-1272 b,2.37,,0.46460980036297644,34.433,5926.0,0.0,542.0,0.0,0.0,0.0,25.907291626626694,0.0,0.14791515,0.5679271309377589,0.014584452063053106
HD 181342 b,13.2,,0.3502722323049002,5.836,4945.0,0.022,410.15,0.4427717356473069,0.16926622336741887,0.06355185125820081,3374.5519091404244,2.739097310804818e-26,0.528252,0.48299494858951486,0.014577390960606833
HD 25171 b,13.9,,0.10798548094373865,0.2141,6125.0,0.042,190.04,0.34791354564325205,0.1558536681328734,0.09507399690117763,1214.7820805422853,0.9287838155067443,1.5166924,0.2627800286726286,0.014571651375217563
8 UMi b,13.5,,0.21234119782214156,247.8402,4847.0,0.062,1126.38,0.17196154194062327,0.002435075134646545,0.060933910348866936,2188.387259368156,0.0,0.57248485,0.47287030552514897,0.014570477864396124
Kepler-1480 b,1.67,,0.73502722323049,16.317,5156.0,0.0,721.0,0.0,0.0,0.0,14.339745615952426,0.0,0.31271693,0.5302584484771258,0.014560014052711722
HD 108863 b,13.3,,0.32486388384754994,9.6419,4878.0,0.032,490.51,0.3816207725951783,0.09728892990778559,0.06176203451406483,3201.4370325993273,3.557781031374081e-102,0.4930067,0.4887806623454895,0.014526647114145025
Kepler-26 b,2.78,5.12,0.22867513611615245,7.6,3914.0,0.021,431.0,0.50478312519282,0.1400169326906983,0.03601004434470615,20.579837599775182,3.1765931321350777e-55,0.53661215,0.47888001914172235,0.014521813960379989
KOI-351 h,11.252,203.0,0.16548620689655172,1.849,6031.13,0.0276,294.0,0.4743244553040227,0.3943924005053155,0.09256638350160024,987.5056324748999,0.9999960767966313,0.7502529,0.43114038639862245,0.014517058929330045
TOI-4633 c,3.2,123.0,0.8961208191056728,1.56,5800.0,0.117,268.57,0.6145794972668538,0.5221455529247594,0.08639205000799884,122.99999999999999,0.99965369314965,0.44613618,0.49875599514084573,0.014515407160018094
HD 81688 b,13.5,,0.21234119782214156,143.6043,4797.0,0.04,958.66,0.20444033527502953,0.0047613722261150735,0.05959822621145194,2188.387259368156,0.0,0.55128145,0.4738881289496511,0.014479233515106162
K2-72 d,1.01,,0.9782214156079855,5.4,3360.47,0.11,416.92,0.5689584090057623,0.19975088939920388,0.021223219533043933,4.221724579174764,7.372958629525874e-21,1.3212801,0.3024125231491687,0.01447655244678744
K2-27 b,4.74,30.2,0.3103448275862069,116.0,5246.0,0.251,836.0,0.20184298663229952,0.005277429417607533,0.07159266976543846,138.44208962978638,0.0,0.31001475,0.5272756917036162,0.014471653078653996
Kepler-100 c,2.2,7.05,0.31235970961887477,208.657,5825.0,0.02,939.0,0.30343807973554915,0.004410196200384552,0.08705989207670184,13.931942141444553,0.0,0.19604851,0.5516895166701336,0.01444823482026932
Kepler-154 b,2.26,,0.49546279491833034,28.11,5690.0,0.0,561.0,0.0,0.0,0.0,23.95658860096664,0.0,0.13947605,0.564210299533073,0.01444651680291234
Kepler-357 d,3.43,,0.2867513611615245,4.619,5036.0,0.0,402.0,0.0,0.0,0.0,48.47038368284052,1.2014228753227414e-12,0.231184,0.5437291026692256,0.014444762488247833
Kepler-191 c,1.86,,0.6388384754990926,23.2,5282.0,0.0,596.0,0.0,0.0,0.0,17.21941950502332,0.0,0.22438605,0.5452314123571522,0.014444501010270934
Kepler-184 b,2.36,,0.4682395644283122,70.361,5788.0,0.0,780.0,0.0,0.0,0.0,25.78058247142872,0.0,0.13515583,0.5650052792342826,0.014442411855934664
Kepler-1931 b,2.65323514,,0.40290381125226865,51.7,6167.0,0.0,619.0,0.0,0.0,0.0,31.522249818018672,0.0,0.1664907,0.5580124419370098,0.014441940679817565
TOI-2196 b,3.51,26.0,0.6007259528130672,2000.0,5634.0,0.0,1860.0,0.0,0.0,0.0,108.81439546826245,0.0,0.4640972,0.4917225906545165,0.014440557252800044
Kepler-591 b,3.39,,0.29219600725952816,5.615,5677.0,0.0,436.0,0.0,0.0,0.0,47.68282538846247,1.9651179502533584e-23,0.19383506,0.5516461794845184,0.014435021851343731
Kepler-311 b,1.7,,0.7168784029038113,201.362,5905.0,0.0,960.0,0.0,0.0,0.0,14.753017929338723,0.0,0.3571944,0.5146727534459659,0.014419809850964653
Kepler-281 b,2.82,324.0,9.437386569872958,118.246,5723.0,0.0,694.0,0.0,0.0,0.0,886.5182470647962,0.0,1.9125204,0.16830205253206765,0.014414250032997292
WASP-47 b,12.86,374.0,0.18021778584392015,409.0,5565.0,0.0006,1275.0,0.10790862382022176,0.0009573588543419136,0.08011433456214193,1605.4957664598132,0.0,0.6375758,0.4520350583403539,0.0144139549760654
TOI-837 b,9.16894621,120.456966253,0.16152450090744103,164.0,5995.0,0.0,995.3,0.0,0.0,0.0,521.5372010018878,0.0,0.47368994,0.48822877255255,0.014407055517276841
WASP-99 b,11.43318,772.3269,0.5063520871143375,2005.426,6150.0,0.0,1480.0,0.0,0.0,0.0,3169.8764583261964,0.0,0.79465836,0.4167060221600333,0.014404843757237008
Kepler-529 b,1.86,,0.6388384754990926,1808.41,6087.0,0.0,1662.0,0.0,0.0,0.0,17.21941950502332,0.0,0.6306914,0.4529080188174073,0.014397703781811287
Kepler-1321 b,4.92,,0.18003629764065338,13.547,4094.0,0.0,408.0,0.0,0.0,0.0,89.8139901016526,2.367019538588071e-232,0.4906827,0.48384887116993847,0.014392310813121693
TOI-1749 d,2.52,15.0,0.22376957004380957,14.2074,3985.0,0.062,533.0,0.3937749632452956,0.06434497707567545,0.037906715819835256,15.0,1.2446253979297257e-259,0.45295173,0.4922197043719559,0.014391660726373665
TOI-712 d,2.474,,0.43920145190562615,1.6,4622.0,0.073,313.6,0.6170522282891534,0.5089100333485419,0.05492333173050168,27.858098031081635,0.9810272647450963,0.42774934,0.4972945706830658,0.014378494751458824
GJ 876 d,2.51,6.83,0.4301270417422868,28.6429,3293.74,0.207,603.09,0.301883030844694,0.027136789495368824,0.019440615483248824,28.490923125275817,0.0,0.8804089,0.39596428695041197,0.014363979616950925
Kepler-238 c,2.39,152.522,0.5807622504537205,592.298,5751.0,0.0,1146.0,0.0,0.0,0.0,33.21090356950256,0.0,0.31658122,0.5213732170056243,0.014362165725212822
Kepler-1275 b,1.48,,0.8584392014519058,822.484,6296.0,0.0,1368.0,0.0,0.0,0.0,11.656906080285772,0.0,0.697408,0.4360132983998707,0.014347247760304296
TOI-2364 b,8.60849718,71.511391575,0.11070780399274048,237.0,5306.0,0.0,1091.0,0.0,0.0,0.0,295.8345342988533,0.0,0.5811399,0.4616912068286168,0.014342363709032888
BD+20 2457 b,12.1,,3.82940108892922,703.4998,4137.0,0.15,1159.67,0.12458209830048639,0.0006793468008732871,0.04196719559758689,28416.82656624526,0.0,1.7210648,0.20767903690479755,0.014334561057700366
GJ 1061 b,1.04,1.11,0.9836660617059891,3.8,2953.0,0.05,388.11,0.672186148410769,0.3090947556946179,0.010338195223593711,4.634856739137798,2.114822679342165e-06,1.6256058,0.22879222732655555,0.014331315347301098
Kepler-649 b,2.26,,0.49546279491833034,25.147,5871.0,0.0,564.0,0.0,0.0,0.0,23.95658860096664,0.0,0.16176341,0.5539666449193351,0.014316261016750646
Kepler-653 c,0.78,,0.838475499092559,3743.275,5665.0,0.0,2078.0,0.0,0.0,0.0,1.6667205651523551,0.0,1.2467319,0.31167190186606525,0.014295802240839466
TOI-1937 A b,13.97759893,638.83509807,0.23230490018148822,3230.0,5814.0,0.0,2097.0,0.0,0.0,0.0,2657.325189934509,0.0,0.9934824,0.3677489591005098,0.014288780094545237
Kepler-1154 b,2.34,,0.47368421052631576,652.966,6327.0,0.0,1314.0,0.0,0.0,0.0,25.422900048979745,0.0,0.42163223,0.4945280573985381,0.014276727970855774
Kepler-326 c,1.4,17.4,6.315789473684211,303.62,5105.0,0.0,889.0,0.0,0.0,0.0,72.59393887537169,0.0,1.7670059,0.19497447326205683,0.014273417379469546
Kepler-1869 c,0.74,,0.8112522686025408,1056.84,5808.0,0.0,1455.0,0.0,0.0,0.0,1.3770182393995083,0.0,1.0426781,0.35612773594633856,0.014272201550902794
Kepler-398 d,0.88,,0.9001814882032668,40.831,4557.0,0.0,636.0,0.0,0.0,0.0,2.569606980516063,0.0,0.781144,0.41414680479772,0.014267601405884876
Kepler-1725 b,2.8125177,,0.3720508166969147,84.1,6020.0,0.0,767.0,0.0,0.0,0.0,34.67182199527151,0.0,0.13889052,0.5569085097054075,0.01426329067973535
Kepler-280 c,2.01,,0.5771324863883848,279.085,5744.0,0.0,1088.0,0.0,0.0,0.0,19.63144658511358,0.0,0.2732752,0.5264562835555646,0.014249872402825924
GJ 3378 b,1.32,,0.9981851179673321,0.91,3340.0,0.0,272.0,0.0,0.0,0.0,9.61659870480432,0.9533427456554318,1.5125089,0.2506003483357061,0.014248427333140763
Kepler-139 c,3.38,13.0,1.5794332123411978,3.023,5594.0,0.0,350.0,0.0,0.0,0.0,255.47004015495546,0.015205072626656586,0.5849522,0.4569646311571701,0.014246754664060165
Kepler-1479 b,1.83,,0.6533575317604357,98.574,5796.0,0.0,746.0,0.0,0.0,0.0,16.772306122820083,0.0,0.2566082,0.529987207240781,0.014245474300181322
K2-123 b,2.76,,0.38112522686025413,2.9,4035.0,0.06,338.0,0.5576208477538755,0.3204252074024383,0.03924239995725133,33.56476040254678,0.03854507157430356,0.50048286,0.47545426043066663,0.01423912650595759
HAT-P-16 b,14.68376472,1341.56043,0.4500887477313975,1597.59,6140.0,0.0462,1566.0,0.13851640917486757,0.0003609495403158361,0.09547470214241913,5968.964780159117,0.0,0.8390573,0.4000778405647816,0.014238508281556705
K2-147 b,1.47286006,,0.8638838475499092,200.1,3690.0,0.38,1077.0,0.21773059172212456,0.0032937838617987164,0.030026179409091663,11.561878986246432,0.0,1.6183655,0.2263144893547666,0.014230505279628922
CoRoT-2 b,16.432,1102.82,0.26678765880217786,932.9076,5625.0,0.0143,1521.0,0.15660574934561716,0.0006694450900037195,0.08171715552704273,4958.218071966653,0.0,0.80346346,0.4076599405501098,0.014230139107788831
Kepler-1454 b,1.88,,0.6297640653357532,9.08,5448.0,0.0,492.0,0.0,0.0,0.0,17.528309500369478,8.106510608474505e-88,0.26935118,0.5265253578210468,0.014230045347770618
Kepler-999 b,2.34,,0.47368421052631576,740.173,6237.0,0.0,1355.0,0.0,0.0,0.0,25.422900048979745,0.0,0.41610664,0.49342175173320346,0.014219136503354842
Kepler-325 c,2.54,,0.4246823956442831,53.044,5752.0,0.0,721.0,0.0,0.0,0.0,29.151037606909984,0.0,0.10808072,0.5610610502745277,0.014196620058447204
Kepler-347 b,1.97,,0.5916515426497277,180.549,6088.0,0.0,908.0,0.0,0.0,0.0,18.94755991323829,0.0,0.29857385,0.5186494445173897,0.014196214316316987
Kepler-23 d,2.206,4.44,0.41026914700544465,161.038,5828.0,0.01,896.0,0.31973047284627865,0.005901499709182427,0.08714003312494847,18.449049328512864,0.0,0.17630756,0.5455687451145386,0.01418902434288434
Kepler-1219 b,2.12,,0.5372050816696915,430.691,5944.0,0.0,1159.0,0.0,0.0,0.0,21.440568881959855,0.0,0.3209954,0.513351234685435,0.014188616387358688
TOI-2158 b,10.76062147,260.61929374,0.20689655172413793,81.4989,5673.0,0.07,1188.0,0.22202623753503653,0.008444643294508456,0.08299941229895777,1079.8263596009667,0.0,0.34748995,0.5074015818176345,0.01418730576610868
Kepler-17 b,14.68,778.65,0.24500907441016337,1481.766,5781.0,0.011,1570.0,0.13999168106553359,0.0003876070663983028,0.08588449003577647,3246.7507212837904,0.0,0.838188,0.3980960354384469,0.014184880408113434
Kepler-839 b,2.57,,0.4192377495462795,46.303,6058.0,0.0,626.0,0.0,0.0,0.0,29.809065432440704,0.0,0.14917958,0.5511045247550588,0.01417665626238068
HD 8535 b,14.0,,0.07858439201451906,0.3584,6136.0,0.15,206.21,0.2883210861145206,0.18616887078796757,0.09536784741140651,903.2521704895389,0.9999740523214972,1.5909479,0.22905275651323806,0.014147579885904024
Kepler-1402 b,0.76,,0.823956442831216,2491.119,5416.0,0.0,1789.0,0.0,0.0,0.0,1.515073284023748,0.0,1.1639538,0.32353262615998446,0.014134028702763266
HIP 107773 b,13.4,,0.2613430127041742,142.9997,4945.0,0.09,957.11,0.1873445767326096,0.004383357482713899,0.06355185125820072,2633.9886403506694,0.0,0.4701934,0.47779608170618043,0.014130670352592255
HAT-P-36 b,14.313893,587.413406,0.2132486388384755,1821.0,5620.0,0.063,1780.97,0.11580402462393682,0.00026475298979046323,0.08158358711330012,2619.6795889968116,0.0,0.84003514,0.3952801577415993,0.014125594285337438
Kepler-810 b,1.93,,0.6079854809437387,350.597,5803.0,0.0,1105.0,0.0,0.0,0.0,18.30854131939945,0.0,0.32210618,0.5104055718070535,0.01412209054974846
Kepler-1916 b,2.61757235,,0.40834845735027225,38.54,6246.0,0.0,635.0,0.0,0.0,0.0,30.677192528992254,0.0,0.1873931,0.5392112328196574,0.014093113687257016
Kepler-1923 b,1.95958179,,0.5970961887477314,8.63,5881.0,0.0,553.0,0.0,0.0,0.0,18.82015055750303,4.237747555227715e-77,0.28337094,0.5178160496868925,0.014092254331902022
Kepler-1539 b,2.7,,0.3920145190562614,1.572,5176.0,0.0,301.0,0.0,0.0,0.0,32.320796446052775,0.9835846674338602,0.3766585,0.49694401589281606,0.01408953141329704
K2-85 b,1.4,3.2,1.0707803992740472,800.0,4232.0,0.24,1355.0,0.18574403333641024,0.000786865671705186,0.04450499545867111,12.307593085192329,0.0,1.063888,0.34387416201993515,0.014086482573925302
GJ 1252 b,1.193,1.32,0.7622504537205083,233.0,3458.0,0.0,1090.0,0.0,0.0,0.0,5.42135231949981,0.0,1.0977463,0.33630704937044753,0.014085698927834154
K2-125 b,2.18,,0.5190562613430127,2.0,3654.47,0.08,321.22,0.5983375087287188,0.43380888068497053,0.029077042261042466,22.525400652961082,0.9769311468893188,0.8085601,0.4004984878710095,0.01408154884468414
TOI-815 b,2.94,7.6,0.29764065335753176,36.9,4869.0,0.2,686.0,0.28036544548685977,0.019968522869755916,0.06152161136933022,31.68274848841094,0.0,0.20830071,0.5336091352808073,0.014069717505146634
Kepler-265 c,2.63,,0.4065335753176044,65.359,5835.0,0.0,755.0,0.0,0.0,0.0,30.977921453731273,0.0,0.11357045,0.5543120582832343,0.014060355502598872
Kepler-361 c,2.52,,0.4301270417422868,33.948,6169.0,0.0,568.0,0.0,0.0,0.0,28.832810577734715,0.0,0.17822161,0.5397088317724584,0.014055059822966532
HD 18438 b,12.1,,3.7568058076225044,210.6576,3860.0,0.1,1208.15,0.16929147082548127,0.002784895253011541,0.034567505476306694,27878.11895361502,0.0,1.6508604,0.21175807915710668,0.014049931759594302
Kepler-1307 b,2.47,,0.44101633393829404,41.185,5884.0,0.0,768.0,0.0,0.0,0.0,27.837750867808452,0.0,0.1294274,0.5496981497206638,0.014033609854338684
Kepler-1112 b,3.02,,0.33938294010889297,254.963,6496.0,0.0,918.0,0.0,0.0,0.0,39.156101522398956,0.0,0.3223351,0.5063459087876335,0.014023262323903623
Kepler-750 c,1.62,,0.764065335753176,778.592,6160.0,0.0,1537.0,0.0,0.0,0.0,13.607055303788215,0.0,0.5891713,0.4466371802259737,0.014015297514676657
Kepler-792 b,1.96,,0.5952813067150635,176.032,5971.0,0.0,852.0,0.0,0.0,0.0,18.77496206720648,0.0,0.27641356,0.5161413867742307,0.01401279502426693
Kepler-805 b,2.89,,0.35934664246823955,86.473,6112.0,0.0,743.0,0.0,0.0,0.0,36.332537375176074,0.0,0.1551818,0.5426357824998759,0.014000805965336264
TOI-1278 b,12.21778896,5879.8255295,3.266787658802178,6.5402,3799.0,0.013,407.87,0.4199782462076083,0.1469749978969851,0.03293797082865907,24956.71233947587,1.5517746132375287e-36,1.6407025,0.21189044704679175,0.013997461001312769
Kepler-136 c,1.99,,0.5843920145190563,162.044,6165.0,0.0,847.0,0.0,0.0,0.0,19.290883193273892,0.0,0.30119926,0.5098933983584327,0.013994753463326575
TYC 3318-01333-1 b,13.1,,0.4827586206896552,8.1115,4776.0,0.098,470.43,0.3512045789679635,0.10357491859609201,0.059037238873740475,4546.032477370972,1.3051292063943607e-65,0.5001502,0.46555188819211146,0.013993174617651176
Kepler-457 d,2.98467257,,0.3448275862068966,244.47,6474.0,0.0,1008.0,0.0,0.0,0.0,38.40437434790344,0.0,0.31190404,0.5069719193044094,0.01398146335370047
Kepler-1811 b,3.84829873,,0.24682395644283125,10.11,5561.0,0.0,455.0,0.0,0.0,0.0,58.92264735096152,5.4746642079828e-115,0.15482739,0.5416395315099414,0.013974300513014803
Kepler-62 e,1.61,36.0,2.0593789219950316,1.352,4925.0,0.0,270.0,0.0,0.0,0.0,36.0,0.9972333250535784,1.0591766,0.3398433967343728,0.013961260513632726
GJ 625 b,1.49,,0.8493647912885662,2.0787,3499.0,0.13,335.59,0.6068698116931124,0.4231637942728783,0.024923866004165518,11.769057068519444,0.9363785924158,1.1337636,0.3226251622622458,0.013946011192878974
Kepler-1566 b,0.79,,0.8457350272232306,2340.984,5254.0,0.0,1871.0,0.0,0.0,0.0,1.7466432144108852,0.0,1.1341684,0.32248594584313317,0.013944800248258228
Kepler-1180 b,1.99,,0.5843920145190563,175.855,6077.0,0.0,765.0,0.0,0.0,0.0,19.290883193273892,0.0,0.28833845,0.5095656041284709,0.013916108608571502
HD 25463 b,2.54535814,8.7,0.5208711433756806,461.4,6353.0,0.0,1198.46,0.0,0.0,0.0,35.980367920769886,0.0,0.373769,0.4904676875109856,0.013914014418578844
Kepler-196 b,1.9,,0.6206896551724138,20.735,5128.0,0.0,536.0,0.0,0.0,0.0,17.83297987114956,0.0,0.2272737,0.5228382374217728,0.013908278352047212
Kepler-52 d,1.95,88.8775,3.266787658802178,2.945,4263.0,0.0,332.0,0.0,0.0,0.0,101.46432011885277,0.02809446729575417,1.3456019,0.27366588883833315,0.013901298936113977
TOI-2322 b,0.994,2.31,2.313974591651543,22.04,4664.0,0.0,603.1,0.0,0.0,0.0,9.519329253577453,0.0,1.1244894,0.32279175389058157,0.013899234026184728
Kepler-1192 b,2.36,,0.4682395644283122,34.742,5438.0,0.0,600.0,0.0,0.0,0.0,25.78058247142872,0.0,0.11156438,0.5480790047995051,0.01389568320099269
HD 4760 b,12.3,,2.3593466424682394,654.9231,4076.0,0.23,1198.67,0.12504660526639094,0.0007330414272424681,0.04033766094993888,18390.59147116753,0.0,1.5465591,0.22837048399156518,0.013887211289301163
TOI-1811 b,11.14172682,308.929211604,0.22323049001814882,55.9743,4766.0,0.052,962.2,0.24743938213026653,0.013331254237239167,0.05877010204625462,1293.3010784498142,0.0,0.40186304,0.48276065575287813,0.013878154400160268
HD 220074 b,12.2,,2.9038112522686026,305.7049,3787.0,0.14,1069.88,0.1535765351840588,0.0018060430672118676,0.03261740663568001,22086.98748684125,0.0,1.5570796,0.22511698108548728,0.013864724035410869
Kepler-754 b,2.01,,0.5771324863883848,216.473,5935.0,0.0,758.0,0.0,0.0,0.0,19.63144658511358,0.0,0.27468023,0.5102906705019726,0.013859045157928363
TOI-1266 d,1.74,3.68,0.6969147005444646,1.3,3563.0,0.087,288.0,0.6629950281372571,0.6074710228872017,0.02663354170005618,15.378570915853674,0.9678400569051876,1.0460579,0.3380167913061085,0.013844250402338856
HD 164922 e,3.23,,0.3121597096188748,13.3822,5393.43,0.086,543.73,0.3966937411650255,0.06886589966188782,0.07553106801301858,44.06289467367469,8.6227252522756e-226,0.055523746,0.5584353509869064,0.013843522610317861
WASP-192 b,13.78707,731.009,0.29401088929219604,471.142,5910.0,0.0,1620.0,0.0,0.0,0.0,3227.5127516508182,0.0,0.63056993,0.4304324186937683,0.013842938697655063
TOI-3884 b,6.43,32.59,0.12159709618874774,6.29,3180.0,0.06,441.0,0.3458847596520644,0.11832153906557355,0.016402201207455412,135.40812733233574,1.064971923098152e-32,1.1892744,0.3059238962961958,0.013838842044776502
TRAPPIST-1 b,1.116,1.374,0.9876477313974591,4.153,2566.0,0.00622,397.6,0.6562343973444104,0.2852912813772347,0.0,5.750204148107209,8.130589964480631e-09,1.9260089,0.14174950874949183,0.013833648835225653
Kepler-183 b,2.06,,0.558983666061706,281.845,5888.0,0.0,1088.0,0.0,0.0,0.0,20.468658866998627,0.0,0.28004864,0.5080260124304712,0.013832668723820576
HD 81817 b,12.0,7668.563804096,4.428312159709619,174.402,4140.0,0.097,1016.37,0.1737832451900755,0.0033787730895003696,0.04204733664583187,32053.139593910986,0.0,1.6475945,0.20331682284503574,0.013823907065690531
TOI-4458 b,12.40834163,552.067942959,0.2885662431941924,1595.0,6151.0,0.03,1759.0,0.1421316435054083,0.0003643056935694982,0.09576855265264697,2309.273442495774,0.0,0.771616,0.3982435257178611,0.01382325461552456
Kepler-84 e,2.6,,0.411978221415608,48.29,6031.0,0.0,672.0,0.0,0.0,0.0,30.330733388615087,0.0,0.14197978,0.5382665811735058,0.013820654932624835
Kepler-1775 b,3.64762153,,0.26497277676951,9.9,5818.0,0.0,522.0,0.0,0.0,0.0,53.866552046671934,3.7890382986520907e-109,0.16564472,0.5327339238934643,0.013814099262974115
Kepler-616 c,3.41,,0.2885662431941924,6.86,5753.0,0.0,413.0,0.0,0.0,0.0,47.92887903025806,9.199486562618717e-42,0.18130407,0.5289429375394744,0.013806557215373785
HD 81817 c,12.0,,4.1560798548094375,337.2228,4140.0,0.095,1198.52,0.15452001056152156,0.0016475343812483055,0.04204733664583185,30082.659700842687,0.0,1.6500508,0.20187084766584265,0.013801736124762171
TOI-2981 b,13.4,638.0,0.26497277676951,556.616,5940.0,0.035,1358.0,0.16778165030481537,0.0011314837561607009,0.09013196559275537,2670.5718159110957,0.0,0.6170112,0.4317599311629974,0.013801273423628097
Kepler-549 c,2.93,,0.35390199637023595,2.51,5360.0,0.0,349.0,0.0,0.0,0.0,37.28846303513528,0.3483203220132931,0.28498295,0.5053781506159334,0.013794463182133896
NGTS-8 b,12.21781,295.5819,0.16152450090744103,503.0,5241.0,0.01,1345.0,0.16409907650794253,0.001200813665138151,0.07145910135169395,1233.9771517823265,0.0,0.6608669,0.42130916265896656,0.013784251081903934
Kepler-1638 b,1.87,,0.6352087114337568,2.76,5710.0,0.0,304.0,0.0,0.0,0.0,17.39922380349986,0.0963518331582309,0.41843042,0.4750598873550291,0.013779205355968082
Kepler-294 b,1.77,,0.6805807622504537,329.801,5913.0,0.0,1087.0,0.0,0.0,0.0,15.808405857752895,0.0,0.37809768,0.4839951604046151,0.013778195397631324
Kepler-165 c,2.23,,0.5027223230490019,25.931,5211.0,0.0,581.0,0.0,0.0,0.0,23.352391807810356,0.0,0.14269108,0.5360398304599818,0.0137696607512707
Kepler-1305 b,1.88,,0.6297640653357532,103.51,5701.0,0.0,733.0,0.0,0.0,0.0,17.528309500369478,0.0,0.23427787,0.5143486320024326,0.013737411130971133
HD 11755 b,12.8,,0.8511796733212342,124.3021,4312.0,0.19,903.49,0.196611881273998,0.005288661741285815,0.04664209007853374,7477.21316760817,0.0,0.7649428,0.3961521445092149,0.013735081544789435
Kepler-1422 b,2.02,,0.573502722323049,156.9,6194.0,0.0,833.0,0.0,0.0,0.0,19.800593202511692,0.0,0.2987664,0.4998212948678156,0.013733094112287137
Kepler-630 b,3.18,,0.31578947368421056,5.568,5829.0,0.0,343.0,0.0,0.0,0.0,42.53707458084773,7.571704347174977e-23,0.20625207,0.5200307499615716,0.013723724663657032
Kepler-270 b,2.01,,0.5771324863883848,178.362,6067.0,0.0,984.0,0.0,0.0,0.0,19.63144658511358,0.0,0.2827579,0.5029408746752321,0.01372216807731863
Kepler-250 d,2.18,,0.5190562613430127,21.463,5160.0,0.0,579.0,0.0,0.0,0.0,22.525400652961082,0.0,0.1610953,0.5297940927110325,0.013716661255334588
Kepler-379 c,2.29,,0.48638838475499097,19.793,6054.0,0.0,530.0,0.0,0.0,0.0,24.466860820351094,0.0,0.19543536,0.5218484636832043,0.013709189128201411
TOI-451 d,3.93,10.2,0.16696914700544466,43.2,5490.0,0.0,714.0,0.0,0.0,0.0,42.452423585674794,0.0,0.19306625,0.5223405869320425,0.013708323021726717
HD 62509 b,13.3,,0.3103448275862069,15.2164,4892.63,0.02,549.6,0.36876035552329967,0.06387834449536722,0.06215285569267237,3058.3560479021503,3.6435279493249825e-304,0.4747898,0.4594877156282511,0.01370452736182247
Kepler-220 e,1.33,,0.987295825771325,4.274,4632.0,0.0,341.0,0.0,0.0,0.0,9.729506959408015,9.915830297184207e-10,0.69168246,0.41118398362767616,0.013703707680918893
HD 1502 b,13.2,,0.3793103448275862,7.2835,4947.0,0.031,458.89,0.41345155585746596,0.13266581060826285,0.0636052786236979,3654.3075078256406,3.206501785915474e-49,0.49520904,0.454846853822008,0.013702149256180513
TOI-762 A b,8.33948164,79.774930157,0.13793103448275862,17.0012,3266.0,0.083,555.4,0.26850337431948784,0.04095049873321863,0.018699577923809222,335.0948654953298,0.0,1.0812191,0.3242373987389132,0.013697461707273404
Kepler-355 c,2.71,,0.39019963702359345,49.973,6184.0,0.0,633.0,0.0,0.0,0.0,32.529946047917385,0.0,0.16682951,0.5277280622378083,0.013697188712222464
Kepler-226 b,1.55,24.0,6.424682395644283,270.402,5571.0,0.0,1018.0,0.0,0.0,0.0,100.2156083093016,0.0,1.7155699,0.18289849967629798,0.01369348940762984
Kepler-1509 b,1.85,,0.6424682395644283,83.081,5780.0,0.0,667.0,0.0,0.0,0.0,17.039445495925126,0.0,0.2420192,0.5106249540407545,0.013688084531680338
Kepler-1547 b,0.9,,0.911070780399274,5760.944,6078.0,0.0,3186.0,0.0,0.0,0.0,2.7820712990258043,0.0,1.3290241,0.2684327425177684,0.013681326343988581
Kepler-1609 b,2.22,,0.5063520871143375,12.975,6132.0,0.0,429.0,0.0,0.0,0.0,23.205991940484335,5.571319005040079e-210,0.24483995,0.5094604630738271,0.01367485254837195
Kepler-1067 b,0.8,,0.8511796733212342,2761.757,5592.0,0.0,1872.0,0.0,0.0,0.0,1.8254914959980884,0.0,1.1607906,0.30558151134281725,0.013674118201021511
Kepler-1559 b,0.72,,0.7985480943738658,1620.063,5316.0,0.0,1609.0,0.0,0.0,0.0,1.248496060248074,0.0,1.1141697,0.31542550381310497,0.013661009779761105
Kepler-212 b,1.09,,1.0163339382940109,133.866,5852.0,0.0,830.0,0.0,0.0,0.0,5.513209950025439,0.0,0.6333258,0.4224148934367983,0.013660400685379073
HD 217786 c,2.61,,0.4101633393829401,1308.8643,5966.0,0.399,1663.13,0.13122010064523473,0.0003610340312361557,0.09082652134421465,30.54688793246715,0.0,1.261867,0.2822389690779045,0.013653224609451883
HD 106315 b,2.44,12.6,0.852994555353902,277.0,6327.0,0.093,1153.0,0.25691430625454015,0.002935952623240784,0.10047016081635425,51.90442059407695,0.0,0.3592256,0.4828470021461613,0.013646343627090494
LTT 1445 A c,1.147,1.54,1.0108892921960073,10.9,3340.0,0.223,508.0,0.4367728407573853,0.0874020127956507,0.02067639044718639,6.389729294200943,2.3179402892696095e-138,1.3797157,0.2553905320199053,0.01363792300409868
HAT-P-52 b,11.309881,259.98494,0.17785843920145192,227.759,5131.0,0.047,1218.0,0.18411903286673809,0.002765911796209975,0.06852059624938173,1077.797550756963,0.0,0.4839376,0.4546391496700619,0.013635185344812136
Kepler-592 b,2.39,,0.46098003629764067,935.827,5913.0,0.0,1367.0,0.0,0.0,0.0,26.36115470829266,0.0,0.3818451,0.4765316887301778,0.01361475685811218
TOI-620 b,3.76,,0.2558983666061706,20.8,3708.0,0.22,603.6,0.2803850630289603,0.03394803381143359,0.030507025698557635,56.9796343412587,0.0,0.6742506,0.41068744720153544,0.013595822833483704
Kepler-400 c,1.49,,0.852994555353902,76.86,5886.0,0.0,755.0,0.0,0.0,0.0,11.819352184196878,0.0,0.39821535,0.4721178222198088,0.013595759407586179
Kepler-1677 b,2.70216183,,0.3920145190562614,59.4,6013.72,0.0,712.0,0.0,0.0,0.0,32.39849425419046,0.0,0.13442576,0.530723375997066,0.01359324294834636
Kepler-1837 b,2.06673842,,0.5553539019963702,247.83,5966.0,0.0,1012.0,0.0,0.0,0.0,20.535958392812876,0.0,0.27937856,0.49827202186162994,0.013588523818432695
Kepler-254 d,2.5,,0.43375680580762255,38.844,5957.0,0.0,686.0,0.0,0.0,0.0,28.389316553537533,0.0,0.13775404,0.5294631640793936,0.013580435837117471
WASP-32 b,10.76064,835.8929,0.5880217785843921,616.33,6140.0,0.0,1388.0,0.0,0.0,0.0,3068.996034476981,0.0,0.5831368,0.43022135956374413,0.013577483346424139
Kepler-15 b,10.76,209.76,0.16878402903811254,430.677,5515.0,0.06,1251.0,0.15745904923160528,0.0013132118634626817,0.07877865042472681,880.7583577239749,0.0,0.5218319,0.44367961481047324,0.013572911701413032
Kepler-1127 b,1.96,,0.5952813067150635,160.765,5664.0,0.0,994.0,0.0,0.0,0.0,18.77496206720648,0.0,0.23391044,0.5076415411809797,0.013570043012677063
HD 189733 b,12.66617,359.1479,0.17114337568058077,356.0,5052.0,0.0,1209.0,0.0,0.0,0.0,1456.7487064854095,0.0,0.6502701,0.41490892778546606,0.013568322180253308
Kepler-1717 b,2.98929758,,0.3430127041742287,87.69,6200.0,0.0,780.0,0.0,0.0,0.0,38.38011451876509,0.0,0.17332602,0.5202094800143202,0.013547475039693465
Kepler-313 c,2.57,,0.4192377495462795,51.1,5727.0,0.0,683.0,0.0,0.0,0.0,29.809065432440704,0.0,0.10301717,0.5355905296492827,0.01354090453659912
Kepler-529 c,2.0,,0.5807622504537205,149.42,6087.0,0.0,891.0,0.0,0.0,0.0,19.46152980808196,0.0,0.27710176,0.49684382462414417,0.013540821815133074
DMPP-3 A b,1.44,,0.8911070780399275,142.7812,5138.0,0.42,854.0,0.23862016115521356,0.004848821621734759,0.06870759202862835,11.145664828760077,0.0,1.3908371,0.2486904883409721,0.013533764374922666
WASP-154 b,10.76062147,198.960582782,0.15970961887477314,162.0,4774.0,0.0,994.0,0.0,0.0,0.0,833.5501723235533,0.0,0.5635331,0.43259140506084853,0.013528353029938356
pi Men c,2.0189,3.63,0.5081669691470054,309.0,5998.0,0.0,1169.8,0.0,0.0,0.0,17.516182680229623,0.0,0.30229953,0.49061597201002927,0.013525537454398787
Kepler-946 b,1.93,,0.6079854809437387,124.072,5665.0,0.0,857.0,0.0,0.0,0.0,18.30854131939945,0.0,0.22637269,0.5072914199915451,0.013520053883444289
Kepler-770 b,2.3,,0.4827586206896552,27.736,5598.0,0.0,1171.0,0.0,0.0,0.0,24.6037981345829,0.0,0.12776859,0.5287457639939294,0.013507962270430702
Kepler-780 b,0.89,,0.9056261343012705,4572.56,5769.0,0.0,2099.0,0.0,0.0,0.0,2.67428430798031,0.0,1.2316858,0.28268307993323066,0.01349857728427862
Kepler-164 d,2.45,,0.4446460980036298,35.89,5888.0,0.0,637.0,0.0,0.0,0.0,27.39058752420916,0.0,0.13292429,0.526819613864884,0.01348876406408165
Kepler-1166 b,1.69,,0.7223230490018149,14.188,5446.0,0.0,486.0,0.0,0.0,0.0,14.60428153050956,8.549962069162093e-259,0.30099282,0.48902114183619955,0.013479050018494537
TOI-1696 b,3.09,48.8,1.7132486388384756,13.5,3185.0,0.0,489.0,0.0,0.0,0.0,211.73099724109616,1.8122207929363424e-230,1.2428281,0.2790293705343986,0.01346963597172961
WASP-38 b,13.78707,1093.3352,0.4174228675136116,501.5014,6180.0,0.03,1250.0,0.18541513894340064,0.0013868859919520195,0.09654324945234963,4582.271190615358,0.0,0.6392864,0.41317633163387774,0.01346534342079439
Kepler-1446 b,0.82,,0.8620689655172414,1213.333,4865.0,0.0,1539.0,0.0,0.0,0.0,1.9910042048557433,0.0,1.032886,0.32537328140890553,0.013460275090624788
Kepler-1879 b,2.06512018,,0.5571687840290381,242.6,5865.0,0.0,987.0,0.0,0.0,0.0,20.554711125879994,0.0,0.26211232,0.4967562746021088,0.013456420530473046
Kepler-1787 b,2.31898181,,0.4791288566243195,20.04,6060.0,0.0,540.0,0.0,0.0,0.0,25.028392872396427,0.0,0.19215342,0.5121909008235224,0.013453090994105207
Kepler-1606 b,2.07,,0.5553539019963702,1.29,5422.0,0.0,324.0,0.0,0.0,0.0,20.633337086744156,0.9750333087385211,0.47910744,0.4481022694179661,0.013447527733580489
TOI-1470 b,2.18,7.32,0.7005444646098004,46.3,3709.0,0.3,734.0,0.2827360291949352,0.016424977768713163,0.03053373938130855,30.401414867283133,0.0,1.0013405,0.33180782759743654,0.013445826466884454
Kepler-59 c,1.98,3.81,0.29401088929219604,107.741,6074.0,0.0,752.0,0.0,0.0,0.0,9.559773348821386,0.0,0.25292498,0.4978314321407868,0.013432518449001762
Kepler-310 c,3.38,,0.29401088929219604,7.109,5797.0,0.0,417.0,0.0,0.0,0.0,47.55565041090551,4.4834535684065585e-46,0.18083301,0.5137530492236362,0.01342949127973534
Kepler-789 b,2.12,,0.5372050816696915,312.34,5870.0,0.0,1419.0,0.0,0.0,0.0,21.440568881959855,0.0,0.27524295,0.492721748903671,0.013429000106079843
GJ 341 b,0.88,4.0,1.4012749732217498,13.8,3770.0,0.0,629.0,0.0,0.0,0.0,4.0,1.1758679358718811e-242,1.2824857,0.26844606822461187,0.013426312294170604
Kepler-794 b,2.11,,0.5408348457350273,299.97,5839.0,0.0,952.0,0.0,0.0,0.0,21.281421841846257,0.0,0.26920658,0.49375849689113377,0.013421439591289443
TYC 4282-00605-1 b,12.4,,1.791288566243194,456.431,4300.0,0.28,1285.1,0.13504595341015826,0.001102846193793917,0.04632152588555729,14306.032871597658,0.0,1.4101728,0.23979869848461022,0.013420641852906534
Kepler-122 c,5.87,,0.14301270417422868,160.499,6050.0,0.0,897.0,0.0,0.0,0.0,121.16509626313939,0.0,0.39015263,0.4663362776014134,0.013408986998520438
GJ 3090 b,2.18,4.52,0.4355716878402904,45.4,3707.0,0.25,723.0,0.2763017709024466,0.016266676085426073,0.030480312015810796,18.902434114372934,0.0,0.77757895,0.3800211164925962,0.013406728825852289
K2-146 b,2.05,5.77,0.6696914700544465,20.7,3385.0,0.129,534.0,0.3827201868082625,0.04536653780485155,0.021878506170859305,24.16712340762399,0.0,0.8061198,0.3736664767867895,0.013406661138631521
GJ 3473 c,2.63,,0.4065335753176044,1.95,3347.0,0.0,329.1,0.0,0.0,0.0,30.977921453731273,0.9829363171663225,0.9932111,0.3310421679203464,0.01338234657061483
TOI-3288 b,12.24020692,536.176522609,0.29038112522686027,213.8,4072.0,0.021,973.0,0.2153989560510196,0.0034957460565349543,0.040230806218938674,2230.608084449155,0.0,0.70429444,0.39439928094260285,0.01335910722102922
Kepler-682 b,7.37,,0.10617059891107078,306.102,5559.0,0.0,753.0,0.0,0.0,0.0,178.0308806405767,0.0,0.5722499,0.4237797826125194,0.013358943594418596
DMPP-6 b,2.28,,0.4882032667876588,340.697,6182.09,0.34,1203.65,0.18416452176776668,0.0017256148975205421,0.09659908104929436,24.237835378556113,0.0,0.8534956,0.36070649353065076,0.013347092053610671
Kepler-105 b,2.53,10.8,0.6678765880217786,341.809,5933.0,0.02,1418.0,0.29868806245765134,0.0028123580853782965,0.08994496981352351,45.30502690490143,0.0,0.26081195,0.49255861505442317,0.013345799595723544
Kepler-1031 b,0.87,,0.8929219600725953,3973.86,6011.0,0.0,2024.0,0.0,0.0,0.0,2.46297424824219,0.0,1.2438127,0.27330816006626607,0.013333991192376613
HAT-P-3 b,10.53646,206.5895,0.15517241379310345,176.587,5185.0,0.0,1189.0,0.0,0.0,0.0,760.3040317441295,0.0,0.51332366,0.4355946067382409,0.01332690698100034
Kepler-299 d,1.86,,0.6388384754990926,69.96,5617.0,0.0,729.0,0.0,0.0,0.0,17.21941950502332,0.0,0.22110021,0.5005940813562542,0.013326013527789374
XO-5 b,12.78,378.2,0.19237749546279492,397.4799,5430.0,0.0,1230.0,0.0,0.0,0.0,1682.0365831840027,0.0,0.61274093,0.41299281385501496,0.013315171653620027
Kepler-1486 b,2.32,,0.4791288566243195,22.372,5965.0,0.0,538.0,0.0,0.0,0.0,25.061374825835614,0.0,0.1710149,0.5109747464796214,0.013307127641471933
Kepler-654 b,2.07,,0.5553539019963702,229.311,5865.0,0.0,831.0,0.0,0.0,0.0,20.633337086744156,0.0,0.25620854,0.4914883917580648,0.01329415732165513
Kepler-607 b,0.87,,0.8929219600725953,2302.613,5196.0,0.0,1874.0,0.0,0.0,0.0,2.46297424824219,0.0,1.0891955,0.3060598846259325,0.013293089614544663
WASP-2 b,12.116929,295.89973,0.16588021778584394,492.0,5180.0,0.0054,1311.0,0.1520695640445188,0.0011355432167494692,0.06982956670404811,1236.1207466325989,0.0,0.6546657,0.4027579721592976,0.0132928781349706
TOI-1685 b,1.421,3.07,0.9618874773139746,213.0,3470.0,0.0,1000.0,0.0,0.0,0.0,11.560992350622259,0.0,1.0601168,0.3122626185952739,0.01328646095757882
HATS-76 b,12.09449018,835.570882003,0.4682395644283122,129.8,4016.0,0.062,939.8,0.22026223085701094,0.005655693375338537,0.038734839985035414,3469.919624429803,0.0,0.64649075,0.4043011465892445,0.01328606887118053
xi Aql b,13.4,,0.2558983666061706,149.8624,4841.0,0.059,973.07,0.19767798663604455,0.004434057158173042,0.060773628252377886,2579.1138770100306,0.0,0.4953026,0.43763436844729986,0.013278317253801701
TOI-270 b,1.28,1.48,0.705989110707804,131.7935,3506.0,0.0167,600.0,0.383161062733329,0.008420777947007284,0.025110861783403955,6.201782350105709,0.0,0.9556182,0.33515688569506485,0.013277526677086208
Kepler-290 b,2.25,,0.4972776769509982,22.637,5147.0,0.0,594.0,0.0,0.0,0.0,23.726579181183713,0.0,0.14871377,0.5145302117266604,0.013272421703812112
HIP 41378 b,2.64,6.9,0.3756805807622504,140.0,6290.0,0.05,959.0,0.28971614581785804,0.006149643062813781,0.09948175455466028,28.954704463919914,0.0,0.18550083,0.5060636153703892,0.013265532057469862
Kepler-195 c,1.55,,0.809437386569873,11.281,5329.0,0.0,469.0,0.0,0.0,0.0,12.626034267217095,2.2285775874378903e-150,0.37790078,0.4632215323477091,0.013264975743834877
TOI-1224 c,2.884,,0.36116152450090744,1.9952,3326.0,0.0,303.12,0.0,0.0,0.0,36.28907138401883,0.9854649667659651,0.991086,0.3267045939587847,0.013263751215446264
Kepler-535 b,2.36,,0.4682395644283122,601.891,6123.0,0.0,1247.0,0.0,0.0,0.0,25.78058247142872,0.0,0.35862765,0.4672563601622713,0.013258701497144405
Kepler-114 b,1.26,1.09,0.4591651542649728,92.535,4605.0,0.0,586.0,0.0,0.0,0.0,3.847416179412913,0.0,0.45525178,0.4455941617739465,0.013254805277847882
Kepler-1016 b,2.18,,0.5190562613430127,1445.204,5821.0,0.0,1540.0,0.0,0.0,0.0,22.525400652961082,0.0,0.4729691,0.44151695294159143,0.013251498537653362
HD 13189 b,12.4,,1.8148820326678767,277.0528,4175.0,0.27,1115.98,0.14944789160231897,0.00192731698377241,0.04298231554201959,14494.460862814245,0.0,1.3748193,0.24063844171404639,0.013247369854856864
Kepler-1338 b,0.92,,0.9237749546279492,4712.111,5909.0,0.0,2124.0,0.0,0.0,0.0,3.0131328121510252,0.0,1.2402593,0.2695070029216547,0.013220783686673461
Kepler-1510 b,3.36,,0.29401088929219604,14.036,6200.0,0.0,537.0,0.0,0.0,0.0,46.71645258164611,2.179104757929741e-252,0.1986297,0.5010133686698917,0.013213061060888173
HD 240210 b,12.8,,0.7876588021778584,26.3684,4297.0,0.15,970.67,0.2757752141474478,0.029874003070869105,0.04624138483730848,6919.212184950843,0.0,0.6661956,0.3968684091488549,0.013210941784671743
Kepler-395 c,1.32,,0.9981851179673321,2.11,4262.0,0.0,341.0,0.0,0.0,0.0,9.61659870480432,0.9082997889601715,0.9070697,0.3432117621616687,0.013209734481204204
HD 159243 c,13.4,,0.25045372050816694,2.0315,6123.0,0.075,349.35,0.41943647918718135,0.3358506141451666,0.09502056953568924,2524.2391136693914,0.9960388578286552,0.7235755,0.3832865409774226,0.013190930754166663
Kepler-627 b,3.73,,0.2577132486388385,39.303,6424.0,0.0,685.0,0.0,0.0,0.0,56.021128135662074,0.0,0.23943534,0.4905333595530235,0.013178582788793441
TOI-942 b,3.89,826.358,3.351435168070564,261.858,4969.0,0.34,1120.0,0.16541561444077163,0.0020349802675912417,0.06419297964417298,826.358,0.0,1.519004,0.20537369228233582,0.013169076507258397
Kepler-1871 b,2.42172881,,0.45190562613430135,917.15,5741.0,0.0,1403.0,0.0,0.0,0.0,26.885175925172334,0.0,0.3541584,0.4645062064806621,0.01316637954769092
Kepler-624 b,2.31,,0.4809437386569873,130.757,6117.0,0.0,852.0,0.0,0.0,0.0,24.83240736571559,0.0,0.21874347,0.49411249322676254,0.01315329005148329
Kepler-546 b,7.0,,0.11361161524500908,690.13,5967.0,0.0,1258.0,0.0,0.0,0.0,163.2320608332712,0.0,0.664896,0.39463640028468894,0.013148784884867327
HATS-37 A b,6.792654,31.46517,0.09981851179673322,229.7,5326.0,0.0,1085.0,0.0,0.0,0.0,131.04431346938276,0.0,0.55183333,0.419675257969602,0.013145733430116067
TOI-2431 b,1.534,6.2,1.705989110707804,2649.15,4109.0,0.0,2063.0,0.0,0.0,0.0,25.79532137032227,0.0,1.3275753,0.24672043937608412,0.013138096831680646
GJ 2030 b,2.03,,0.5680580762250453,3542.7587,5485.0,0.239,2147.31,0.12798421784637515,0.00013990522114950524,0.07797723994228666,19.905333658313246,0.0,0.8318284,0.3570002386719905,0.013136839048489182
Kepler-604 b,2.59,,0.41379310344827586,46.982,5890.0,0.0,637.0,0.0,0.0,0.0,30.114187470357702,0.0,0.11983075,0.5148810797795399,0.013122598853343702
Kepler-26 c,2.72,6.2,0.29219600725952816,4.82,3914.0,0.013,385.0,0.5679169764327877,0.2255682674916354,0.036010044344706754,24.630294155974685,1.485144900042244e-14,0.55602944,0.4176653681981101,0.013119205937621134
Kepler-705 b,2.11,,0.5408348457350273,0.729,3722.0,0.0,265.0,0.0,0.0,0.0,21.281421841846257,0.9756677848406441,1.0260111,0.3129323610844702,0.013115844492306268
GJ 1265 b,2.63,,0.4065335753176044,5.3846,3236.0,0.04,424.04,0.5309529882597065,0.1953713526338293,0.017898167441361752,30.977921453731273,1.2366699893862749e-20,0.8879078,0.34276715497062193,0.013093637357235169
Kepler-1203 b,1.06,,1.0054446460980038,723.806,4105.0,0.0,1188.0,0.0,0.0,0.0,5.016079037417973,0.0,1.0490983,0.30682114874812294,0.013091855172812736
TOI-2000 c,8.14,81.7,0.15045372050816697,149.0,5611.0,0.063,1038.0,0.19938469833059624,0.0042768036697106,0.08134316396856164,339.9106372114493,0.0,0.35227364,0.4617708902322579,0.013088603824379154
Kepler-1314 b,5.11,,0.17114337568058077,36.05,4188.0,0.0,625.0,0.0,0.0,0.0,95.65582101030925,0.0,0.4387967,0.4424253199327824,0.013086398486637427
Kepler-1066 b,2.36,,0.4682395644283122,710.019,5762.0,0.0,1290.0,0.0,0.0,0.0,25.78058247142872,0.0,0.32521325,0.4675868423723296,0.013083513713050674
EPIC 212737443 b,2.586,,0.41560798548094374,18.4919,4684.0,0.2,536.0,0.3413950546250483,0.0445597807166438,0.05657958006089675,30.10634641105788,0.0,0.26679516,0.48035452803819373,0.013077756228129336
Kepler-385 b,2.73,12.8,0.6279491833030854,143.919,6326.0,0.0,951.0,0.0,0.0,0.0,53.51814481362316,0.0,0.27254787,0.4789011915712989,0.013073490207726584
Kepler-732 c,1.27,,1.0471869328493648,199.846,3631.0,0.0,893.0,0.0,0.0,0.0,8.985122168369157,0.0,1.0454918,0.3062644379842802,0.013058343050998705
TOI-2000 b,2.7,11.0,0.5571687840290381,628.0,5611.0,0.0,1488.0,0.0,0.0,0.0,45.9374282821213,0.0,0.2857312,0.47533785053165345,0.01305797511562571
HD 145457 b,13.2,,0.38475499092558985,77.8446,4757.0,0.111,826.81,0.21588627735133561,0.008806790871603673,0.058529678901522705,3706.761682579119,0.0,0.442002,0.4404486546051441,0.013055253491944158
Kepler-758 d,2.12,,0.5372050816696915,173.171,6228.0,0.0,843.0,0.0,0.0,0.0,21.440568881959855,0.0,0.29227924,0.4737504303039624,0.013054767195327941
DMPP-1 c,3.31,,0.30127041742286753,220.4556,6196.0,0.22,1239.0,0.1924891674532062,0.0027339352029509324,0.09697066837631914,45.76453772251771,0.0,0.34909803,0.4610401608034105,0.013053165142470412
GJ 3998 d,2.34,,0.47186932849364793,1.2,3726.0,0.0,292.23,0.0,0.0,0.0,25.32549430166565,0.9792145241694954,0.8877529,0.34075560092087614,0.013043196010345821
Kepler-1158 b,2.34,,0.47368421052631576,449.699,6203.0,0.0,1079.0,0.0,0.0,0.0,25.422900048979745,0.0,0.3420156,0.4620170134639851,0.013038388499948978
Kepler-916 b,1.76,,0.6860254083484574,14.683,5248.0,0.0,503.0,0.0,0.0,0.0,15.666313526372127,3.517180229559088e-280,0.27871376,0.47602231482566676,0.013036346705003135
LTT 3780 c,2.39,8.04,0.5880217785843921,2.76,3358.0,0.024,359.0,0.6750706257996227,0.4019035821685409,0.021157236736654705,33.626039864121346,0.09813637850703708,0.9506283,0.32640930735660517,0.013034491611704918
K2-146 c,2.19,7.49,0.7114337568058077,14.028,3385.0,0.075,518.53,0.4510452577201552,0.07518370639325908,0.021878506170859353,31.300798876271468,4.710335563521539e-252,0.79720604,0.3599923457984215,0.013020641204086593
K2-211 b,1.33162691,,0.9836660617059891,2056.0589,5117.0,0.19,1873.0,0.16586604863605134,0.0002936822570569932,0.06814660469091585,9.729353562686118,0.0,0.90199137,0.33614697152964684,0.013007700525137106
Kepler-829 b,2.11,,0.5408348457350273,247.47,5698.0,0.0,857.0,0.0,0.0,0.0,21.281421841846257,0.0,0.23663628,0.4839861794011857,0.013001815340199709
Kepler-216 b,2.35,,0.47005444646098005,540.034,6091.0,0.0,1069.0,0.0,0.0,0.0,25.55290976560077,0.0,0.33891588,0.4611823328363065,0.013000803608375617
Kepler-1040 b,2.08,,0.5517241379310345,2.121,5694.0,0.0,300.0,0.0,0.0,0.0,20.79699555273639,0.9197288755484766,0.40388542,0.44637294701785923,0.012992172284463494
TOI-375 b,10.77183045,236.782163215,0.1882032667876588,593.3,5259.9,0.087,1373.0,0.14093312517564083,0.0008794978494955575,0.0719639899556377,985.3358713746402,0.0,0.5315066,0.4179533742247371,0.012991756211560483
Kepler-1459 b,1.36,,0.9600725952813067,3.511,4828.0,0.0,349.0,0.0,0.0,0.0,10.116013671203888,0.00010324146677626213,0.6552235,0.3903756223662606,0.01299067224845719
TOI-2136 b,2.19,6.37,0.6061705989110707,4.0,3342.0,0.0,395.0,0.0,0.0,0.0,26.66955822621089,1.1076294815634475e-07,0.96352255,0.32172434451372545,0.012989738643242368
TOI-4791 b,12.44196858,734.18362017,0.3793103448275862,783.2,6058.0,0.0,1472.0,0.0,0.0,0.0,3060.2055424613486,0.0,0.6492316,0.39165597527200635,0.012989361530155556
TOI-2202 b,10.95117414,287.316879928,0.2177858439201452,42.7254,5169.0,0.022,652.07,0.2949281670672344,0.02016307021268421,0.06953571619381728,1198.1199821005114,0.0,0.36165792,0.4552201726891241,0.012978595659994494
Kepler-52 c,1.84,45.4,3.6297640653357535,8.55,4075.0,0.012,433.0,0.5355815124081797,0.13177226498403263,0.04031094726719065,94.7153732699733,2.9558749788449774e-75,1.3832432,0.22784418920043067,0.012978168543506148
Kepler-1942 b,2.1170287,,0.5390199637023594,247.34,5834.0,0.0,1012.0,0.0,0.0,0.0,21.422674879711593,0.0,0.24926737,0.4796763471467015,0.012964866808827592
Kepler-445 c,2.51,,0.4319419237749546,9.177,3157.0,0.0,341.0,0.0,0.0,0.0,28.611137990783305,3.2437550118161687e-90,0.940419,0.3257236635477698,0.012961572877901353
Kepler-1666 b,2.88273782,,0.36116152450090744,48.23,6293.0,0.0,672.0,0.0,0.0,0.0,36.24144659492038,0.0,0.18651053,0.4933134043692341,0.012956736811863894
Kepler-1233 b,2.6,,0.411978221415608,30.061,6198.0,0.0,604.0,0.0,0.0,0.0,30.330733388615087,0.0,0.18046306,0.49450940105628166,0.012953041365126858
TOI-2040 b,10.32347122,248.223985867,0.2250453720508167,216.0,5132.0,0.109,1070.0,0.17176486538180638,0.002696105700292817,0.06854730993213132,1037.136574216709,0.0,0.3756286,0.4510250300768832,0.012951824492090482
Kepler-106 d,0.95,8.1,2.255410477989828,45.357,5858.0,0.0,649.0,0.0,0.0,0.0,8.1,0.0,1.0637916,0.29724717915627485,0.012936443438770744
TOI-2977 b,13.15934334,533.95172376,0.23230490018148822,947.8,5691.0,0.0,1544.0,0.0,0.0,0.0,2217.4285495578174,0.0,0.713704,0.3751412107810698,0.012935958974986655
Kepler-401 d,2.27,,0.49183303085299457,8.485,6184.0,0.0,380.0,0.0,0.0,0.0,24.098159408961518,8.571500273152871e-74,0.27927572,0.47168221515382147,0.012932432035425347
Kepler-1258 b,0.86,,0.8874773139745916,2775.0,5839.0,0.0,2335.0,0.0,0.0,0.0,2.3645103714706974,0.0,1.1441238,0.27911438804611227,0.012930169256737102
Kepler-243 c,1.99,,0.5843920145190563,21.72,5228.0,0.0,559.0,0.0,0.0,0.0,19.290883193273892,0.0,0.19474345,0.4899513265596852,0.01291902208870378
LTT 3780 b,1.325,2.46,1.0526315789473684,111.0,3358.0,0.0,903.0,0.0,0.0,0.0,10.256817751940517,0.0,1.1496416,0.2763774228398473,0.012892968906332344
Kepler-745 b,2.16,,0.5263157894736842,286.026,5849.0,0.0,931.0,0.0,0.0,0.0,22.21755489032368,0.0,0.2567871,0.4749884082236059,0.012890552119798978
Kepler-342 e,0.88,,0.9001814882032668,3111.322,6366.0,0.0,1897.0,0.0,0.0,0.0,2.569606980516063,0.0,1.2651258,0.2503447056260046,0.012884804191766772
GJ 367 b,0.736,0.503,1.252268602540835,579.0,3535.0,0.0,1329.0,0.0,0.0,0.0,2.0913154418010103,0.0,1.6238438,0.1702254186292033,0.01287778108812462
GJ 581 c,2.5,6.81,0.43375680580762255,2.3985,3500.0,0.032,346.13,0.6374899332172791,0.41566698087982595,0.024950579686912517,28.389316553537533,0.5199684067771663,0.84380305,0.34358395948482773,0.012871784111045632
Kepler-509 b,2.49,,0.4373865698729583,28.481,6060.0,0.0,584.0,0.0,0.0,0.0,28.284733705718782,0.0,0.16151647,0.4950509833243052,0.01286243859896546
Kepler-1312 b,2.1,,0.544464609800363,219.117,5719.0,0.0,978.0,0.0,0.0,0.0,21.12108135382583,0.0,0.23004389,0.4793801953473696,0.012852091884453997
Kepler-338 c,2.34,,0.47368421052631576,119.648,5923.0,0.03,831.0,0.3394567135483518,0.008253679257639852,0.08967783298603745,25.422900048979745,0.0,0.14235015,0.4987427755299478,0.0128482934153611
TOI-4552 b,1.11,1.83,1.4047186932849365,263.0,3258.0,0.0,1122.0,0.0,0.0,0.0,8.047239140651826,0.0,1.4829661,0.20023444738683796,0.012844646956155843
Kepler-929 b,1.11,,1.029038112522686,8159.933,5869.0,0.0,2362.0,0.0,0.0,0.0,5.895070533268197,0.0,1.2941728,0.24224344541307583,0.012844453688694673
Kepler-402 c,1.56,,0.8003629764065336,353.973,6090.0,0.0,1140.0,0.0,0.0,0.0,12.727684315708894,0.0,0.50031525,0.41877192587402456,0.012840798265585714
AU Mic c,2.79,14.46,0.7078039927404719,7.3,3540.0,0.18,424.7,0.4233504886045349,0.12315692527265502,0.02601912699684566,64.38937762354247,1.590707325381877e-49,0.7887955,0.3544143823105907,0.012836979235963423
Kepler-290 d,0.86,,0.8874773139745916,1503.79,5142.0,0.0,1589.0,0.0,0.0,0.0,2.3645103714706974,0.0,1.0099454,0.3051949635449816,0.012836943557183775
Kepler-910 b,0.82,,0.8620689655172414,2108.073,6230.0,0.0,1752.0,0.0,0.0,0.0,1.9910042048557433,0.0,1.184438,0.2658188066650405,0.012823581677104387
Kepler-1359 b,2.83,,0.37023593466424687,2.451,4709.0,0.0,369.0,0.0,0.0,0.0,35.15009348862319,0.4366054691336835,0.3690495,0.44726364519556067,0.012822996098332573
Kepler-193 c,2.75,,0.38294010889292196,16.026,6335.0,0.0,595.0,0.0,0.0,0.0,33.35934749042692,0.0,0.22925869,0.4782577661408951,0.012820112079855133
Kepler-1316 b,3.54,,0.27586206896551724,10.714,5884.0,0.0,446.0,0.0,0.0,0.0,51.26139072807339,1.2163583957044335e-132,0.16242398,0.49287945595640126,0.012813882466124487
Kepler-1373 b,1.16,,1.0544464609800364,8385.9,6299.0,0.0,1887.0,0.0,0.0,0.0,6.894251313357239,0.0,1.3708793,0.2238585270247454,0.012812071143979871
Kepler-1154 c,2.36,,0.4682395644283122,339.573,6327.0,0.0,1117.0,0.0,0.0,0.0,25.78058247142872,0.0,0.3394207,0.45312114380433066,0.012804838287706236
Kepler-1777 b,2.13189678,,0.5335753176043557,71.3,5771.0,0.0,819.0,0.0,0.0,0.0,21.656230327234255,0.0,0.16881739,0.49087837326948913,0.012799627893737899
Kepler-336 c,2.1,,0.544464609800363,206.91,5867.0,0.0,967.0,0.0,0.0,0.0,21.12108135382583,0.0,0.24178979,0.4742899917343129,0.012791047866061011
GJ 536 c,2.3,,0.4827586206896552,1.692,3641.0,0.0,290.5,0.0,0.0,0.0,24.6037981345829,0.9786564374477399,0.8772076,0.33267132541889755,0.012786032780845393
WASP-104 b,12.745,404.263,0.19491833030852995,867.7365,5475.0,0.0,1516.0,0.0,0.0,0.0,1690.2884007805415,0.0,0.7120853,0.3692166322420805,0.012781017265871728
Kepler-201 c,2.85,,0.3666061705989111,6.033,6065.0,0.0,378.0,0.0,0.0,0.0,35.54863750630473,5.472021007714342e-29,0.23792477,0.4742019833778723,0.012767671835163396
Kepler-1490 b,3.04,,0.3357531760435572,3.788,5515.0,0.0,348.0,0.0,0.0,0.0,39.51204335427572,2.7572593997091526e-06,0.22761822,0.4764764893166349,0.012767196899281763
Kepler-365 b,2.04,,0.5662431941923776,132.15,6012.0,0.0,865.0,0.0,0.0,0.0,20.13641284646067,0.0,0.24660559,0.47183117842848177,0.012756852820941356
Kepler-653 b,1.95,,0.6007259528130672,90.384,5665.0,0.0,819.0,0.0,0.0,0.0,18.65816108852237,0.0,0.20717068,0.48026103674159026,0.01274830881834116
Kepler-1346 b,1.58,,0.7894736842105263,545.575,6133.0,0.0,1236.0,0.0,0.0,0.0,13.04360168701691,0.0,0.55180264,0.40330976200657315,0.012742101045806023
Kepler-1567 b,2.73,,0.38656987295825773,2.723,5655.0,0.0,330.0,0.0,0.0,0.0,32.94614117139229,0.12158468866013827,0.2871693,0.4621813135895087,0.012741513122405774
GJ 1214 b,2.733,8.41,0.4101633393829401,17.2,3101.0,0.0062,567.0,0.41925706296654464,0.05934209319032465,0.014291820270341498,35.072307861010174,0.0,0.9149966,0.32244589635469345,0.012741279407588912
HD 141004 b,3.77,,0.2540834845735027,144.73,5885.38,0.16,950.73,0.2128301402774512,0.0044583924001086956,0.08867286424104225,57.02812550996182,0.0,0.16361648,0.4895749942445625,0.012738959356225864
HIP 14810 b,13.0,,0.5626134301270418,201.7351,5544.0,0.14399,1048.2,0.18323812795350122,0.003139340877068799,0.0795533472244347,5177.6031665587425,0.0,0.4665204,0.4219398976424055,0.012733476501426063
Wolf 327 b,1.24,2.53,1.3139745916515428,233.9,3542.0,0.0,996.0,0.0,0.0,0.0,10.493989664677512,0.0,1.2082138,0.25680867167301774,0.012731902623106875
Kepler-168 b,1.46,,0.8747731397459166,725.064,6282.0,0.0,1240.0,0.0,0.0,0.0,11.403616824159371,0.0,0.6863928,0.3726766463460489,0.012725350605242004
Kepler-804 b,1.94,,0.604355716878403,83.427,5817.0,0.0,779.0,0.0,0.0,0.0,18.48359456430943,0.0,0.22130027,0.4761043647995256,0.012723358031501498
TOI-1451 b,2.61143902,15.2,0.8475499092558983,53.0216,5801.0,0.0,723.33,0.0,0.0,0.0,63.22568716031384,0.0,0.20837536,0.47881279027600687,0.01271921442637957
Kepler-60 c,1.9,3.85,0.5553539019963702,236.0,5905.0,0.039,1023.0,0.30086088948713957,0.0038990156056840633,0.08919698669656963,15.95582409523908,0.0,0.25044888,0.4693593263288262,0.012717000429798923
LTT 1445 A b,1.34,2.73,1.1252268602540836,5.7,3562.0,0.18,431.0,0.4995082142162142,0.1698844775812413,0.026606828017309153,11.340784423732053,1.5941237681193958e-24,1.1698954,0.2646888786843812,0.012715934122951175
TOI-1670 c,11.06326395,200.23189641,0.14700544464609802,14.5514,6170.0,0.09,684.0,0.27780726208754647,0.04870079417027751,0.0962761126248561,833.819123509351,2.1334433690847873e-274,0.5615328,0.39977861806877774,0.012708433242417968
K2-117 c,2.06,,0.558983666061706,21.4,3778.0,0.15,537.0,0.36669159370198945,0.04199503866673779,0.032376983490940425,20.468658866998627,0.0,0.57823515,0.39596428695041197,0.012706038238297876
Kepler-68 c,0.979,1.3,1.3611615245009074,204.0,5847.0,0.099,1052.0,0.2979030852672472,0.0042834743774303775,0.0876475930971745,5.349908437758203,0.0,0.7854102,0.34984070149960084,0.012705648920842293
WASP-141 b,13.56289,854.9627,0.35934664246823955,1061.5542,5900.0,0.0,1540.0,0.0,0.0,0.0,3755.42349621022,0.0,0.72069675,0.363910237237866,0.01269744548969826
Kepler-680 b,2.42,,0.4537205081669692,706.62,5890.0,0.0,1147.0,0.0,0.0,0.0,26.935380631512096,0.0,0.33301324,0.4500992078610266,0.012695181459569892
Kepler-1556 b,1.96,,0.5952813067150635,92.138,5608.0,0.0,797.0,0.0,0.0,0.0,18.77496206720648,0.0,0.2013994,0.4793290111424246,0.012693665846197603
Kepler-1094 b,3.18,,0.31578947368421056,10.336,6112.0,0.0,480.0,0.0,0.0,0.0,42.53707458084773,1.90535682445132e-121,0.19650592,0.4799194945428734,0.012681374074329147
HD 134606 c,3.37,,0.29401088929219604,12.84,5576.0,0.055,527.65,0.4242929594547702,0.07638245470992781,0.08040818507237439,47.13480639929338,7.3623151635567525e-205,0.068680525,0.5082431067774194,0.012678303916553195
Kepler-642 b,2.9,,0.3575317604355717,719.373,6570.0,0.0,1810.0,0.0,0.0,0.0,36.525589197810255,0.0,0.47046432,0.41859502908582497,0.01267265361775273
GJ 676 A d,1.78,,0.6751361161524502,59.6154,3734.0,0.192,757.36,0.2993587715498094,0.013689323308261293,0.031201581450015982,15.949238678455716,0.0,0.7318498,0.3603767668448243,0.012671527142912314
HD 73344 b,2.884,10.48,0.4448275862068966,111.9729,6252.6,0.03,911.0,0.32902765451300303,0.008616707245208497,0.09848266281987525,44.69573565941215,0.0,0.16507754,0.48610369848874735,0.012661396757755634
HD 36384 b,12.7,,1.0217785843920146,229.7515,3940.0,0.2,1032.58,0.1733267663190877,0.00267445501921619,0.03670460009616716,8767.112271736281,0.0,1.0257014,0.29448633258358914,0.012659389181727192
WASP-37 b,13.002,572.07,0.2776769509981851,545.3338,5800.0,0.0,1232.5,0.0,0.0,0.0,2556.577287659211,0.0,0.6083742,0.38724985240406085,0.012656562607003947
K2-370 b,2.67,11.1,0.5807622504537205,428.205,5662.0,0.0,1267.0,0.0,0.0,0.0,46.30424132454884,0.0,0.24741654,0.4675464168630373,0.012655668670433365
Kepler-1267 b,3.01,,0.3411978221415608,86.469,6096.0,0.0,774.0,0.0,0.0,0.0,38.97573793300523,0.0,0.14967124,0.4890483856461953,0.012649463135433713
NGTS-21 b,14.90794433,750.07504052,0.2268602540834846,514.2853,4660.0,0.0,1357.0,0.0,0.0,0.0,3148.4754438168934,0.0,0.7855638,0.34747355769839544,0.012648133779611784
HD 93963 A c,3.11976057,18.4,0.6007259528130672,543.8,5908.0,0.0,1212.45,0.0,0.0,0.0,76.406234786931,0.0,0.28822407,0.4579720340493444,0.012643527467570553
TOI-669 b,2.58606487,10.0,0.5753176043557169,388.2,5597.0,0.0,1124.85,0.0,0.0,0.0,41.67873381859385,0.0,0.2364626,0.4694219458006668,0.012641805440333036
BD+20 2457 c,12.4,,2.0689655172413794,366.1069,4137.0,0.18,984.96,0.14966253858400702,0.001495065455869199,0.041967195597584675,16523.685383608237,0.0,1.2639507,0.24051045361661452,0.012635910005985978
Kepler-1416 b,0.88,,0.9001814882032668,2658.55,6019.0,0.0,1870.0,0.0,0.0,0.0,2.569606980516063,0.0,1.1508238,0.26521931705080726,0.012624370586963498
Kepler-351 d,2.72,,0.3883847549909256,1.989,5225.0,0.0,318.0,0.0,0.0,0.0,32.73840341228933,0.9837991599596494,0.33396366,0.44660710274598125,0.012614304248076472
Kepler-1188 b,2.08,,0.5517241379310345,165.573,5913.0,0.0,775.0,0.0,0.0,0.0,20.79699555273639,0.0,0.23595285,0.46830274879673645,0.012611416740428242
Kepler-258 c,3.61,,0.26860254083484575,7.985,4942.0,0.0,470.0,0.0,0.0,0.0,52.932247141987716,5.883255143339372e-63,0.19446762,0.47741091129252544,0.012608345577797643
Kepler-433 b,16.25,896.24,0.20508166969147004,1682.66,6360.0,0.119,1776.0,0.1018959154276554,0.0002534276814165363,0.1013517123470379,3686.171609256161,0.0,1.0539868,0.2858633642108707,0.012601997988439672
Kepler-122 b,2.34,,0.47368421052631576,448.102,6050.0,0.0,1159.0,0.0,0.0,0.0,25.422900048979745,0.0,0.3091735,0.45133997483434685,0.012594968692031944
Kepler-759 b,2.27,,0.49183303085299457,19.02,5860.0,0.0,533.0,0.0,0.0,0.0,24.098159408961518,0.0,0.1688741,0.4825499354937623,0.012594615308772317
TOI-2529 b,11.54525012,743.71847238,0.4827586206896552,70.9731,5802.0,0.021,636.0,0.3029150315307639,0.013241059815026473,0.08644547737349356,3111.9218733396374,0.0,0.3447568,0.4431487457061775,0.012588263059231466
Kepler-998 b,2.32,,0.4791288566243195,409.917,6058.0,0.0,1020.0,0.0,0.0,0.0,25.061374825835614,0.0,0.30292565,0.4523672174538422,0.01258601341029664
GJ 433 b,2.33,,0.47731397459165154,5.2029,3461.0,0.04,473.94,0.5603127056257888,0.20992657196297265,0.023908746059729202,25.29068090136999,1.4790406969759696e-18,0.77913594,0.3459745690394078,0.012575910456072743
Kepler-1014 b,2.39,,0.46098003629764067,33.479,5388.0,0.0,614.0,0.0,0.0,0.0,26.36115470829266,0.0,0.1087206,0.4949434236121633,0.012570110910025824
TOI-500 b,1.166,1.42,0.8874773139745916,1138.0,4440.0,0.063,1617.0,0.22330770523142332,0.0006778489909150746,0.050061441470316784,5.893068928185601,0.0,0.85849345,0.3280378219349208,0.012569122223943791
Kepler-54 c,1.23,0.7,0.43128275862068965,3.07,3705.0,0.0,395.0,0.0,0.0,0.0,3.361754851781187,0.008444946892620835,0.9828768,0.3000996152880387,0.012562808220764277
TOI-4860 b,8.7,86.7,0.13611615245009076,42.5,3260.0,0.008,694.0,0.2542042708603121,0.01733271796986336,0.01853929582731954,375.4533915003338,0.0,1.1247704,0.2683223299323471,0.012557922431122906
Kepler-66 b,2.8,,0.3756805807622504,62.845,5962.0,0.0,699.0,0.0,0.0,0.0,34.54470194759067,0.0,0.121935464,0.49133607220165854,0.012553683896006326
Kepler-126 c,1.58,,0.3077197822141561,112.128,6239.0,0.19,790.0,0.2512995271261767,0.006321386493080755,0.09811935673449546,5.084114075861587,0.0,0.42155188,0.4242251118388227,0.012543085182699908
WASP-97 b,12.77826,432.2488,0.21960072595281308,1414.87,5640.0,0.0,1555.0,0.0,0.0,0.0,1919.2764846295322,0.0,0.77253497,0.34564160993763227,0.012531484631649284
KOI-351 f,2.88,,0.36116152450090744,6.796,6080.0,0.0,407.0,0.0,0.0,0.0,36.1382859620897,1.0856691653552116e-40,0.22813399,0.46663546021927077,0.012527412656264645
TYC 1422-614-1 b,13.3,,0.3375680580762251,47.0221,4806.0,0.06,730.19,0.25887771008986166,0.016613517111794266,0.0598386493561884,3326.632894209357,0.0,0.42761245,0.42086184661721227,0.012493422119563011
Kepler-60 d,1.99,4.16,0.5281306715063522,161.0,5905.0,0.002,929.0,0.26085024236477033,0.004800400507271185,0.08919698669656903,17.433686364107775,0.0,0.23837347,0.46269751563427164,0.012486510293793617
Kepler-1772 b,2.68609988,,0.39564428312159716,1485.0,5541.0,0.0,1155.0,0.0,0.0,0.0,32.118849202941355,0.0,0.40086183,0.4259444682903573,0.0124719525141496
Kepler-92 c,2.6,6.1,0.8615471869328494,106.207,5883.0,0.04,781.0,0.3545201314328259,0.009714471978070613,0.08860928567610973,63.42897917948431,0.0,0.20250933,0.4691508801987151,0.01244883089682778
WASP-173 A b,13.4508,1172.7927,0.515426497277677,1920.0,5800.0,0.0,1880.0,0.0,0.0,0.0,5254.116474919598,0.0,0.81808454,0.33204797645556133,0.012446273390352109
Kepler-1544 b,1.78,,0.6751361161524502,0.833,4886.0,0.0,269.0,0.0,0.0,0.0,15.949238678455716,0.9687279870663713,0.68698883,0.3608884542225026,0.012438002699796037
Kepler-360 c,2.1,,0.544464609800363,146.5,6053.0,0.0,860.0,0.0,0.0,0.0,21.12108135382583,0.0,0.24745572,0.4586306641441097,0.012436080538190515
HATS-16 b,14.5717,1039.3041,0.3375680580762251,994.8095,5738.0,0.0,1592.0,0.0,0.0,0.0,4375.025806403428,0.0,0.7374024,0.3492941813356632,0.012428769878261784
Kepler-881 b,1.78,,0.6751361161524502,538.569,5961.0,0.0,1217.0,0.0,0.0,0.0,15.949238678455716,0.0,0.43894404,0.41553589240585853,0.012424292820800424
K2-28 b,2.32,,0.4791288566243195,30.1,3214.0,0.0,568.0,0.0,0.0,0.0,25.061374825835614,0.0,0.8627747,0.32102587979179054,0.012419744751781649
GJ 3929 c,2.26,,0.4936479128856625,1.68,3384.0,0.0,317.0,0.0,0.0,0.0,23.86883552916823,0.9780321308290683,1.0335,0.28281744416651566,0.012414500389961154
Kepler-1353 b,1.8,,0.6660617059891107,10.767,4776.0,0.0,491.0,0.0,0.0,0.0,16.271237717011477,2.92722393525834e-134,0.34489712,0.4357668973939726,0.012407045737400167
HD 158996 b,12.3,,2.3774954627949185,234.6259,4069.0,0.13,960.27,0.17005528329516795,0.0025463684390083048,0.04015066517070052,18532.057559407283,0.0,1.2630293,0.23130846320534834,0.012403995038521711
tau Gem b,12.1,,3.68421052631579,241.3109,4388.0,0.031,1012.69,0.20064890148133344,0.002903675706630221,0.04867232996741026,27339.41134098478,0.0,1.452791,0.18904784785699366,0.012403297829578271
TOI-1386 b,6.2163865,45.8,0.18874773139745918,34.68,5735.0,0.0,615.03,0.0,0.0,0.0,189.9259798344275,0.0,0.22715703,0.4616010628929669,0.012397937631012344
Kepler-984 b,2.12,,0.5372050816696915,13.991,5610.0,0.0,484.0,0.0,0.0,0.0,21.440568881959855,1.6249296466081108e-250,0.18669848,0.4705036452543489,0.012395431395342788
TOI-1408 c,2.22,7.6,0.6896551724137931,2005.35,6117.0,0.1353,1864.0,0.1609168268556676,0.00029829566169223433,0.09486028743921152,31.606727374136373,0.0,0.59476316,0.37937448801876494,0.01238772888331249
CoRoT-24 b,3.7,5.7,0.1633393829401089,79.826,4950.0,0.0,1070.0,0.0,0.0,0.0,34.656499313746025,0.0,0.24192926,0.4577209039066005,0.012383329797856267
Qatar-1 b,12.811887,411.27202,0.19528130671506355,382.328,5013.0,0.0,1418.0,0.0,0.0,0.0,1720.238172200752,0.0,0.6313537,0.37098941948280917,0.012381770698061696
Kepler-1173 b,0.89,,0.9056261343012705,1462.098,5252.0,0.0,1650.0,0.0,0.0,0.0,2.67428430798031,0.0,0.97974193,0.29285618543821473,0.012367033390107356
WASP-77 A b,13.56,529.3114290178,0.2413793103448276,1440.0,5617.0,0.01353,1674.0,0.1455975211803037,0.0004114650021051607,0.08150344606505594,2520.970246624798,0.0,0.7725049,0.3388877324432627,0.012364814185885684
HD 47536 b,12.6,,1.161524500907441,47.5699,4380.0,0.2,736.52,0.23681076020605907,0.015150059363407343,0.04845862050541892,9732.59428784294,0.0,0.8286158,0.32622470526032354,0.012360492383647805
Kepler-666 b,2.4,,0.4573502722323049,575.644,5887.0,0.0,1133.0,0.0,0.0,0.0,26.483249762837925,0.0,0.30652884,0.4424087342757889,0.012360273358838677
GJ 3779 b,2.75,,0.38294010889292196,12.8254,3324.0,0.07,526.94,0.4130456087589159,0.07498123178708724,0.020248971523212058,33.35934749042692,2.596575097108683e-204,0.7368175,0.3462944336318379,0.012351606756833083
Kepler-1917 b,1.88971288,,0.6243194192377496,48.99,5530.0,0.0,675.0,0.0,0.0,0.0,17.647489107898732,0.0,0.20321631,0.46461204190605104,0.012340812356259112
LHS 3844 b,1.286,2.37,1.1161524500907443,73.67,3080.0,0.0,816.0,0.0,0.0,0.0,9.94340278321033,0.0,1.3566881,0.20774033400147865,0.012336841180155503
Kepler-1482 b,1.01,,0.9782214156079855,86.499,5381.0,0.0,678.0,0.0,0.0,0.0,4.221724579174764,0.0,0.6144153,0.372534716099924,0.012326931431379699
Kepler-602 b,2.09,,0.5480943738656987,128.783,6062.0,0.0,852.0,0.0,0.0,0.0,20.959591388792457,0.0,0.24371476,0.454992002350441,0.012325849856883666
Kepler-865 b,2.49,,0.4373865698729583,46.362,5570.0,0.0,694.0,0.0,0.0,0.0,28.284733705718782,0.0,0.099003166,0.4870995275160252,0.012323415923747043
HAT-P-59 b,12.58768533,489.45574678,0.24446460980036297,441.4,5678.0,0.03,1277.8,0.17930688252875676,0.001485538339301274,0.08313298071270135,2042.4067612867734,0.0,0.5397395,0.38893413205680677,0.012321506830769135
BD+03 2562 b,12.7,,0.9909255898366607,296.5605,4095.0,0.2,985.04,0.16569160128033533,0.002022835385887014,0.0408452209221536,8502.385968682078,0.0,0.9725207,0.29253406550590083,0.012319471269006411
TOI-286 c,1.88,3.72,0.5607985480943739,22.4437,5152.0,0.0,475.0,0.0,0.0,0.0,15.60878281156821,0.0,0.2115674,0.4616208369014315,0.012312889201377568
Kepler-1589 b,1.09,,1.0163339382940109,5228.785,6166.0,0.0,2102.0,0.0,0.0,0.0,5.513209950025439,0.0,1.2389401,0.23289814316307353,0.012311014978932085
Kepler-846 b,2.48,,0.43920145190562615,35.276,5579.0,0.0,624.0,0.0,0.0,0.0,28.06127623040837,0.0,0.101623856,0.48591800851842026,0.012308666520839059
Kepler-196 d,2.66065673,,0.4010889292196007,1.8,5132.0,0.0,297.0,0.0,0.0,0.0,31.64432414388374,0.983327419434939,0.36057922,0.42812590761983904,0.012304713122732033
TOI-2015 c,2.93,8.91,0.35390199637023595,6.68,3297.0,0.00033,448.0,0.28711290900311587,0.08962164683315371,0.01952770208900778,37.28846303513528,8.819682483318368e-39,0.8525728,0.3185332389511423,0.0123023175624152
Kepler-1385 b,0.85,,0.8820326678765881,1591.477,5732.0,0.0,1423.0,0.0,0.0,0.0,2.2689768081198163,0.0,1.028219,0.27940946990576254,0.012301507152285509
TOI-2015 b,3.309,9.2,0.2540834845735027,13.185,3297.0,0.0789,530.9,0.36781124691560096,0.06573398865283608,0.019527702089007355,38.56162683574251,4.613526940039503e-218,0.7694497,0.33638339206967327,0.01228631050403938
TOI-5624 f,3.66,,0.26497277676951,8.6817,5327.0,0.0,478.5,0.0,0.0,0.0,54.41681542070515,2.7502464880157373e-78,0.15467052,0.4729771694006094,0.012280683667522923
HD 12648 b,13.4,,0.2577132486388385,194.0796,4835.0,0.04,1053.23,0.19914274684282499,0.003530249468604724,0.06061334615588825,2597.405464790244,0.0,0.52261776,0.3906927797364438,0.012270921085175367
Kepler-1543 b,2.71,,0.39019963702359345,375.651,6561.0,0.0,1774.0,0.0,0.0,0.0,32.529946047917385,0.0,0.39217937,0.4196350391983145,0.012268765966639375
K2-36 c,3.2,7.9,0.23593466424682397,89.0,4916.0,0.089,854.0,0.25936628375599163,0.008387203530158037,0.06277715445849931,32.38398560064839,0.0,0.11157292,0.48190004223246924,0.012264197950986098
KOI-94 b,1.71,10.5,1.8330308529945554,1053.181,6182.0,0.25,1486.0,0.16426718030776585,0.00054004390549842,0.09659667681785784,38.3925285068091,0.0,1.164403,0.24748775719155486,0.012261733383546651
Kepler-651 b,2.37,,0.46460980036297644,27.223,5522.0,0.0,574.0,0.0,0.0,0.0,25.907291626626694,0.0,0.11613786,0.4798913506862645,0.012239723558967911
Kepler-1778 b,3.01665969,,0.33938294010889297,186.14,6310.0,0.0,942.0,0.0,0.0,0.0,39.02631784198134,0.0,0.24239163,0.45169729177640255,0.012237364595246127
TOI-1634 b,1.759,4.9,0.9586286751361162,121.0,3550.0,0.0,900.0,0.0,0.0,0.0,21.854282033640157,0.0,0.88838816,0.30786108391063444,0.01223572195095724
TOI-270 d,2.0,4.2,0.5263157894736842,9.2135,3506.0,0.0066,383.0,0.5213677760243354,0.12265408690501595,0.02511086178340292,17.637011388574276,3.91210072389973e-91,0.7774089,0.332131139461224,0.01222514801323363
YZ Cet c,1.05,,0.9818511796733213,4.72,3151.0,0.0,410.3,0.0,0.0,0.0,4.761043755174906,1.2662455638919278e-13,1.4962889,0.17155324260891966,0.012210658195798425
Kepler-445 b,1.58,,0.7894736842105263,17.657,3157.0,0.0,401.0,0.0,0.0,0.0,13.04360168701691,0.0,1.118348,0.25558799900173346,0.012208740723279817
Kepler-85 b,1.778,1.84,0.33021651542649727,107.028,5505.2,0.02,809.0,0.35795613941337884,0.009451632844573829,0.07851685633379694,7.774682624743054,0.0,0.19115454,0.4616881401306645,0.012202548936359973
Kepler-1054 b,2.63,,0.4065335753176044,760.524,6209.0,0.0,1177.0,0.0,0.0,0.0,30.977921453731273,0.0,0.38531244,0.41785219846119037,0.012187136109834556
Qatar-5 b,12.408363,1373.0256,0.7168784029038113,669.0,5747.0,0.0,1415.0,0.0,0.0,0.0,5736.9039160593275,0.0,0.64028025,0.3610452375758561,0.012185591009964395
Kepler-864 c,1.62,,0.764065335753176,1305.04,6213.0,0.0,1532.0,0.0,0.0,0.0,13.607055303788215,0.0,0.6845559,0.35108780940525763,0.01218303524459809
WASP-106 b,12.10569916,613.40882551,0.3375680580762251,327.8307,6002.0,0.023,1140.0,0.20771325856797385,0.0022605667469876795,0.09178821392315112,2508.531654853928,0.0,0.4932015,0.3934482207603986,0.012177453226847674
Kepler-637 b,4.75,,0.18874773139745918,63.805,6096.0,0.0,1002.0,0.0,0.0,0.0,84.73272599595919,0.0,0.23833232,0.45016705695953846,0.012177366857759045
Kepler-78 b,1.201,1.68,0.9673321234119783,4070.0,5058.0,0.0,2223.0,0.0,0.0,0.0,7.019290907496161,0.0,1.0471785,0.26975042024604573,0.012167404841130977
G 9-40 b,1.9,4.0,0.5807622504537205,6.27,3395.0,0.0,440.6,0.0,0.0,0.0,16.685829119204268,2.0503301449784137e-32,0.9147705,0.29874382508971875,0.012155703792480241
Kepler-524 c,0.96,,0.9473684210526315,2959.338,6014.0,0.0,1574.0,0.0,0.0,0.0,3.5109222542733707,0.0,1.1311402,0.2502132888985009,0.012146423925617223
Gl 686 b,2.46,,0.4446460980036298,3.5638,3656.0,0.05,379.0,0.5706637013276183,0.28336229679807146,0.02911791419564712,27.72735329499104,5.539655616839465e-05,0.693138,0.34737700584954423,0.012138638999472621
Kepler-1736 b,3.8765856,,0.24500907441016337,24.27,6085.0,0.0,566.0,0.0,0.0,0.0,59.78867287508268,0.0,0.17197517,0.46332099554986245,0.012137572441623258
Kepler-1443 b,0.97,,0.9509981851179674,2809.165,6289.0,0.0,1602.0,0.0,0.0,0.0,3.6356619938806842,0.0,1.1749059,0.24005113573268907,0.012136022382107682
Kepler-292 f,2.35,,0.47005444646098005,24.325,5299.0,0.0,563.0,0.0,0.0,0.0,25.55290976560077,0.0,0.122997895,0.4740861253376182,0.012134244448667888
Kepler-1531 b,1.11,,1.029038112522686,4457.2,6260.0,0.0,2537.0,0.0,0.0,0.0,5.895070533268197,0.0,1.2164878,0.23049253968336003,0.012128519069214267
HD 25723 b,13.3,,0.3375680580762251,39.6333,4766.0,0.04,698.4,0.2840873339565257,0.021252107605843493,0.05877010204625647,3326.632894209357,0.0,0.44539148,0.4017965831093881,0.01212094815548327
Kepler-961 b,2.55,,0.4228675136116153,40.4,5582.0,0.0,642.0,0.0,0.0,0.0,29.370644238439844,0.0,0.09434261,0.4799027637955605,0.012120420550452423
Kepler-359 b,3.53,,0.27586206896551724,23.9,6248.0,0.0,671.0,0.0,0.0,0.0,50.828198178141854,0.0,0.19158268,0.45823879115152905,0.012119860068421284
Kepler-273 c,1.98,,0.5880217785843921,74.887,5626.0,0.0,865.0,0.0,0.0,0.0,19.11954669764277,0.0,0.1909157,0.4583084783409116,0.012117918574376338
Kepler-1408 b,0.89,,0.9056261343012705,1982.268,6170.0,0.0,1616.0,0.0,0.0,0.0,2.67428430798031,0.0,1.1157713,0.2524004245997287,0.01211601890832489
TOI-1437 b,2.24,9.6,0.7096188747731398,82.0,6008.0,0.17,794.23,0.2931751775636204,0.010055302670294062,0.09194849601964532,33.408565083536594,0.0,0.25713906,0.4430481805400426,0.01210505009710236
Kepler-1141 b,0.82,,0.8620689655172414,1146.953,5791.0,0.0,1471.0,0.0,0.0,0.0,1.9910042048557433,0.0,0.99523544,0.2786571547205721,0.01210198873123545
HATS-12 b,7.76,759.6137,0.2032667876588022,566.4817,6357.0,0.085,1446.0,0.15342861196127372,0.000974704382085941,0.10127157129879212,397.8690865975076,0.0,0.49923253,0.38864248088778375,0.01209206630336986
Kepler-1632 b,2.47,,0.44101633393829404,6.062,6137.0,0.0,369.0,0.0,0.0,0.0,27.837750867808452,2.1307554538624583e-29,0.27544743,0.43824642559973304,0.012087123628069973
Kepler-540 b,2.71,,0.39019963702359345,4.525,5946.0,0.0,355.0,0.0,0.0,0.0,32.529946047917385,8.2654141873175e-12,0.25476182,0.44172000022543106,0.012059262734333779
GJ 163 b,3.25,,0.308529945553539,5.3165,3500.0,0.073,438.49,0.45610746652638734,0.1708040021442003,0.024950579686911983,44.36454326184406,7.714567991081101e-20,0.69863266,0.3427997051014905,0.012055940882830928
Kepler-937 b,3.72,,0.2595281306715064,20.627,6095.0,0.0,495.0,0.0,0.0,0.0,55.9631133913258,0.0,0.17008671,0.46038004787436204,0.012054706903462824
Kepler-1352 b,0.89,,0.9056261343012705,1892.586,6118.0,0.0,1701.0,0.0,0.0,0.0,2.67428430798031,0.0,1.0954616,0.25435353316108184,0.012052735869808793
Kepler-53 d,2.12,166.503,0.2540834845735027,144.852,6085.0,0.0,870.0,0.0,0.0,0.0,10.140809606332363,0.0,0.2716832,0.43751015121729525,0.012048318650706942
Kepler-128 c,1.521,3.38,0.9506234119782215,130.979,6072.0,0.037,843.0,0.3718277075692283,0.008181788387632349,0.09365817171553872,14.011504072596354,0.0,0.4363481,0.40079055235633443,0.012046527837079097
Kepler-1297 b,0.97,,0.9509981851179674,2760.593,5818.0,0.0,1790.0,0.0,0.0,0.0,3.6356619938806842,0.0,1.0818193,0.25710254162177304,0.012045656768544402
TOI-1075 b,1.791,9.95,1.6914700544464611,509.2,3875.0,0.0,1323.0,0.0,0.0,0.0,40.704242814408985,0.0,1.0772558,0.25759905161824737,0.012032859253858934
Kepler-1812 b,2.3249424,,0.47731397459165154,270.34,6174.0,0.0,1034.0,0.0,0.0,0.0,25.126346951260384,0.0,0.28314173,0.4343283745265753,0.012032747107072847
Kepler-1920 b,2.95415848,,0.3484573502722323,44.87,6277.0,0.0,660.0,0.0,0.0,0.0,37.63046708333022,0.0,0.18077394,0.4570422515769976,0.012031056910068701
Kepler-483 b,3.21,,0.3139745916515427,61.495,6346.0,0.0,755.0,0.0,0.0,0.0,43.50089684775247,0.0,0.20119038,0.45241785297581577,0.012029069252299445
WASP-171 b,10.98482,344.52772,0.2722323049001815,1200.24,5965.0,0.0,1642.0,0.0,0.0,0.0,1511.4963545525623,0.0,0.663046,0.34956572474990694,0.01202749195584129
K2-104 b,1.79,,0.6715063520871144,62.1,3712.0,0.09,798.0,0.3388991373016653,0.01494471826876343,0.030613880429553403,16.13235712341537,0.0,0.63020295,0.3568200757736587,0.012026135458074783
HAT-P-15 b,11.88154,616.5902,0.35571687840290384,79.7578,5568.0,0.19,904.0,0.200001441017965,0.007869200259718288,0.08019447561039038,2499.2591173313544,0.0,0.4209226,0.4033409454042549,0.012024768194280746
K2-141 b,1.51,4.97,1.4392014519056262,3260.0,4570.0,0.0,2103.0,0.0,0.0,0.0,20.75587467062993,0.0,1.132519,0.24474521598913318,0.012019182362216729
K2-229 b,1.0,2.55,1.3793103448275863,2290.0,5315.0,0.0,1818.0,0.0,0.0,0.0,5.777641661774332,0.0,1.1435713,0.2422340750410821,0.01201791510535424
Kepler-1212 b,2.14,,0.5317604355716878,142.096,6051.0,0.0,795.0,0.0,0.0,0.0,21.829608694312096,0.0,0.23762469,0.44353286724295377,0.012009929391525308
Kepler-761 b,2.03,,0.5698729582577133,95.447,5706.0,0.0,767.0,0.0,0.0,0.0,19.968928973515528,0.0,0.19323602,0.4528387764955311,0.011995803131423328
Kepler-25 b,2.748,8.7,0.42105263157894735,542.96,6354.0,0.0029,1185.0,0.20095524376890597,0.0012433910668429816,0.10119143025055305,36.59950237102789,0.0,0.3658635,0.4141623015865983,0.01198945702338796
Kepler-1394 b,1.39,,0.9328493647912885,2023.005,6481.0,0.0,1947.0,0.0,0.0,0.0,10.494083855440916,0.0,0.9600519,0.28169749956612955,0.0119839011550308
LHS 1903 c,2.046,4.55,0.5281306715063522,16.2,3664.0,0.089,559.0,0.4191805242986362,0.06116063298360523,0.029331623657634212,18.9472806309805,0.0,0.6019381,0.3609705487920199,0.011973377416957842
HD 49674 b,6.2,,0.13303085299455536,264.2871,5602.0,0.09,1113.78,0.1722316557502706,0.0021437345591273182,0.08110274082382647,132.8054976555355,0.0,0.36347228,0.41373662867954886,0.011965842876428781
Kepler-268 c,3.38,,0.29401088929219604,13.662,6081.0,0.0,471.0,0.0,0.0,0.0,47.55565041090551,5.434102628093967e-237,0.17419514,0.45578796320444814,0.011964038493420337
Kepler-200 b,2.13,,0.5353901996370236,159.069,5678.0,0.0,854.0,0.0,0.0,0.0,21.67194234972401,0.0,0.19729576,0.45056988328799635,0.011962141906454902
TOI-2969 b,12.32987877,368.68095212,0.19963702359346644,382.0,4738.0,0.0,1186.0,0.0,0.0,0.0,1567.4948232880618,0.0,0.6512047,0.34942206966043304,0.011958980617557416
HD 19615 b,12.6,,1.3466424682395646,270.2479,4263.0,0.2,1113.92,0.16463369934110342,0.002178634780144204,0.04533311962386898,11283.726502467909,0.0,1.0126854,0.2686912632812004,0.011952039029702675
TOI-1695 b,1.9,6.36,0.9074410163339384,39.0,3690.0,0.097,698.0,0.3759730193785285,0.025320981010521906,0.030026179409091445,26.07160799875667,0.0,0.6934016,0.33973416586836136,0.011951663852135194
Kepler-562 b,5.21,,0.16715063520871146,67.435,5575.0,0.0,658.0,0.0,0.0,0.0,99.01701060875652,0.0,0.22228916,0.44450687092042535,0.011949800211508517
Kepler-212 c,2.74,,0.38475499092558985,54.662,5852.0,0.0,664.0,0.0,0.0,0.0,33.15313177499815,0.0,0.106656864,0.46940529058744773,0.011929187635412996
Kepler-79 b,3.51,7.6,0.17604355716878403,205.404,6389.0,0.022,929.0,0.2538693775538345,0.0038410710589442346,0.1021264091467355,31.88820652695304,0.0,0.3525942,0.41416228495981133,0.011916651751780194
bet UMi b,12.7,,0.9437386569872959,273.9958,4126.0,0.19,1040.63,0.16923195125085805,0.0022194688502712497,0.041673345087350704,8097.510446363883,0.0,0.91685504,0.28828866364707567,0.011909386306089937
Kepler-1333 b,2.81,,0.3738656987295826,3.298,5628.0,0.0,428.0,0.0,0.0,0.0,34.74747015184204,0.0011656182551439277,0.25533044,0.43500323070137087,0.011896791898498946
Kepler-973 b,1.96,,0.5952813067150635,7.892,5213.0,0.0,402.0,0.0,0.0,0.0,18.77496206720648,4.794449704059832e-61,0.26653144,0.43242134789193104,0.011894596573848603
Kepler-269 b,2.47,,0.44101633393829404,604.9,5847.0,0.0,1007.0,0.0,0.0,0.0,27.837750867808452,0.0,0.3004164,0.4247333041848463,0.01189097790799138
TOI-411 c,2.328,9.72,0.5716878402903811,156.75,6169.0,0.16,931.0,0.25185913647483016,0.004803004878312853,0.09624939894211987,30.21318376349822,0.0,0.26065964,0.4332547913961608,0.011882926842844917
Kepler-1239 b,2.9,,0.3575317604355717,462.91,6564.0,0.0,1183.0,0.0,0.0,0.0,36.525589197810255,0.0,0.41075534,0.399704856739169,0.011879341658575465
Kepler-1412 b,0.83,,0.869328493647913,1087.781,5880.0,0.0,1397.0,0.0,0.0,0.0,2.0821250107636837,0.0,0.99119407,0.2704981111670303,0.01187866724137323
K2-33 b,5.04,1175.971,2.19288770878324,89.6695,3540.0,0.0,850.0,0.0,0.0,0.0,1175.971,0.0,1.1450007,0.23595746131021605,0.011871018314337884
Kepler-275 b,2.34,,0.47368421052631576,266.3,6165.0,0.0,1015.0,0.0,0.0,0.0,25.422900048979745,0.0,0.2777937,0.42879794789693176,0.01186706046857256
Kepler-843 b,2.59,,0.41379310344827586,890.333,5830.0,0.0,1523.0,0.0,0.0,0.0,30.114187470357702,0.0,0.34385312,0.4139815413529346,0.011864235966200655
GJ 667 C c,1.77,,0.6842105263157895,0.8774,3350.0,0.02,,0.8180216471231399,0.8032662459314275,0.020943527274668396,15.892717355660912,0.9688613900625693,1.2678992,0.20828891045900907,0.011863205481492604
Kepler-1564 b,1.47,,0.8656987295825771,41.514,5528.0,0.0,635.0,0.0,0.0,0.0,11.51880413793599,0.0,0.37019622,0.4080439887714629,0.011862392568375658
Kepler-1934 b,0.91307734,,0.9201451905626136,1835.6,5925.0,0.0,1700.0,0.0,0.0,0.0,2.9340510413008283,0.0,1.0425198,0.2583456028593625,0.011860677448404976
K2-222 b,2.275,7.5,0.6753428312159709,95.0,5942.0,0.021,803.0,0.3894597834616213,0.011692913858220178,0.09018539295825745,33.30865578061791,0.0,0.19337648,0.44730768055501297,0.011860213783759347
Kepler-149 c,1.61,,0.7695099818511797,10.084,5381.0,0.0,436.0,0.0,0.0,0.0,13.451802895897226,2.8685931418111635e-114,0.3572179,0.41076321647497394,0.011858222373221327
TOI-521 b,1.98,5.3,0.6896551724137931,66.0,3544.0,0.0,794.0,0.0,0.0,0.0,22.424159707111894,0.0,0.7470328,0.3235776136977546,0.011847610249297839
TOI-122 b,2.72,,0.3883847549909256,8.8,3403.0,0.0,471.0,0.0,0.0,0.0,32.73840341228933,4.632325565782962e-81,0.76882714,0.3186787474963887,0.011846416351984093
Kepler-1641 b,3.11,,0.3266787658802178,82.828,6152.0,0.0,908.0,0.0,0.0,0.0,41.16145164190952,0.0,0.15966472,0.4541697798164973,0.01184442057953146
Kepler-1027 b,0.89,,0.9056261343012705,1162.51,5436.0,0.0,1268.0,0.0,0.0,0.0,2.67428430798031,0.0,0.9350731,0.28134250299699637,0.011838097738397377
Kepler-480 b,2.78,,0.37749546279491836,764.078,6322.0,0.0,1312.0,0.0,0.0,0.0,33.97306524407332,0.0,0.40660802,0.3989321846412337,0.011837537477518272
Kepler-518 b,2.11,,0.5408348457350273,133.317,5842.0,0.0,839.0,0.0,0.0,0.0,21.281421841846257,0.0,0.20659995,0.44331859928576944,0.011834423091325107
Kepler-1958 b,2.05124311,,0.5607985480943739,99.6,5749.0,0.0,806.0,0.0,0.0,0.0,20.274347956583842,0.0,0.193892,0.44614272004115474,0.011834322165498156
Kepler-981 b,2.31,,0.4809437386569873,337.471,5718.0,0.0,1103.0,0.0,0.0,0.0,24.83240736571559,0.0,0.23539928,0.43689158536678596,0.011833989426276814
TOI-1798.02,1.464,5.6,2.0272232304900184,3345.44,5165.0,0.0,1935.83,0.0,0.0,0.0,26.644858224625818,0.0,1.2297056,0.21540279064728607,0.011829028991852213
Kepler-1866 b,2.08215108,,0.5517241379310345,114.36,5791.0,0.0,834.0,0.0,0.0,0.0,20.861585382414532,0.0,0.20060702,0.44434619456847413,0.011826875175797993
Kepler-449 b,2.056,,0.5607985480943739,167.41,5649.18,0.03,917.0,0.33060311645376544,0.005885973917709631,0.08236309237590028,20.41572564474277,0.0,0.1808681,0.44812697793681544,0.011811782279020973
Kepler-1236 b,2.14,,0.5317604355716878,13.571,5337.0,0.0,480.0,0.0,0.0,0.0,21.829608694312096,2.5247496425767217e-233,0.18120813,0.44704796114448414,0.01178704658895591
rho CrB e,1.75,,0.6896551724137931,151.5473,5817.0,0.082,1004.88,0.30467060542120405,0.005892823133524474,0.08684618261472077,15.482274140535905,0.0,0.25438336,0.4306863988941938,0.011785171168855111
Kepler-1133 b,1.97,,0.5916515426497277,55.758,5569.0,0.0,703.0,0.0,0.0,0.0,18.94755991323829,0.0,0.18464865,0.4461369284424715,0.011783463688608357
Kepler-982 b,2.25,,0.4972776769509982,185.203,6139.0,0.0,955.0,0.0,0.0,0.0,23.726579181183713,0.0,0.25440958,0.43052916353700493,0.011781438682322284
Kepler-864 b,2.4,,0.4573502722323049,464.765,5754.0,0.0,1143.0,0.0,0.0,0.0,26.483249762837925,0.0,0.26359612,0.42844730551613486,0.011780517932604383
Kepler-185 c,2.02,,0.573502722323049,16.029,5208.0,0.0,530.0,0.0,0.0,0.0,19.800593202511692,0.0,0.20266406,0.4417934355599118,0.011775227561068424
Kepler-1801 c,2.91,,0.35571687840290384,4.47,5738.0,0.0,371.0,0.0,0.0,0.0,36.71741082369577,2.4850546604079802e-11,0.2225929,0.4371462449710901,0.011770002722498604
G 192-15 b,1.02,,0.9673321234119783,7.06,2999.0,0.0,453.6,0.0,0.0,0.0,4.299963159921289,2.964799502584223e-45,1.5751381,0.13565936878311458,0.011758378064832709
Kepler-1826 b,1.47519116,,0.8638838475499092,99.32,3821.0,0.0,806.0,0.0,0.0,0.0,11.616862978660585,0.0,0.775025,0.31368830041297274,0.011757391037096889
TOI-2992 b,13.75341932,1058.36859531,0.4047186932849365,1484.0,6000.0,0.089,1726.0,0.12667427940819823,0.00035067986759288876,0.09173478655765684,4410.358835192642,0.0,0.7483948,0.31954299368757483,0.011755616344570535
TOI-178 g,2.939,4.4,0.1741141560798548,19.4978,4316.0,0.00043,470.0,0.22907724238004176,0.028589295900696678,0.04674894480952028,18.514903366455524,0.0,0.3992576,0.39711977928284137,0.011752525881859426
Lupus-TR-3 b,9.976,257.431,0.2540834845735027,15.9599,5000.0,0.0,1013.56,0.0,0.0,0.0,1056.6578104503021,0.0,0.35923928,0.405891180214952,0.01174920108803426
Kepler-1774 b,3.18179549,,0.31578947368421056,16.4,6214.0,0.0,522.0,0.0,0.0,0.0,42.609167055289475,0.0,0.19003054,0.44312973859038646,0.011738855410212691
L 98-59 f,1.48,,0.9074410163339384,1.1,3415.0,0.044,285.0,0.7853468457898258,0.778262538258803,0.022679916653308374,12.322310867109694,0.9637592802272072,1.3033924,0.1948961837762236,0.01172777152246839
Kepler-595 b,3.708,17.4,0.22323049001814882,17.382,5138.5,0.0,535.0,0.0,0.0,0.0,47.67177232797833,0.0,0.1508086,0.4508873943520026,0.011714907833781554
Kepler-1393 b,0.8,,0.8511796733212342,574.37,5697.0,0.0,1249.0,0.0,0.0,0.0,1.8254914959980884,0.0,0.8967231,0.28483185853833554,0.011713706416143445
HD 137496 b,1.31,4.04,1.9038112522686026,3114.3366,5799.0,0.0,2130.0,0.0,0.0,0.0,17.927774694594547,0.0,1.2401013,0.20828886248850434,0.011710685326105221
K2-3 b,2.078,5.11,0.5644283121597096,10.5,3844.0,0.107,501.3,0.44571811865558353,0.09400915447660019,0.034140086552327975,21.214560020404576,3.009412575543513e-126,0.54700404,0.3625273453072813,0.011710349992228477
KOI-1599.02,1.9,9.0,1.308529945553539,76.81,5833.0,0.0114,755.0,0.4156210156509266,0.014975510341433204,0.08727360153869752,37.595258734207114,0.0,0.43485147,0.38730007503921016,0.011705730881991587
Kepler-439 b,2.24,,0.5009074410163339,1.83,5431.0,0.03,291.0,0.7260840988418937,0.5486227495710632,0.07653470107387383,23.582516529555242,0.9778747462857434,0.35590085,0.40473760104298107,0.01170244449516141
K2-124 b,2.9,,0.3575317604355717,8.7,3570.0,0.08,442.0,0.4299555456704142,0.10798182251879852,0.026820537479293208,36.525589197810255,1.0273993039985413e-78,0.6118161,0.3471297658687489,0.011686353583261087
Kepler-566 b,2.15,,0.5281306715063522,16.879,5132.0,0.0,526.0,0.0,0.0,0.0,21.985957250063045,0.0,0.17924073,0.443021996383857,0.011676998580144355
Kepler-1331 b,1.05,,1.0,547.294,4508.0,0.0,1244.0,0.0,0.0,0.0,4.849048260815846,0.0,0.87754345,0.2871563114485279,0.011665778534148956
Kepler-1286 b,2.15,,0.5281306715063522,151.77,5753.0,0.0,888.0,0.0,0.0,0.0,21.985957250063045,0.0,0.19692779,0.4385591526115233,0.011664018411664276
Kepler-407 b,1.19,1.93,1.066529764065336,4102.008,5487.0,0.0,1983.0,0.0,0.0,0.0,7.5283963152177655,0.0,1.066395,0.2449504482377337,0.011661438793311243
TOI-5800 b,2.46,9.5,0.6279491833030854,274.163,4850.0,0.3,1108.0,0.1989872362150817,0.00229709717644487,0.06101405139711709,39.157813224762855,0.0,0.64165246,0.3394588216559028,0.011660942920152937
Kepler-962 b,1.97,,0.5916515426497277,53.823,5478.0,0.0,689.0,0.0,0.0,0.0,18.94755991323829,0.0,0.18163075,0.44173627952722716,0.011658414685175068
TOI-2384 b,11.48920522,624.850648162,0.4101633393829401,104.3,3943.0,0.0,889.7,0.0,0.0,0.0,2605.6459853447914,0.0,0.6873801,0.3289604969713633,0.01165301855252095
Kepler-732 b,2.18,,0.5190562613430127,8.559,3631.0,0.0,407.0,0.0,0.0,0.0,22.525400652961082,1.8014985946714997e-75,0.69630796,0.3266693977189785,0.011645520089523501
Kepler-342 b,2.25,,0.4972776769509982,160.261,6175.0,0.0,905.0,0.0,0.0,0.0,23.726579181183713,0.0,0.25224814,0.4251522321411164,0.01163702016470207
WASP-23 b,10.783,280.95,0.21234119782214156,317.4314,5150.0,0.062,1076.55,0.1717351441774051,0.001902146175217623,0.0690281562216005,1115.17156682132,0.0,0.43703285,0.38401514952091115,0.011636715173313357
Kepler-244 c,2.05,,0.5626134301270418,81.574,5554.0,0.0,791.0,0.0,0.0,0.0,20.303003404778963,0.0,0.17415643,0.4424165639152503,0.011634176513014313
Kepler-758 b,2.48,,0.43920145190562615,349.193,6228.0,0.0,1005.0,0.0,0.0,0.0,28.06127623040837,0.0,0.30366915,0.4134554664805867,0.011630788419666308
GJ 436 b,4.17,22.1,0.3266787658802178,29.4322,3586.11,0.13827,686.0,0.290443345417887,0.02619300533822503,0.02725089490836833,99.22421699891608,0.0,0.5598577,0.35643924428397483,0.011630782402628515
Kepler-1109 b,2.19,,0.515426497277677,11.382,5893.0,0.0,787.0,0.0,0.0,0.0,22.677109389951777,1.2027323263363182e-153,0.2152636,0.43285594889532686,0.011624018807560406
Kepler-1768 b,2.23346338,,0.5027223230490019,179.16,6050.0,0.0,933.0,0.0,0.0,0.0,23.461365640788067,0.0,0.2366653,0.4279887068083875,0.011621450051759769
TOI-431 b,1.28,3.07,1.4519056261343013,2120.4475,4850.0,0.0,1862.0,0.0,0.0,0.0,12.754308175024596,0.0,1.0619043,0.24431388264449228,0.011621105793055444
Wolf 1061 b,1.21,,1.074410163339383,7.34,3342.0,0.15,461.1,0.49830804666163686,0.1383750620645565,0.020729817812683037,7.9728726669275805,2.7443059594141156e-50,1.266541,0.198674824093532,0.01161873421593904
Kepler-103 b,3.4857,11.67,0.27586206896551724,150.536,6047.0,0.171,973.0,0.213394959392756,0.004297802306568855,0.09299032964682227,48.938495930731236,0.0,0.19843733,0.4361201501128571,0.011612171351478531
Kepler-116 c,2.3,,0.4827586206896552,208.982,6142.0,0.0,964.0,0.0,0.0,0.0,24.6037981345829,0.0,0.25698355,0.42305786420776004,0.011611368932051775
Kepler-213 c,2.34,,0.47368421052631576,339.536,5696.0,0.0,1060.0,0.0,0.0,0.0,25.422900048979745,0.0,0.23029026,0.4288350756853414,0.011607337952106821
GJ 480 b,2.91,,0.35571687840290384,5.929,3509.0,0.0,406.0,0.0,0.0,0.0,36.71741082369577,1.5024425393748848e-27,0.73325336,0.3165406940421149,0.011598522879239556
Kepler-838 b,2.73,,0.38656987295825773,61.089,5770.0,0.0,777.0,0.0,0.0,0.0,32.94614117139229,0.0,0.09913917,0.4576657045473447,0.011598520230862174
Kepler-655 b,2.71,,0.39019963702359345,28.767,6170.0,0.0,588.0,0.0,0.0,0.0,32.529946047917385,0.0,0.16810696,0.4416939774918186,0.011583170593662505
Kepler-1601 b,0.82,,0.8620689655172414,999.752,5869.0,0.0,1507.0,0.0,0.0,0.0,1.9910042048557433,0.0,0.99203193,0.2582280803663037,0.011580767074806495
Kepler-1398 b,0.9,,0.911070780399274,1249.488,6126.0,0.0,1510.0,0.0,0.0,0.0,2.7820712990258043,0.0,1.0155284,0.2527063137905469,0.011573555908923117
Kepler-326 d,1.21,6.9,3.8838475499092557,180.644,5105.0,0.0,781.0,0.0,0.0,0.0,28.82085727571794,0.0,1.3532526,0.17752863087919732,0.011573172451212754
EPIC 220674823 b,1.606,7.54,1.9391716878402905,4467.0,5578.0,0.0,2324.0,0.0,0.0,0.0,33.6466239185978,0.0,1.2247181,0.20576449727388127,0.011564047869203573
GJ 581 b,4.79,20.5,0.18511796733212343,7.7669,3500.0,0.0342,464.32,0.4141760133144553,0.11728720296933473,0.02495057968691101,85.2204302452702,1.6748051391441585e-58,0.7795743,0.30481394459000977,0.011563568950019538
Kepler-593 b,2.87,,0.3629764065335753,61.02,5967.0,0.0,706.0,0.0,0.0,0.0,35.9428653823958,0.0,0.11992325,0.45147494775523433,0.011559933777904817
Kepler-579 b,2.0,,0.5807622504537205,60.609,5636.0,0.0,730.0,0.0,0.0,0.0,19.46152980808196,0.0,0.18227537,0.43740140792210547,0.011555082517176992
Kepler-937 c,2.67,,0.3992740471869329,6.93,6095.0,0.0,377.0,0.0,0.0,0.0,31.83416591062733,5.899374279340511e-43,0.23830524,0.4248517555396224,0.011553111715584046
Kepler-1176 b,2.45,,0.4446460980036298,26.087,5844.0,0.0,595.0,0.0,0.0,0.0,27.39058752420916,0.0,0.13318129,0.44809863028729796,0.011549439397049851
11 UMi b,12.3,,2.50453720508167,114.8502,4213.0,0.08,896.43,0.21232868709126623,0.006081548785058447,0.04399743548645586,19522.320177085534,0.0,1.1693679,0.2173315292428325,0.011545522991175684
Kepler-598 c,3.02420941,,0.33938294010889297,3.7,5245.0,0.0,367.0,0.0,0.0,0.0,39.32006238118018,9.412369560097055e-06,0.23442864,0.42513723945273735,0.011538880068225238
Kepler-1807 b,2.70393215,,0.3920145190562614,356.24,6455.0,0.0,1108.0,0.0,0.0,0.0,32.46221355457871,0.0,0.35198683,0.39891480690572245,0.011537418068612802
Kepler-24 c,2.514,9.99,0.6204068965517242,144.827,6028.0,0.014,915.0,0.3511118171607619,0.007229339325348193,0.09248276967461064,41.29153673770689,0.0,0.20031318,0.432577503451625,0.011535125518389948
Kepler-1475 b,2.92,,0.35390199637023595,13.76,6214.0,0.0,441.0,0.0,0.0,0.0,36.90797146408427,5.5740909378314726e-241,0.20108902,0.4321551207639802,0.011528969219323133
Kepler-1322 c,2.15492527,,0.5263157894736842,144.06,5704.0,0.0,883.0,0.0,0.0,0.0,22.061327934698813,0.0,0.1882841,0.4344561660059238,0.011515440661617561
Kepler-399 d,1.89,,0.6243194192377496,5.57,5502.0,0.0,486.0,0.0,0.0,0.0,17.65553432529008,7.034004013115564e-23,0.3131142,0.4066289445974797,0.011514314172087836
TOI-654.01,2.378,8.71,0.6515426497277677,65.0,3521.0,0.0,794.0,0.0,0.0,0.0,36.70007990999873,0.0,0.7018646,0.3201078663370034,0.011514244236724716
HD 164922 d,1.83,,0.6515426497277677,66.9243,5390.0,0.12,787.68,0.32929910384021027,0.013416665215688036,0.07543944008119716,16.725716383590022,0.0,0.18597117,0.43476261573174046,0.011510305293219317
TOI-1411 b,1.19880592,2.0,1.1542649727767695,266.85,4115.0,0.0,976.4,0.0,0.0,0.0,8.329918703503361,0.0,0.9071642,0.2737641537213154,0.011498138100324164
Kepler-787 b,1.28,,1.0362976406533575,493.553,4248.0,0.0,1115.0,0.0,0.0,0.0,9.103387459923805,0.0,0.85052335,0.2862654653422836,0.011495564554303376
Kepler-1075 b,1.42,,0.9056261343012705,143.968,3959.0,0.0,818.0,0.0,0.0,0.0,10.861819693672095,0.0,0.76010144,0.3061049700682976,0.011488555241682505
Kepler-617 b,1.32,,0.9981851179673321,100.295,3712.0,0.0,750.0,0.0,0.0,0.0,9.61659870480432,0.0,0.92564917,0.26916458432764473,0.011486164871115825
TOI-4602.01,2.45,5.53,0.39564428312159716,664.0,5966.0,0.0,1344.0,0.0,0.0,0.0,24.37203298072489,0.0,0.33058873,0.40150391091544874,0.011483842798336554
Kepler-1409 b,1.04,,0.9927404718693285,1552.133,5160.0,0.0,1733.0,0.0,0.0,0.0,4.677613720126153,0.0,0.92641556,0.268861339082243,0.011482893786041632
Kepler-106 b,0.82,5.3,2.2948045544546805,277.216,5858.0,0.0,1021.0,0.0,0.0,0.0,5.3,0.0,1.2605251,0.19446165384987008,0.011481858051197117
Kepler-717 b,2.42,,0.4537205081669692,398.0,5485.0,0.0,1139.0,0.0,0.0,0.0,26.935380631512096,0.0,0.2277576,0.42400339059022557,0.011474324771504393
Kepler-991 b,2.54,,0.4246823956442831,1.371,4392.0,0.0,260.0,0.0,0.0,0.0,29.151037606909984,0.981853933187158,0.5657604,0.3487592255194626,0.0114738306072185
Kepler-1712 b,2.28372556,,0.4882032667876588,5.52,3732.0,0.0,391.0,0.0,0.0,0.0,24.356844775034283,2.9257462836652204e-22,0.6684779,0.3258703803825816,0.011473125956570799
HD 108236 c,2.071,,0.5553539019963702,162.1675,5660.0,0.034,932.0,0.3266106873061456,0.00598745039554797,0.08265213442323677,20.663254922233378,0.0,0.1730484,0.4359689707954873,0.011469142401577714
LHS 1678 b,0.685,0.35,1.088929219600726,94.3,3490.0,0.033,830.44,0.3832522389654392,0.011514153813576063,0.02468344285943193,1.4660877848613572,0.0,1.4610441,0.14929688666052826,0.011468586849036887
Kepler-870 b,2.78,,0.37749546279491836,54.869,5857.0,0.0,691.0,0.0,0.0,0.0,33.97306524407332,0.0,0.10555303,0.4509072878237748,0.011467093764173925
WASP-46 b,13.159366,607.0553,0.2662431941923775,1281.2408,5600.0,0.0,1636.0,0.0,0.0,0.0,2541.3941302911335,0.0,0.73399234,0.3109707829628738,0.011465260510579122
HD 18599 b,2.6,24.1,1.3611615245009074,145.0,5145.0,0.34,863.0,0.22437018511898887,0.0046415292916804655,0.06889458780786878,100.21167419145954,0.0,0.9435042,0.2641470175774125,0.011460430940804133
Kepler-1082 b,1.12,,1.0362976406533575,2949.557,5923.0,0.0,1827.0,0.0,0.0,0.0,6.098558396003643,0.0,1.0522293,0.2398240232940272,0.011457331798444315
L 168-9 b,1.63,4.07,0.9401088929219601,149.3748,3842.0,0.0,998.0,0.0,0.0,0.0,17.05413055814549,0.0,0.76941824,0.3026806858396448,0.01145525365032796
Kepler-969 b,2.07,,0.5553539019963702,10.166,5214.0,0.0,465.0,0.0,0.0,0.0,20.633337086744156,1.4054578780572315e-116,0.22053488,0.4246673252998709,0.011451063919930664
Kepler-194 d,2.4,,0.4573502722323049,12.863,6089.0,0.0,562.0,0.0,0.0,0.0,26.483249762837925,9.908270371707745e-206,0.21093026,0.4267964227272952,0.011450855547458358
TOI-1444 b,1.41792246,3.58,1.2413793103448276,5028.6263,5460.0,0.0,2130.02,0.0,0.0,0.0,14.823493171319884,0.0,1.0853783,0.2318294835704398,0.011442118652642021
Kepler-1666 c,3.23564749,,0.308529945553539,26.34,6293.0,0.0,578.0,0.0,0.0,0.0,43.77937273710687,0.0,0.19209422,0.43042191109266376,0.011436887873994491
Kepler-926 b,2.31,,0.4809437386569873,17.883,5806.0,0.0,524.0,0.0,0.0,0.0,24.83240736571559,0.0,0.1593808,0.43739135149159364,0.01142921856046623
GJ 3634 b,2.83,8.4,0.37023593466424687,24.2793,3517.0,0.08,656.45,0.35745096142088734,0.03730907545384723,0.025404712293633676,35.15009348862319,0.0,0.5850562,0.34236916486163027,0.01142216495855877
Kepler-1427 b,1.1,,1.0272232304900182,2730.51,5793.0,0.0,1844.0,0.0,0.0,0.0,5.727056888593483,0.0,1.0259818,0.2442026726489535,0.011421267368036907
Kepler-308 b,2.12,,0.5372050816696915,108.64,5895.0,0.0,833.0,0.0,0.0,0.0,21.440568881959855,0.0,0.20114431,0.4276541496595807,0.011418308592814588
TOI-561 b,1.397,2.02,0.7441016333938294,4709.0,5342.0,0.0,2319.0,0.0,0.0,0.0,8.497870049394681,0.0,0.915926,0.26832642125831335,0.011412152871143808
Kepler-1200 b,1.06,,1.0054446460980038,544.534,4612.0,0.0,1174.0,0.0,0.0,0.0,5.016079037417973,0.0,0.8456764,0.2836901539562259,0.011405481090565231
Kepler-312 b,1.29,,1.0272232304900182,4124.022,6115.0,0.0,1685.0,0.0,0.0,0.0,9.2368219572636,0.0,1.0838753,0.2305862997954703,0.011403223631340349
Kepler-254 c,2.15,3.2,0.32123411978221417,67.225,5957.0,0.0,787.0,0.0,0.0,0.0,13.372901832512571,0.0,0.18432882,0.43061810559154134,0.011399118228231125
Kepler-1089 b,1.83,,0.6533575317604357,26.266,3753.0,0.0,584.0,0.0,0.0,0.0,16.772306122820083,0.0,0.65237,0.32627731586253056,0.011394778787583047
Kepler-171 b,2.34,,0.47368421052631576,304.178,5642.0,0.0,1053.0,0.0,0.0,0.0,25.422900048979745,0.0,0.21511391,0.42349752029755056,0.011392481025980528
Kepler-374 b,1.03,,0.985480943738657,2014.661,5977.0,0.0,1761.0,0.0,0.0,0.0,4.510747469472506,0.0,1.0141943,0.2455961562475733,0.011390946154910462
TOI-2485 b,12.1393261,766.602117684,0.4283121597096189,275.6,6016.4,0.0341,1134.0,0.2117011831150317,0.002706839561678046,0.0921728909547282,3209.4657662708864,0.0,0.46582025,0.3675997116543775,0.011389968241635209
Kepler-1797 b,3.05774442,,0.3339382940108893,51.68,6244.0,0.0,684.0,0.0,0.0,0.0,39.99064238195905,0.0,0.1717889,0.43303287969168547,0.011389847435281592
GJ 3473 b,1.264,1.86,0.912885662431942,59.4,3347.0,0.0,773.0,0.0,0.0,0.0,7.722291963373764,0.0,1.1146233,0.22314187392414755,0.011388399534245452
TOI-4495 b,2.483,7.7,0.49183303085299457,1001.28,6210.0,0.078,1735.0,0.19139934254786764,0.0006728550101770915,0.09734465993480008,31.53816783378206,0.0,0.3940427,0.38325147601405335,0.011382013403340089
Pr0211 b,13.4,,0.24682395644283125,457.3078,5300.0,0.011,1304.13,0.1787260950921789,0.0014439690936828178,0.07303520863384583,2487.655938108966,0.0,0.58960813,0.33968709119845214,0.011381017943790556
Kepler-225 c,1.84,,0.6460980036297641,9.903,3682.0,0.0,412.0,0.0,0.0,0.0,16.859336442055245,3.0704405574504717e-109,0.73630667,0.30686771628004506,0.011376804352434117
Kepler-919 b,2.25,,0.4972776769509982,153.915,6113.0,0.0,869.0,0.0,0.0,0.0,23.726579181183713,0.0,0.23614788,0.41780433458228605,0.011367532528028688
HD 108236 f,2.017,,0.573502722323049,22.9084,5660.0,0.051,609.59,0.4560970426895319,0.048501073474224915,0.08265213442323587,19.71250369337862,0.0,0.14199355,0.43863006739602406,0.011364358174346135
Kepler-507 b,1.3,,2.6911952813067153,877.327,6113.0,0.0,1407.0,0.0,0.0,0.0,24.766456796410317,0.0,1.2741133,0.18665557671799574,0.011363966920211736
Kepler-994 b,1.6,,0.7767695099818512,243.984,3934.0,0.0,957.0,0.0,0.0,0.0,13.327255612574529,0.0,0.7186575,0.3102346538092389,0.011362974462553804
Kepler-203 b,2.57,,0.4192377495462795,668.215,5821.0,0.0,1308.0,0.0,0.0,0.0,29.809065432440704,0.0,0.30206913,0.40258823788867776,0.01135409611767389
Kepler-897 b,2.39,,0.46098003629764067,354.221,5839.0,0.0,855.0,0.0,0.0,0.0,26.36115470829266,0.0,0.24336842,0.4154707807995039,0.011349619594756279
alf Tau b,12.7,,1.0018148820326678,220.442,4055.0,0.1,1086.77,0.1988562234750702,0.0031835252087398223,0.039776673612221564,8595.818781524737,0.0,0.8416197,0.28223261898029434,0.01134728938358948
Kepler-127 c,2.66,,0.4010889292196007,61.688,6106.0,0.03,698.0,0.3700792943916284,0.016509225886513667,0.0945664369289739,31.62089761807604,0.0,0.12238294,0.4421465055461971,0.011343452191701015
WASP-140 b,14.23540549,775.5052,0.28642014519056264,491.326,5300.0,0.047,1270.0,0.16413873913264876,0.0012500239553237052,0.07303520863384676,3461.0007783501624,0.0,0.5814757,0.33988804130024813,0.011341351670844844
Kepler-1679 b,2.0692036,,0.5553539019963702,103.3,5501.0,0.0,813.0,0.0,0.0,0.0,20.609531190566276,0.0,0.17700452,0.4298005667003788,0.011338776715725281
Kepler-1561 b,1.09,,1.0163339382940109,2364.807,5957.0,0.0,1682.0,0.0,0.0,0.0,5.513209950025439,0.0,1.0198591,0.2420158354431895,0.011333760802114132
Kepler-756 b,1.12,,1.0362976406533575,2174.33,5282.0,0.0,1741.0,0.0,0.0,0.0,6.098558396003643,0.0,0.9547221,0.25648452569890867,0.011333074211019478
Kepler-68 b,2.357,8.03,0.6116152450090745,441.0,5847.0,0.09,1275.0,0.22950174187386344,0.0017027248797006277,0.08764759309716952,33.546379745890114,0.0,0.25253803,0.4125356008391976,0.01132756871432321
K2-72 b,1.08,,1.012704174228675,8.5,3360.47,0.11,466.13,0.5226487256917766,0.12817151732151044,0.02122321953304406,5.343705012414057,3.668690510024907e-74,1.2486856,0.19071595037103953,0.01132455422046843
HD 80653 b,1.621,5.61,1.3139745916515428,6130.0,5959.0,0.0,2438.0,0.0,0.0,0.0,23.443617190279127,0.0,1.1441492,0.2138794015683528,0.011322048540664972
Kepler-1377 b,1.25,,1.0725952813067152,2909.21,5218.0,0.0,1873.0,0.0,0.0,0.0,8.775149625073578,0.0,0.97407454,0.2515597091845006,0.01131784207973581
Kepler-908 b,1.22,,1.087114337568058,3304.101,5973.0,0.0,1783.0,0.0,0.0,0.0,8.268815940386196,0.0,1.055206,0.23332268266775413,0.011313384211012384
WASP-50 b,13.069694,466.828704,0.24047186932849365,690.3398,5400.0,0.009,1394.84,0.16091555716474545,0.0008895768348937381,0.07570657690867542,2248.791274412063,0.0,0.63389546,0.3267911715581343,0.011306082593449996
TOI-1694 b,5.27,28.24,0.19274047186932852,195.2882,5005.0,0.122,1037.0,0.18799397842362986,0.003071450301002948,0.06515467222309688,118.16622806966367,0.0,0.22221875,0.41788594273786506,0.011293119179398164
HATS-36 b,12.92,1022.14128,0.38475499092558985,561.0,5950.0,0.105,1203.0,0.15035332774703686,0.0010078019960836997,0.09039910242024105,3475.845086816385,0.0,0.5578313,0.3430702894174901,0.011290074723421792
DMPP-1 d,2.02,,0.5716878402903811,1045.9594,6196.0,0.36,1632.0,0.15109601076484733,0.0005048056165306146,0.0969706683763251,19.737933097440454,0.0,1.1487234,0.211461888577159,0.01128754606475122
Kepler-691 b,2.09,,0.5480943738656987,12.995,3715.0,0.0,460.0,0.0,0.0,0.0,20.959591388792457,9.586997363022612e-211,0.6375002,0.32483373816756,0.011277603597815392
WASP-164 b,12.643752,676.9779,0.35571687840290384,1043.2122,5806.0,0.0,1610.0,0.0,0.0,0.0,3011.7643497468507,0.0,0.66619587,0.3184144875638969,0.011276792635530117
EPIC 201757695.02,0.90819,,0.9165154264972777,494.202,4520.0,0.0,1025.29,0.0,0.0,0.0,2.8757990466830474,0.0,0.9250289,0.2607733173824902,0.011275889106771263
GJ 3998 c,2.5,,0.4355716878402904,5.4,3726.0,0.0,423.49,0.0,0.0,0.0,28.50810030480756,8.131074689981983e-21,0.6487883,0.3217701558492589,0.01126401042606533
K2-131 b,1.69,7.9,1.5970961887477315,4070.0,5120.0,0.0,2223.0,0.0,0.0,0.0,32.290873735800034,0.0,1.0904644,0.2233377321979967,0.011260674814403564
Kepler-1684 b,2.87084792,,0.3629764065335753,3.42,4706.54,0.0,347.0,0.0,0.0,0.0,35.974731946235785,0.0003095494045421219,0.32145151,0.39447826479774484,0.011260503866843562
Kepler-104 b,3.1,19.6,0.7377219600725953,119.907,5711.0,0.0,852.0,0.0,0.0,0.0,92.05903163951368,0.0,0.1670445,0.428720691004303,0.011257506440291564
Kepler-1312 c,1.02732734,,0.9836660617059891,1770.2,5721.0,0.0,1659.0,0.0,0.0,0.0,4.467482244191236,0.0,0.9584524,0.25249040895489466,0.011255073125087386
TOI-270 c,2.33,6.2,0.49001814882032674,47.0639,3506.0,0.0044,489.0,0.3490043733604079,0.020037155137277746,0.025110861783403066,25.96381689494258,0.0,0.67006123,0.3165758641941538,0.01125267251607473
Kepler-1597 b,1.06,,1.0054446460980038,1431.311,6377.0,0.0,1497.0,0.0,0.0,0.0,5.016079037417973,0.0,1.0302614,0.23639138192415404,0.011252173974608797
Kepler-267 b,1.98,37.9,4.86388384754991,45.843,4258.0,0.0,615.0,0.0,0.0,0.0,158.1493368817365,0.0,1.4840984,0.13532302498049942,0.011250576793569037
Kepler-1350 c,1.73,,0.7005444646098004,94.054,3827.0,0.0,730.0,0.0,0.0,0.0,15.193667726976054,0.0,0.6559725,0.3195505988106294,0.011248708706053368
TrES-5 b,13.383546,568.9157,0.23774954627949185,442.993,5171.0,0.0,1480.0,0.0,0.0,0.0,2387.3818838009133,0.0,0.6133113,0.32901590629903565,0.011247990330249974
Kepler-1763 b,1.14651332,,1.0526315789473684,2597.27,5897.0,0.0,1822.0,0.0,0.0,0.0,6.645112196268169,0.0,1.0136292,0.23965119620617448,0.011241283158679054
EPIC 201595106 b,1.565,7.67,2.014519056261343,2852.0,5679.0,0.0,2038.0,0.0,0.0,0.0,32.34469162213915,0.0,1.1687033,0.20493307663884447,0.011236213662816207
81 Cet b,13.1,,0.4664246823956443,13.0071,4734.0,0.037,526.92,0.3729734322919754,0.07417986013069316,0.05791526419831206,4392.2193484373665,3.388722415349545e-211,0.48233375,0.3575785519148144,0.011233518118391928
Kepler-1284 b,1.21,,1.0816696914700545,2190.082,5123.0,0.0,1703.0,0.0,0.0,0.0,8.026743428190604,0.0,0.93978673,0.2557213158640026,0.011232312401577134
Kepler-261 c,2.0,,0.5807622504537205,14.512,5098.0,0.0,505.0,0.0,0.0,0.0,19.46152980808196,1.0788729699805573e-272,0.22189939,0.4154465119258056,0.011231226908363508
Kepler-1744 b,3.76754004,,0.2540834845735027,21.0,5986.0,0.0,532.0,0.0,0.0,0.0,56.9165641924315,0.0,0.15246537,0.4308714077817042,0.01123053725185495
Kepler-613 b,2.29,,0.48638838475499097,66.269,5723.0,0.0,713.0,0.0,0.0,0.0,24.466860820351094,0.0,0.13659346,0.4343077743673368,0.011228170432751
Kepler-1103 b,2.27,,0.49183303085299457,160.282,6092.0,0.0,736.0,0.0,0.0,0.0,24.098159408961518,0.0,0.23153579,0.41297782790196197,0.011223237729003133
TOI-1201 b,2.415,6.28,0.4446460980036298,40.6,3476.0,0.0,703.0,0.0,0.0,0.0,26.233395093266548,0.0,0.6809627,0.31293718903020645,0.011222780300815301
GJ 536 b,2.41,,0.4537205081669692,9.9,3641.0,0.0,451.0,0.0,0.0,0.0,26.602848845776688,3.749820678367995e-109,0.64637727,0.3205553432206444,0.011220832738014625
TOI-1801 b,2.079,5.738,0.6716878402903812,10.7276,3863.0,0.0,493.7,0.0,0.0,0.0,25.282473665099726,4.6827355253473095e-133,0.60457504,0.3298579013171422,0.011220815004886569
Kepler-336 b,1.02,,0.9782214156079855,1652.5,5867.0,0.0,1625.0,0.0,0.0,0.0,4.348367998494511,0.0,0.96325433,0.24993620317669063,0.011218450085392885
TOI-3364 b,12.22899794,530.77343969,0.29038112522686027,425.0,5706.0,0.0,1264.0,0.0,0.0,0.0,2224.4856506899887,0.0,0.5280655,0.34677615058335015,0.011218120064844506
Kepler-1224 b,1.33,,0.987295825771325,132.663,6155.0,0.0,872.0,0.0,0.0,0.0,9.729506959408015,0.0,0.56555235,0.33801420341400346,0.011207788646229726
Kepler-1828 b,2.11598626,,0.5408348457350273,96.27,5806.0,0.0,799.0,0.0,0.0,0.0,21.463068145730443,0.0,0.18575957,0.422174694702767,0.01119881011246659
Kepler-618 b,2.6,,0.411978221415608,677.569,5860.0,0.0,1296.0,0.0,0.0,0.0,30.330733388615087,0.0,0.30660763,0.3952116509034981,0.011197140120744329
HD 208527 b,12.5,,1.6061705989110708,165.4934,4035.0,0.08,959.79,0.20784980278300813,0.004300308582628881,0.039242399957256965,13140.452484247235,0.0,1.0117519,0.2380661645241933,0.011191906414607638
Qatar-9 b,11.309881,378.2177,0.2595281306715064,210.669,4309.0,0.0,1134.0,0.0,0.0,0.0,1572.7045893698541,0.0,0.61304027,0.326569513034288,0.011186191489227408
Kepler-903 b,2.01,,0.5771324863883848,274.845,5682.0,0.0,842.0,0.0,0.0,0.0,19.63144658511358,0.0,0.26647076,0.4036712443171797,0.011185477703020393
Kepler-974 b,1.57,,0.7967332123411978,28.511,3687.0,0.0,577.0,0.0,0.0,0.0,12.915180730626957,0.0,0.78377163,0.28848321776734887,0.011183991822140943
Kepler-1535 b,2.55,,0.4228675136116153,5.384,6021.0,0.0,384.0,0.0,0.0,0.0,29.370644238439844,1.2557337459021519e-20,0.25845963,0.4051743982821828,0.011178580644017328
GJ 9827 b,1.44,4.28,1.4261343012704175,318.0,4236.0,0.0,1035.01,0.0,0.0,0.0,17.837603711689752,0.0,0.8782244,0.26695134186339914,0.011171394659036245
Kepler-687 b,3.52,,0.279491833030853,15.648,4841.0,0.0,518.0,0.0,0.0,0.0,51.06057741928693,5e-324,0.1583868,0.42710195197574746,0.011170096726445493
Kepler-1834 c,1.22,,1.087114337568058,1334.22,4821.0,0.0,1541.0,0.0,0.0,0.0,8.268815940386196,0.0,0.88572407,0.2651562488382228,0.011168288255375495
Kepler-640 b,2.56,,0.42105263157894735,35.062,5653.0,0.0,609.0,0.0,0.0,0.0,29.58999496605706,0.0,0.09882203,0.4393453588013202,0.01114512255751317
Kepler-1278 b,1.01,,0.9782214156079855,1314.67,6074.0,0.0,1213.0,0.0,0.0,0.0,4.221724579174764,0.0,0.96477157,0.24660617525322992,0.011144678419625435
TOI-238 b,1.559,3.37,1.234119782214156,753.1,5059.0,0.18,1378.0,0.1966628836832687,0.0008791484761653831,0.06659721109151526,19.587737203381636,0.0,0.72883075,0.2987963688466897,0.01113680048339058
Kepler-1047 c,0.99,,0.9637023593466424,1323.065,5754.0,0.0,1309.0,0.0,0.0,0.0,3.916851580419873,0.0,0.92352855,0.25546215092799435,0.011136719182853166
Kepler-174 c,1.49,,0.852994555353902,5.296,4880.0,0.0,377.0,0.0,0.0,0.0,11.819352184196878,1.2892120461402426e-19,0.52060235,0.3450245753810424,0.011133989737187404
K2-117 b,2.03,,0.5698729582577133,145.8,3778.0,0.06,868.0,0.29536589751659986,0.006040466880620518,0.032376983490940904,19.968928973515528,0.0,0.566179,0.33484124175379404,0.011133002538054453
Kepler-411 e,3.28,10.8,0.30490018148820325,7.6205,4974.0,0.016,503.0,0.5398940980593604,0.15028639425453638,0.0643265480579007,45.06795202233463,1.3104853989274257e-55,0.16362917,0.42439638887557485,0.011132159006130548
Kepler-1653 b,2.17,,0.5226860254083484,0.98,4807.0,0.0,284.0,0.0,0.0,0.0,22.37220034175378,0.9768168694147288,0.56732,0.3344878575895154,0.011130550790359238
Kepler-1366 b,1.43,,0.8965517241379312,134.981,4070.0,0.0,783.0,0.0,0.0,0.0,10.981763124053886,0.0,0.7034739,0.30415965285875496,0.011129897463016996
Kepler-1918 b,2.29763023,,0.4845735027223231,14.43,5889.0,0.0,497.0,0.0,0.0,0.0,24.620035890333646,3.874043185630192e-269,0.18291764,0.4199983045569869,0.011129561936961923
HD 285968 b,2.83,,0.37023593466424687,5.0456,3703.49,0.0,450.0,0.0,0.0,0.0,35.15009348862319,7.584508658094865e-17,0.647456,0.31642874426062934,0.011125017100915142
GJ 685 b,2.95,,0.3502722323049002,3.0917,3816.0,0.0,368.84,0.0,0.0,0.0,37.66694235242357,0.00838466195878322,0.6484732,0.31604943826604714,0.011121247126676656
Kepler-1293 b,0.97,,0.9509981851179674,929.122,6241.0,0.0,1183.0,0.0,0.0,0.0,3.6356619938806842,0.0,0.95760727,0.24724481569277748,0.011121114704159338
Kepler-639 b,2.38,,0.4627949183303085,295.826,5896.0,0.0,957.0,0.0,0.0,0.0,26.13413090004276,0.0,0.2336057,0.4079717830299949,0.011111179042923797
Kepler-568 b,2.26,,0.49546279491833034,8.37,3768.0,0.0,429.0,0.0,0.0,0.0,23.95658860096664,3.1705767384397603e-71,0.61346614,0.3231963655770654,0.011105368844673148
Kepler-1340 b,1.55,,0.809437386569873,4793.001,6331.0,0.0,2174.0,0.0,0.0,0.0,12.626034267217095,0.0,1.0171326,0.23334167818702065,0.011104954532111938
Kepler-632 b,2.21,,0.5099818511796733,14.72,5322.0,0.0,500.0,0.0,0.0,0.0,23.057921240007,8.269395503652205e-282,0.16461952,0.4229834165108,0.01110275826900522
Kepler-588 b,2.63,,0.4065335753176044,718.075,5835.0,0.0,1176.0,0.0,0.0,0.0,30.977921453731273,0.0,0.309596,0.39064108057784075,0.011100856720813086
Kepler-1323 b,1.52,,0.8294010889292197,5067.603,6169.0,0.0,2291.0,0.0,0.0,0.0,12.200678251962165,0.0,1.0047433,0.23590602914219025,0.01110019803082465
TOI-481 b,11.09691,486.2799,0.35571687840290384,253.126,5735.0,0.153,1370.0,0.16801508995930012,0.0022986096913292747,0.0846556606293564,2036.1007931778379,0.0,0.4071402,0.36873906772248677,0.011096096392821064
TOI-451 c,2.93,3.7,0.14700544464609802,93.0,5490.0,0.0,865.0,0.0,0.0,0.0,15.489053876133116,0.0,0.26624024,0.4000134655059281,0.011094036405648277
Kepler-1578 b,1.04,,0.9927404718693285,1486.438,5545.0,0.0,1700.0,0.0,0.0,0.0,4.677613720126153,0.0,0.9097007,0.25677570434345764,0.011093232926830416
GJ 3138 c,1.88,,0.6279491833030854,13.9,3717.0,0.11,530.85,0.43082258798287154,0.07142022755420703,0.030747448843294414,17.477795640137867,9.670861968876075e-247,0.6387291,0.31694026036362033,0.01108974559102311
Kepler-971 b,2.13,,0.5353901996370236,82.766,5431.0,0.0,1087.0,0.0,0.0,0.0,21.67194234972401,0.0,0.15579985,0.42406469641834793,0.011081024427246466
LP 791-18 d,1.032,0.91,0.8275862068965517,5.83,2960.0,0.0011,395.5,0.4654989002980199,0.15469225303527506,0.010525191002831707,3.810140098950967,2.8704422525273e-26,1.5687172,0.1095988284698616,0.011080669705789333
HD 191939 c,3.195,8.0,0.24500907441016337,21.0,5348.0,0.034,600.0,0.40430877569552043,0.047404705460007523,0.07431746540576227,33.47213129862034,0.0,0.08364617,0.4399054961096418,0.011075666187613908
Kepler-1300 b,1.37,,0.9509981851179674,149.409,6130.0,0.0,954.0,0.0,0.0,0.0,10.243066656898016,0.0,0.5411113,0.33808804908780343,0.011075507817984626
Kepler-2001 b,1.04,,0.9927404718693285,911.28,5081.0,0.0,1402.0,0.0,0.0,0.0,4.677613720126153,0.0,0.84347534,0.2706431067809039,0.011071750945616837
GJ 3942 b,2.57,,0.4192377495462795,20.5207,3867.0,0.121,590.0,0.3592336519398119,0.04309420734195078,0.034754501255538174,29.809065432440704,0.0,0.43693513,0.36083076259916186,0.011064606516228762
Kepler-1084 b,1.11,,1.029038112522686,1766.593,6113.0,0.0,1737.0,0.0,0.0,0.0,5.895070533268197,0.0,0.9847523,0.2388658857870661,0.011063483247796206
KOI-1831 d,1.13,2.23,1.8058076225045372,11.8,5233.0,0.0,475.0,0.0,0.0,0.0,10.914288304927567,1.4114592221778239e-167,0.8527607,0.26780054391069436,0.011052618430875504
Kepler-112 c,2.4,,0.4573502722323049,24.255,5544.0,0.0,538.0,0.0,0.0,0.0,26.483249762837925,0.0,0.11658468,0.43120366535984106,0.011041861294118306
Kepler-1264 b,1.18,,1.0689655172413792,2367.804,5791.0,0.0,1677.0,0.0,0.0,0.0,7.356958854492012,0.0,0.9707085,0.24103956166930562,0.011040017236422818
GJ 3090 c,3.14,,0.32123411978221417,4.58,3707.0,0.0,407.2,0.0,0.0,0.0,41.658077254140714,2.698270104660239e-12,0.652787,0.31175461696508894,0.011039034092038859
Kepler-323 b,1.381,3.9,1.4882032667876588,1900.0,6004.0,0.095,1838.0,0.18354767406494205,0.00034804402132155085,0.09184164128865943,16.41844031633814,0.0,0.96419775,0.24232899810005276,0.011036083404191726
Kepler-1160 b,2.14,,0.5317604355716878,93.308,5519.0,0.0,839.0,0.0,0.0,0.0,21.829608694312096,0.0,0.15933044,0.42114355062423603,0.011028379777518712
Kepler-992 b,1.62,,0.764065335753176,15.291,4944.0,0.0,510.0,0.0,0.0,0.0,13.607055303788215,1.2899865753440438e-307,0.36100477,0.3761232252049508,0.01102500841912601
Kepler-990 c,1.53,,0.823956442831216,5272.4,5948.0,0.0,2386.0,0.0,0.0,0.0,12.36138565063676,0.0,0.96771014,0.24105445234547562,0.011023932993625455
TOI-2407 b,4.26,,0.2159709618874773,41.0,3530.0,0.08,705.0,0.2788168947570092,0.018672073017784376,0.025751990169360528,69.93792920995679,0.0,0.6192776,0.3184887977198371,0.011021197290157408
Kepler-219 d,2.81,19.1,0.8584392014519058,20.01,5786.0,0.0,598.0,0.0,0.0,0.0,79.78423971757906,0.0,0.21415195,0.40791606341421366,0.011003068234545702
Kepler-1685 b,2.57673985,,0.4174228675136116,36.01,5484.0,0.0,625.0,0.0,0.0,0.0,29.914143210738402,0.0,0.09000171,0.4354650764413166,0.011001066081298002
Kepler-1214 b,2.36,,0.4682395644283122,23.18,5130.0,0.0,591.0,0.0,0.0,0.0,25.78058247142872,0.0,0.13434519,0.425051470925868,0.010987636086583983
Kepler-21 b,1.639,7.5,1.6878402903811254,2749.0,6305.0,0.0,2015.0,0.0,0.0,0.0,31.12840151949877,0.0,1.1450555,0.19949430254383418,0.010972381143810508
Kepler-1652 b,1.6,,0.7767695099818512,0.81,3638.0,0.0,268.0,0.0,0.0,0.0,13.327255612574529,0.9637904968388026,1.2025421,0.18623235581123757,0.01096084188132669
L 98-59 d,1.627,1.64,0.3992740471869329,4.97,3415.0,0.006,416.0,0.5641941044154426,0.2142378930498013,0.022679916653307132,7.203148198236998,4.2640645760920335e-16,0.95034677,0.242343467514328,0.010960443735753306
Kepler-1056 b,3.01,,0.3411978221415608,56.91,6127.0,0.0,590.0,0.0,0.0,0.0,38.97573793300523,0.0,0.14620495,0.42125005931321746,0.010958989715006875
Kepler-65 d,1.52,4.14,1.0344827586206897,394.549,6211.0,0.014,1117.0,0.3221186528089056,0.0025954360936757868,0.09737137361755342,15.217476156714296,0.0,0.60820085,0.3182872995335028,0.010955454836359457
Kepler-1013 b,2.15,,0.5281306715063522,16.101,4954.0,0.0,766.0,0.0,0.0,0.0,21.985957250063045,0.0,0.20244709,0.4084713949641731,0.010952537681863744
Kepler-748 b,2.52,,0.4301270417422868,439.778,5934.0,0.0,938.0,0.0,0.0,0.0,28.832810577734715,0.0,0.26764512,0.39395382483245556,0.010952354264316769
Kepler-208 b,1.63,,0.7568058076225046,639.576,6092.0,0.0,1379.0,0.0,0.0,0.0,13.728904329626776,0.0,0.542091,0.3328343250394956,0.010951361595063809
Kepler-583 b,2.28,,0.49001814882032674,178.699,5523.0,0.0,1017.0,0.0,0.0,0.0,24.327938855799818,0.0,0.17224395,0.41508537626294845,0.010949878387553623
Kepler-1432 b,2.22,,0.5063520871143375,119.237,6031.0,0.0,709.0,0.0,0.0,0.0,23.205991940484335,0.0,0.2101851,0.4065901620078941,0.010948615334969797
Kepler-1715 b,4.14042267,,0.2250453720508167,53.0,6212.0,0.0,646.0,0.0,0.0,0.0,66.91026178221826,0.0,0.20921691,0.4065648247428403,0.01094267842293115
Kepler-1365 c,0.8,,0.8511796733212342,864.037,5770.0,0.0,1137.0,0.0,0.0,0.0,1.8254914959980884,0.0,0.961712,0.23891123701869313,0.010938185443250549
HD 25463 c,1.36354953,4.3,1.6497277676950999,1413.5,6353.0,0.0,1585.57,0.0,0.0,0.0,17.519174873796214,0.0,1.1068503,0.20660075587445323,0.010937957296105656
Kepler-788 b,2.55,,0.4228675136116153,357.191,6159.0,0.0,984.0,0.0,0.0,0.0,29.370644238439844,0.0,0.2837751,0.3896888809373055,0.010935709732917192
K2-226 b,1.53899305,,0.8148820326678766,332.7564,5288.0,0.22,1187.0,0.22460780296161784,0.002114195443884063,0.07271464444087292,12.442089677021645,0.0,0.5614154,0.3276766771309465,0.010930235725291846
Kepler-1946 b,2.48812698,,0.4373865698729583,403.53,5505.0,0.0,1143.0,0.0,0.0,0.0,28.22095294539495,0.0,0.22266498,0.4028454352990483,0.010924768847695925
Kepler-757 b,1.36,,0.9600725952813067,3345.453,6014.0,0.0,1734.0,0.0,0.0,0.0,10.116013671203888,0.0,0.9687363,0.2364127184922511,0.010915129086475734
TOI-5300 b,9.86390302,190.6970442,0.19963702359346644,198.0,4610.0,0.0,1043.0,0.0,0.0,0.0,802.5573504998442,0.0,0.50925374,0.33855139954625735,0.010912137769929733
Kepler-529 d,2.79502603,,0.3756805807622504,37.92,6078.0,0.0,633.0,0.0,0.0,0.0,34.360931311757064,0.0,0.14051425,0.4205708699649334,0.010911022203153467
Kepler-319 d,2.29,,0.48638838475499097,17.962,5526.0,0.0,528.0,0.0,0.0,0.0,24.466860820351094,0.0,0.1417477,0.42020490206823413,0.010908767446049659
Kepler-1698 b,1.07315686,,1.0090744101633393,697.6,4975.03,0.0,1351.0,0.0,0.0,0.0,5.2239789739056075,0.0,0.8033449,0.2729045462121287,0.010907318754163144
TOI-2458 b,2.83,13.31,0.5862068965517242,865.0,6005.0,0.087,1509.4,0.19494708933555294,0.0007903680083937501,0.09186835497140054,55.65431469032006,0.0,0.32486027,0.3793223510922914,0.010905562991561224
Kepler-221 d,2.73,3.61,0.1633393829401089,56.293,5243.0,0.0,712.0,0.0,0.0,0.0,13.920904720306602,0.0,0.23128216,0.39949664972933624,0.010889490220465604
TOI-1238 c,2.11,8.32,0.8892921960072596,63.0,4089.0,0.15,695.0,0.31581558932848863,0.013858943803480248,0.040684938825662945,34.99294195471364,0.0,0.5144084,0.3363977136329277,0.010887324401615764
bet Cnc b,12.6,,1.2359346642468239,274.8541,4092.1,0.08,1039.74,0.1937659402232008,0.002530212658250234,0.04076775124218423,10356.088609407876,0.0,0.91401273,0.2472187679738544,0.01088128142985214
Kepler-505 b,2.6,,0.411978221415608,3.641,3931.0,0.0,314.0,0.0,0.0,0.0,30.330733388615087,2.062229439489781e-05,0.5877582,0.3195448990531786,0.010874295722319963
Kepler-988 b,2.07,,0.5553539019963702,6.56,4005.0,0.0,368.0,0.0,0.0,0.0,20.633337086744156,7.3592998196868435e-37,0.5590273,0.32588076639214614,0.01087285775964702
Kepler-808 b,1.46,,0.8747731397459166,1428.3,4653.0,0.0,1322.0,0.0,0.0,0.0,11.403616824159371,0.0,0.7764695,0.2771609961825244,0.010864796739238358
Kepler-1464 c,1.0,,0.9691470054446462,968.555,5828.0,0.0,1023.0,0.0,0.0,0.0,4.0595534834045965,0.0,0.8751351,0.2548764355493067,0.010856758348300747
Kepler-9 d,1.64,,2.458650816696915,1339.658,5777.0,0.0,2026.0,0.0,0.0,0.0,45.42730858084844,0.0,1.1277368,0.19803361515826376,0.010841347021009164
K2-4 b,2.1,,0.544464609800363,15.6,4014.73,0.08,563.0,0.4346932437365689,0.06542203269802178,0.03870091360794489,21.12108135382583,4.8e-322,0.42975578,0.35314243856374117,0.0108356727045399
Kepler-1311 c,1.22,,1.087114337568058,2144.553,5748.0,0.0,1671.0,0.0,0.0,0.0,8.268815940386196,0.0,0.9344325,0.24078861991081602,0.010834794478237366
HD 1461 b,2.42,,0.4537205081669692,309.8969,5765.0,0.172,1185.14,0.21069199336470484,0.0021545503465602495,0.08545707111180692,26.935380631512096,0.0,0.24090914,0.39476487222942125,0.010825656552021829
TOI-674 b,5.25,23.6,0.16515426497277677,38.4,3514.0,0.0,635.0,0.0,0.0,0.0,100.10512516657032,0.0,0.7757778,0.27570422811975814,0.010825087409271229
Kepler-1415 b,1.29,,1.0272232304900182,2138.079,5267.0,0.0,1846.0,0.0,0.0,0.0,9.2368219572636,0.0,0.8738456,0.2537978114987027,0.010823090945420657
HD 23472 e,0.818,0.72,1.3611615245009074,46.7,4684.0,0.07,723.0,0.4059504004457457,0.022516560711590205,0.05657958006090236,3.1207442921267226,0.0,0.89973813,0.2478332208487727,0.010818109238934184
TOI-1136 b,1.9,3.5,0.5081669691470054,360.5506,5770.0,0.027,1216.0,0.2874807668786441,0.0025267676710242,0.08559063952554923,14.600100479303734,0.0,0.27960068,0.3858081386868805,0.010817132712501933
Kepler-993 b,2.97,,0.3466424682395644,3.954,3843.0,0.0,352.0,0.0,0.0,0.0,38.039931450518424,2.2970492134078294e-07,0.6029069,0.313700159245565,0.010813319977898136
Kepler-1259 b,1.43,,0.8965517241379312,2460.582,5053.0,0.0,1681.0,0.0,0.0,0.0,10.981763124053886,0.0,0.8287247,0.26341486656707014,0.010812617858050952
Kepler-969 c,0.99,,0.9637023593466424,564.581,5214.0,0.0,1270.0,0.0,0.0,0.0,3.916851580419873,0.0,0.78396523,0.27320536958646296,0.010808404092474964
Kepler-1525 b,0.91,,0.9165154264972777,715.106,5748.0,0.0,1343.0,0.0,0.0,0.0,2.8930275241789443,0.0,0.8635783,0.25541368003104675,0.010806594118774559
Kepler-1288 b,1.12,,1.0362976406533575,1342.5,6132.0,0.0,2017.0,0.0,0.0,0.0,6.098558396003643,0.0,0.93585527,0.2393200977403948,0.010806396855633362
Kepler-288 c,2.85,,0.3666061705989111,53.148,5918.0,0.0,815.0,0.0,0.0,0.0,35.54863750630473,0.0,0.11107236,0.42270461874642806,0.01080208692824985
Kepler-381 b,0.99,,0.9637023593466424,716.085,6152.0,0.0,1576.0,0.0,0.0,0.0,3.916851580419873,0.0,0.8891347,0.24948939906977116,0.01080076169617079
WASP-65 b,12.464,492.62,0.2722323049001815,957.0053,5600.0,0.0,1480.0,0.0,0.0,0.0,2208.0077351513814,0.0,0.6520016,0.3020803366291969,0.010796221592420222
Kepler-36 c,3.679,7.13,0.1428312159709619,191.0,5979.0,0.0,928.0,0.0,0.0,0.0,29.792099262488012,0.0,0.34751686,0.3696460485503031,0.010791320127079097
Kepler-658 b,1.63,,0.7568058076225046,223.745,4103.0,0.0,871.0,0.0,0.0,0.0,13.728904329626776,0.0,0.62552273,0.30762848864404674,0.010787719909725949
Kepler-1107 b,1.34,,0.9782214156079855,2387.261,5268.0,0.0,1897.0,0.0,0.0,0.0,9.8591658135348,0.0,0.86132085,0.2550051669690501,0.010784136784990503
TOI-7166 b,2.01,,0.5771324863883848,1.07,3099.0,0.0,249.0,0.0,0.0,0.0,19.63144658511358,0.9739083877721493,1.3514102,0.14590957482218944,0.010783547776181427
Kepler-722 c,2.82,,0.3720508166969147,5.48,5863.0,0.0,401.0,0.0,0.0,0.0,34.949277047746776,9.025633266741162e-22,0.21620385,0.39853517044573206,0.010783056117941815
Kepler-1616 b,1.02,,0.9782214156079855,724.861,6266.0,0.0,1337.0,0.0,0.0,0.0,4.348367998494511,0.0,0.9043075,0.2451591414991728,0.010777255004047998
Kepler-217 d,1.32,,0.9981851179673321,2099.752,6341.0,0.0,1574.0,0.0,0.0,0.0,9.61659870480432,0.0,0.9717671,0.23010049309728112,0.010776140912019025
Kepler-1732 b,4.09903273,,0.2268602540834846,27.05,5821.0,0.0,699.0,0.0,0.0,0.0,65.44721667938387,0.0,0.14286496,0.41448621045857054,0.01077391270996467
Kepler-1321 d,2.62843782,,0.4065335753176044,15.84,3640.0,0.0,509.0,0.0,0.0,0.0,30.92275299334855,0.0,0.5970382,0.31333653943754436,0.01077215575758101
Kepler-803 b,3.79,,0.25226860254083483,20.882,5919.0,0.0,543.0,0.0,0.0,0.0,57.52669722195869,0.0,0.14319865,0.41417536180926845,0.01076808017617972
Kepler-10 b,1.47,3.24,1.0054446460980038,3741.78,5708.0,0.0,2188.0,0.0,0.0,0.0,13.378233736722304,0.0,0.9331867,0.23833111700748388,0.010767373394862199
Kepler-1204 b,3.05,,0.3357531760435572,7.021,5825.0,0.0,448.0,0.0,0.0,0.0,39.90324887759406,1.5820251193198165e-44,0.18157203,0.4054466068115992,0.010763431120255742
Kepler-1855 b,1.216205,,1.087114337568058,86.97,3460.0,0.0,849.0,0.0,0.0,0.0,8.191891403886384,0.0,1.1320002,0.19391788849462369,0.0107632726635843
HATS-2 b,12.57647635,435.42491759,0.21902722323049,950.0563,5227.0,0.0,1550.0,0.0,0.0,0.0,1825.0032492351393,0.0,0.6965875,0.29078272368475255,0.010762327795413147
Kepler-1742 b,2.1782413,,0.5190562613430127,10.73,5776.0,0.0,462.0,0.0,0.0,0.0,22.47092798609845,3.9306055985230844e-133,0.20708182,0.3997147918630748,0.010762087745784705
GJ 3470 b,4.57,13.9,0.14519056261343014,29.6584,3600.0,0.017,593.5,0.3396385307397502,0.030330530047954253,0.027621947961740338,58.046441086620824,0.0,0.737815,0.28142566829450927,0.010757848763117084
Kepler-322 b,1.01,,0.9782214156079855,735.179,5388.0,0.0,1373.0,0.0,0.0,0.0,4.221724579174764,0.0,0.8061118,0.2660965966771972,0.010754661120014681
Kepler-1139 b,1.19,,1.0707803992740472,1717.276,5550.0,0.0,1693.0,0.0,0.0,0.0,7.55840060344374,0.0,0.88581926,0.2480645660419223,0.010747443752607597
Kepler-115 b,1.09,,1.0163339382940109,1215.757,5979.0,0.0,1489.0,0.0,0.0,0.0,5.513209950025439,0.0,0.8984615,0.24516346206644737,0.010745286305307602
Kepler-775 b,1.19,,1.0707803992740472,1496.75,5468.0,0.0,1612.0,0.0,0.0,0.0,7.55840060344374,0.0,0.873454,0.25072273819130386,0.010745131573096138
Kepler-1613 b,2.08,,0.5517241379310345,6797.623,6005.0,0.0,1926.0,0.0,0.0,0.0,20.79699555273639,0.0,0.8589061,0.2538410944024969,0.010742189519570414
HD 109833 b,2.888,,0.35934664246823955,63.4589,5881.0,0.18,786.0,0.26944523654965796,0.0117515445350895,0.08855585831060667,36.257158690987474,0.0,0.14396134,0.41257344896500625,0.01073277228979225
OGLE-TR-113 b,12.251,400.449,0.2177858439201452,528.4147,4790.0,0.0,1342.0,0.0,0.0,0.0,1677.3854675995813,0.0,0.655367,0.2986732111578518,0.010730689455200901
Kepler-106 c,2.5,10.44,0.5952813067150635,96.905,5858.0,0.0,785.0,0.0,0.0,0.0,38.96107041657033,0.0,0.16552624,0.4076173853914839,0.010728909313027002
Kepler-173 c,2.43,,0.4500907441016334,258.418,6031.0,0.0,956.0,0.0,0.0,0.0,27.05250662534617,0.0,0.23707986,0.3915221313602036,0.010724702004753018
Kepler-1368 b,1.65,,0.7459165154264974,4849.257,5906.0,0.0,2085.0,0.0,0.0,0.0,14.03558972895801,0.0,0.88641375,0.24631394989619781,0.010707547184340974
Kepler-1468 c,1.15,,1.0490018148820328,1479.567,5893.0,0.0,1448.0,0.0,0.0,0.0,6.682798553472235,0.0,0.90025157,0.2429382539563702,0.010700248767441727
Kepler-1372 b,1.27,,1.0471869328493648,2176.358,5677.0,0.0,1655.0,0.0,0.0,0.0,8.985122168369157,0.0,0.89731723,0.24341662793895527,0.01069594250794754
Kepler-1836 b,2.55303229,,0.4228675136116153,338.15,6123.0,0.0,1093.0,0.0,0.0,0.0,29.475545717710762,0.0,0.26995367,0.38279511017104384,0.010689921074403447
Kepler-146 c,3.13,,0.32304900181488205,9.887,5948.0,0.0,473.0,0.0,0.0,0.0,41.494451234167705,8.58369453079016e-109,0.16943869,0.4048682873149734,0.010682601398001795
Kepler-1991 c,2.57,,0.4192377495462795,38.27,5478.0,0.0,634.0,0.0,0.0,0.0,29.809065432440704,0.0,0.08988515,0.42244665994370345,0.010679479175942653
Kepler-676 b,3.04,,0.3357531760435572,8.241,3701.0,0.0,396.0,0.0,0.0,0.0,39.51204335427572,2.1424820232745e-68,0.595968,0.3096342371918782,0.010675009905552393
Kepler-1663 b,3.30395896,,0.30127041742286753,4.07,3844.0,0.0,362.0,0.0,0.0,0.0,45.5144218889729,3.5589219775494036e-08,0.6002638,0.30826271015903867,0.010664766636765724
Kepler-1434 b,1.11,,1.029038112522686,925.289,6291.0,0.0,1320.0,0.0,0.0,0.0,5.895070533268197,0.0,0.91445667,0.23831367255551672,0.010664177007116405
Kepler-1641 c,2.95,,0.3502722323049002,42.145,6152.0,0.0,767.0,0.0,0.0,0.0,37.66694235242357,0.0,0.15091784,0.40801479688055836,0.010658554707737375
Kepler-1398 c,1.03,,0.985480943738657,738.183,6126.0,0.0,1324.0,0.0,0.0,0.0,4.510747469472506,0.0,0.87080306,0.2476459442647874,0.010654733412643384
Kepler-533 b,3.38,,0.29401088929219604,8.769,4758.0,0.0,423.0,0.0,0.0,0.0,47.55565041090551,2.505195554227191e-80,0.20964535,0.39472441986489515,0.010653123734353863
WASP-129 b,10.42437,317.83,0.29038112522686027,345.7201,5900.0,0.096,1100.0,0.16786422143645102,0.0017162692097745281,0.0890634182828239,1377.8642949324803,0.0,0.39796957,0.352712865619735,0.010650680505390345
Kepler-207 b,1.57,,0.7967332123411978,4097.318,5920.0,0.0,1930.0,0.0,0.0,0.0,12.915180730626957,0.0,0.8837015,0.24437775360159986,0.01064493188583301
Kepler-625 c,1.05,,1.0,932.132,5789.0,0.0,1048.0,0.0,0.0,0.0,4.849048260815846,0.0,0.8451699,0.25292990750907623,0.010644358910520815
Kepler-182 c,3.43,,0.2867513611615245,88.852,6250.0,0.0,729.0,0.0,0.0,0.0,48.47038368284052,0.0,0.19089791,0.3980440024826357,0.010632100672731454
Kepler-512 b,2.69,,0.3938294010889292,32.329,5997.0,0.0,652.0,0.0,0.0,0.0,32.11098179201991,0.0,0.13255012,0.4107813272155028,0.01062598043173926
Kepler-1798 b,2.30911251,,0.4809437386569873,6.52,3967.0,0.0,408.0,0.0,0.0,0.0,24.803796914786954,3.158484794214522e-36,0.53515685,0.3210389745883196,0.010622520949593995
Kepler-664 b,2.66,,0.4010889292196007,652.435,5754.0,0.0,1406.0,0.0,0.0,0.0,31.62089761807604,0.0,0.28513187,0.3761685645707855,0.01060983314390157
Kepler-1781 b,2.38091029,,0.4627949183303085,239.11,5568.0,0.0,1003.0,0.0,0.0,0.0,26.16412930942996,0.0,0.18362436,0.398567164211871,0.010605090424866606
Kepler-1687 b,1.65623882,,0.7422867513611615,30.22,4132.0,0.0,598.0,0.0,0.0,0.0,14.12632512531565,0.0,0.53968036,0.3193250193234774,0.01060508551792486
HD 20329 b,1.72,7.42,1.4627949183303086,3474.0,5596.0,0.0,2141.0,0.0,0.0,0.0,31.178656186591123,0.0,0.9951355,0.21792159948466872,0.010604106217325021
Kepler-1853 b,1.51862272,,0.8312159709618875,5.23,4821.0,0.0,386.0,0.0,0.0,0.0,12.194167818364711,7.227212871410618e-19,0.5172452,0.3241957999355843,0.010602071036259547
Kepler-1379 b,1.3,,1.0163339382940109,1600.049,5188.0,0.0,1564.0,0.0,0.0,0.0,9.35308959120289,0.0,0.8154542,0.25769677877173386,0.01059883666185644
Kepler-738 b,2.5,,0.43375680580762255,27.644,5327.0,0.0,530.0,0.0,0.0,0.0,28.389316553537533,0.0,0.10218091,0.4161583335289785,0.010591914309198116
Kepler-1646 b,1.23,,1.0925589836660616,4.2,3299.0,0.0,365.0,0.0,0.0,0.0,8.51625851203296,3.7091374740870733e-09,1.3594608,0.13604921068190615,0.01058462908387629
TOI-1775 b,8.04728896,96.0,0.18330308529945555,55.4426,5284.0,0.0,707.89,0.0,0.0,0.0,400.135581989967,0.0,0.29757002,0.3723460337500549,0.01058383965330199
Kepler-1418 b,1.66,,0.7386569872958259,7.29,4770.0,0.0,419.0,0.0,0.0,0.0,14.153233893625375,2.3515672112098676e-49,0.42882878,0.343035603399746,0.010581419330156404
TOI-2096 b,1.243,,1.0798548094373865,9.4,3300.0,0.15,445.0,0.47436408013252934,0.10779638659711226,0.019607843137254447,8.686950805674238,7.075121758449885e-96,1.2596834,0.15789989947109287,0.010575870458547566
TOI-4551 b,11.85910158,473.56432643,0.31578947368421056,1247.74,4896.0,0.101,1655.0,0.12549503895656414,0.000402985963662413,0.062242880803536106,2206.183468132717,0.0,0.6424066,0.2951421933320261,0.01057252788742527
Kepler-1181 b,1.57,,0.7967332123411978,831.143,6176.0,0.0,1374.0,0.0,0.0,0.0,12.915180730626957,0.0,0.6251621,0.2988724860679259,0.010569876653711108
Kepler-1351 b,0.65,,0.7549909255898367,421.965,4439.0,0.0,1212.0,0.0,0.0,0.0,0.8685011763259827,0.0,1.125419,0.18734467566062604,0.010565112275035956
Kepler-10 c,2.355,11.29,0.8620689655172414,18.3,5708.0,0.136,579.0,0.41584146871492245,0.05446444883347487,0.08393439119515668,47.16320981500305,0.0,0.21966457,0.38883832846927335,0.010562984549268652
Kepler-1163 b,1.03,,0.985480943738657,511.757,6302.0,0.0,1211.0,0.0,0.0,0.0,4.510747469472506,0.0,0.8631058,0.2455669843084013,0.010561247432442349
Kepler-889 b,1.09,,1.0163339382940109,954.588,5961.0,0.0,1328.0,0.0,0.0,0.0,5.513209950025439,0.0,0.8557213,0.24690621646472538,0.010553747713603654
Kepler-797 b,2.17,,0.5226860254083484,90.1,5680.0,0.0,605.0,0.0,0.0,0.0,22.37220034175378,0.0,0.16104046,0.4011950775772856,0.010545965773322874
Kepler-236 c,2.0,,0.5807622504537205,3.802,3750.0,0.0,329.0,0.0,0.0,0.0,19.46152980808196,2.2256348784190615e-06,0.7559579,0.2686860330496449,0.010543319151883487
Kepler-374 c,1.1,,1.0272232304900182,966.591,5977.0,0.0,1467.0,0.0,0.0,0.0,5.727056888593483,0.0,0.85867053,0.24562657255888246,0.010538381488305847
K2-360 c,4.02,,0.2341197822141561,115.0,5679.0,0.11,912.0,0.23261728164726336,0.006026255880106121,0.08315969439544847,63.709600238481805,0.0,0.09509806,0.4154722087430569,0.01053613745716905
Kepler-1310 b,1.44,,0.8911070780399275,2830.91,5549.0,0.0,1883.0,0.0,0.0,0.0,11.145664828760077,0.0,0.83349735,0.2509590508547887,0.0105317269281608
Kepler-1399 b,1.25,,1.0725952813067152,1707.252,5735.0,0.0,1610.0,0.0,0.0,0.0,8.775149625073578,0.0,0.87149906,0.24247345590074718,0.010531033214544225
Kepler-406 b,1.43,6.35,2.1451905626134304,826.933,5538.0,0.0,1302.0,0.0,0.0,0.0,26.27620245472003,0.0,1.0040005,0.21291283390689633,0.01052926362774343
Kepler-107 c,1.597,10.0,2.4500907441016335,602.0,5854.0,0.08,1378.0,0.21937577492525087,0.001193364456013011,0.08783458887641736,41.80088987916605,0.0,0.96809703,0.2208793170229977,0.010528671581872973
Kepler-596 b,3.46,,0.28493647912885667,82.302,6267.0,0.0,725.0,0.0,0.0,0.0,49.43846286290655,0.0,0.1929644,0.3933839107076032,0.010528552141237468
Kepler-1932 b,1.51482218,,0.8348457350272231,2799.9,5278.0,0.0,1891.0,0.0,0.0,0.0,12.15569538640298,0.0,0.79218864,0.2600140067896596,0.010528312796481934
HD 95127 b,12.4,,1.767695099818512,116.3001,4218.0,0.11,1151.28,0.2100727629147933,0.005972064413763614,0.04413100390019617,14117.604880381074,0.0,0.9727181,0.2194440804371096,0.010518642539872489
Kepler-1217 b,1.99,,0.5843920145190563,1302.948,5905.0,0.0,1542.0,0.0,0.0,0.0,19.290883193273892,0.0,0.5046342,0.3233428562436563,0.010511850286521874
TIC 88785435 b,5.03,,0.17477313974591652,28.3253,3998.0,0.131,635.0,0.26243737858961597,0.024539222220719713,0.03825399369556254,93.16810296863416,0.0,0.48259574,0.3280588894474203,0.010507197498908827
Kepler-1921 c,1.41,,0.9147005444646098,2436.47,6120.0,0.0,1791.0,0.0,0.0,0.0,10.74050953174657,0.0,0.8895191,0.23748741947954172,0.010506981857526378
Kepler-445 d,1.25,,1.0725952813067152,4.314,3157.0,0.0,305.0,0.0,0.0,0.0,8.775149625073578,4.741260669660448e-10,1.4353498,0.11597164755675585,0.010506031486937187
Kepler-65 b,1.42,2.4,0.7985480943738658,2316.095,6211.0,0.028,1740.0,0.21470129498565987,0.00034091442373796214,0.09737137361755262,9.57755644331808,0.0,0.8281228,0.2511009766489288,0.010505737405571043
HD 28471 b,1.75,,0.691470054446461,653.3957,5766.0,0.195,1377.0,0.1956140157559171,0.0009966215747810876,0.0854837847945585,15.523016967221526,0.0,0.51470757,0.32056108121636545,0.010498540059863847
TOI-1820 b,12.778238,731.0053361,0.3629764065335753,292.245,5734.0,0.043,1375.0,0.1966223839011637,0.0023864092998066655,0.08462894694660834,3172.3414405627013,0.0,0.45618597,0.3332515842421452,0.010490311658721233
Kepler-264 c,2.83,,0.37023593466424687,15.347,6158.0,0.0,511.0,0.0,0.0,0.0,35.15009348862319,3.3757634962638e-310,0.18430059,0.39346103208525174,0.010482917513795646
TOI-1269 b,2.40144286,6.4,0.4591651542649728,231.2034,5499.0,0.0,1004.9,0.0,0.0,0.0,26.636324928131163,0.0,0.17628989,0.3952145270061628,0.010482194580654974
Kepler-844 b,1.68,,0.7277676950998185,89.652,4128.0,0.0,713.0,0.0,0.0,0.0,14.45470484972229,0.0,0.540682,0.314006478062436,0.010479461475183267
Kepler-413 b,4.347,67.0,0.5807622504537205,2.9436,4700.0,0.1181,334.96,0.4991429718905605,0.29229054882232197,0.05700699898487032,199.82780105656232,0.028391192264770344,0.31237078,0.36478369169590225,0.010478610191136144
Kepler-763 b,1.22,,1.087114337568058,974.089,5166.0,0.0,1414.0,0.0,0.0,0.0,8.268815940386196,0.0,0.7875632,0.25871852150412994,0.01047099622411937
Kepler-1573 b,1.2,,1.0798548094373865,1343.114,5808.0,0.0,1379.0,0.0,0.0,0.0,7.816236909170915,0.0,0.85920733,0.24274504277653056,0.01047028747808445
Kepler-226 c,2.27,45.2,3.8475499092558985,180.513,5571.0,0.0,919.0,0.0,0.0,0.0,188.5169665940901,0.0,1.0913901,0.1907489168255386,0.010462331278363301
HD 93963 A b,1.46954368,2.8,0.8729582577132486,2898.0,5908.0,0.0,1842.23,0.0,0.0,0.0,11.604584223752054,0.0,0.85637724,0.24303253887527793,0.01046184727431445
Kepler-1537 b,1.18,,1.0689655172413792,713.168,5079.0,0.0,1800.0,0.0,0.0,0.0,7.356958854492012,0.0,0.7602336,0.26436068643725463,0.010460144484611404
K2-36 b,1.43,4.3,1.4519056261343013,519.0,4916.0,0.093,1328.0,0.23539846675831133,0.0014720171470250475,0.06277715445850911,17.784231779844347,0.0,0.71750104,0.273829995539973,0.010459133140801935
Kepler-948 b,1.85,,0.6424682395644283,126.203,5679.0,0.0,841.0,0.0,0.0,0.0,17.039445495925126,0.0,0.25082546,0.3776755110898559,0.010458754911509549
Kepler-1518 c,2.9,,0.3575317604355717,338.33,6432.0,0.0,1094.0,0.0,0.0,0.0,36.525589197810255,0.0,0.3318368,0.35963786228623146,0.01045855287545993
Kepler-673 b,6.54,,0.12413793103448277,253.456,5355.0,0.0,1023.0,0.0,0.0,0.0,145.45423051009973,0.0,0.44870728,0.33336634926194536,0.010452107625008296
Kepler-1960 b,1.30749704,,1.0090744101633393,1352.14,6371.0,0.0,1547.0,0.0,0.0,0.0,9.4478707879563,0.0,0.9059289,0.2314471337229656,0.01044810428163396
Kepler-358 c,2.85,,0.3666061705989111,6.599,5908.0,0.0,411.0,0.0,0.0,0.0,35.54863750630473,1.7815446401937125e-37,0.20164736,0.3881839115849489,0.010447995697965963
Kepler-1035 b,1.17,,1.0653357531760437,1180.064,5763.0,0.0,1301.0,0.0,0.0,0.0,7.147146709171989,0.0,0.8408373,0.24587516450411642,0.010446664427697115
Kepler-1948 b,1.03283226,,0.987295825771325,5.98,3872.0,0.0,399.0,0.0,0.0,0.0,4.556436198815113,2.725646054351387e-28,1.0628014,0.19635086545498404,0.010443579522006145
Kepler-408 b,0.82,5.0,2.1649099570327177,1503.581,6104.0,0.0,1561.0,0.0,0.0,0.0,5.0,0.0,1.5005414,0.09876822039783793,0.010439597114341573
Kepler-304 e,1.2,,1.0798548094373865,397.254,4817.0,0.0,1137.0,0.0,0.0,0.0,7.816236909170915,0.0,0.7180003,0.272886425292993,0.010438610240313853
Kepler-84 b,2.23,40.0,3.5934664246823957,222.19,6039.0,0.0,985.0,0.0,0.0,0.0,166.92323386088268,0.0,1.110178,0.18540283442109365,0.010433615959256822
Kepler-1604 b,1.41,,0.9147005444646098,1391.4,4976.0,0.0,2023.0,0.0,0.0,0.0,10.74050953174657,0.0,0.7402794,0.2676757744469998,0.010432389436277653
Kepler-1317 b,1.56,,0.8003629764065336,2413.261,5144.0,0.0,1796.0,0.0,0.0,0.0,12.727684315708894,0.0,0.74668854,0.2658490474134267,0.010422519866942767
Kepler-997 b,1.36,,0.9600725952813067,1900.131,6150.0,0.0,1709.0,0.0,0.0,0.0,10.116013671203888,0.0,0.8778653,0.23636842942738687,0.010415453673020434
Kepler-1594 b,1.06,,1.0054446460980038,672.414,5946.0,0.0,1360.0,0.0,0.0,0.0,5.016079037417973,0.0,0.8137418,0.2505016769981245,0.010412058228269232
Kepler-1565 b,1.19,,1.0707803992740472,510.566,4940.0,0.0,1234.0,0.0,0.0,0.0,7.55840060344374,0.0,0.72895634,0.2692353899060821,0.010408712724549803
Kepler-182 b,2.58,,0.4174228675136116,239.787,6250.0,0.0,935.0,0.0,0.0,0.0,30.027831097818066,0.0,0.26409,0.372632518726315,0.010407207118091863
Kepler-704 b,2.61,,0.4101633393829401,514.124,5616.0,0.0,1121.0,0.0,0.0,0.0,30.54688793246715,0.0,0.24611616,0.3766186554449733,0.010406861282169772
Kepler-255 d,1.32,,0.9981851179673321,1686.09,5431.0,0.0,1710.0,0.0,0.0,0.0,9.61659870480432,0.0,0.80295706,0.25231350180642986,0.010397552774729975
TOI-4342 b,2.329,7.3,0.5771324863883848,27.8,3866.0,0.0,639.0,0.0,0.0,0.0,30.540250576981112,0.0,0.50824434,0.31789111065404363,0.010397254412564203
Kepler-1072 b,1.58,,0.7894736842105263,2944.0,6199.0,0.0,1849.0,0.0,0.0,0.0,13.04360168701691,0.0,0.8579804,0.2400152328291421,0.010396256494845952
Kepler-1019 b,1.46,,0.8747731397459166,330.249,4433.0,0.0,1164.0,0.0,0.0,0.0,11.403616824159371,0.0,0.628658,0.2909460306377338,0.010393643917110023
Kepler-376 b,1.07,,1.0090744101633393,689.912,5900.0,0.0,1242.0,0.0,0.0,0.0,5.178012983804405,0.0,0.80612934,0.2509933259370146,0.01038241152489685
Kepler-1328 b,0.98,,0.958257713248639,545.672,5780.0,0.0,1214.0,0.0,0.0,0.0,3.777888708645207,0.0,0.7959018,0.25322693069776053,0.010381361420000845
Kepler-1037 b,1.28,,1.0362976406533575,1015.434,5105.0,0.0,1650.0,0.0,0.0,0.0,9.103387459923805,0.0,0.75814503,0.26146362573450393,0.010377262819151304
Kepler-828 b,1.51,,0.8366606170598911,1835.159,5039.0,0.0,1848.0,0.0,0.0,0.0,12.066151605498609,0.0,0.72798073,0.26814320477412534,0.010376433942556721
17 Sco b,12.9,,0.6370235934664247,85.4316,4157.0,0.06,847.51,0.2483243417460391,0.00938207073780267,0.04250146925254632,5728.135171377251,0.0,0.64050645,0.2876038820996187,0.010376257920616711
Kepler-612 b,2.84,,0.3684210526315789,997.089,5693.0,0.0,1046.0,0.0,0.0,0.0,35.34989014533763,0.0,0.3345961,0.35565245355875524,0.010375438840385096
CoRoT-7 b,1.68135,4.0766051771,1.6978221415607986,1773.7952,5275.0,0.0,1756.0,0.0,0.0,0.0,33.80299544926884,0.0,0.9369831,0.22147508295980228,0.01037264590827988
Kepler-363 b,1.16,,1.0544464609800364,1000.243,5593.0,0.0,1347.0,0.0,0.0,0.0,6.894251313357239,0.0,0.80177337,0.25156188587505407,0.010372528357714362
TOI-1807 b,1.49681583,2.44,0.7223230490018149,1407.22,4914.0,0.0,1694.1,0.0,0.0,0.0,10.146708527420069,0.0,0.6646643,0.28202555101460514,0.010371280916541888
Kepler-1104 b,1.23,,1.0925589836660616,813.524,6417.0,0.0,1321.0,0.0,0.0,0.0,8.51625851203296,0.0,0.8964739,0.23040654170313413,0.010370573222681874
TOI-3331 A b,12.97999965,721.47048389,0.33030852994555354,818.5,5609.0,0.0,1488.0,0.0,0.0,0.0,3025.745810974558,0.0,0.63045377,0.28955962373585287,0.010369317291054243
TOI-756 b,2.81,9.83,0.43920145190562615,127.0,3657.0,0.0,934.0,0.0,0.0,0.0,40.819843576435794,0.0,0.57963693,0.3008120835280647,0.010367910224730492
Kepler-101 c,1.25,3.78,1.9056261343012706,596.069,5667.0,0.0,1413.0,0.0,0.0,0.0,15.590367354191637,0.0,0.96003187,0.2161495259432221,0.010367815133357362
Kepler-416 b,2.48,58.2,3.811252268602541,224.089,5718.0,0.0,986.0,0.0,0.0,0.0,243.50694249527928,0.0,1.0905988,0.18686158647563986,0.010362153796731402
Kepler-1776 b,2.61157023,,0.4101633393829401,29.9,5872.0,0.0,603.0,0.0,0.0,0.0,30.602054027578106,0.0,0.11973418,0.4027741562155721,0.01035825955041516
Kepler-879 b,2.57,,0.4192377495462795,29.128,5792.0,0.0,580.0,0.0,0.0,0.0,29.809065432440704,0.0,0.113585606,0.4041262036091391,0.010357856496743234
Kepler-674 b,1.69,,0.7223230490018149,146.511,4192.0,0.0,822.0,0.0,0.0,0.0,14.60428153050956,0.0,0.5360914,0.3098508331351103,0.010351823584140947
Kepler-1572 b,0.94,,0.9346642468239565,583.523,5618.0,0.0,1293.0,0.0,0.0,0.0,3.251829752410044,0.0,0.8101698,0.24883076385905753,0.010351265895315997
Kepler-149 b,4.21,,0.22141560798548096,23.64,5381.0,0.0,540.0,0.0,0.0,0.0,69.20590123598967,0.0,0.12988243,0.3999344320813796,0.010343931398290734
Kepler-874 b,3.94,,0.23956442831215974,31.624,6020.0,0.0,560.0,0.0,0.0,0.0,61.37614499502956,0.0,0.15711649,0.3937785588995668,0.01034159418185117
Kepler-305 c,3.3,6.0,0.16642468239564429,65.1,5080.0,0.0,728.0,0.0,0.0,0.0,25.052332421322614,0.0,0.22023931,0.3796586658441157,0.010339828713358697
Kepler-1315 b,1.38,,0.9419237749546281,897.9,4861.0,0.0,1541.0,0.0,0.0,0.0,10.36911348150106,0.0,0.7040256,0.2717152567220605,0.01033306194059385
Kepler-1603 b,1.29,,1.0272232304900182,1269.46,6241.0,0.0,1522.0,0.0,0.0,0.0,9.2368219572636,0.0,0.8729696,0.2341031377511527,0.01033274547367875
Kepler-287 b,2.33,83.0,4.954627949183304,35.75,5806.0,0.0,667.0,0.0,0.0,0.0,262.52303749330827,0.0,1.2721078,0.14494485662713158,0.010324655005483366
Kepler-1701 b,2.22186207,,0.5063520871143375,1.3,5146.0,0.0,273.0,0.0,0.0,0.0,23.26443442129576,0.9776029816166067,0.46285707,0.3250021754492532,0.010323538830553662
Kepler-1356 b,1.53,,0.823956442831216,1966.057,5106.0,0.0,1714.0,0.0,0.0,0.0,12.36138565063676,0.0,0.7245068,0.2666950091824479,0.010321670411436466
K2-100 b,3.88,21.8,0.37023593466424687,1915.0,5945.0,0.0,1841.0,0.0,0.0,0.0,90.58626525211109,0.0,0.4602158,0.32527754718802093,0.010315835817244618
Kepler-199 c,3.25,,0.308529945553539,7.885,5644.0,0.0,420.0,0.0,0.0,0.0,44.36454326184406,6.772621947103448e-61,0.15525962,0.3931261683342119,0.010315322492068565
TOI-4342 c,2.349,4.8,0.36479128856624315,11.6,3866.0,0.0,514.0,0.0,0.0,0.0,19.80533160113487,7.692214933077378e-161,0.52504647,0.31070794103981075,0.010312353923490059
Kepler-1802 b,1.671,,0.7332123411978222,26.91,4245.0,0.0,581.0,0.0,0.0,0.0,14.330050643872983,0.0,0.4936762,0.3176827260449597,0.010312185811444791
Kepler-1197 b,1.25,,1.0725952813067152,267.142,4708.0,0.0,1011.0,0.0,0.0,0.0,8.775149625073578,0.0,0.675437,0.2770792258147109,0.010308443893581761
Kepler-288 b,1.67,,0.73502722323049,247.301,5918.0,0.0,1197.0,0.0,0.0,0.0,14.339745615952426,0.0,0.38826984,0.34098603493042673,0.010308355294658515
HD 134606 e,1.33,,0.9927404718693285,418.0334,5576.0,0.2,1260.39,0.22813523565281701,0.0017302374017128521,0.08040818507238405,9.783162328669453,0.0,0.66469353,0.27944379765474947,0.010307792274607954
Kepler-1388 e,2.46,,0.4428312159709619,3.97,4098.0,0.0,299.0,0.0,0.0,0.0,27.61418042439924,1.7774856238574133e-07,0.5172372,0.31223852645681566,0.0103072406002081
Kepler-1873 b,1.62573811,,0.7604355716878404,2412.15,5151.0,0.0,1787.0,0.0,0.0,0.0,13.686827468508973,0.0,0.7171129,0.26769687502914025,0.010305801566852527
Kepler-1009 b,2.17,,0.5226860254083484,11.561,4027.0,0.0,403.0,0.0,0.0,0.0,22.37220034175378,1.547575789465108e-159,0.48285508,0.31957709343116164,0.010299515771834966
Kepler-1785 b,2.70422447,,0.3920145190562614,47.3,5618.0,0.0,666.0,0.0,0.0,0.0,32.47274308675276,0.0,0.085659154,0.40794213377534144,0.010298707392101205
TOI-1238 b,1.21,3.76,2.1234119782214154,442.0,4089.0,0.25,1133.0,0.19353968459025697,0.0013941796493981908,0.040684938825666254,15.757197669434573,0.0,1.4678729,0.10029139130647181,0.010297905082361168
GJ 3998 b,1.39,,0.9292196007259529,48.0,3726.0,0.0,733.5,0.0,0.0,0.0,10.453250844330253,0.0,0.85410154,0.23673160647680766,0.010294022503551374
LHS 1678 d,0.981,,0.958257713248639,9.1,3490.0,0.036,462.95,0.6200035474644029,0.14315154956182227,0.024683442859431293,3.789465479078913,2.3586667087326138e-88,1.2110735,0.15716005321793292,0.010290922347693056
Kepler-690 b,5.95,,0.14010889292196008,225.701,5913.0,0.0,964.0,0.0,0.0,0.0,123.62468783598662,0.0,0.403238,0.33671568297086474,0.01028520276624489
WASP-47 e,1.83,9.0,1.1415607985480944,3740.0,5565.0,0.0,1992.0,0.0,0.0,0.0,29.304945975705085,0.0,0.885722,0.22929042448959897,0.010284064911389158
Kepler-1060 b,2.38,,0.4627949183303085,17.416,5797.0,0.0,484.0,0.0,0.0,0.0,26.13413090004276,0.0,0.15069984,0.3926767803325254,0.010279225286356091
TOI-286 b,1.42,4.53,1.5662431941923778,889.5827,5152.0,0.0,979.0,0.0,0.0,0.0,18.785070933144326,0.0,0.85550153,0.23569026525736614,0.010276031052977284
K2-265 b,1.70824866,7.3418362017,1.4337568058076227,592.0,5420.0,0.16,1366.0,0.20639238175601307,0.001151582044043121,0.07624085056365194,29.93762664152118,0.0,0.6718999,0.2765415963892537,0.01027578263565916
TOI-132 b,3.42,22.4,0.558983666061706,860.0,5397.0,0.059,1395.0,0.2001527297886345,0.0008263080337963675,0.0756264358604357,93.66256459482932,0.0,0.252365,0.3695979377681691,0.01026806277304807
Kepler-381 d,1.0667865,,1.0108892921960073,436.7,6197.0,0.0,1387.0,0.0,0.0,0.0,5.14072934239266,0.0,0.8050667,0.24656401031261865,0.010267383579812843
Kepler-922 b,1.42,,0.9056261343012705,2142.634,5671.0,0.0,1876.0,0.0,0.0,0.0,10.861819693672095,0.0,0.7935554,0.2490430055103189,0.010265339574833148
Kepler-1532 b,1.35,,0.9691470054446462,1705.762,5559.0,0.0,1681.0,0.0,0.0,0.0,9.988023901731585,0.0,0.78730637,0.25033446186947916,0.010262892105644423
Kepler-1935 b,2.50271696,,0.43375680580762255,324.78,5570.0,0.0,1083.0,0.0,0.0,0.0,28.48197634680159,0.0,0.19993256,0.3809606744917472,0.010260510188961297
Kepler-650 b,2.96,,0.3484573502722323,1218.88,5849.0,0.0,1507.0,0.0,0.0,0.0,37.854138983760976,0.0,0.3811929,0.3404963415622377,0.010257453553762489
Kepler-205 b,1.51,,0.8366606170598911,102.562,4321.0,0.0,757.0,0.0,0.0,0.0,12.066151605498609,0.0,0.5517556,0.3023454767437125,0.010252736762938381
Kepler-1354 b,2.97,,0.3466424682395644,18.86,6168.0,0.0,466.0,0.0,0.0,0.0,38.039931450518424,0.0,0.17299429,0.3866049800667295,0.010251858504024387
Kepler-1438 b,0.94,,0.9346642468239565,561.12,5530.0,0.0,1490.0,0.0,0.0,0.0,3.251829752410044,0.0,0.80111283,0.24677649438186425,0.010250928258275803
Kepler-224 e,1.97,,0.5916515426497277,18.732,5018.0,0.0,517.0,0.0,0.0,0.0,18.94755991323829,0.0,0.22494498,0.3748627774691601,0.010247412779071
HD 134060 c,5.91,,0.1415607985480944,0.2515,5966.0,0.11,200.67,0.3756858820570678,0.1780181016186808,0.0908265213442014,122.40356189349647,0.958515406771181,0.98346364,0.20598702136029812,0.010245839001063264
Kepler-2000 b,2.73,,0.38656987295825773,18.73,3757.0,0.0,530.0,0.0,0.0,0.0,32.94614117139229,0.0,0.52155405,0.3087691725730421,0.010245394853808007
Kepler-251 e,2.77,,0.3793103448275862,3.548,5526.0,0.0,360.0,0.0,0.0,0.0,33.76934241377408,6.765783388211546e-05,0.24279365,0.37078956066171265,0.010244924950029016
55 Cnc e,1.875,7.99,1.208711433756806,2657.8322,5172.0,0.05,1958.0,0.18625307470205332,0.00026501125659501856,0.06961585724207356,33.37452211465166,0.0,0.7839819,0.25027475183055303,0.010243179635791093
Kepler-1814 c,1.76,,0.6860254083484574,2011.27,4922.0,0.0,1711.0,0.0,0.0,0.0,15.666313526372127,0.0,0.65616834,0.27859628148233356,0.010240122964187748
TOI-1347 b,1.8,11.1,1.7967332123411979,1876.1315,5464.0,0.0,1400.0,0.0,0.0,0.0,43.892439618096354,0.0,0.9497859,0.21316707211395794,0.010238070742286526
Kepler-157 b,1.32,,0.9981851179673321,1572.309,5774.0,0.0,1546.0,0.0,0.0,0.0,9.61659870480432,0.0,0.8081217,0.24466168362802101,0.010237246827250458
TOI-251 b,2.74,317.83,3.6885407869099276,277.7462,5875.0,0.0,1041.19,0.0,0.0,0.0,317.83,0.0,1.0833855,0.1833652471564124,0.01023637988951345
Kepler-446 b,1.5,,0.8457350272232306,16.213,3359.0,0.0,648.0,0.0,0.0,0.0,11.956297267836291,0.0,1.028974,0.19543944497082552,0.010235509020266716
KOI-351 e,2.66,,0.4010889292196007,10.228,6080.0,0.0,450.0,0.0,0.0,0.0,31.62089761807604,2.4309247923352455e-118,0.20257029,0.3792002563914767,0.010231582532490877
Kepler-125 b,2.37,,0.46460980036297644,33.184,3810.0,0.0,590.0,0.0,0.0,0.0,25.907291626626694,0.0,0.5080292,0.3112026811070335,0.010231182102508295
Kepler-896 b,2.53,,0.426497277676951,1.99,5262.0,0.0,303.0,0.0,0.0,0.0,28.931199246336508,0.9816987035563466,0.34471282,0.3474201805825496,0.010227993384181936
Gl 378 b,3.66,,0.26497277676951,38.5823,3879.0,0.109,830.0,0.286766470425509,0.020043297133083615,0.035075065448516615,54.41681542070515,0.0,0.40444928,0.3340203244645279,0.010225399341863551
Qatar-4 b,12.722215,1938.763,0.925589836660617,614.0,5215.0,0.0,1385.0,0.0,0.0,0.0,7983.537666272631,0.0,0.6946406,0.26936206763773757,0.010223554924756632
TOI-3071 b,7.16,68.2,0.18511796733212343,2579.61,6177.0,0.09,2155.0,0.11241930306658643,0.00017691880734174365,0.0964631084040994,284.62710081528525,0.0,0.71229947,0.265358204264044,0.010221735554068405
Kepler-895 b,1.54,,0.8166969147005445,106.585,4315.0,0.0,771.0,0.0,0.0,0.0,12.494293014196522,0.0,0.5408699,0.3032745999426491,0.010215915867176446
WASP-59 b,8.687,274.276,0.4355716878402904,38.0328,4650.0,0.1,670.0,0.2772634706315786,0.020881236460393363,0.055671314847455224,1196.0730823931688,0.0,0.25372314,0.36692026997714117,0.010209501077817469
TOI-5817 b,3.08,10.3,0.3502722323049002,126.8632,5770.0,0.2,950.0,0.2277461496849623,0.005321965215079479,0.0855906395255461,42.86930758648762,0.0,0.18828402,0.3811564121843016,0.010201423589482304
Kepler-366 b,1.46,,0.8747731397459166,1873.311,6209.0,0.0,1326.0,0.0,0.0,0.0,11.403616824159371,0.0,0.82827556,0.2384683445782756,0.010195139090661864
Kepler-1146 b,1.23,,1.0925589836660616,227.962,4692.0,0.0,1019.0,0.0,0.0,0.0,8.51625851203296,0.0,0.67989415,0.27140377825416295,0.010192980552563515
HD 207496 b,2.25,6.1,0.5753176043557169,72.9,4819.0,0.231,743.0,0.27211045874970535,0.010411313611650761,0.06018592723191888,27.450093432245385,0.0,0.35174322,0.3443604688746579,0.010191135155330973
Kepler-375 c,2.65,,0.40290381125226865,33.152,5826.0,0.0,720.0,0.0,0.0,0.0,31.40708332318338,0.0,0.10946621,0.39825946645850796,0.010190619915379142
K2-35 c,1.93,,0.6079854809437387,68.0,4402.71,0.12,766.0,0.3162182016442876,0.012814134074182037,0.04906528824063032,18.30854131939945,0.0,0.31703347,0.35185610070381107,0.01018548493039185
K2-250 b,2.71257333,,0.39019963702359345,169.218,5003.0,0.21,1003.0,0.21742181183255177,0.0038992610005022786,0.06510124485760393,32.62270228391879,0.0,0.25058442,0.36642831149954014,0.01018015145872084
Kepler-924 b,3.07,,0.33212341197822143,19.997,6167.0,0.0,610.0,0.0,0.0,0.0,40.25346096141755,0.0,0.16934054,0.3843711248220113,0.010176739397372106
TOI-332 b,3.2,57.2,1.7422867513611615,4180.32,5251.0,0.0,1871.0,0.0,0.0,0.0,239.14327828171116,0.0,0.9864297,0.2024985283423022,0.010176109946134578
Qatar-2 b,14.056,792.635,0.285480943738657,447.4134,4645.0,0.0,1344.0,0.0,0.0,0.0,3320.863146037617,0.0,0.69780916,0.26672251600130015,0.010175866406419395
Kepler-847 b,1.18,,1.0689655172413792,292.31,4940.0,0.0,1054.0,0.0,0.0,0.0,7.356958854492012,0.0,0.67065454,0.27268598549992124,0.010173896089445255
HD 213885 b,1.745,8.83,1.6606170598911072,1882.94,5978.0,0.0,2128.0,0.0,0.0,0.0,36.96105835046673,0.0,0.9655822,0.2070457395497679,0.010173829292543657
Kepler-185 b,1.17,,1.0653357531760437,475.507,5208.0,0.0,1237.0,0.0,0.0,0.0,7.147146709171989,0.0,0.7096979,0.2639695370334023,0.01017322636075341
Kepler-1298 b,1.31,,1.0072595281306715,1003.027,6339.0,0.0,1373.0,0.0,0.0,0.0,9.4851429509056,0.0,0.8450611,0.23383040816284675,0.010172896050473028
gam1 Leo b,12.5,,1.4246823956442831,228.5105,4330.0,0.144,1080.7,0.180126002031087,0.0027733389972719653,0.04712293636800523,11655.655593371841,0.0,0.9047925,0.22053200368262976,0.01017277472398791
Kepler-380 b,1.19,,1.0707803992740472,808.093,6045.0,0.0,1317.0,0.0,0.0,0.0,7.55840060344374,0.0,0.8138196,0.2407566385353938,0.010172237080166397
Kepler-1824 b,2.38127597,,0.4627949183303085,7.45,6002.0,0.0,421.0,0.0,0.0,0.0,26.17618667472595,2.469861268675838e-52,0.23940794,0.36843031368242823,0.010168185251957595
Kepler-1165 c,3.36093385,,0.29401088929219604,40.76,6249.0,0.0,644.0,0.0,0.0,0.0,46.75541533651454,0.0,0.1765233,0.38239795164177887,0.010167503886609941
HD 153557 b,4.77,,0.1869328493647913,59.2234,4837.0,0.065,772.12,0.2667618833470232,0.01278114291094469,0.06066677352138268,84.9824744319953,0.0,0.17415915,0.38291419291409207,0.010167259611023001
Kepler-1228 b,1.54,,0.8166969147005445,1598.664,5063.0,0.0,1757.0,0.0,0.0,0.0,12.494293014196522,0.0,0.6846341,0.269280302765254,0.010166636285239908
Kepler-1322 b,1.61,,0.7695099818511797,2651.424,5488.0,0.0,1666.0,0.0,0.0,0.0,13.451802895897226,0.0,0.7323292,0.2585145272056756,0.010162913554491445
Kepler-940 b,3.34,,0.29764065335753176,10.519,5769.0,0.0,486.0,0.0,0.0,0.0,46.45369443982614,8.36057589565838e-127,0.14412674,0.3893824664881188,0.010161944754893645
HD 28109 b,2.69,6.2,0.3266787658802178,33.4501,6189.0,0.0071,867.0,0.3891816708901461,0.0300129796257716,0.09678367259708041,26.635837431168593,0.0,0.16926427,0.38372495372826687,0.010160390728527143
Kepler-1825 b,1.42200732,,0.9056261343012705,1264.7,5123.0,0.0,1520.0,0.0,0.0,0.0,10.907947827791444,0.0,0.6998441,0.265031164931582,0.010145334123269416
Kepler-329 c,1.93,,0.6079854809437387,11.869,4257.0,0.0,402.0,0.0,0.0,0.0,18.30854131939945,6.188310876590763e-170,0.44341284,0.32199413402984983,0.010142695482573927
Kepler-1796 b,2.75047868,,0.38294010889292196,30.3,6036.0,0.0,598.0,0.0,0.0,0.0,33.37677065279848,0.0,0.13756482,0.3898426137237188,0.010137285559527084
Kepler-52 b,2.1,135.0,0.6079854809437387,22.72,4075.0,0.0,553.0,0.0,0.0,0.0,23.585207511772175,0.0,0.4550051,0.31912536709072026,0.010135574322434771
Kepler-964 b,2.12,,0.5372050816696915,43.916,5427.0,0.0,652.0,0.0,0.0,0.0,21.440568881959855,0.0,0.14738092,0.3875349538543152,0.010134252142091864
Kepler-1182 b,2.41,,0.455535390199637,197.882,5924.0,0.0,796.0,0.0,0.0,0.0,26.709260241159793,0.0,0.19907495,0.37590232111738137,0.010131099461633538
Kepler-770 c,1.2,,1.0798548094373865,833.588,5598.0,0.0,2740.0,0.0,0.0,0.0,7.816236909170915,0.0,0.7636732,0.2502285856340812,0.010130612930001438
Kepler-1987 b,1.23,,1.0925589836660616,233.38,4769.0,0.0,997.0,0.0,0.0,0.0,8.51625851203296,0.0,0.66559356,0.2720463566909155,0.010130358792516867
TOI-201 d,1.39,5.8,1.9963702359346642,389.669,6423.0,0.3,1237.0,0.1955057946298012,0.0015791271770237852,0.10303467436019785,22.458156110865776,0.0,1.3961589,0.1094427960577344,0.010130044182462033
Kepler-157 c,2.24,,0.5009074410163339,101.754,5774.0,0.0,779.0,0.0,0.0,0.0,23.582516529555242,0.0,0.16266038,0.3838181035041421,0.010126453436069358
K2-203 b,1.26549392,,1.0526315789473684,49.6336,5026.0,0.23,738.4,0.33595762239320753,0.017666049779618886,0.06571565956081933,8.936041826126676,0.0,0.67188776,0.2703747557676928,0.010123682860870882
TOI-1194 b,8.71664516,120.0,0.17967332123411978,203.685,5394.0,0.0,1264.29,0.0,0.0,0.0,498.4485143328273,0.0,0.38715369,0.3336947723692178,0.010122477214712594
WASP-5 b,12.184,502.15,0.29764065335753176,1559.4762,5700.0,0.038,1706.0,0.14016005014392063,0.00036577943262561745,0.08372068173316591,2255.0206825360224,0.0,0.6799079,0.26803033093940676,0.010109889264309982
Kepler-696 b,6.14,,0.13484573502722325,607.525,5903.0,0.0,1234.0,0.0,0.0,0.0,130.746760630965,0.0,0.5316765,0.30094397809353596,0.010108016439295788
Kepler-323 c,1.57,6.8,1.7422867513611615,700.0,6004.0,0.095,1431.0,0.2164320423863397,0.0010288179366135066,0.09184164128865994,28.242764240095397,0.0,0.8192806,0.23668560341251946,0.010101835930335985
Kepler-1579 b,0.84,,0.8747731397459166,396.64,4584.0,0.0,1139.0,0.0,0.0,0.0,2.1718103920093967,0.0,0.9214617,0.21384304523027783,0.010099329195301866
Kepler-1193 b,1.32,,0.9981851179673321,1286.386,5908.0,0.0,1453.0,0.0,0.0,0.0,9.61659870480432,0.0,0.7890174,0.2426631988852079,0.01008315762409547
HD 110082 b,3.2,,0.3139745916515427,198.3948,6200.0,0.2,957.2,0.20237135382925006,0.003158717873030754,0.09707752310731257,43.09561160701671,0.0,0.2944994,0.35248726551713244,0.01007740717007886
Kepler-1350 b,2.52,,0.4301270417422868,27.176,3827.0,0.0,535.0,0.0,0.0,0.0,28.832810577734715,0.0,0.48791224,0.3093796433733544,0.010075861982692651
Kepler-228 c,2.7,,0.3920145190562614,457.318,6043.0,0.0,1160.0,0.0,0.0,0.0,32.320796446052775,0.0,0.27805403,0.3560173612398127,0.01007420472984863
HD 17092 b,12.5,,1.6442831215970963,33.1963,4326.0,0.17,671.64,0.2513847301622444,0.022111710518751673,0.04701608163701193,13452.259831331068,0.0,0.9437008,0.20779242567259681,0.010072180802271923
Kepler-343 b,2.41,,0.455535390199637,206.072,5807.0,0.0,1024.0,0.0,0.0,0.0,26.709260241159793,0.0,0.1905536,0.3753606290865467,0.0100709907490679
Kepler-338 e,1.56,8.5,2.2323049001814885,428.524,5999.0,0.05,1143.0,0.2563000856619174,0.001903139704562994,0.09170807287491992,35.49898346558263,0.0,0.90439117,0.21643702260387598,0.010069618138735564
Kepler-1183 b,2.82,,0.3720508166969147,61.663,5765.0,0.0,555.0,0.0,0.0,0.0,34.949277047746776,0.0,0.094835535,0.3964726697161875,0.010066295057652533
Kepler-746 b,1.11,,1.029038112522686,421.61,5418.0,0.0,1156.0,0.0,0.0,0.0,5.895070533268197,0.0,0.69432634,0.26303115861362125,0.010065752795391866
Kepler-56 c,9.8,181.0,0.19237749546279492,317.206,4840.0,0.0,1087.0,0.0,0.0,0.0,758.4397786295303,0.0,0.5090467,0.30405661747698315,0.010060590152327027
Kepler-331 c,1.84,,0.6460980036297641,13.888,4347.0,0.0,425.0,0.0,0.0,0.0,16.859336442055245,3.0265967260449915e-246,0.42790467,0.32203360035137085,0.010058579568957653
TOI-198 b,1.36,3.17,1.250453720508167,7.2,3801.0,0.15,456.0,0.4932902377912529,0.13908507785373075,0.03299139819415313,13.175677541511302,1.0351957841321942e-47,1.0091287,0.19264764851731367,0.010057795883710665
Kepler-1592 b,1.54,,0.8166969147005445,1918.34,6213.0,0.0,1202.0,0.0,0.0,0.0,12.494293014196522,0.0,0.79240817,0.2407779049933584,0.010055282942724345
TOI-411 b,1.362,13.71,3.441016333938294,495.139,6169.0,0.126,1241.0,0.20338508621420737,0.0013095441160144985,0.09624939894213418,36.41720963730061,0.0,1.3307829,0.12077760645909645,0.010050785234897738
Kepler-1091 b,1.46,,0.8747731397459166,1740.858,5851.0,0.0,1664.0,0.0,0.0,0.0,11.403616824159371,0.0,0.7624833,0.24724326506268526,0.010050486251839803
Kepler-506 b,2.73,,0.38656987295825773,330.547,6236.0,0.0,1080.0,0.0,0.0,0.0,32.94614117139229,0.0,0.28179994,0.35417765636378107,0.010049402645810281
HD 155918 b,2.67,,0.3992740471869329,1153.7389,5771.84,0.194,1622.13,0.15354360545922136,0.0004742597110944081,0.08563979270180519,31.83416591062733,0.0,0.43678084,0.3196114914117805,0.010047567692582651
Kepler-264 b,3.33,,0.29945553539019965,79.478,6158.0,0.0,772.0,0.0,0.0,0.0,46.31841133282155,0.0,0.16225636,0.3804623339023019,0.010041505802908069
Kepler-298 d,2.5,,0.43375680580762255,1.715,4465.0,0.0,277.0,0.0,0.0,0.0,28.389316553537533,0.9813969869851081,0.5083164,0.30329064414007945,0.01003769957281649
Kepler-286 b,1.24,,1.0834845735027223,850.1,5580.0,0.0,1367.0,0.0,0.0,0.0,8.653193135100102,0.0,0.7497443,0.24951823674992718,0.010036676596471063
Kepler-1560 b,0.89,,0.9056261343012705,593.919,5815.0,0.0,1269.0,0.0,0.0,0.0,2.67428430798031,0.0,0.8562871,0.22571863080155724,0.010034507173175836
Kepler-826 b,1.25,,1.0725952813067152,827.221,6079.0,0.0,1305.0,0.0,0.0,0.0,8.775149625073578,0.0,0.7986245,0.23853100775950173,0.010033996794411155
K2-113 b,12.14,410.0007,0.3575317604355717,277.39,5660.0,0.0,1098.0,0.0,0.0,0.0,2679.5341527104197,0.0,0.45989504,0.3138607797540392,0.010032614462890395
Kepler-887 c,1.13,,1.043557168784029,407.977,6194.0,0.0,1089.0,0.0,0.0,0.0,6.307252035510905,0.0,0.77421063,0.24377875634588697,0.010029419170263586
Kepler-49 c,2.444,8.38,0.5643700544464609,12.341,4095.6,0.008,443.0,0.507775323672864,0.09417260865535099,0.04086124913179978,34.51089131454824,1.6901395248493244e-186,0.42046967,0.3222562334375941,0.010023274425510448
TOI-2096 c,1.914,,0.6152450090744103,3.7,3300.0,0.1,349.0,0.5408892227892247,0.2593702842698203,0.01960784313725346,18.070181261383908,9.272571578024352e-06,0.99229586,0.19493658084389914,0.010021868766800215
Kepler-1073 b,2.3,,0.4827586206896552,128.55,5792.0,0.0,905.0,0.0,0.0,0.0,24.6037981345829,0.0,0.16700742,0.3785613743659689,0.010020708530274846
Kepler-1106 b,1.65,,0.7459165154264974,2399.974,6104.0,0.0,2199.0,0.0,0.0,0.0,14.03558972895801,0.0,0.76356566,0.24553354075239053,0.010014274424753594
Kepler-446 c,1.11,,1.029038112522686,6.705,3359.0,0.0,520.0,0.0,0.0,0.0,5.895070533268197,3.224142963245787e-39,1.3050115,0.12488928129501131,0.010010751352167167
Kepler-833 b,2.02,,0.573502722323049,8.313,4339.0,0.0,382.0,0.0,0.0,0.0,19.800593202511692,5.690797331750575e-70,0.4208189,0.32100961276368317,0.009994457265123416
Kepler-11 b,1.8,1.9,0.3121597096188748,146.36,5663.0,0.045,849.0,0.30102549095470155,0.005976200545556284,0.08273227547147775,7.625757186174316,0.0,0.1958872,0.37094882548140296,0.00999148898015654
TOI-2095 c,1.33,7.4,0.7509105179932297,1.84,3759.0,0.0,297.0,0.0,0.0,0.0,7.4,0.9266163634829344,1.0627278,0.17784085905614447,0.00998684241260344
Kepler-1213 b,1.19,,1.0707803992740472,595.424,6050.0,0.0,1156.0,0.0,0.0,0.0,7.55840060344374,0.0,0.77145493,0.24229694317506364,0.009977767978021572
Kepler-796 b,1.3,,1.0163339382940109,962.264,5475.0,0.0,1109.0,0.0,0.0,0.0,9.35308959120289,0.0,0.71968997,0.25373594350175377,0.009975757855668932
Kepler-1240 b,1.15,,1.0490018148820328,539.129,5682.0,0.0,1121.0,0.0,0.0,0.0,6.682798553472235,0.0,0.7209425,0.25340252143106873,0.009974410119077775
K2-233 b,1.315,2.4,1.0344827586206897,269.0,4796.0,0.0,1127.0,0.0,0.0,0.0,9.853468319546218,0.0,0.61995184,0.2757520266033884,0.00997129281850205
Kepler-1875 b,3.22686692,,0.3121597096188748,23.05,6161.0,0.0,559.0,0.0,0.0,0.0,43.93479680321072,0.0,0.16330443,0.37734041769343796,0.009970290667484692
Kepler-1523 b,1.58,,0.7894736842105263,2218.145,5708.0,0.0,1676.0,0.0,0.0,0.0,13.04360168701691,0.0,0.7205435,0.25320990039687197,0.009967472061729822
NGTS-13 b,12.800678,1538.2972,0.7295825771324863,1096.0,5819.0,0.086,1605.0,0.14850832426278116,0.0005418342215676584,0.0868996099802191,6410.058348386044,0.0,0.69196516,0.25944758448801486,0.00996445058076078
Kepler-573 b,2.79,,0.3756805807622504,46.44,5746.0,0.0,646.0,0.0,0.0,0.0,34.17590043095715,0.0,0.0914584,0.3930912438740509,0.009964402273851484
Kepler-1369 b,2.69,,0.3938294010889292,37.158,5761.0,0.0,667.0,0.0,0.0,0.0,32.11098179201991,0.0,0.09849956,0.39150011451284694,0.00996380846133109
Kepler-120 b,2.15,8.5,0.852994555353902,42.692,4096.0,0.0,575.0,0.0,0.0,0.0,35.509965317971236,0.0,0.49982587,0.30212287687869444,0.009962324994951421
HD 224018 c,2.42,10.4,0.7259528130671506,28.2444,5784.0,0.02,641.0,0.4979103134427884,0.04456556273062557,0.08596463108402636,43.09660901041936,0.0,0.16449454,0.3767021162599823,0.00996108420228354
Kepler-633 c,2.296,,0.4845735027223231,115.4,5877.0,0.0,725.0,0.0,0.0,0.0,24.567667346175167,0.0,0.1725223,0.3749037377373597,0.009960794261099894
HD 51608 b,3.62,,0.26860254083484575,50.8256,5358.0,0.09,759.92,0.29222323786778015,0.015775510971572017,0.07458460223324624,53.37334694188891,0.0,0.032352846,0.4060724453091729,0.009960136764547574
Kepler-309 c,2.51,,0.4319419237749546,2.142,4713.0,0.0,204.0,0.0,0.0,0.0,28.611137990783305,0.9055011275238417,0.40828317,0.3222094175369061,0.00995525641886329
HIP 113103 b,1.829,,0.6515426497277677,55.7356,4930.0,0.17,721.0,0.31774961206704877,0.01530938099472883,0.06315114601698037,16.698312156847958,0.0,0.27829367,0.35113651997559736,0.009955190511711993
Kepler-80 d,1.53,6.75,1.2776769509981851,164.625,4540.0,0.0041,722.0,0.31096997447135205,0.005585505881613726,0.052732809745147505,19.16831607499621,0.0,0.6453737,0.26936503665448636,0.009953314770436178
Kepler-49 d,1.6,235.982,3.6297640653357535,64.39,4252.0,0.0,717.0,0.0,0.0,0.0,62.27689538586229,0.0,1.3154879,0.11986884941833598,0.0099444617289548
HD 3167 b,1.601,4.844,1.177858439201452,1650.0,5338.0,0.0,1781.0,0.0,0.0,0.0,20.24676783843153,0.0,0.77374864,0.24041812428997603,0.009944033789358899
Kepler-402 b,1.22,,1.087114337568058,619.844,6090.0,0.0,1311.0,0.0,0.0,0.0,8.268815940386196,0.0,0.77685094,0.239725438987159,0.009943978103855953
Kepler-54 d,1.53,12.0946,1.6696914700544463,3.425,4252.0,0.0,328.0,0.0,0.0,0.0,25.04950396164277,0.00029464004212247465,0.990503,0.19214505025391365,0.009943211134444716
Kepler-1099 b,2.83,,0.37023593466424687,766.344,5837.0,0.0,1558.0,0.0,0.0,0.0,35.15009348862319,0.0,0.3091848,0.3437752883540353,0.00994320241880773
TOI-1468 b,1.401,3.04,1.1070780399274047,36.4,3376.0,0.0099,683.5,0.4711401724880305,0.033310562836271616,0.021638083026125545,12.752086539604077,0.0,1.0967033,0.16850390334926285,0.009943069311679275
K2-35 b,1.32,,0.9981851179673321,211.0,4402.71,0.13,979.0,0.2759471892341744,0.003935186718864283,0.04906528824063261,9.61659870480432,0.0,0.6542842,0.26695041400990116,0.009942675583356868
Kepler-594 b,2.18,,0.5190562613430127,59.396,5485.0,0.0,678.0,0.0,0.0,0.0,22.525400652961082,0.0,0.13930885,0.3814977589494863,0.009941126052857295
K2-216 b,1.75,8.0,1.4882032667876588,248.0,4503.0,0.0,1103.0,0.0,0.0,0.0,33.40911788220905,0.0,0.708592,0.25476462163389985,0.009940226702106224
Kepler-337 c,2.05,,0.5626134301270418,376.21,5684.0,0.0,1017.0,0.0,0.0,0.0,20.303003404778963,0.0,0.28975388,0.34794240334363713,0.009939323827772748
Kepler-1039 b,1.46,,0.8747731397459166,668.128,4870.0,0.0,2080.0,0.0,0.0,0.0,11.403616824159371,0.0,0.6114391,0.27616734460370473,0.009934824800856104
K2-43 b,4.51,,0.20145190562613433,49.0,3840.6,0.07,939.3,0.2723300653323448,0.015547153893297182,0.03404926003098132,77.40867163936643,0.0,0.47587532,0.30628945066612,0.009933635084529786
Kepler-606 b,3.31,,0.30308529945553536,71.843,6161.0,0.0,683.0,0.0,0.0,0.0,46.04022770879793,0.0,0.1592746,0.37671429421360036,0.009932744048388202
Kepler-589 c,1.11727238,,1.0362976406533575,344.61,5372.0,0.0,1098.0,0.0,0.0,0.0,6.054109990542789,0.0,0.67197233,0.2624585501361356,0.009928986026203006
Kepler-1098 b,1.3,,1.0163339382940109,995.67,5794.0,0.0,1319.0,0.0,0.0,0.0,9.35308959120289,0.0,0.7451073,0.24608883201726633,0.009926688464049085
Kepler-126 b,1.52,,1.0458321234119783,298.088,6239.0,0.07,1009.0,0.2862541957733977,0.0029797297848187976,0.09811935673450568,15.384427888549407,0.0,0.55410683,0.2883686859209288,0.00992106270972278
Kepler-722 b,2.63,,0.4065335753176044,414.601,5863.0,0.0,1182.0,0.0,0.0,0.0,30.977921453731273,0.0,0.24208784,0.35777934707842046,0.009920307245754942
Kepler-403 b,1.25,,1.0725952813067152,689.457,6090.0,0.0,1194.0,0.0,0.0,0.0,8.775149625073578,0.0,0.7741863,0.2392706105811114,0.009918145165203009
Kepler-1205 b,1.41,,0.9147005444646098,1038.493,5226.0,0.0,1667.0,0.0,0.0,0.0,10.74050953174657,0.0,0.6656932,0.26328557883537573,0.009914923323932453
Kepler-392 b,1.0,,0.9691470054446462,450.654,5938.0,0.0,1125.0,0.0,0.0,0.0,4.0595534834045965,0.0,0.7837507,0.23700121019397036,0.009914674111245508
Kepler-107 b,1.536,3.8,1.0526315789473684,1073.0,5854.0,0.1,1592.0,0.20984123817269087,0.0006762628457934001,0.08783458887641188,15.97859728167081,0.0,0.65136695,0.26633570583553096,0.009911514801628524
CoRoT-13 b,9.92,415.704,0.4246823956442831,546.5339,5945.0,0.0,1700.0,0.0,0.0,0.0,1736.5523670520486,0.0,0.46776772,0.3071611103373143,0.00991064024493962
Kepler-1667 b,2.98385261,,0.3448275862068966,9.3,5941.54,0.0,655.0,0.0,0.0,0.0,38.37273127840353,2.628858118527588e-93,0.17374769,0.37236071925874675,0.009904823651544627
Kepler-207 c,1.5,,0.8457350272232306,1742.715,5920.0,0.0,1556.0,0.0,0.0,0.0,11.956297267836291,0.0,0.73758525,0.2468577402676764,0.009904373522184859
Kepler-338 b,2.44,30.6,2.1052631578947367,256.606,5923.0,0.04,1005.0,0.2790262255077657,0.0033951443473400817,0.08967783298604849,128.10452742367926,0.0,0.67082393,0.2617063782636581,0.009904141385650274
TOI-406.01,2.08,6.57,0.7441016333938294,3.0,3392.0,0.056,368.0,0.6234098523178147,0.34837360590980493,0.022065501950097297,28.04857952836158,0.018092011481473384,0.9733216,0.19436339949257303,0.009903631438144054
Kepler-1669 c,1.90120972,,0.6188747731397459,199.28,4224.0,0.0,958.0,0.0,0.0,0.0,17.81482117908301,0.0,0.4762238,0.30464060138074467,0.00989489745664991
Kepler-1186 b,2.23,,0.5027223230490019,85.385,5635.0,0.0,724.0,0.0,0.0,0.0,23.352391807810356,0.0,0.14567883,0.3781969173834006,0.009894699567417101
Kepler-570 b,2.45,,0.4446460980036298,214.04,5496.0,0.0,1009.0,0.0,0.0,0.0,27.39058752420916,0.0,0.1642789,0.373879580057321,0.009890316085755477
Kepler-586 b,2.79,,0.3756805807622504,705.051,5575.0,0.0,1365.0,0.0,0.0,0.0,34.17590043095715,0.0,0.27663478,0.3486994058868762,0.009886005707120057
TOI-6054.01,2.64,12.5,0.6715063520871144,570.0,6047.0,0.164,1360.0,0.19463361875057217,0.0011521738757592362,0.09299032964682973,51.754785756765074,0.0,0.36856484,0.32819741775078476,0.00988495751206085
Kepler-622 b,2.13,,0.5353901996370236,12.486,4201.0,0.0,446.0,0.0,0.0,0.0,21.67194234972401,9.463055342671289e-192,0.41559783,0.3176217504958382,0.009882288612007104
Kepler-1237 b,2.86,,0.36479128856624315,4.042,5472.0,0.0,366.0,0.0,0.0,0.0,35.74630587748713,5.622276607138482e-08,0.2217175,0.3605022016727806,0.009875668415167639
CoRoT-17 b,11.43,772.29,0.5117967332123412,640.9232,5740.0,0.0,1626.0,0.0,0.0,0.0,3201.2884664280655,0.0,0.5404841,0.2890300420838844,0.009862623119944836
WASP-144 b,9.52765,139.8452,0.1724137931034483,775.8849,5200.0,0.0,1260.0,0.0,0.0,0.0,624.6230409966741,0.0,0.59507823,0.2768770034127377,0.009862552867922503
Kepler-1055 b,1.23,,1.0925589836660616,647.256,5723.0,0.0,1304.0,0.0,0.0,0.0,8.51625851203296,0.0,0.7270492,0.24743843132987725,0.009860880904046136
Kepler-806 b,1.14,,1.043557168784029,413.603,5770.0,0.0,1089.0,0.0,0.0,0.0,6.476187426891155,0.0,0.69961196,0.2533296578977394,0.009855579138671937
Kepler-298 c,1.93,,0.6079854809437387,8.696,4465.0,0.0,416.0,0.0,0.0,0.0,18.30854131939945,1.2558512313061014e-78,0.39970374,0.3198435488414044,0.009849857098098946
Kepler-783 c,2.33153725,,0.4754990925589837,113.3,5411.49,0.0,840.0,0.0,0.0,0.0,25.244418829708586,0.0,0.13635397,0.3783074845202012,0.009846262511907188
Kepler-400 b,1.65,,0.7459165154264974,183.39,5886.0,0.0,939.0,0.0,0.0,0.0,14.03558972895801,0.0,0.36734638,0.326796523645463,0.009843735418266629
HD 145934 b,13.4,658.540459304,0.2722323049001815,0.9461,4823.75,0.078,276.92,0.4504652233767405,0.5170300697783878,0.06031281722496797,2743.738167031948,0.9999999963786954,0.82919884,0.2236907691623184,0.009835888042944352
TOI-178 c,1.754,4.64,0.8705709618874774,97.6159,4316.0,0.00032,873.0,0.21323354611298803,0.006219179285395497,0.046748944809526835,19.678027060208557,0.0,0.50296974,0.29626147484556076,0.00983507161334168
Kepler-266 b,2.48,,0.43920145190562615,230.403,5885.0,0.0,1066.0,0.0,0.0,0.0,28.06127623040837,0.0,0.19849354,0.3640145277586002,0.009834835701740001
Kepler-1162 b,2.21,,0.5099818511796733,12.245,5390.0,0.0,490.0,0.0,0.0,0.0,23.057921240007,4.52735192643115e-183,0.17447165,0.3693498068974784,0.009834566770660892
Kepler-289 b,2.49,3.7,0.2631578947368421,27.371,5990.0,0.0,607.0,0.0,0.0,0.0,17.01778583954034,0.0,0.18090348,0.36790021823214514,0.00983411925126974
Kepler-541 b,3.36,,0.29401088929219604,1452.904,6166.0,0.0,1673.0,0.0,0.0,0.0,46.71645258164611,0.0,0.4706264,0.30329676051121174,0.009831056004833232
NGTS-10 b,13.506845,687.14846,0.2595281306715064,3716.1785,4600.0,0.0,1332.0,0.0,0.0,0.0,2678.766111564759,0.0,1.0664389,0.17066404562893703,0.009830272000982056
Kepler-1894 b,1.20117759,,1.0762250453720508,544.05,5772.0,0.0,1231.0,0.0,0.0,0.0,7.812919815275533,0.0,0.7156573,0.24869095846344313,0.009829256022606404
Kepler-774 b,3.17,,0.3194192377495463,451.177,6403.0,0.0,1422.0,0.0,0.0,0.0,42.62137584624826,0.0,0.35309833,0.3293081144948899,0.009827479523755341
Kepler-755 c,1.26,,1.0617059891107077,302.574,5043.0,0.0,1016.0,0.0,0.0,0.0,8.896199466231437,0.0,0.6235156,0.2687068724814153,0.009817159626959462
K2-126 b,1.97,,0.5916515426497277,35.3,4339.0,0.06,601.0,0.4004910209482798,0.029270198279043196,0.047363359512735945,18.94755991323829,0.0,0.3115773,0.3379997372080636,0.009813942815637106
Kepler-1651 b,1.84,,0.6460980036297641,5.65,3713.0,0.13,393.0,0.49466411663003773,0.17154090365465563,0.030640594112301103,16.859336442055245,6.970759256216112e-24,0.74185693,0.24218336987570993,0.009812572368813515
Kepler-187 c,2.67,,0.3992740471869329,324.134,6105.0,0.0,963.0,0.0,0.0,0.0,31.83416591062733,0.0,0.25354427,0.35084986426654835,0.009812330607628183
Kepler-55 d,1.59,,0.7822141560798548,195.005,4503.0,0.0,931.0,0.0,0.0,0.0,13.170602833581443,0.0,0.49562225,0.2969551691272399,0.009811859795946978
Kepler-341 b,1.18,,1.0689655172413792,422.097,6012.0,0.0,1085.0,0.0,0.0,0.0,7.356958854492012,0.0,0.7254286,0.24535968438595426,0.009800741290653215
TOI-1416 b,1.62,3.48,0.8166969147005445,883.0,4884.0,0.0,1517.0,0.0,0.0,0.0,14.544358400723745,0.0,0.5881125,0.2756708996798684,0.009794599238886594
Kepler-1821 b,2.59248115,,0.41379310344827586,40.61,5475.0,0.0,644.0,0.0,0.0,0.0,30.200816138404555,0.0,0.08774697,0.38665831137008166,0.009785445464597052
Kepler-589 b,2.27,,0.49183303085299457,32.142,5296.0,0.0,656.0,0.0,0.0,0.0,24.098159408961518,0.0,0.12746891,0.3776655532901903,0.00978168703558584
Kepler-1367 b,0.92,,0.9237749546279492,225.233,4106.0,0.0,998.0,0.0,0.0,0.0,3.0131328121510252,0.0,0.97718316,0.18820701192005732,0.009773043078346701
HD 21520 b,2.697,17.7,0.24500907441016337,25.7431,5871.0,0.0,637.0,0.0,0.0,0.0,20.133237575135606,0.0,0.16200398,0.369625935891434,0.009772967754919247
Kepler-331 b,1.82,,0.6569872958257714,35.984,4347.0,0.0,540.0,0.0,0.0,0.0,16.59051031687569,0.0,0.40090305,0.3163905481107264,0.009771309375387088
L 98-59 b,0.837,0.46,0.7803992740471869,24.5,3415.0,0.031,620.0,0.5042331770323146,0.05016447972076154,0.022679916653308572,1.916822241562379,0.0,1.2526053,0.12682695863921248,0.009770983631396122
TOI-1749 c,2.12,14.0,0.3507775929258929,36.1539,3985.0,0.019,673.0,0.42390296350711465,0.030394765464256953,0.03790671581983688,13.999999999999998,0.0,0.42991138,0.3098085528303629,0.009768201710316353
TOI-2018 b,2.268,9.2,0.7858439201451906,26.0758,4174.0,0.0,576.34,0.0,0.0,0.0,38.40201893897047,0.0,0.44212347,0.30675788092779566,0.009759996710630674
GJ 3929 b,1.09,1.75,1.32486388384755,17.3,3384.0,0.0,568.0,0.0,0.0,0.0,7.186862970568876,0.0,1.3281114,0.10950911503391395,0.009758321725095331
Kepler-1575 b,1.31,,1.0072595281306715,803.679,5667.0,0.0,1312.0,0.0,0.0,0.0,9.4851429509056,0.0,0.69349164,0.2505448586941332,0.009753344086889229
Kepler-1436 b,1.31,,1.0072595281306715,772.079,5972.0,0.0,1001.0,0.0,0.0,0.0,9.4851429509056,0.0,0.7237558,0.24366751714562065,0.009749845308686712
TOI-1776 b,1.21612741,1.4,0.7495462794918331,560.3349,5785.0,0.0,1269.21,0.0,0.0,0.0,5.6470845896759245,0.0,0.6091392,0.26913086357246085,0.009748733124411768
CoRoT-18 b,14.68,1102.82,0.3992740471869329,823.7009,5440.0,0.08,1550.0,0.14268221511632598,0.0006809005796985698,0.0767751242186105,5291.0011754254365,0.0,0.6397913,0.2622398454530543,0.009747025943705846
TOI-1742 b,2.36507598,9.7,0.7259528130671506,58.618,5815.0,0.3,694.09,0.2813594180043152,0.013098580770380397,0.08679275524922397,40.22835684434704,0.0,0.5656056,0.2787379164104339,0.009746722478935347
Kepler-55 e,1.55,,0.809437386569873,73.157,4503.0,0.0,728.0,0.0,0.0,0.0,12.626034267217095,0.0,0.46440393,0.30112826675863164,0.009743454514186803
WASP-132 c,1.841,6.26,0.9927404718693285,791.0,4686.0,0.0,1329.0,0.0,0.0,0.0,25.946913397636227,0.0,0.6222574,0.2659266206809742,0.009741713720486444
Kepler-337 b,1.54,,0.8166969147005445,1589.012,5684.0,0.0,1458.0,0.0,0.0,0.0,12.494293014196522,0.0,0.6732217,0.25432842676373374,0.00973540637423239
LHS 1903 b,1.382,3.28,1.2377495462794919,66.66,3664.0,0.015,796.0,0.4389324035020353,0.017947633648824613,0.02933162365763646,13.685022450747013,0.0,0.97693,0.1867301656241796,0.009735245290513447
Kepler-821 b,1.31,,1.0072595281306715,496.82,5191.0,0.0,1215.0,0.0,0.0,0.0,9.4851429509056,0.0,0.6274811,0.2644788507257528,0.009734682349939381
Ross 176 b,1.84,4.57,0.7313974591651543,36.2,4041.0,0.25,682.0,0.3188835257211914,0.022798325084292734,0.03940268205374382,19.08514771389962,0.0,0.7351147,0.24050387495876202,0.009734174154692686
HIP 41378 c,2.74,5.97,0.29038112522686027,54.0,6290.0,0.044,757.0,0.3410100802569127,0.01713927467741608,0.09948175455465755,25.021231528300493,0.0,0.16793606,0.3667271453697005,0.009734050530779354
Kepler-1370 c,1.27,,1.0471869328493648,503.722,6202.0,0.0,1075.0,0.0,0.0,0.0,8.985122168369157,0.0,0.740203,0.2393304063267294,0.009733162496692205
TOI-5789 b,1.26,,1.0562613430127044,360.2797,5185.0,0.0,1201.0,0.0,0.0,0.0,8.850577930507177,0.0,0.6262502,0.2646397809119082,0.00973189633001494
Kepler-945 b,2.63,,0.4065335753176044,31.702,5718.0,0.0,616.0,0.0,0.0,0.0,30.977921453731273,0.0,0.100226805,0.38167021564785486,0.00973094558128709
Kepler-556 b,2.24,,0.5009074410163339,81.641,5740.0,0.0,766.0,0.0,0.0,0.0,23.582516529555242,0.0,0.15108658,0.37030639858526715,0.00972984274044948
K2-32 c,3.134,8.1,0.2595281306715064,26.2,5271.0,0.049,634.0,0.3718618817514638,0.03589330035604979,0.07226051183414403,33.463396886097534,0.0,0.0615929,0.3900425364631625,0.009725377925972008
TOI-1759 b,3.14,10.8,0.3466424682395644,6.39,4065.0,0.0,443.0,0.0,0.0,0.0,44.953066415485175,3.2837668491724516e-34,0.43521318,0.30687170267408415,0.00972488795572134
Kepler-1274 b,1.42,,0.9056261343012705,975.81,6179.0,0.0,1384.0,0.0,0.0,0.0,10.861819693672095,0.0,0.7288216,0.2415145583546785,0.00972456231899644
Kepler-1718 b,2.5685207,,0.4192377495462795,3.7,5731.0,0.0,345.0,0.0,0.0,0.0,29.757620483118746,9.370852937444435e-06,0.2619864,0.3453377722711086,0.009722758720437114
HIP 113103 c,2.4,,0.4573502722323049,180.487,4930.0,0.17,585.0,0.23186983287719318,0.00389961498926814,0.06315114601697912,26.483249762837925,0.0,0.21358462,0.35603813707813026,0.009720991529308057
Kepler-743 b,1.21,,1.0816696914700545,397.252,5486.0,0.0,1101.0,0.0,0.0,0.0,8.026743428190604,0.0,0.658044,0.256645232476266,0.009709247289995712
Kepler-166 b,2.27,,0.49183303085299457,77.543,5413.0,0.0,772.0,0.0,0.0,0.0,24.098159408961518,0.0,0.13019927,0.3739676753197086,0.009705502685554637
Kepler-158 c,1.9,,0.6206896551724138,6.677,4623.0,0.0,418.0,0.0,0.0,0.0,17.83297987114956,9.724935565657311e-39,0.38945764,0.31609429734515343,0.009701208121917566
TOI-1235 b,1.69,6.69,1.3157894736842106,60.3,3997.0,0.049,775.0,0.38725882767407593,0.01745222946134545,0.03822728001282058,26.603276657335254,0.0,0.72726697,0.24077466935595992,0.009697792070149838
Kepler-920 b,2.42,,0.4537205081669692,153.138,5403.0,0.0,907.0,0.0,0.0,0.0,26.935380631512096,0.0,0.14274766,0.37081993425059656,0.009696749790078436
Kepler-713 b,2.48,,0.43920145190562615,228.283,5785.0,0.0,905.0,0.0,0.0,0.0,28.06127623040837,0.0,0.18536635,0.36127780971918216,0.009695341306143818
Kepler-1990 c,0.98,,0.958257713248639,442.08,5751.0,0.0,1170.0,0.0,0.0,0.0,3.777888708645207,0.0,0.7668295,0.231713305547285,0.00969146747821607
Kepler-1896 b,3.09935997,,0.3284936479128857,19.5,6122.0,0.0,536.0,0.0,0.0,0.0,40.96676249454488,0.0,0.16046092,0.3663620769256078,0.009684036385283297
TOI-6303 b,11.59,2493.0,1.6007259528130673,14.28,3977.0,0.02,541.0,0.411961855263169,0.07557509798169952,0.037693006357854865,10438.92803171245,1.0872965265370351e-262,1.0126016,0.17662960113275147,0.009681952461891368
Kepler-198 d,1.53,,0.823956442831216,1444.516,5636.0,0.0,1562.0,0.0,0.0,0.0,12.36138565063676,0.0,0.65750206,0.2556586183453873,0.009681950714393652
K2-199 b,1.73,6.9,1.3067150635208713,116.2,4491.0,0.02,913.0,0.38653267759468257,0.009594784342542179,0.051423839290480805,28.340520112494197,0.0,0.581586,0.272521447640946,0.00968114585665419
Kepler-1552 b,2.47,,0.44101633393829404,1.854,5202.0,0.0,268.0,0.0,0.0,0.0,27.837750867808452,0.9810664283135114,0.3653315,0.3206480454264136,0.009681099895704152
Kepler-1167 b,1.71,,0.7114337568058077,1039.697,4971.0,0.0,1419.0,0.0,0.0,0.0,14.900862549177393,0.0,0.54818666,0.27968114422291607,0.009674403401525436
Kepler-173 b,1.29,,1.0272232304900182,599.495,6031.0,0.0,1179.0,0.0,0.0,0.0,9.2368219572636,0.0,0.71262,0.24298032210345924,0.009671804940366034
HIP 41378 g,2.5,6.81,0.43375680580762255,22.3,6290.0,0.055,605.0,0.4210825796082026,0.046407575163787844,0.09948175455466014,28.389316553537533,0.0,0.1715292,0.36336233192113143,0.009670811244494645
Kepler-256 d,2.48,,0.43920145190562615,221.1,5551.0,0.0,1097.0,0.0,0.0,0.0,28.06127623040837,0.0,0.16566259,0.3646384010710658,0.009670082116972423
Kepler-611 b,1.65,,0.7459165154264974,1825.301,5761.0,0.0,1513.0,0.0,0.0,0.0,14.03558972895801,0.0,0.656683,0.25525242992546815,0.009667442951116476
Kepler-1363 b,1.25,,1.0725952813067152,191.919,4839.0,0.0,988.0,0.0,0.0,0.0,8.775149625073578,0.0,0.6216165,0.26302532696678393,0.009666670714587239
Kepler-283 c,1.82,,0.6569872958257714,0.949,4351.0,0.0,240.0,0.0,0.0,0.0,16.59051031687569,0.969816637480068,0.7794594,0.22775833941251233,0.009663261293601493
Kepler-49 b,2.579,9.77,0.5593667876588022,21.481,4095.6,0.0,509.0,0.0,0.0,0.0,40.191971737474994,0.0,0.38982016,0.31432125198541117,0.009659485713604254
Kepler-187 b,1.41,,0.9147005444646098,902.239,6105.0,0.0,1244.0,0.0,0.0,0.0,10.74050953174657,0.0,0.70895326,0.24328749667797167,0.009659259387673064
Kepler-587 b,2.23,,0.5027223230490019,70.965,5549.0,0.0,764.0,0.0,0.0,0.0,23.352391807810356,0.0,0.1360359,0.3707663367992536,0.009658602950046622
Kepler-487 d,2.77513568,,0.3793103448275862,550.8,5422.0,0.0,1226.0,0.0,0.0,0.0,33.95751961009076,0.0,0.24028166,0.3475383160435197,0.009657921710389811
Kepler-520 c,1.07,,1.0090744101633393,351.69,6112.0,0.0,1107.0,0.0,0.0,0.0,5.178012983804405,0.0,0.7596477,0.23178770366228027,0.009653897381706144
Kepler-1136 b,1.64,,0.7531760435571688,150.055,4512.0,0.0,922.0,0.0,0.0,0.0,13.916071494991721,0.0,0.45375603,0.29978796403754726,0.009651989484811913
GJ 740 b,1.53,,0.823956442831216,79.0,3913.0,0.24,829.0,0.28487361294913877,0.010020690732738084,0.03598333066196211,12.36138565063676,0.0,0.86834574,0.20745559131780447,0.009650424902784773
Kepler-1832 b,1.22719556,,1.0907441016333939,257.32,5242.0,0.0,1022.0,0.0,0.0,0.0,8.444089123460353,0.0,0.6141418,0.263988020739047,0.00964939283820018
Kepler-80 e,1.6,4.13,0.6805807622504537,94.781,4540.0,0.0035,629.0,0.33090163248166526,0.009827396944873145,0.05273280974514468,11.676917884849178,0.0,0.4066104,0.3099607360602989,0.00964410762495691
Kepler-363 d,2.05,,0.5626134301270418,203.761,5593.0,0.0,905.0,0.0,0.0,0.0,20.303003404778963,0.0,0.2260361,0.35011791392205893,0.009643356036514549
Kepler-113 b,1.82,11.7,1.9473684210526316,105.333,4725.0,0.0,775.0,0.0,0.0,0.0,49.17573914366744,0.0,0.7233068,0.23927157494112616,0.009639007326458567
Kepler-912 b,2.8,,0.3756805807622504,519.95,5998.0,0.0,1218.0,0.0,0.0,0.0,34.54470194759067,0.0,0.28106782,0.33752963459332314,0.00963495636769897
Kepler-96 b,2.67,8.46,0.4101633393829401,57.524,5690.0,0.0,711.0,0.0,0.0,0.0,32.70237043546262,0.0,0.09425019,0.37909601722032554,0.009634690992773427
Kepler-1987 c,1.33,,0.987295825771325,129.44,4769.0,0.0,860.0,0.0,0.0,0.0,9.729506959408015,0.0,0.54993856,0.27764839038307626,0.009633901421259547
Kepler-842 b,1.6,,0.7767695099818512,588.95,4848.0,0.0,1252.0,0.0,0.0,0.0,13.327255612574529,0.0,0.528556,0.2823120684543346,0.009631556535475498
Kepler-1355 b,1.46,,0.8747731397459166,944.873,5352.0,0.0,1448.0,0.0,0.0,0.0,11.403616824159371,0.0,0.6166303,0.26253526009974654,0.009627231098681317
Kepler-247 d,3.94,,0.23956442831215974,19.21,5100.0,0.0,530.0,0.0,0.0,0.0,61.37614499502956,0.0,0.1358313,0.36953859333436223,0.009627212386664079
Kepler-172 d,2.25,,0.4972776769509982,75.29,5526.0,0.0,736.0,0.0,0.0,0.0,23.726579181183713,0.0,0.1344456,0.36956317670851113,0.009620215480559198
Kepler-1320 b,1.7,,0.7168784029038113,672.113,4817.0,0.0,1389.0,0.0,0.0,0.0,14.753017929338723,0.0,0.5108482,0.2856884786978711,0.009617638873303136
Kepler-1610 c,2.09,,0.5480943738656987,8.34,5295.0,0.0,433.0,0.0,0.0,0.0,20.959591388792457,1.4529698393582837e-70,0.22812065,0.3483440423567237,0.009611061526997785
Kepler-1938 b,1.82828927,,0.6533575317604357,18.25,4522.0,0.0,527.0,0.0,0.0,0.0,16.72531256088653,0.0,0.36481714,0.31791297437578797,0.009610849133726097
Kepler-252 c,2.15,,0.5281306715063522,20.507,4208.0,0.0,499.0,0.0,0.0,0.0,21.985957250063045,0.0,0.3830549,0.31377973887614385,0.009609016584370548
TOI-1824 b,2.7438269,16.0,0.7695099818511797,14.6287,5165.0,0.0,528.67,0.0,0.0,0.0,66.58447742808423,8.84900486985993e-278,0.19623885,0.3552186209246167,0.009605616393340226
LP 791-18 b,1.212,,1.087114337568058,24.14,2960.0,0.0,564.3,0.0,0.0,0.0,8.107215034537255,0.0,1.4681448,0.0720081784566945,0.009602121551379007
Kepler-901 b,1.37,,0.9509981851179674,68.723,4184.0,0.0,704.0,0.0,0.0,0.0,10.243066656898016,0.0,0.66809845,0.25001573466374033,0.009600974256456285
Kepler-1095 b,1.21,,1.0816696914700545,356.54,5658.0,0.0,1108.0,0.0,0.0,0.0,8.026743428190604,0.0,0.6536289,0.2532075643064544,0.009600273140559078
Kepler-652 b,2.49,,0.4373865698729583,211.884,5490.0,0.0,974.0,0.0,0.0,0.0,28.284733705718782,0.0,0.15954934,0.3631092407043449,0.009598841574073072
Kepler-1528 b,1.46,,0.8747731397459166,1106.851,5857.0,0.0,1549.0,0.0,0.0,0.0,11.403616824159371,0.0,0.6692536,0.24961025726159788,0.009597315769342325
Kepler-1388 d,2.86,,0.36479128856624315,8.66,4098.0,0.0,363.0,0.0,0.0,0.0,35.74630587748713,8.708932139644464e-78,0.4106841,0.3070258230426591,0.009594103508461575
TOI-672 b,5.31,50.9,0.3375680580762251,39.8,3810.0,0.0,699.5,0.0,0.0,0.0,211.70617124702673,0.0,0.4812545,0.29110861588399833,0.009588890963298033
HD 23472 d,0.75,0.55,1.3611615245009074,117.0,4684.0,0.07,909.0,0.33540768296000295,0.008148894925594289,0.0565795800609027,2.4053709632181377,0.0,0.9872762,0.17847863008654427,0.009588583863228481
Kepler-267 c,2.13,,0.5353901996370236,17.583,4258.0,0.0,484.0,0.0,0.0,0.0,21.67194234972401,0.0,0.37552172,0.3146075508681974,0.009588092348867906
Kepler-1591 b,1.27,,1.0471869328493648,439.434,6082.0,0.0,892.0,0.0,0.0,0.0,8.985122168369157,0.0,0.6975862,0.24282728230509476,0.009585545689899812
Kepler-707 b,1.33,,0.987295825771325,336.673,5099.0,0.0,1160.0,0.0,0.0,0.0,9.729506959408015,0.0,0.5768217,0.269665523729017,0.009584597214026698
TOI-1751 b,2.9507845,19.5,0.7495462794918331,192.521,5970.0,0.327,651.64,0.2120276104083159,0.0034072905585015036,0.09093337607521099,80.6676755084564,0.0,0.72047603,0.2376279236246757,0.009582954174023254
Kepler-411 b,2.401,25.6,1.869328493647913,201.3,4974.0,0.146,1138.0,0.23837599958714936,0.0036339091896619084,0.0643265480579114,108.38039146399191,0.0,0.6070062,0.26287160100605245,0.009582718197754265
Kepler-1429 b,1.29,,1.0272232304900182,551.156,5902.0,0.0,1199.0,0.0,0.0,0.0,9.2368219572636,0.0,0.6804437,0.24643007071078857,0.009580310541307742
Kepler-393 b,1.29,,1.0272232304900182,429.813,6189.0,0.0,1052.0,0.0,0.0,0.0,9.2368219572636,0.0,0.7034831,0.24116357051462162,0.00957688449119726
HATS-15 b,12.385945,689.6911,0.3575317604355717,2201.3363,5311.0,0.126,1505.0,0.10988835441555383,0.00021030057575880065,0.07332905914408008,2845.71025000768,0.0,0.7379606,0.23321726463462822,0.009570149466610015
Kepler-299 b,1.32,,0.9981851179673321,622.067,5617.0,0.0,1258.0,0.0,0.0,0.0,9.61659870480432,0.0,0.6469501,0.25346367069238285,0.00956994250046999
Kepler-484 b,2.28,,0.49001814882032674,90.629,5668.0,0.0,766.0,0.0,0.0,0.0,24.327938855799818,0.0,0.14269963,0.3656300597211754,0.00956853857072869
Kepler-1842 b,2.35388681,,0.47005444646098005,108.07,5970.0,0.0,822.0,0.0,0.0,0.0,25.679910190407675,0.0,0.17580661,0.35824463303046,0.009568111822824086
HD 73583 c,2.39,9.7,0.7041742286751361,10.2,4511.0,0.08,498.0,0.4833009063017193,0.10491822574496376,0.05195811294544341,40.268220578021854,1.5461585065909935e-117,0.2903633,0.3327430991028873,0.00956795409203567
Kepler-197 b,1.02,,0.9782214156079855,431.256,6004.0,0.02,1142.0,0.3321740903453185,0.00241868585962754,0.09184164128865542,4.348367998494511,0.0,0.75668323,0.22895366656021474,0.009567763368014678
Kepler-1271 b,1.48,,0.8584392014519058,975.181,6143.0,0.0,1484.0,0.0,0.0,0.0,11.656906080285772,0.0,0.6870635,0.24431096867290766,0.009564388724480163
Kepler-466 c,1.25,,1.0725952813067152,410.4,5927.0,0.0,1206.0,0.0,0.0,0.0,8.775149625073578,0.0,0.6790276,0.2458425164201135,0.009558055577378884
Kepler-1248 b,1.18,,1.0689655172413792,271.25,6149.0,0.0,1035.0,0.0,0.0,0.0,7.356958854492012,0.0,0.7062103,0.23974245598203758,0.00955681260610639
HD 35843 b,2.29,,0.4845735027223231,96.8492,5666.0,0.0,872.3,0.0,0.0,0.0,24.37556656355874,0.0,0.14330365,0.3649238358131623,0.009554441907808731
Kepler-183 c,2.27,35.7,3.049001814882033,108.717,5888.0,0.0,857.0,0.0,0.0,0.0,149.39080371607142,0.0,0.9098625,0.1943088917669134,0.009554105711506165
Kepler-619 c,1.69,,0.7223230490018149,1652.907,5980.0,0.0,1767.0,0.0,0.0,0.0,14.60428153050956,0.0,0.65119594,0.2518382430320744,0.009553165925724057
55 Cnc B b,1.69,,0.7223230490018149,4.0271,3286.0,0.0,395.41,0.0,0.0,0.0,14.60428153050956,7.028032994803229e-08,1.111922,0.1492283154197665,0.009551362778035432
TOI-125 b,2.726,9.5,0.4664246823956443,185.0,5320.0,0.194,1037.0,0.2235254401277495,0.003696432614761887,0.07356948228881495,39.57743900718998,0.0,0.20015657,0.35213279032465505,0.009551035827953552
KOI-7913 b,2.34,,0.47368421052631576,8.27,4324.0,0.0,432.0,0.0,0.0,0.0,25.422900048979745,4.982600096906484e-69,0.37021294,0.3140705386358426,0.009545725394610172
Kepler-753 b,1.91,,0.617059891107078,41.674,4346.0,0.0,641.0,0.0,0.0,0.0,18.01009606102568,0.0,0.3738587,0.3130850352240679,0.00954143274476084
Kepler-1833 b,1.30027362,,1.0163339382940109,439.2,6164.0,0.0,1177.0,0.0,0.0,0.0,9.35899666288598,0.0,0.6928049,0.24201760711991138,0.009539350769535535
Kepler-132 b,1.21,,1.0816696914700545,284.8,6003.0,0.0,1082.0,0.0,0.0,0.0,8.026743428190604,0.0,0.6728997,0.24643232035577206,0.009538974302052024
TOI-1648 b,2.54,7.4,0.45190562613430135,27.4026,4850.0,0.178,799.0,0.32938797346108023,0.03040882487361839,0.06101405139711452,31.019693863763194,0.0,0.18318507,0.3553919773278496,0.009538267833682373
Kepler-1639 b,2.58,,0.4174228675136116,187.848,6150.0,0.0,1003.0,0.0,0.0,0.0,30.027831097818066,0.0,0.2209642,0.3469761634001066,0.009538073258329406
Kepler-374 d,1.31,,1.0072595281306715,548.099,5977.0,0.0,1272.0,0.0,0.0,0.0,9.4851429509056,0.0,0.677136,0.2454293621110329,0.009537491287187123
HIP 116454 b,2.469,9.7,0.6406533575317604,51.2858,5048.0,0.215,753.2,0.2971132304594725,0.015685954989727233,0.06630336058127934,40.39010532091427,0.0,0.26830596,0.33641008800047706,0.009537335138088025
Kepler-112 b,2.36,,0.4682395644283122,123.818,5544.0,0.0,809.0,0.0,0.0,0.0,25.78058247142872,0.0,0.1392365,0.3650400510734115,0.009534991639501752
Kepler-265 d,2.49,,0.4373865698729583,18.941,5835.0,0.0,554.0,0.0,0.0,0.0,28.284733705718782,0.0,0.13966301,0.3649381274355176,0.009534819062753197
Kepler-1726 b,2.50861954,,0.4319419237749546,24.0,5316.0,0.0,582.0,0.0,0.0,0.0,28.563956939305033,0.0,0.10571663,0.3724099306494757,0.009532769773439474
Kepler-1120 b,1.38,,0.9419237749546281,206.874,4904.0,0.0,1027.0,0.0,0.0,0.0,10.36911348150106,0.0,0.52478105,0.27899111024102063,0.009528971925906238
Kepler-1729 b,3.89404186,,0.24319419237749548,29.68,3837.0,0.0,595.0,0.0,0.0,0.0,60.151111400011175,0.0,0.4867466,0.287409204126362,0.009527821767833872
Kepler-1674 b,3.2057749,,0.3139745916515427,7.13,5473.91,0.0,417.0,0.0,0.0,0.0,43.32935121412675,1.8947794194973895e-46,0.1571655,0.3607528412188815,0.009527668974885595
Kepler-801 b,2.0,,0.5807622504537205,14.442,4435.0,0.0,419.0,0.0,0.0,0.0,19.46152980808196,1.167986902775637e-269,0.35526663,0.31656072817247677,0.009525110774547877
Kepler-1414 b,1.23,,1.0925589836660616,209.464,4951.0,0.0,1033.0,0.0,0.0,0.0,8.51625851203296,0.0,0.6259618,0.25628067764601653,0.00952423401041971
Kepler-1206 b,1.64,,0.7531760435571688,588.021,4877.0,0.0,1314.0,0.0,0.0,0.0,13.916071494991721,0.0,0.5064479,0.28283943046361315,0.009523257193149726
Kepler-150 b,1.25,,1.0725952813067152,367.262,5560.0,0.0,1131.0,0.0,0.0,0.0,8.775149625073578,0.0,0.63148946,0.2549868756322984,0.009522666228951595
Kepler-932 b,1.37,,0.9509981851179674,562.217,5331.0,0.0,1276.0,0.0,0.0,0.0,10.243066656898016,0.0,0.5965946,0.26266205316604385,0.009520426680659557
Kepler-248 c,4.07,,0.23049001814882034,22.459,5190.0,0.0,598.0,0.0,0.0,0.0,65.09145193886319,0.0,0.13022342,0.3663022276101138,0.009516656377209809
Kepler-1520 b,5.77,,0.14591651542649728,1134.386,4677.0,0.0,1437.0,0.0,0.0,0.0,117.41416627983882,0.0,0.634578,0.2540460583630272,0.009516417825927924
Kepler-1357 b,1.28,,1.0362976406533575,449.975,5597.0,0.0,1177.0,0.0,0.0,0.0,9.103387459923805,0.0,0.6323127,0.254353078411145,0.009511557928481358
Kepler-301 b,1.35,,0.9691470054446462,665.437,5815.0,0.0,1278.0,0.0,0.0,0.0,9.988023901731585,0.0,0.65311074,0.24953604534152707,0.00950691486006303
K2-291 b,1.589,6.49,1.6043557168784028,633.0,5520.0,0.0,1278.0,0.0,0.0,0.0,26.962550224022277,0.0,0.7599039,0.22564253427227618,0.009503803830369655
Kepler-236 b,1.57,,0.7967332123411978,15.632,3750.0,0.0,469.0,0.0,0.0,0.0,12.915180730626957,1.5e-323,0.7740896,0.22231987550507012,0.00949972216791087
Kepler-1460 b,1.96,,0.5952813067150635,5.469,4422.0,0.0,391.0,0.0,0.0,0.0,18.77496206720648,1.2102987348635238e-21,0.44918236,0.29458468759891865,0.009498617115848876
Kepler-214 b,2.61,,0.4101633393829401,196.402,6169.0,0.0,758.0,0.0,0.0,0.0,30.54688793246715,0.0,0.2263114,0.344099562552282,0.009496494095298734
Kepler-903 c,2.53,,0.426497277676951,24.791,5682.0,0.0,462.0,0.0,0.0,0.0,28.931199246336508,0.0,0.11066407,0.3698341422656384,0.009496413201446983
Kepler-295 b,1.22,,1.087114337568058,287.5,5603.0,0.0,741.0,0.0,0.0,0.0,8.268815940386196,0.0,0.6257766,0.2551786604499295,0.009496049538828582
Kepler-1388 c,2.26,,0.49546279491833034,51.044,4098.0,0.0,566.0,0.0,0.0,0.0,23.95658860096664,0.0,0.39262033,0.30689434294135376,0.009491751202802498
TOI-2095 b,1.25,4.1,0.50114708480776,3.43,3759.0,0.0,347.0,0.0,0.0,0.0,4.1,0.00023921050377371378,0.9397017,0.18513299183809087,0.009491608238407088
Kepler-1392 b,1.96,,0.5952813067150635,61.42,5479.0,0.0,714.0,0.0,0.0,0.0,18.77496206720648,0.0,0.18583143,0.35289942867560836,0.009491338040576886
Kepler-292 b,1.32,,0.9981851179673321,394.301,5299.0,0.0,1130.0,0.0,0.0,0.0,9.61659870480432,0.0,0.58734035,0.26352255498410954,0.009490865678791347
TOI-836 b,1.704,4.53,0.911070780399274,78.838,4552.0,0.053,871.0,0.3754558907153505,0.01324782903086113,0.053053373938125425,18.882065459306656,0.0,0.40096158,0.304901389582181,0.009488384379450022
TOI-2498 b,6.06,34.62,0.1560798548094374,790.4759,5905.0,0.089,1443.0,0.14329342030885736,0.0006552902069311009,0.08919698669656127,145.49676397541816,0.0,0.46072763,0.29143439820278744,0.009484297512028686
Kepler-1756 b,1.47199944,,0.8656987295825771,338.4,4915.0,0.0,1093.0,0.0,0.0,0.0,11.56587046055469,0.0,0.5147326,0.2793623159796871,0.009482990485750999
Kepler-882 b,1.23,,1.0925589836660616,259.029,5476.0,0.0,903.0,0.0,0.0,0.0,8.51625851203296,0.0,0.6092437,0.25824628543425915,0.00948096543954385
HD 13808 b,3.35,,0.29764065335753176,33.2278,5035.0,0.071,661.56,0.33737891586225055,0.02657716870126213,0.06595608270554724,46.87219368679577,0.0,0.046139598,0.38347560793002244,0.009478693370469625
Kepler-975 b,1.48,,0.8584392014519058,328.698,4897.0,0.0,1599.0,0.0,0.0,0.0,11.656906080285772,0.0,0.50952625,0.28033766824169737,0.009478470412572992
TOI-1011 b,1.45,4.04,1.3212341197822142,575.597,5475.0,0.0,1364.0,0.0,0.0,0.0,16.872226482237224,0.0,0.69399256,0.23924688406733918,0.009477559671110901
Kepler-194 b,1.51,,0.8366606170598911,953.173,6089.0,0.0,1648.0,0.0,0.0,0.0,12.066151605498609,0.0,0.65985876,0.2466746757127312,0.009473397053333665
Kepler-1028 b,1.33,,0.987295825771325,519.636,5522.0,0.0,1217.0,0.0,0.0,0.0,9.729506959408015,0.0,0.6119453,0.2571335721480141,0.009468356043859063
Kepler-256 b,1.59,,0.7822141560798548,1225.934,5551.0,0.0,1681.0,0.0,0.0,0.0,13.170602833581443,0.0,0.5956045,0.2606995092754499,0.009466611024893833
Kepler-1856 b,1.73447868,,0.6987295825771326,772.73,4948.0,0.0,1344.0,0.0,0.0,0.0,15.272306724229967,0.0,0.49658766,0.28269699192732134,0.009465645079896194
Kepler-1886 b,2.58158428,,0.41560798548094374,26.68,5745.0,0.0,580.0,0.0,0.0,0.0,29.952385481054876,0.0,0.10990085,0.36866187158133384,0.009463325244491982
Kepler-238 d,3.07,23.1,0.5353901996370236,213.48,5751.0,0.0,888.0,0.0,0.0,0.0,64.88945892687529,0.0,0.15799764,0.35781637875352235,0.009459841133922106
Kepler-1640 b,4.82,,0.18511796733212343,537.4,6324.0,0.0,1228.0,0.0,0.0,0.0,86.83169863261512,0.0,0.45637026,0.29121056952267843,0.009454871872534812
Kepler-575 b,2.39,,0.46098003629764067,141.987,5710.0,0.0,803.0,0.0,0.0,0.0,26.36115470829266,0.0,0.15341024,0.3586122507343223,0.009454292282879277
Kepler-1161 b,2.13,,0.5353901996370236,26.229,4253.0,0.0,485.0,0.0,0.0,0.0,21.67194234972401,0.0,0.36235002,0.3120584634418374,0.009452979492417773
Kepler-605 c,0.86,,0.8874773139745916,513.03,5462.0,0.0,1278.0,0.0,0.0,0.0,2.3645103714706974,0.0,0.83212394,0.2075022265858843,0.009452835968165079
HD 219134 b,1.602,4.74,1.1506352087114338,176.2,4699.0,0.0,1015.0,0.0,0.0,0.0,19.81590007484068,0.0,0.5557966,0.26895668943180495,0.009451763581391243
Kepler-282 d,2.46,61.0,4.083484573502722,52.348,5656.0,0.0,588.0,0.0,0.0,0.0,254.63895883155033,0.0,1.0773607,0.1527134106698583,0.00944765401092262
Kepler-1215 b,1.22,,1.087114337568058,253.964,5616.0,0.0,1046.0,0.0,0.0,0.0,8.268815940386196,0.0,0.61493427,0.25555672008042973,0.009445881274280508
Kepler-915 b,1.5,,0.8457350272232306,844.751,6173.0,0.0,1319.0,0.0,0.0,0.0,11.956297267836291,0.0,0.66149193,0.24492682401924232,0.009439267400867046
Kepler-380 c,1.27,,1.0471869328493648,333.565,6045.0,0.0,1056.0,0.0,0.0,0.0,8.985122168369157,0.0,0.6598154,0.2451836347666529,0.009436399969080526
Kepler-755 b,1.76,,0.6860254083484574,889.888,5043.0,0.0,1331.0,0.0,0.0,0.0,15.666313526372127,0.0,0.5020429,0.28027556279124494,0.009435880087775878
Kepler-327 d,1.73,,0.7005444646098004,7.59,3799.0,0.0,387.0,0.0,0.0,0.0,15.193667726976054,5.036248579939788e-55,0.7354363,0.22830719767590568,0.009435250244996165
Kepler-181 b,1.27,,1.0471869328493648,255.584,5333.0,0.0,1041.0,0.0,0.0,0.0,8.985122168369157,0.0,0.57758707,0.2633345236984751,0.009432716518285915
Kepler-1179 b,1.32,,0.9981851179673321,288.57,5212.0,0.0,1137.0,0.0,0.0,0.0,9.61659870480432,0.0,0.5592369,0.26735733886962804,0.009431210069962278
Kepler-1773 b,3.50469499,,0.279491833030853,39.2,6183.0,0.0,623.0,0.0,0.0,0.0,50.39743280986401,0.0,0.16511858,0.35505113732954624,0.009430739265478745
Kepler-1311 b,1.24,,1.0834845735027223,296.92,5748.0,0.0,1019.0,0.0,0.0,0.0,8.653193135100102,0.0,0.6301098,0.2514120349766299,0.009426964696264759
Kepler-1304 b,2.29,,0.48638838475499097,61.87,5259.0,0.0,715.0,0.0,0.0,0.0,24.466860820351094,0.0,0.12644254,0.3634748784999713,0.009426208107106024
Kepler-1105 b,2.01,,0.5771324863883848,47.18,4299.0,0.0,729.0,0.0,0.0,0.0,19.63144658511358,0.0,0.36440316,0.31041110445771486,0.009423631528804228
Kepler-1430 b,1.18,,1.0689655172413792,208.54,4796.0,0.0,969.0,0.0,0.0,0.0,7.356958854492012,0.0,0.6652305,0.2434233098131033,0.00942271337461453
Kepler-1909 b,1.09217411,,1.0181488203266789,266.01,4935.0,0.0,1031.0,0.0,0.0,0.0,5.556169726138865,0.0,0.68886524,0.2381186929120632,0.009421614001725052
K2-284 b,2.78,,0.37749546279491836,42.6,4140.0,0.078,653.0,0.33005566821889576,0.020767504360827027,0.04204733664582322,33.97306524407332,0.0,0.27537614,0.3301218278856127,0.009421100587423818
Kepler-415 c,2.01,,0.5771324863883848,26.237,4362.0,0.0,543.0,0.0,0.0,0.0,19.63144658511358,0.0,0.350423,0.3134070049198295,0.009420785341074456
Kepler-603 d,1.32,,0.9981851179673321,497.4,5808.0,0.0,1098.0,0.0,0.0,0.0,9.61659870480432,0.0,0.6342616,0.2502039138273292,0.009419960398686787
Kepler-1148 b,1.69,,0.7223230490018149,815.407,5054.0,0.0,1397.0,0.0,0.0,0.0,14.60428153050956,0.0,0.50727546,0.2783813096688413,0.009417890079922712
Kepler-283 b,2.13,,0.5353901996370236,16.26,4351.0,0.0,488.0,0.0,0.0,0.0,21.67194234972401,0.0,0.34770614,0.3138586749969288,0.009417013881896797
Kepler-310 d,2.47,7.0,0.5989110707803993,3.664,5797.0,0.0,353.0,0.0,0.0,0.0,37.804353030357156,1.5350720909333762e-05,0.30590156,0.3231569338819581,0.009416877120353877
Kepler-81 d,1.21,,1.0816696914700545,7.507,4500.0,0.0,418.0,0.0,0.0,0.0,8.026743428190604,1.9584741854228132e-53,0.745594,0.22521282873399048,0.009414695937627508
Kepler-615 b,1.74,,0.6969147005444646,19.18,4655.0,0.0,620.0,0.0,0.0,0.0,15.378570915853674,0.0,0.35815126,0.31143718502882095,0.009414625479790025
Kepler-1388 b,2.59,,0.41379310344827586,17.674,4098.0,0.0,434.0,0.0,0.0,0.0,30.114187470357702,0.0,0.37758893,0.307107553199492,0.009414534625285902
Kepler-584 b,4.21,,0.22141560798548096,76.339,6195.0,0.0,664.0,0.0,0.0,0.0,69.20590123598967,0.0,0.21616432,0.34300510963911485,0.009413838067169743
HD 32518 b,13.2,,0.3920145190562614,131.2791,4580.0,0.028,916.07,0.23977586246919477,0.006097947081635025,0.053801357055074474,3776.700582250424,0.0,0.5175053,0.27592955255119084,0.00941357434179584
TOI-1728 b,5.05,26.78,0.20689655172413793,57.78,3980.0,0.057,767.0,0.26965215406068105,0.013368229885287807,0.03777314740609393,111.6133121581454,0.0,0.42175436,0.2972321150206121,0.009413395176191167
Kepler-793 b,1.37,,0.9509981851179674,617.407,5745.0,0.0,1177.0,0.0,0.0,0.0,10.243066656898016,0.0,0.6225746,0.2523155354641143,0.009407895724355195
K2-66 b,2.49,21.3,1.4156079854809438,840.0,5887.0,0.0,1372.0,0.0,0.0,0.0,91.54395141269978,0.0,0.6362392,0.24926297682528464,0.009407613304769491
TOI-4311 c,2.47,13.58,0.9600725952813067,33.8,5063.0,0.22,671.0,0.3359123679871854,0.02582946377918807,0.06670406582250574,60.60152349411799,0.0,0.3763791,0.30709348845570944,0.009407549880800895
Kepler-237 b,1.41,,0.9147005444646098,124.961,4861.0,0.0,823.0,0.0,0.0,0.0,10.74050953174657,0.0,0.47957268,0.2841236381227103,0.009407460425356009
K2-266 e,2.73,14.3,0.4010889292196007,9.581,4285.0,0.043,490.1,0.48790018165880483,0.11211931454446547,0.04592082064432603,34.183554924308424,1.4296708753283648e-100,0.29509598,0.32513394425855585,0.009406329838468933
TOI-544 b,2.018,2.89,0.3502722323049002,240.195,4169.0,0.0,999.0,0.0,0.0,0.0,12.057514841422064,0.0,0.46353245,0.2876249149874624,0.009405770221918332
Kepler-84 d,1.38,,0.9419237749546281,584.24,6031.0,0.0,1254.0,0.0,0.0,0.0,10.36911348150106,0.0,0.64847386,0.24627745120314817,0.009401138476865821
Kepler-1848 b,1.4088539,,0.9165154264972777,94.3,4847.0,0.0,774.0,0.0,0.0,0.0,10.735598579158522,0.0,0.46997875,0.28596463773468567,0.009400207921535526
Kepler-280 b,1.45,,0.883847549909256,821.894,5744.0,0.0,1425.0,0.0,0.0,0.0,11.286777880287813,0.0,0.6153672,0.2535163513750057,0.0093979544872888
Kepler-1522 b,1.73,,0.7005444646098004,1513.457,5706.0,0.0,1374.0,0.0,0.0,0.0,15.193667726976054,0.0,0.58549714,0.26015422357585516,0.009397711845726256
Kepler-285 b,1.34,,0.9782214156079855,428.407,5411.0,0.0,1131.0,0.0,0.0,0.0,9.8591658135348,0.0,0.58050615,0.2611917908576537,0.009395907195764337
Kepler-549 d,4.2,,0.22141560798548096,27.93,5312.0,0.0,586.0,0.0,0.0,0.0,68.7139180044467,0.0,0.12679197,0.36192724569045354,0.009389971041561258
Kepler-1250 b,1.92,,0.6134301270417423,1866.193,5717.0,0.0,1431.0,0.0,0.0,0.0,18.186846313324125,0.0,0.5667616,0.2639985704067951,0.009389691222622095
Kepler-334 b,1.12,,1.0362976406533575,300.982,5828.0,0.0,1090.0,0.0,0.0,0.0,6.098558396003643,0.0,0.679672,0.2388432434845957,0.009389035925947328
Kepler-144 b,1.33,,0.987295825771325,426.719,6075.0,0.0,1253.0,0.0,0.0,0.0,9.729506959408015,0.0,0.6500845,0.2452649204282795,0.009385013303967295
Kepler-1073 d,1.48770949,,0.8548094373865699,828.59,5509.0,0.0,1369.0,0.0,0.0,0.0,11.789959619558694,0.0,0.5818392,0.26036933630876413,0.009382945090422883
Kepler-344 b,2.61,,0.4101633393829401,27.327,5774.0,0.0,643.0,0.0,0.0,0.0,30.54688793246715,0.0,0.11013581,0.3653255768907844,0.009382363609355559
Kepler-1365 b,0.92,,0.9237749546279492,456.25,5770.0,0.0,969.0,0.0,0.0,0.0,3.0131328121510252,0.0,0.80173767,0.2111855332332461,0.009376920582994525
HIP 8152 b,2.53625843,8.9,0.5390199637023594,88.9,5618.0,0.0,794.96,0.0,0.0,0.0,36.83612774612229,0.0,0.124604,0.36185183646382224,0.009376107204678935
Kepler-1671 b,1.32557381,,0.9927404718693285,205.0,5135.55,0.0,962.0,0.0,0.0,0.0,9.685813034118032,0.0,0.5312795,0.2713327403430426,0.00937582278948335
GJ 9827 d,1.98,3.02,0.455535390199637,34.9,4236.0,0.0,675.0,0.0,0.0,0.0,14.811747596013381,0.0,0.37160453,0.30682986034634385,0.009374853861772552
Kepler-162 b,1.26,,1.0617059891107077,305.946,5816.0,0.0,961.0,0.0,0.0,0.0,8.896199466231437,0.0,0.6249359,0.2503893437116697,0.009373364302927643
Kepler-197 c,1.23,5.3,2.8493647912885662,189.965,6004.0,0.08,930.0,0.27776028999231156,0.004272177355263225,0.09184164128866265,22.21017585364078,0.0,1.093323,0.14599956340002918,0.009369715465707126
HD 156668 b,1.87,,0.633393829401089,679.2975,4850.0,0.0,887.48,0.0,0.0,0.0,17.349511735489866,0.0,0.44985837,0.2890944284965586,0.009366972913350292
Kepler-834 b,2.02,,0.573502722323049,11.845,4554.0,0.0,378.0,0.0,0.0,0.0,19.800593202511692,4.1146368228580777e-169,0.3294556,0.3157825001424157,0.009364307132929956
Kepler-26 e,2.41,,0.455535390199637,1.753,4486.0,0.0,276.0,0.0,0.0,0.0,26.709260241159793,0.9803148706720477,0.5078099,0.27607779572204555,0.00936403304897921
Kepler-1850 b,0.72909663,,0.8058076225045373,245.15,4239.0,0.0,1008.0,0.0,0.0,0.0,1.3082033386399856,0.0,1.0610006,0.15270874029473055,0.009357775206892757
Kepler-361 b,1.45,,0.883847549909256,411.905,6169.0,0.0,1060.0,0.0,0.0,0.0,11.286777880287813,0.0,0.59180295,0.25707161774062826,0.009356313500638177
Kepler-1048 b,1.61,,0.7695099818511797,96.976,4651.0,0.0,619.0,0.0,0.0,0.0,13.451802895897226,0.0,0.4077402,0.29796297324162235,0.00935452164687892
Kepler-1461 b,2.03,,0.5698729582577133,8.88,4919.0,0.0,451.0,0.0,0.0,0.0,19.968928973515528,5.759980872080535e-83,0.2723638,0.3280669022112977,0.009353912101141055
Kepler-1834 b,1.4593834,,0.8765880217785844,105.2,4821.0,0.0,848.0,0.0,0.0,0.0,11.412803692050936,0.0,0.4532147,0.2877812098758382,0.009353012969398613
Kepler-240 b,1.37,,0.9509981851179674,142.736,4985.0,0.0,864.0,0.0,0.0,0.0,10.243066656898016,0.0,0.49336427,0.2787215851595329,0.00934995223101523
Kepler-1374 b,2.29,,0.48638838475499097,59.789,5323.0,0.0,737.0,0.0,0.0,0.0,24.466860820351094,0.0,0.12322229,0.3609681464203888,0.00934674027439676
HD 88986 b,2.49,17.2,1.1070780399274047,7.3543,5861.0,0.24,460.0,0.4417507211319145,0.1250589876133418,0.0880215846556473,71.59206456634213,1.5746115270115204e-50,0.5655824,0.262467555047394,0.009345476690774115
HD 20781 c,2.17,,0.5208711433756806,48.6103,5256.0,0.09,730.3,0.3492418128655559,0.019137738548367915,0.07185980659292392,22.294519090567135,0.0,0.09118798,0.36795919471927446,0.00934332971465401
GJ 486 b,1.289,2.77,1.208711433756806,39.2,3317.0,0.00086,696.3,0.3088952088567415,0.020358353472369365,0.02006197574397593,10.843512680759378,0.0,1.2183625,0.11707759438760489,0.009342748467182211
Kepler-418 c,5.22108654,,0.16606170598911071,107.6,5822.0,0.0,835.0,0.0,0.0,0.0,99.00127317535213,0.0,0.26066634,0.3301894308855005,0.009342058812483355
Kepler-968 c,1.69,,0.7223230490018149,58.15,4598.0,0.0,644.0,0.0,0.0,0.0,14.60428153050956,0.0,0.37390116,0.30495477519929076,0.009341227671102015
Kepler-224 b,1.39,,0.9328493647912885,201.489,5018.0,0.0,937.0,0.0,0.0,0.0,10.494083855440916,0.0,0.50021255,0.27676252216768793,0.00933922947052293
Kepler-914 b,1.38,,0.9419237749546281,568.378,5877.0,0.0,1192.0,0.0,0.0,0.0,10.36911348150106,0.0,0.6202644,0.25003119340478225,0.009338903542170774
Kepler-911 b,2.6,,0.411978221415608,198.725,6112.0,0.0,931.0,0.0,0.0,0.0,30.330733388615087,0.0,0.21560773,0.3400635931166849,0.009338265952994359
Kepler-235 e,2.22,,0.5063520871143375,1.33,4255.0,0.0,306.0,0.0,0.0,0.0,23.205991940484335,0.9775188556601869,0.65562475,0.24210168588181283,0.009337426927471713
Kepler-777 b,1.47,,0.8656987295825771,33.953,4043.0,0.0,569.0,0.0,0.0,0.0,11.51880413793599,0.0,0.6614547,0.24076269409656917,0.009336403287290108
Kepler-1062 b,1.76,,0.6860254083484574,33.76,4597.0,0.0,583.0,0.0,0.0,0.0,15.666313526372127,0.0,0.34888393,0.3103180660735802,0.009336188279961622
Kepler-1096 b,1.24,,1.0834845735027223,124.866,4306.0,0.0,794.0,0.0,0.0,0.0,8.653193135100102,0.0,0.74002075,0.22326228344096297,0.009336029446465045
HD 15906 c,2.93,,0.35390199637023595,13.37,4757.0,0.04,532.0,0.455916902612918,0.07912993228706669,0.058529678901521505,37.28846303513528,2.611208566974349e-225,0.13682659,0.35744112503295106,0.009334430321026765
Kepler-635 b,2.64,,0.4047186932849365,193.927,6174.0,0.0,802.0,0.0,0.0,0.0,31.19274925340165,0.0,0.22443847,0.3378714791039136,0.009332674856885534
Kepler-1859 b,1.58313575,,0.7858439201451906,1056.15,5887.0,0.0,1455.0,0.0,0.0,0.0,13.061088591875915,0.0,0.6031807,0.2533088208278934,0.009325974561520012
Kepler-298 b,1.96,,0.5952813067150635,24.707,4465.0,0.0,540.0,0.0,0.0,0.0,18.77496206720648,0.0,0.33223906,0.313584584454656,0.00932539312606658
Kepler-202 c,1.85,,0.6424682395644283,17.07,4668.0,0.0,505.0,0.0,0.0,0.0,17.039445495925126,0.0,0.32421854,0.31535408231388407,0.009325010876632362
TOI-1260 b,2.41,8.56,0.6079854809437387,95.58,4227.0,0.0,871.0,0.0,0.0,0.0,35.647817453340764,0.0,0.3663209,0.3059600285834128,0.00932441986484017
Kepler-1766 b,2.27904508,,0.49001814882032674,7.8,5868.0,0.0,406.0,0.0,0.0,0.0,24.29738424143328,3.563625906744553e-59,0.22810264,0.336709279805046,0.009324126996294542
Kepler-309 b,1.56,,0.8003629764065336,99.493,4713.0,0.0,531.0,0.0,0.0,0.0,12.727684315708894,0.0,0.41703573,0.29465516304337597,0.009323975113445536
Kepler-1802 c,2.322,,0.47731397459165154,3.86,4245.0,0.0,357.0,0.0,0.0,0.0,25.031069447353754,9.568709974061932e-07,0.48078147,0.2804439040827153,0.009323374891739747
Kepler-228 b,1.53,,0.823956442831216,863.776,6043.0,0.0,1360.0,0.0,0.0,0.0,12.36138565063676,0.0,0.62275326,0.24884467934079607,0.009323307531202486
Kepler-1321 c,2.4,,0.4573502722323049,115.909,4094.0,0.0,697.0,0.0,0.0,0.0,26.483249762837925,0.0,0.39897567,0.2986225674976196,0.009322694469288566
Kepler-147 b,1.53,,0.823956442831216,224.61,6012.0,0.0,953.0,0.0,0.0,0.0,12.36138565063676,0.0,0.45766717,0.28545342571650906,0.009320054617282802
Kepler-1085 c,3.26817741,,0.30490018148820325,11.8,5816.0,0.0,491.0,0.0,0.0,0.0,44.58237119496439,1.4330243467341424e-167,0.14005868,0.3560821818588256,0.009318661444443922
TOI-1260 c,2.76,13.2,0.6261343012704175,29.81,4227.0,0.0,651.0,0.0,0.0,0.0,55.14210637561257,0.0,0.33479458,0.3126989312029437,0.009317580230725663
Kepler-97 b,1.48,3.51,0.987295825771325,767.964,5779.0,0.0,1328.0,0.0,0.0,0.0,13.406674223415349,0.0,0.6335337,0.24621247331374974,0.009317564336167412
Kepler-385 c,3.04,13.2,0.4682395644283122,83.155,6326.0,0.0,829.0,0.0,0.0,0.0,55.10328208326019,0.0,0.20133528,0.3421610637878618,0.009311666737546919
HD 28471 c,2.26,,0.4936479128856625,272.8024,5766.0,0.088,1066.0,0.2483078566507819,0.0028431478045022216,0.0854837847945557,23.86883552916823,0.0,0.17382672,0.34827440174742175,0.009311449253901826
Kepler-1709 b,3.12424875,,0.32486388384754994,11.7,5918.0,0.0,472.0,0.0,0.0,0.0,41.497970310171944,3.49447649865302e-164,0.15227798,0.3530610646652805,0.00931122458989032
Kepler-1086 b,2.44,,0.4482758620689656,9.157,4350.0,0.0,433.0,0.0,0.0,0.0,27.277429546248953,1.0201960332386176e-89,0.3413139,0.31098605763003534,0.009311121840786704
Kepler-382 b,1.32,,0.9981851179673321,381.465,5600.0,0.0,1166.0,0.0,0.0,0.0,9.61659870480432,0.0,0.5855907,0.2565680962452449,0.009309815240321371
Kepler-928 b,1.59,,0.7822141560798548,111.11,4700.0,0.0,894.0,0.0,0.0,0.0,13.170602833581443,0.0,0.41141635,0.2952662555511417,0.009308208682012743
KOI-351 b,1.31,,1.0072595281306715,316.442,6080.0,0.0,1062.0,0.0,0.0,0.0,9.4851429509056,0.0,0.6324574,0.24605677374542592,0.00930782007333728
Kepler-1124 b,1.28,,1.0362976406533575,50.777,3658.0,0.0,621.0,0.0,0.0,0.0,9.103387459923805,0.0,0.96535283,0.17187757007662385,0.009305558426705454
Kepler-1324 b,1.51,,0.8366606170598911,98.414,4776.0,0.0,895.0,0.0,0.0,0.0,12.066151605498609,0.0,0.42858595,0.29124999498352294,0.009303399141833337
Kepler-1894 c,1.21,,1.0816696914700545,243.06,5772.0,0.0,1007.0,0.0,0.0,0.0,8.026743428190604,0.0,0.62798196,0.24686413632041904,0.00930316900203403
Kepler-202 b,1.63,,0.7568058076225046,108.504,4668.0,0.0,802.0,0.0,0.0,0.0,13.728904329626776,0.0,0.39990193,0.29760934215644336,0.009302797080393613
Kepler-132 c,1.28,,1.0362976406533575,271.0,6003.0,0.0,1069.0,0.0,0.0,0.0,9.103387459923805,0.0,0.62416214,0.2476799565428364,0.009302323440556405
Kepler-220 c,1.57,,0.7967332123411978,37.321,4632.0,0.0,586.0,0.0,0.0,0.0,12.915180730626957,0.0,0.4157824,0.29387631149513715,0.009297896939737677
Kepler-1194 b,1.51,,0.8366606170598911,49.35,5590.0,0.0,676.0,0.0,0.0,0.0,12.066151605498609,0.0,0.35195535,0.30805293937153094,0.0092971974026378
Kepler-875 b,2.9,,0.3575317604355717,41.431,5958.0,0.0,569.0,0.0,0.0,0.0,36.525589197810255,0.0,0.115217306,0.3604258527863378,0.009289449813577716
Kepler-898 b,1.49,,0.852994555353902,37.11,4223.0,0.0,616.0,0.0,0.0,0.0,11.819352184196878,0.0,0.57974833,0.2570419142835855,0.009289441010430381
Kepler-1753 b,2.22678077,,0.5045372050816697,27.41,5180.0,0.0,583.0,0.0,0.0,0.0,23.33534321780163,0.0,0.14407574,0.3539371774193981,0.009287820321308086
Kepler-902 b,2.54,,0.4246823956442831,24.875,5647.0,0.0,556.0,0.0,0.0,0.0,29.151037606909984,0.0,0.10722289,0.3621260754804025,0.009287502891163596
Kepler-1631 b,1.35,,0.9691470054446462,446.918,5679.0,0.0,1122.0,0.0,0.0,0.0,9.988023901731585,0.0,0.5884479,0.254953519007892,0.00928568724753075
Kepler-831 b,1.27,,1.0471869328493648,266.249,5732.0,0.0,992.0,0.0,0.0,0.0,8.985122168369157,0.0,0.5939559,0.2537034854209656,0.009285090237483636
Kepler-496 b,2.32,,0.4791288566243195,62.926,5293.0,0.0,747.0,0.0,0.0,0.0,25.061374825835614,0.0,0.12115588,0.35878125198273697,0.009281488171290351
Kepler-356 b,1.57,,0.7967332123411978,844.979,6133.0,0.0,1294.0,0.0,0.0,0.0,12.915180730626957,0.0,0.618188,0.24810880143317446,0.009280117533451468
Kepler-1957 b,0.94374867,,0.9364791288566244,345.07,4904.0,0.0,1099.0,0.0,0.0,0.0,3.297279556126593,0.0,0.7817106,0.21170032288765653,0.009279729304962354
Kepler-1149 b,1.44,,0.8911070780399275,653.831,5833.0,0.0,1128.0,0.0,0.0,0.0,11.145664828760077,0.0,0.59744745,0.2523790479241553,0.00927159574208728
Kepler-314 b,0.83,,0.869328493647913,488.674,5378.0,0.0,1195.0,0.0,0.0,0.0,2.0821250107636837,0.0,0.84508336,0.1972493632919409,0.00927117331477136
Kepler-716 c,1.39281536,,0.9292196007259529,151.8,5012.0,0.0,992.0,0.0,0.0,0.0,10.516896842589063,0.0,0.47880515,0.2786929544858441,0.009269364756736596
Kepler-866 b,1.63,,0.7568058076225046,196.127,4751.0,0.0,996.0,0.0,0.0,0.0,13.728904329626776,0.0,0.418153,0.2921380615440719,0.009268050133165118
Kepler-1034 b,2.26,,0.49546279491833034,36.787,5198.0,0.0,675.0,0.0,0.0,0.0,23.95658860096664,0.0,0.13265155,0.35560360232446264,0.00926622204137355
Kepler-1574 b,1.29,,1.0272232304900182,289.778,5892.0,0.0,1003.0,0.0,0.0,0.0,9.2368219572636,0.0,0.6061402,0.2501992967818066,0.009265552266706348
Kepler-763 c,1.42,,0.9056261343012705,182.9,4999.0,0.0,938.0,0.0,0.0,0.0,10.861819693672095,0.0,0.47663116,0.27899559236193944,0.009264897642851417
GJ 251 b,1.79,,0.6696914700544465,2.37,3342.0,0.0,336.0,0.0,0.0,0.0,16.08875615821695,0.5603653818706215,1.1130202,0.13723912203441893,0.009261814373404405
KOI-351 d,2.87,,0.3629764065335753,18.168,6080.0,0.0,520.0,0.0,0.0,0.0,35.9428653823958,0.0,0.15823099,0.34968005108349226,0.009260533861225146
Kepler-373 b,1.36,,0.9600725952813067,453.872,5787.0,0.0,1054.0,0.0,0.0,0.0,10.116013671203888,0.0,0.59378475,0.252668437639536,0.00925863408505324
K2-38 c,2.29,8.3,0.6896551724137931,117.0,5731.0,0.161,916.0,0.27505881654717906,0.006835780689724543,0.0845488058983671,34.69181758109484,0.0,0.20997266,0.33798621218228303,0.009256133655324955
Kepler-1145 b,1.4,,0.9237749546279492,198.43,5064.0,0.0,958.0,0.0,0.0,0.0,10.617906576886263,0.0,0.48733982,0.2761199143872852,0.009252757870148284
Kepler-730 c,1.56926,,0.7967332123411978,903.77,5620.0,0.0,1607.0,0.0,0.0,0.0,12.896927106872207,0.0,0.5589356,0.2599945910029487,0.009248040685712208
Kepler-1813 b,1.413,,0.912885662431942,298.2,5167.0,0.0,1059.0,0.0,0.0,0.0,10.78776509469569,0.0,0.5055267,0.27179777819807366,0.009245989357776908
Kepler-1334 b,2.29,,0.48638838475499097,78.355,5614.0,0.0,710.0,0.0,0.0,0.0,24.466860820351094,0.0,0.13283882,0.3545855961798956,0.009242152218696733
TOI-1203 b,1.52,3.51,0.9945553539019965,572.2,5737.0,0.067,1361.2,0.2559337785327684,0.0014654493575218977,0.08470908799486022,14.630134971718306,0.0,0.5274426,0.26672679386683096,0.00924121853591995
Kepler-130 c,2.9,,0.3575317604355717,46.011,5879.0,0.0,683.0,0.0,0.0,0.0,36.525589197810255,0.0,0.103380576,0.36102204829354806,0.009239203230689157
Kepler-20 b,1.773,9.7,1.705989110707804,331.0,5495.0,0.083,1187.0,0.2535929037616921,0.002407396148094804,0.07824437676977512,39.8282359084223,0.0,0.61791694,0.24646938213098377,0.009238213058704904
Kepler-1899 b,1.55098292,,0.8076225045372052,124.3,4791.0,0.0,851.0,0.0,0.0,0.0,12.621706211264094,0.0,0.4162484,0.2910217439119186,0.009230079276119258
K2-111 b,1.837,5.35,0.9193029038112523,490.0,5775.0,0.134,1293.0,0.22750813965207867,0.0015153490831609103,0.08572420793929496,23.871225212947035,0.0,0.44053206,0.2855396238129764,0.009228164303703351
TOI-532 b,5.82,61.5,0.3121597096188748,94.1,3927.0,0.0,867.0,0.0,0.0,0.0,257.77121068063974,0.0,0.46220368,0.2806638588182061,0.00922686658194386
TOI-1062 b,2.265,10.15,0.8802177858439201,232.0,5328.0,0.177,1077.0,0.24108891944459984,0.0032240788328066453,0.07378319175080514,42.843344705532616,0.0,0.33002836,0.3100742078487499,0.00922672109184243
CoRoT-29 b,10.0881,270.1555,0.2631578947368421,540.3673,5260.0,0.082,1224.75,0.15502825263770884,0.0010523841378184441,0.07196666132391447,1131.7047754902198,0.0,0.4166359,0.2907429499362983,0.009225332284393664
TOI-431 c,1.49,,0.852994555353902,100.6717,4850.0,0.0,867.0,0.0,0.0,0.0,11.819352184196878,0.0,0.42683333,0.2884514899252888,0.009224790521859327
Kepler-188 b,1.68,,0.7277676950998185,1069.235,6021.0,0.0,1463.0,0.0,0.0,0.0,14.45470484972229,0.0,0.5857775,0.2530033269530375,0.009222956710707587
Kepler-1378 b,2.2,,0.5136116152450091,14.867,4407.0,0.0,525.0,0.0,0.0,0.0,22.908227554373934,2.4176930402960683e-288,0.31975308,0.3121314832665133,0.009221062295427195
Kepler-1335 b,1.45,,0.883847549909256,80.741,4903.0,0.0,809.0,0.0,0.0,0.0,11.286777880287813,0.0,0.43156105,0.28693722582328895,0.009213398524300241
Kepler-1030 b,2.48,,0.43920145190562615,16.881,4983.0,0.0,529.0,0.0,0.0,0.0,28.06127623040837,0.0,0.15092468,0.3492891669302524,0.00921080958912951
Kepler-822 b,1.77,,0.6805807622504537,535.188,5928.0,0.0,1239.0,0.0,0.0,0.0,15.808405857752895,0.0,0.43646818,0.2853303695132661,0.009200708228017444
Kepler-316 b,1.06,,1.0054446460980038,164.776,4204.0,0.0,837.0,0.0,0.0,0.0,5.016079037417973,0.0,0.8542156,0.19234264444491933,0.009200312419119522
Kepler-1933 b,1.17984089,,1.0689655172413792,250.5,5661.0,0.0,1058.0,0.0,0.0,0.0,7.353983241205891,0.0,0.62841254,0.242502772592083,0.009198009375299344
Kepler-393 c,1.33,,0.987295825771325,231.213,6189.0,0.0,901.0,0.0,0.0,0.0,9.729506959408015,0.0,0.6125711,0.24598499152697603,0.009196940141905724
K2-138 b,1.51,3.1,0.8892921960072596,486.0,5356.3,0.048,1157.0,0.2734899439671056,0.0018198291063730864,0.07453918897258238,12.8251936804649,0.0,0.46812862,0.27811058342312794,0.009196428109449517
Kepler-256 e,2.35,,0.47005444646098005,98.9,5551.0,0.0,897.0,0.0,0.0,0.0,25.55290976560077,0.0,0.13005358,0.35313330280141664,0.009191066563021532
Kepler-825 b,1.53,,0.823956442831216,734.464,5976.0,0.0,1270.0,0.0,0.0,0.0,12.36138565063676,0.0,0.5867847,0.251343188908546,0.009187555007353524
Kepler-140 b,1.61,,0.7695099818511797,848.695,6077.0,0.0,1301.0,0.0,0.0,0.0,13.451802895897226,0.0,0.5888269,0.2508010104419453,0.00918539324210257
Kepler-102 d,1.154,3.0,1.9419237749546279,36.9,4909.0,0.092,686.0,0.3932344524168542,0.026729794372914086,0.0625901586792713,12.50081173327637,0.0,0.8210942,0.1987983517129285,0.009177739087769182
TOI-1472 c,3.334,21.13,0.5698729582577133,32.7735,5100.0,0.172,662.0,0.31879598782886526,0.025567876044324228,0.06769247208418998,88.46336292408725,0.0,0.12091482,0.3546222343724505,0.009177631865887416
Kepler-170 c,2.86,,0.36479128856624315,50.682,5679.0,0.0,702.0,0.0,0.0,0.0,35.74630587748713,0.0,0.08353394,0.3628911508544873,0.009176390015847415
Kepler-574 b,2.39,,0.46098003629764067,120.47,5612.0,0.0,858.0,0.0,0.0,0.0,26.36115470829266,0.0,0.13732171,0.3509022444376244,0.009175941719589896
Kepler-235 b,2.23,,0.5027223230490019,44.0,4255.0,0.0,731.0,0.0,0.0,0.0,23.352391807810356,0.0,0.33689302,0.3063247431237137,0.00917194883099458
Kepler-1809 b,1.513,,0.8348457350272231,158.2,4901.0,0.0,877.0,0.0,0.0,0.0,12.111881864427529,0.0,0.4301242,0.2855348113167282,0.009170940684637995
KOI-351 c,1.19,,1.0707803992740472,236.315,6080.0,0.0,987.0,0.0,0.0,0.0,7.55840060344374,0.0,0.6755106,0.23089674472340532,0.009170295696076022
Kepler-923 b,1.38,,0.9419237749546281,390.636,5988.0,0.0,1104.0,0.0,0.0,0.0,10.36911348150106,0.0,0.59155273,0.2495036672067414,0.009168365281638408
Kepler-1723 b,2.88046569,,0.36116152450090744,24.54,6072.0,0.0,568.0,0.0,0.0,0.0,36.15581925353672,0.0,0.14487346,0.3487875494208792,0.009165241686086557
Kepler-1943 b,1.54869189,,0.8112522686025408,724.2,6032.0,0.0,1098.0,0.0,0.0,0.0,12.622332198098484,0.0,0.5854695,0.2506755645969731,0.00916387948884858
Kepler-1830 b,3.32992941,,0.29945553539019965,35.8,6160.0,0.0,681.0,0.0,0.0,0.0,46.31546579467156,0.0,0.15510254,0.34638690119903964,0.009162181761717196
Kepler-190 b,1.56,,0.8003629764065336,417.238,5106.0,0.0,1166.0,0.0,0.0,0.0,12.727684315708894,0.0,0.46791348,0.2767436343669078,0.0091615478056318
Kepler-823 b,1.57,,0.7967332123411978,803.353,5643.0,0.0,1277.0,0.0,0.0,0.0,12.915180730626957,0.0,0.54221207,0.2600974920254928,0.009158820379370807
Kepler-1557 b,1.53,,0.823956442831216,645.543,6099.0,0.0,1287.0,0.0,0.0,0.0,12.36138565063676,0.0,0.59127516,0.24913322368605073,0.009157709668334924
HD 152843 b,3.05,9.82,0.3448275862068966,265.4,6310.0,0.046,1003.11,0.2495707182049961,0.0029827210677765372,0.10001602820962596,40.98171506347498,0.0,0.2251238,0.3306162829152198,0.009157570176188496
Kepler-1012 b,1.29,,1.0272232304900182,191.811,5556.0,0.0,934.0,0.0,0.0,0.0,9.2368219572636,0.0,0.5404333,0.2603537465097377,0.009155378111991134
Kepler-275 d,3.33,,0.29945553539019965,50.7,6165.0,0.0,671.0,0.0,0.0,0.0,46.31841133282155,0.0,0.15549773,0.34600886490647664,0.009155030258292743
EPIC 229004835 b,2.332,10.4,0.8148820326678766,69.7,5868.0,0.23,804.0,0.28992388608512926,0.011549717555867535,0.08820858043488462,43.288146400905276,0.0,0.37974554,0.29600337475079413,0.00915261228475244
Kepler-760 c,1.48,,0.8584392014519058,453.648,5322.0,0.0,1139.0,0.0,0.0,0.0,11.656906080285772,0.0,0.50439346,0.2681461989288175,0.00914974777709016
Kepler-1467 b,3.3,,0.30308529945553536,7.917,5332.0,0.0,411.0,0.0,0.0,0.0,45.6242040824523,1.4957393383357052e-61,0.14992407,0.346983121717131,0.009148467854742125
Kepler-286 c,1.37,,0.9509981851179674,353.0,5580.0,0.0,1098.0,0.0,0.0,0.0,10.243066656898016,0.0,0.5427903,0.2593170329245127,0.009142752010368727
Kepler-1880 b,2.11686218,,0.5390199637023594,31.73,4380.0,0.0,606.0,0.0,0.0,0.0,21.417620120793906,0.0,0.31767562,0.3093611045736032,0.009141364765571229
Kepler-184 d,2.49,,0.4373865698729583,18.557,5788.0,0.0,559.0,0.0,0.0,0.0,28.284733705718782,0.0,0.13510554,0.34997546739768215,0.009140934052974056
CoRoT-30 b,11.309881,921.707,0.6261343012704175,89.2872,5650.0,0.007,894.6,0.276593383444962,0.009835807307117193,0.08238499759575438,3794.2872960321656,0.0,0.3696524,0.29760584207076946,0.009136740144834132
Kepler-231 b,1.73,35.4,2.50453720508167,14.879,3767.0,0.0,488.0,0.0,0.0,0.0,54.319330215613874,7.183042385018899e-289,1.25119,0.1014095286482966,0.009136593392050994
Kepler-1216 b,1.39,,0.9328493647912885,415.553,5743.0,0.0,1191.0,0.0,0.0,0.0,10.494083855440916,0.0,0.5597433,0.25528735040637457,0.009136422973916425
Kepler-461 b,2.58,,0.4174228675136116,254.906,5634.0,0.0,886.0,0.0,0.0,0.0,30.027831097818066,0.0,0.17351191,0.3412023879080101,0.009135373218135852
Kepler-1542 d,0.87,,0.8929219600725953,297.806,5564.0,0.0,1010.0,0.0,0.0,0.0,2.46297424824219,0.0,0.76756614,0.20887601607287884,0.009132494079583319
TOI-1260 d,3.12,11.84,0.3883847549909256,10.32,4227.0,0.0,499.0,0.0,0.0,0.0,49.409967230144275,5.557923990244172e-121,0.33592698,0.3048047607046975,0.009129175806240524
Kepler-1623 b,1.31,,1.0072595281306715,243.08,5772.0,0.0,1000.0,0.0,0.0,0.0,9.4851429509056,0.0,0.5610029,0.254697754431217,0.009128798811892484
Kepler-773 b,1.43,,0.8965517241379312,490.707,5850.0,0.0,1160.0,0.0,0.0,0.0,10.981763124053886,0.0,0.5667828,0.25340245765358,0.009128577892024575
Kepler-1282 b,1.55,,0.809437386569873,672.532,5504.0,0.0,1418.0,0.0,0.0,0.0,12.626034267217095,0.0,0.51958925,0.2638379007336175,0.009126908883836014
EPIC 249893012 b,1.95,8.75,1.159709618874773,1037.0,5430.0,0.06,1616.0,0.21957637558129756,0.0007402240798546216,0.07650798739113396,36.01983364219273,0.0,0.5655755,0.2535929093243205,0.009126649128975158
Kepler-876 b,1.43,,0.8965517241379312,152.746,5060.0,0.0,923.0,0.0,0.0,0.0,10.981763124053886,0.0,0.45080337,0.2789601439167536,0.009122313910348607
GJ 3988 b,1.74,,0.6987295825771326,2.45,3273.0,0.0,348.0,0.0,0.0,0.0,15.418619277613711,0.43062701470666537,1.1706511,0.11868879297545999,0.009120690941823507
Kepler-481 b,2.5,,0.43375680580762255,183.842,5802.0,0.0,899.0,0.0,0.0,0.0,28.389316553537533,0.0,0.16821706,0.3417460512859603,0.009119725064359416
Kepler-1827 b,1.85644292,,0.6388384754990926,1113.4,5423.0,0.0,1329.0,0.0,0.0,0.0,17.1208166167228,0.0,0.47880507,0.2725807730920167,0.009118678638081017
Kepler-128 b,1.421,3.79,1.3108597096188748,227.398,6072.0,0.0,968.0,0.0,0.0,0.0,15.75531383147008,0.0,0.66174906,0.23183238816620805,0.009117856846177965
Kepler-537 b,1.41,,0.9147005444646098,442.522,5763.0,0.0,1181.0,0.0,0.0,0.0,10.74050953174657,0.0,0.55656064,0.25523909631550445,0.00911777105139469
Kepler-81 b,2.42,17.2,1.2105263157894737,39.95,4385.0,0.0,635.0,0.0,0.0,0.0,71.86359552487427,0.0,0.4855534,0.27103317501780444,0.009117551310879893
KPS-1 b,11.54527,346.4347,0.23774954627949185,729.0,5165.0,0.0,1459.0,0.0,0.0,0.0,1532.5709447152954,0.0,0.59832144,0.24589884498971476,0.009116632510851565
K2-263 b,2.513,15.4,1.0254725952813069,8.17,5368.0,0.08,482.0,0.5273657456736844,0.13748789604138298,0.07485173906073624,68.16950396340651,7.36098958103454e-67,0.27295125,0.31804639244666827,0.009110096195722703
Kepler-1905 b,1.4460734,,0.8874773139745916,508.75,5788.0,0.0,1212.0,0.0,0.0,0.0,11.24130890294526,0.0,0.5559826,0.25497981231909167,0.009108207450079342
HATS-61 b,13.394755,1080.622,0.4482758620689656,374.2,5542.0,0.092,1226.1,0.1690194915553199,0.0016481837750692016,0.07949991985893702,4512.7189536276655,0.0,0.4866747,0.2703780640572574,0.009107552958101986
Kepler-1587 b,1.33,,0.987295825771325,254.701,5933.0,0.0,981.0,0.0,0.0,0.0,9.729506959408015,0.0,0.57189685,0.25140550893959634,0.009107405799403253
Kepler-1290 b,1.42,,0.9056261343012705,443.221,5660.0,0.0,1098.0,0.0,0.0,0.0,10.861819693672095,0.0,0.54171675,0.2580769671119371,0.009106289870520333
K2-266 d,2.93,8.9,0.3684210526315789,13.95,4285.0,0.047,538.3,0.43934760565976294,0.07382960618782536,0.045920820644325844,38.81824613401262,8.338075653525238e-249,0.2583993,0.32109198380610665,0.00910533777780296
Kepler-267 d,2.27,,0.49183303085299457,2.647,4258.0,0.0,301.0,0.0,0.0,0.0,24.098159408961518,0.1833441844572851,0.5346138,0.25948049356263625,0.009101919586092636
Kepler-1032 b,1.87,,0.6352087114337568,176.144,4647.0,0.0,802.0,0.0,0.0,0.0,17.39922380349986,0.0,0.34922513,0.3006910599518965,0.009100722551706523
Kepler-1506 b,1.32,,0.9981851179673321,235.807,5676.0,0.0,783.0,0.0,0.0,0.0,9.61659870480432,0.0,0.54302084,0.25744392085414236,0.00909783852065493
Kepler-93 b,1.478,4.66,1.4392014519056262,275.0,5669.0,0.0,1133.0,0.0,0.0,0.0,19.464062924876536,0.0,0.64857846,0.23394579292470602,0.009097695906779155
Kepler-1614 b,1.49,,0.852994555353902,276.373,5121.0,0.0,981.0,0.0,0.0,0.0,11.819352184196878,0.0,0.4593633,0.2760533433996177,0.009097617483550879
Kepler-1245 c,1.44,,0.8911070780399275,328.984,5306.0,0.0,1190.0,0.0,0.0,0.0,11.145664828760077,0.0,0.49171138,0.2688324535109869,0.0090970831732498
TOI-836.01,2.587,9.6,0.5553539019963702,26.707,4552.0,0.078,665.0,0.38923118200934825,0.03694896744362021,0.053053373938122976,40.27612899049864,0.0,0.17657872,0.3388679452956461,0.009094648152149934
Kepler-1433 b,1.56,,0.8003629764065336,535.42,6097.0,0.0,1226.0,0.0,0.0,0.0,12.727684315708894,0.0,0.55076647,0.25555025067467163,0.009093651115006124
Kepler-213 b,1.62,,0.764065335753176,833.469,5696.0,0.0,1326.0,0.0,0.0,0.0,13.607055303788215,0.0,0.528986,0.26027404039406493,0.009090604928850932
Kepler-497 b,6.04,,0.13756805807622505,1129.272,5834.0,0.0,1210.0,0.0,0.0,0.0,126.97465220953329,0.0,0.6046615,0.2432858916069865,0.009087000791977365
K2-81 b,1.97,,0.5916515426497277,62.9,4674.13,0.06,739.23,0.36066629111466697,0.015663349264716787,0.056315916012173124,18.94755991323829,0.0,0.2196858,0.3288919896033983,0.009085223931328292
HD 15906 b,2.24,,0.5009074410163339,33.14,4757.0,0.11,668.0,0.35634994681715737,0.0276291444989778,0.05852967890152349,23.582516529555242,0.0,0.15312263,0.34363973659620667,0.00908359187244859
Kepler-431 d,1.11,,1.029038112522686,272.838,6004.0,0.0,856.0,0.0,0.0,0.0,5.895070533268197,0.0,0.7005202,0.22176012196963724,0.009082268080761177
Kepler-354 b,1.84,,0.6460980036297641,64.845,4648.0,0.0,741.0,0.0,0.0,0.0,16.859336442055245,0.0,0.31189784,0.3078723510333594,0.00907296108654592
Kepler-208 c,1.39,,0.9328493647912885,300.165,6092.0,0.0,1141.0,0.0,0.0,0.0,10.494083855440916,0.0,0.5767578,0.24887705290807824,0.009071741677085448
Kepler-155 c,2.24,,0.5009074410163339,1.28,4508.0,0.0,286.0,0.0,0.0,0.0,23.582516529555242,0.9778747462857434,0.57915366,0.2482980237905269,0.009070612063821499
TOI-540 b,0.903,,0.912885662431942,23.4,3216.0,0.0,611.0,0.0,0.0,0.0,2.815582430149703,0.0,1.40555,0.06427872535378948,0.009068125122923888
Kepler-251 b,1.33,,0.987295825771325,203.169,5526.0,0.0,990.0,0.0,0.0,0.0,9.729506959408015,0.0,0.51588434,0.2622653441018209,0.00906781237402062
Kepler-351 c,3.19,11.1,0.3411978221415608,6.712,5643.0,0.0,431.0,0.0,0.0,0.0,46.39454382634348,2.6617236280582028e-39,0.16387184,0.3404910181152853,0.00906494326867472
HD 48948 b,2.06,,0.5571687840290381,138.85,4593.0,0.055,957.0,0.3077358261263383,0.006538910028128553,0.05414863493080377,20.402202182365514,0.0,0.25059062,0.32118308798462875,0.009064739817952873
Kepler-1257 b,1.52,,0.8294010889292197,546.908,5502.0,0.0,1252.0,0.0,0.0,0.0,12.200678251962165,0.0,0.5061305,0.2641089667383534,0.009059747230636902
Kepler-143 b,2.41,,0.455535390199637,118.334,5848.0,0.0,838.0,0.0,0.0,0.0,26.709260241159793,0.0,0.15568033,0.34200648639826414,0.009057360152022144
Kepler-204 b,2.53,,0.426497277676951,79.703,5812.0,0.0,828.0,0.0,0.0,0.0,28.931199246336508,0.0,0.123388946,0.3491251550339069,0.009055685429310727
Kepler-1465 b,1.77,,0.6805807622504537,6.246,4726.0,0.0,668.0,0.0,0.0,0.0,15.808405857752895,4.6490963021391405e-32,0.4119548,0.2848425699191632,0.009054184227643449
Kepler-656 b,3.12,,0.32486388384754994,924.374,5281.0,0.0,1569.0,0.0,0.0,0.0,41.32889782334498,0.0,0.31133157,0.30717534616178754,0.009052670583709965
Kepler-1065 c,1.6,,0.7767695099818512,734.619,5635.0,0.0,1256.0,0.0,0.0,0.0,13.327255612574529,0.0,0.514725,0.2617980707561408,0.009049931594698619
Kepler-616 d,2.653,,0.4010889292196007,14.69,6004.0,0.0,499.0,0.0,0.0,0.0,31.371915320259962,1.7548392870403792e-280,0.16485295,0.3395041308192181,0.009045996308648269
Kepler-218 b,1.48,,0.8584392014519058,460.656,5502.0,0.0,1156.0,0.0,0.0,0.0,11.656906080285772,0.0,0.50535643,0.2637141298501993,0.009045766120952745
Kepler-397 b,2.46,,0.4428312159709619,20.01,5307.0,0.0,539.0,0.0,0.0,0.0,27.61418042439924,0.0,0.11720191,0.35009171498769526,0.00904556782203378
Kepler-190 c,1.46,,0.8747731397459166,181.699,5106.0,0.0,948.0,0.0,0.0,0.0,11.403616824159371,0.0,0.44152045,0.2778062425720964,0.009042933759789762
Kepler-164 b,1.41,,0.9147005444646098,370.922,5888.0,0.0,1141.0,0.0,0.0,0.0,10.74050953174657,0.0,0.55149764,0.2532675982615341,0.009041387793295996
Kepler-306 b,1.52,,0.8294010889292197,127.255,4954.0,0.0,830.0,0.0,0.0,0.0,12.200678251962165,0.0,0.40533692,0.28573873283835316,0.009039967227400848
Kepler-235 d,2.05,,0.5626134301270418,4.03,4255.0,0.0,401.0,0.0,0.0,0.0,20.303003404778963,6.762798254380271e-08,0.5189953,0.2604119138639331,0.009039187952707708
KOBE-1 b,2.91,,0.35571687840290384,20.56,4135.0,0.0,594.4,0.0,0.0,0.0,36.71741082369577,0.0,0.341194,0.2999627344254305,0.009038702302514676
Kepler-144 c,1.35,,0.9691470054446462,207.247,6075.0,0.0,1046.0,0.0,0.0,0.0,9.988023901731585,0.0,0.5660552,0.24990266723041166,0.009038304273501222
Kepler-1491 c,2.44,,0.4482758620689656,18.66,5626.0,0.0,530.0,0.0,0.0,0.0,27.277429546248953,0.0,0.1260907,0.34777064204059543,0.009037115912281074
Kepler-111 b,1.58,,0.7894736842105263,677.503,5952.0,0.0,1356.0,0.0,0.0,0.0,13.04360168701691,0.0,0.5473017,0.2540188535739264,0.009036886913493861
Kepler-1786 b,3.16305828,,0.3176043557168784,10.7,5808.0,0.0,501.0,0.0,0.0,0.0,42.10141001495499,3.217256081663597e-132,0.14484231,0.343430166935874,0.009032993503657005
Kepler-567 b,2.25,,0.4972776769509982,26.137,5148.0,0.0,611.0,0.0,0.0,0.0,23.726579181183713,0.0,0.14417765,0.3435162530845546,0.009031468987912687
Kepler-845 b,2.04,,0.5662431941923776,772.498,4913.0,0.0,1361.0,0.0,0.0,0.0,20.13641284646067,0.0,0.41493797,0.28324198040872256,0.009031092353145597
Kepler-1806 b,2.35560189,,0.47005444646098005,66.89,5311.0,0.0,729.0,0.0,0.0,0.0,25.736083492995455,0.0,0.11766168,0.34936475109469367,0.009030168341551351
HD 110113 b,2.05,4.55,0.5263157894736842,735.49,5732.0,0.093,1371.0,0.20616037602273307,0.0009489213944084613,0.08457551958111464,18.993132217373866,0.0,0.32104808,0.3039429687643999,0.009026293400340477
Kepler-1964 b,1.7810587,,0.676950998185118,223.8,4803.0,0.0,986.0,0.0,0.0,0.0,16.02066509180183,0.0,0.36227077,0.29471987798607746,0.00902509073258297
TOI-1117 b,2.46,8.9,0.5989110707803993,928.0,5635.0,0.0,1538.0,0.0,0.0,0.0,37.347047295294054,0.0,0.37071842,0.2928028008160611,0.009024178216733039
Kepler-155 b,2.09,,0.5480943738656987,23.5,4508.0,0.0,614.0,0.0,0.0,0.0,20.959591388792457,0.0,0.29228622,0.31022658209377957,0.009023397235715477
Kepler-1694 b,1.17986031,,1.0689655172413792,197.66,4954.0,0.0,956.0,0.0,0.0,0.0,7.3543463834900855,0.0,0.6345761,0.23402238944586937,0.009022757138957577
Kepler-1296 b,0.91,,0.9165154264972777,399.015,5359.0,0.0,1285.0,0.0,0.0,0.0,2.8930275241789443,0.0,0.7739154,0.20296966925341628,0.0090217195217864
HD 15337 b,1.77,6.519,1.1720508166969148,404.5595,5131.0,0.058,1001.0,0.2678623768425074,0.0021278122090340012,0.06852059624939225,27.224182674498188,0.0,0.4856576,0.26701554052079496,0.009019074822583465
Kepler-321 c,2.32,,0.4791288566243195,80.103,5740.0,0.0,752.0,0.0,0.0,0.0,25.061374825835614,0.0,0.13899711,0.34409651224897614,0.009017350171643498
Kepler-1431 b,1.47,,0.8656987295825771,469.819,5806.0,0.0,1064.0,0.0,0.0,0.0,11.51880413793599,0.0,0.5338671,0.2560199388078568,0.009012508716671048
TOI-776 b,1.798,5.0,0.8711433756805808,11.5,3725.0,0.052,520.0,0.5268415536730878,0.10258944792984609,0.030961158305281563,21.210324358990594,1.6302144984473376e-157,0.7312347,0.21202561704907,0.009010801962412667
Kepler-301 c,1.35,,0.9691470054446462,238.481,5815.0,0.0,989.0,0.0,0.0,0.0,9.988023901731585,0.0,0.5369526,0.2552326209718394,0.009010027822728856
Kepler-186 e,1.27,,1.0471869328493648,3.608,3788.0,0.0,319.0,0.0,0.0,0.0,8.985122168369157,3.064328124198581e-05,1.0674465,0.13710511433056735,0.009008460304246107
K2-38 b,1.54,7.3,1.9963702359346642,426.0,5731.0,0.197,1266.0,0.20733830122431607,0.0015471303754385373,0.0845488058983749,30.54160514581372,0.0,0.9216558,0.1695308973564903,0.009007951488943785
Kepler-1977 b,1.66,,0.7386569872958259,95.61,4805.0,0.0,798.0,0.0,0.0,0.0,14.153233893625375,0.0,0.35321376,0.295959426027251,0.009005956448080258
Kepler-286 d,1.33,,0.987295825771325,173.9,5580.0,0.0,919.0,0.0,0.0,0.0,9.729506959408015,0.0,0.50608736,0.2618536655280596,0.009003909746527245
Kepler-1846 b,1.76378826,,0.6842105263157895,24.5,4825.0,0.0,552.0,0.0,0.0,0.0,15.725979432386286,0.0,0.30515775,0.3065370941064449,0.009003061593966428
Kepler-1254 c,1.3,,1.0163339382940109,132.391,4985.0,0.0,927.0,0.0,0.0,0.0,9.35308959120289,0.0,0.5358486,0.2551269152570788,0.009001364502349186
Kepler-1337 b,2.41,,0.455535390199637,9.183,4523.0,0.0,437.0,0.0,0.0,0.0,26.709260241159793,2.2952021149382646e-90,0.29229632,0.30924143548930555,0.008999165500545546
TOI-1279 b,2.66146528,10.6,0.5535390199637024,74.7359,5457.0,0.0,759.0,0.0,0.0,0.0,43.71185778841679,0.0,0.1082528,0.3501172484150973,0.008997096088280117
Kepler-158 b,2.12,,0.5372050816696915,13.634,4623.0,0.0,500.0,0.0,0.0,0.0,21.440568881959855,7.284677856303838e-236,0.28157243,0.31150847006967497,0.00899621659780057
Kepler-230 c,2.04,,0.5662431941923776,2.976,5588.0,0.0,359.0,0.0,0.0,0.0,20.13641284646067,0.021576787134503984,0.35615188,0.2947994480078279,0.00899347973353704
Kepler-638 b,1.83,,0.6533575317604357,872.567,5382.0,0.0,1111.0,0.0,0.0,0.0,16.772306122820083,0.0,0.44951376,0.27398500305673695,0.008992584374819356
Kepler-416 c,2.352,,0.47005444646098005,93.072,5718.0,0.0,791.0,0.0,0.0,0.0,25.618206777751205,0.0,0.13790287,0.34331641148228964,0.00899211431544897
Kepler-1885 b,1.51110555,,0.8348457350272231,499.07,5591.0,0.0,1205.0,0.0,0.0,0.0,12.066442400382922,0.0,0.5019033,0.2622395552599585,0.008990466579400714
Kepler-142 b,1.99,,0.5843920145190563,1247.908,5790.0,0.0,1597.0,0.0,0.0,0.0,19.290883193273892,0.0,0.48252767,0.26653661454682626,0.008990094810518023
Kepler-115 c,2.6,,0.411978221415608,209.101,5979.0,0.0,960.0,0.0,0.0,0.0,30.330733388615087,0.0,0.19469932,0.330529007282975,0.0089884881079279
Kepler-727 b,2.53,,0.426497277676951,176.685,5441.0,0.0,964.0,0.0,0.0,0.0,28.931199246336508,0.0,0.14146665,0.3423240518451074,0.008987202749769422
Kepler-1888 b,1.32578716,,0.9927404718693285,145.67,5557.0,0.0,886.0,0.0,0.0,0.0,9.690490557488099,0.0,0.4967712,0.26314676823274186,0.008984673866322228
HD 95338 b,4.27174254,42.9,0.7223230490018149,7.42,5097.0,0.197,443.0,0.40631193011761135,0.11853122956846927,0.06761233103594567,235.849680108833,9.288379076396691e-52,0.28619772,0.30997855282382175,0.008983876644874857
Kepler-1174 b,1.59,,0.7822141560798548,641.814,5936.0,0.0,1156.0,0.0,0.0,0.0,13.170602833581443,0.0,0.53247285,0.2550898636330581,0.008981929145731685
Kepler-1488 c,1.65156749,,0.7459165154264974,760.6,5710.0,0.0,1212.0,0.0,0.0,0.0,14.07562891740086,0.0,0.5035218,0.2613904573404105,0.008978413645036952
Kepler-605 b,1.44,,0.8911070780399275,316.718,5462.0,0.0,1133.0,0.0,0.0,0.0,11.145664828760077,0.0,0.48573336,0.2652844201198883,0.008976812767648949
K2-55 b,4.43,44.0,0.5081669691470054,141.3,4300.0,0.07,900.0,0.25816582190106224,0.005679936909519936,0.04632152588555225,185.05729956269937,0.0,0.24347892,0.31919008766991136,0.008976585859611157
Kepler-402 d,1.38,,0.9419237749546281,214.277,6090.0,0.0,1006.0,0.0,0.0,0.0,10.36911348150106,0.0,0.5523838,0.25042622062724973,0.008976200562104733
Kepler-1471 b,1.41,,0.9147005444646098,314.233,5660.0,0.0,1238.0,0.0,0.0,0.0,10.74050953174657,0.0,0.5101179,0.25958768576750396,0.008970160276674502
Kepler-1038 c,1.4162338,,0.9092558983666061,89.24,5159.0,0.0,784.0,0.0,0.0,0.0,10.818812686176729,0.0,0.422918,0.2789920984425708,0.008970102626423641
K2-136 c,3.0,18.1,0.6696914700544465,11.91,4500.0,0.047,470.0,0.49097190890711434,0.09488553005362499,0.051664262435211994,75.74032088981272,2.4789300345637117e-171,0.24055973,0.3193967523380618,0.008965663947185357
Kepler-1405 b,3.96,,0.23956442831215974,33.802,5925.0,0.0,565.0,0.0,0.0,0.0,62.315559607132,0.0,0.14089158,0.34149660422113576,0.008963648202170105
Kepler-1968 b,1.50004034,,0.8457350272232306,72.16,5008.0,0.0,744.0,0.0,0.0,0.0,11.957261927842318,0.0,0.38629246,0.2868157586879734,0.008962027907132563
Kepler-154 e,1.5,,0.8457350272232306,480.405,5769.0,0.0,1140.0,0.0,0.0,0.0,11.956297267836291,0.0,0.5174003,0.25761341820634304,0.008961444530332097
Kepler-741 b,2.97,,0.3466424682395644,461.993,6129.0,0.0,1051.0,0.0,0.0,0.0,38.039931450518424,0.0,0.2872291,0.3088321102836474,0.008961271845719133
TOI-4600 c,9.42,2946.26933289,0.841455449962456,48.3867,5170.0,0.21,191.0,0.25060663992651216,0.015345420035405823,0.06956242987657316,2946.26933289,0.0,0.4481775,0.2729150157629739,0.008958874015918088
Kepler-249 c,1.51,,0.8366606170598911,12.529,3568.0,0.0,429.0,0.0,0.0,0.0,12.066151605498609,2.508075413485967e-193,0.9137543,0.16928470731863773,0.008958529017718826
Kepler-616 b,2.43,,0.4500907441016334,129.18,5753.0,0.0,860.0,0.0,0.0,0.0,27.05250662534617,0.0,0.1473346,0.33972926152175337,0.00895542833713391
Kepler-1912 b,1.35670508,,0.9618874773139746,201.8,5734.0,0.0,976.0,0.0,0.0,0.0,10.061650636026982,0.0,0.51264507,0.25837978130489303,0.008954247167123062
Kepler-1153 b,1.73,,0.7005444646098004,761.808,5470.0,0.0,1343.0,0.0,0.0,0.0,15.193667726976054,0.0,0.46125045,0.2697983576121529,0.008953765437612842
Kepler-551 b,2.73,,0.38656987295825773,14.386,4286.0,0.0,483.0,0.0,0.0,0.0,32.94614117139229,3.0710133740792513e-267,0.30931556,0.30337233156687266,0.008947852274221282
Kepler-1455 b,2.16,,0.5263157894736842,1.533,4075.0,0.0,298.0,0.0,0.0,0.0,22.21755489032368,0.976697486385851,0.70994586,0.21415711735098183,0.0089465445408935
Kepler-1859 c,1.66,,0.7386569872958259,732.82,5887.0,0.0,1327.0,0.0,0.0,0.0,14.153233893625375,0.0,0.51386607,0.2577724597390024,0.008945973901463553
Kepler-1865 b,1.57686072,,0.7912885662431943,495.14,5420.0,0.0,1203.0,0.0,0.0,0.0,12.995814524353635,0.0,0.4655045,0.26850814334430734,0.008945298159936176
Kepler-848 b,1.7,,0.7168784029038113,794.778,5695.0,0.0,1086.0,0.0,0.0,0.0,14.753017929338723,0.0,0.4892161,0.2631329338454135,0.008942880100407688
Kepler-166 d,1.73,,0.7005444646098004,651.409,5350.0,0.0,1313.0,0.0,0.0,0.0,15.193667726976054,0.0,0.43958735,0.2736383890334518,0.008929575904826502
Kepler-141 c,1.41,,0.9147005444646098,77.412,4910.0,0.0,738.0,0.0,0.0,0.0,10.74050953174657,0.0,0.4518364,0.2708118483050716,0.00892709928146137
Kepler-1745 b,1.92872921,,0.6079854809437387,1044.49,5611.0,0.0,1449.0,0.0,0.0,0.0,18.27239987622951,0.0,0.45317316,0.27034325394429876,0.008922881266002651
Kepler-1165 b,1.55,,0.809437386569873,464.773,6080.0,0.0,946.0,0.0,0.0,0.0,12.626034267217095,0.0,0.5348923,0.2521186642050958,0.00892195424407058
Kepler-708 b,2.93,,0.35390199637023595,684.765,5692.0,0.0,1221.0,0.0,0.0,0.0,37.28846303513528,0.0,0.2753929,0.3098080211287492,0.008920389480696364
Kepler-292 c,1.47,,0.8656987295825771,242.416,5299.0,0.0,1001.0,0.0,0.0,0.0,11.51880413793599,0.0,0.44549435,0.271917887965749,0.008919569841933667
Kepler-1196 b,2.23,,0.5027223230490019,8.302,5756.0,0.0,436.0,0.0,0.0,0.0,23.352391807810356,9.949227383864917e-70,0.21679203,0.32271461938531193,0.008917053852770461
Kepler-1901 b,1.47418907,,0.8620689655172414,389.41,5696.0,0.0,1132.0,0.0,0.0,0.0,11.56884975206593,0.0,0.49874383,0.25986605065678914,0.008914616603518477
Kepler-1245 b,1.44,,0.8911070780399275,194.344,5306.0,0.0,1043.0,0.0,0.0,0.0,11.145664828760077,0.0,0.4444631,0.27180269689379266,0.008911071747592541
HD 73583 b,2.79,10.2,0.4682395644283122,43.3,4511.0,0.09,714.0,0.3342304299456618,0.02071324203928562,0.05195811294544225,42.59604981249733,0.0,0.15544754,0.33605237989014936,0.008909294321372628
Kepler-127 d,2.64,,0.4047186932849365,31.519,6106.0,0.03,590.0,0.42299765523230637,0.034411811702124026,0.09456643692897354,31.19274925340165,0.0,0.123849474,0.343046452559181,0.008908351879663443
Kepler-38 b,4.3,122.0,0.36632440647762904,14.4568,5623.0,0.032,475.0,0.44632975400470665,0.07398307852279548,0.08166372816154575,121.99999999999999,2.743733960597689e-270,0.061511822,0.35681328498976483,0.00890572121907945
KOI-1833 d,2.58,11.02,0.8166969147005445,27.35,4413.0,0.0,613.0,0.0,0.0,0.0,58.750104321817965,0.0,0.34119338,0.2945681128491343,0.00890570351574804
Kepler-1951 b,2.32107188,,0.4791288566243195,66.27,5468.0,0.0,728.0,0.0,0.0,0.0,25.096127238891885,0.0,0.11952458,0.3437665554580656,0.008902375416661664
TOI-564 b,11.43318,464.98529,0.308529945553539,1423.0,5640.0,0.072,1714.0,0.1317075491119724,0.00037216107962874883,0.08211786076826834,1931.4659423492953,0.0,0.6084335,0.23438325110243602,0.008888216634281177
Kepler-1386 b,1.24,,1.0834845735027223,196.533,5733.0,0.0,1011.0,0.0,0.0,0.0,8.653193135100102,0.0,0.5926217,0.2378373296632503,0.008886616395449739
Kepler-1760 b,2.28995546,,0.48638838475499097,12.56,5229.0,0.0,480.0,0.0,0.0,0.0,24.46543322281537,1.8691261188361045e-194,0.16628273,0.33267687489130066,0.00888552644678285
Kepler-598 b,1.5,,0.8457350272232306,265.407,5307.0,0.0,1050.0,0.0,0.0,0.0,11.956297267836291,0.0,0.43818116,0.27208526520117393,0.008883570681455805
Kepler-416 d,1.61,,0.7695099818511797,583.25,5670.0,0.0,1253.0,0.0,0.0,0.0,13.451802895897226,0.0,0.48037416,0.26265735561198056,0.008882642452520776
Kepler-1004 b,6.28,,0.1308529945553539,1610.087,4972.0,0.0,1661.0,0.0,0.0,0.0,135.75355344739188,0.0,0.70216405,0.2132663963858505,0.008881888815477993
Kepler-1343 b,1.93,,0.6079854809437387,1021.904,5759.0,0.0,1294.0,0.0,0.0,0.0,18.30854131939945,0.0,0.46095127,0.26681138195267506,0.008878485071221243
Kepler-1761 b,1.39109603,,0.9292196007259529,33.34,3871.0,0.0,613.0,0.0,0.0,0.0,10.477997850645066,0.0,0.7839783,0.19482257629322228,0.008876078574931803
Kepler-935 b,1.35,,0.9691470054446462,94.607,4830.0,0.0,879.0,0.0,0.0,0.0,9.988023901731585,0.0,0.51035935,0.2556639522826036,0.008874751968580428
Kepler-465 b,2.95,,0.3502722323049002,227.82,6310.0,0.0,996.0,0.0,0.0,0.0,37.66694235242357,0.0,0.258391,0.31165050902668046,0.008872528306209541
Kepler-148 b,1.8,,0.6660617059891107,609.017,5272.0,0.0,1284.0,0.0,0.0,0.0,16.271237717011477,0.0,0.40938577,0.2780165585155666,0.008871804717409084
Kepler-1329 b,2.17,,0.5226860254083484,26.645,4500.0,0.0,577.0,0.0,0.0,0.0,22.37220034175378,0.0,0.27582365,0.3077230393161497,0.008871351190314045
Kepler-222 d,3.69,,0.2613430127041742,15.087,5433.0,0.0,522.0,0.0,0.0,0.0,55.002015107614874,2.9525216325274505e-298,0.11650576,0.34314694463295314,0.008870536488098593
TOI-283 b,2.34,6.54,0.5099818511796733,30.4,5213.0,0.0,661.0,0.0,0.0,0.0,27.37101499526172,0.0,0.12863974,0.34035524180622173,0.008868287414889054
Kepler-1184 b,2.68,,0.39564428312159716,18.039,5983.0,0.0,529.0,0.0,0.0,0.0,31.900529088691453,0.0,0.1490154,0.3358031463780157,0.008867858521186748
Kepler-1336 c,1.71,,0.7114337568058077,662.713,5512.0,0.0,1260.0,0.0,0.0,0.0,14.900862549177393,0.0,0.44952846,0.26892161844827933,0.008867835619297406
Kepler-770 d,1.4,,0.9237749546279492,209.752,5598.0,0.0,1941.0,0.0,0.0,0.0,10.617906576886263,0.0,0.4763463,0.26293466450508307,0.008867379222413669
Kepler-663 b,2.6,,0.411978221415608,167.979,5264.0,0.0,917.0,0.0,0.0,0.0,30.330733388615087,0.0,0.13691257,0.3384579370173175,0.008866903208329845
Kepler-905 b,1.41,,0.9147005444646098,185.771,5461.0,0.0,928.0,0.0,0.0,0.0,10.74050953174657,0.0,0.45617923,0.2673034660036646,0.008864433846776647
Kepler-656 c,1.41,,0.9147005444646098,213.25,5550.0,0.0,975.0,0.0,0.0,0.0,10.74050953174657,0.0,0.46894845,0.26439527910667676,0.008862798411128513
Kepler-501 c,1.68119739,,0.7277676950998185,683.84,5794.0,0.0,1304.0,0.0,0.0,0.0,14.48563388165259,0.0,0.4842944,0.2609761322118175,0.008862704050033237
Kepler-1595 b,1.23,,1.0925589836660616,185.568,5203.0,0.0,980.0,0.0,0.0,0.0,8.51625851203296,0.0,0.5891011,0.23762967121574383,0.008862180360742229
Kepler-671 b,2.69,,0.3938294010889292,331.438,5624.0,0.0,1012.0,0.0,0.0,0.0,32.11098179201991,0.0,0.19101724,0.3261805775658772,0.008861082333039541
LHS 1140 c,1.272,1.91,0.925589836660617,5.3,3096.0,0.05,422.0,0.6230251978558349,0.2248813173198119,0.014158251856600792,7.979368473096951,1.1350426204100131e-19,1.3517354,0.06774564238571876,0.008858330610784216
Kepler-167 c,1.674,,0.7313974591651543,61.175,4884.0,0.0,771.0,0.0,0.0,0.0,14.371709085574677,0.0,0.32131642,0.2969490404841471,0.008855342050904068
Kepler-1059 b,1.73,,0.7005444646098004,174.074,4906.0,0.0,908.0,0.0,0.0,0.0,15.193667726976054,0.0,0.34207085,0.2922077407209933,0.00885232694395879
Kepler-33 b,1.74,,0.6969147005444646,744.011,5904.0,0.0,1336.0,0.0,0.0,0.0,15.378570915853674,0.0,0.48875347,0.25951857415870583,0.008851235762035217
Kepler-209 b,2.26,,0.49546279491833034,48.662,5513.0,0.0,668.0,0.0,0.0,0.0,23.95658860096664,0.0,0.12503318,0.340385032226105,0.008849233688089276
Kepler-387 b,1.03,,0.985480943738657,304.081,5774.0,0.0,994.0,0.0,0.0,0.0,4.510747469472506,0.0,0.7067479,0.21065607041346804,0.008842685709181258
Kepler-580 b,2.57,,0.4192377495462795,24.063,4298.0,0.0,558.0,0.0,0.0,0.0,29.809065432440704,0.0,0.29232964,0.30285402265649947,0.008841877363266228
K2-90 b,2.6,,0.411978221415608,10.2,4484.0,0.07,502.0,0.45494755615739607,0.09881247818570527,0.05123684351123719,30.330733388615087,1.529348863031217e-117,0.22527733,0.31766981798461996,0.008839239142143726
Kepler-211 b,1.26,,1.0617059891107077,158.188,5123.0,0.0,954.0,0.0,0.0,0.0,8.896199466231437,0.0,0.56176573,0.24278100908364925,0.008839196665231286
Kepler-1022 b,2.36,,0.4682395644283122,19.258,4445.0,0.0,512.0,0.0,0.0,0.0,25.78058247142872,0.0,0.27449554,0.3064721719933564,0.008833226122604189
Kepler-167 b,1.718,,0.7078039927404719,122.502,4884.0,0.0,918.0,0.0,0.0,0.0,15.033880573428334,0.0,0.32867473,0.29431515294708666,0.008830781006613173
Kepler-23 b,1.638,2.56,0.5783793103448276,446.107,5828.0,0.017,1157.0,0.3005587153452758,0.0021600305294512973,0.08714003312495146,10.647387270240836,0.0,0.3823983,0.282350183790929,0.008830570658200702
Kepler-968 b,2.0,,0.5807622504537205,103.909,4598.0,0.0,745.0,0.0,0.0,0.0,19.46152980808196,0.0,0.2964373,0.3014658118203484,0.008830190877681564
Kepler-629 b,1.38,,0.9419237749546281,103.147,5444.0,0.0,816.0,0.0,0.0,0.0,10.36911348150106,0.0,0.4403646,0.2693434788254855,0.008827956572492374
Kepler-1342 b,1.66,,0.7386569872958259,559.275,5527.0,0.0,1283.0,0.0,0.0,0.0,14.153233893625375,0.0,0.44620475,0.2680269240389259,0.008827542191331708
Kepler-55 f,1.59,,0.7822141560798548,25.438,4503.0,0.0,559.0,0.0,0.0,0.0,13.170602833581443,0.0,0.44703007,0.2676845634756814,0.008823630185003064
Kepler-36 b,1.498,3.83,1.1361161524500907,247.0,5979.0,0.0,978.0,0.0,0.0,0.0,15.997303479949842,0.0,0.5725305,0.2397447305681492,0.00882340558860044
Kepler-1743 b,1.59887007,,0.7767695099818512,515.0,5855.0,0.0,1144.0,0.0,0.0,0.0,13.299040174251097,0.0,0.4879962,0.2585240933981724,0.008822563632263618
Kepler-137 b,1.47,,0.8656987295825771,86.33,5187.0,0.0,742.0,0.0,0.0,0.0,11.51880413793599,0.0,0.38914067,0.28048674028588017,0.00882162385879278
Kepler-227 c,3.04,,0.3357531760435572,10.186,5854.0,0.0,443.0,0.0,0.0,0.0,39.51204335427572,3.844234669977317e-117,0.15374038,0.33284750761615095,0.008820916814287824
Kepler-169 f,2.58,,0.4174228675136116,2.439,4997.0,0.0,321.0,0.0,0.0,0.0,30.027831097818066,0.454482606560138,0.33324277,0.2928069435237554,0.008818662135361088
Kepler-1108 b,1.46,,0.8747731397459166,206.414,5406.0,0.0,1063.0,0.0,0.0,0.0,11.403616824159371,0.0,0.43554664,0.26980064971590134,0.008812792466631384
Kepler-1147 b,2.61,,0.4101633393829401,206.563,5941.0,0.0,872.0,0.0,0.0,0.0,30.54688793246715,0.0,0.18688509,0.3247535811862401,0.008803230171696088
Kepler-585 b,2.83,,0.37023593466424687,489.149,5593.0,0.0,1178.0,0.0,0.0,0.0,35.15009348862319,0.0,0.2271783,0.31578389740801477,0.008803175025496877
Kepler-1988 b,1.53,,0.823956442831216,351.79,6033.0,0.0,1105.0,0.0,0.0,0.0,12.36138565063676,0.0,0.5041763,0.2540836377636605,0.008801867357049378
LP 714-47 b,4.25,28.38,0.37023593466424687,38.5441,4123.0,0.022,722.8,0.3756871970341823,0.026589629571055654,0.0415932040391021,119.0512522778916,0.0,0.2901681,0.3016349947005726,0.008799964564694913
Kepler-303 b,0.89,,0.9056261343012705,145.436,3944.0,0.0,802.0,0.0,0.0,0.0,2.67428430798031,0.0,1.0305139,0.13679041346734572,0.008798063315799744
Kepler-558 b,2.37,,0.46460980036297644,15.227,5242.0,0.0,498.0,0.0,0.0,0.0,25.907291626626694,1.1632592145377902e-304,0.14337385,0.33417828764891744,0.008796846781766912
61 Vir b,2.11,,0.5408348457350273,318.8418,5577.0,0.12,1177.85,0.23237258054723237,0.0023025583166742143,0.08043489875512837,21.281421841846257,0.0,0.21531336,0.3180682549861112,0.008794392376403162
Kepler-1033 b,2.51,,0.4319419237749546,159.422,5547.0,0.0,914.0,0.0,0.0,0.0,28.611137990783305,0.0,0.13834497,0.3350833252585277,0.00879156697389593
Kepler-377 b,1.39,,0.9328493647912885,139.112,5949.0,0.0,875.0,0.0,0.0,0.0,10.494083855440916,0.0,0.49082437,0.2565048425665209,0.0087882998297916
Kepler-947 b,2.28,,0.49001814882032674,51.95,5508.0,0.0,573.0,0.0,0.0,0.0,24.327938855799818,0.0,0.12241204,0.33843361559301105,0.008786743277706323
TOI-451 b,1.84,4.7,0.7441016333938294,786.0,5490.0,0.0,1474.0,0.0,0.0,0.0,19.416651520344523,0.0,0.45737585,0.263824549561694,0.00878523254703253
Kepler-1739 b,2.43056832,,0.4500907441016334,117.5,5757.0,0.0,839.0,0.0,0.0,0.0,27.071491905069625,0.0,0.1426895,0.3337883155754094,0.00878347780996664
TOI-849 b,3.64,41.8,1.0163339382940109,2314.06,5257.0,0.0,1932.0,0.0,0.0,0.0,205.31902270608586,0.0,0.61664593,0.22817371053884147,0.008780190001903977
TOI-431 d,3.29,9.9,0.24682395644283125,28.3588,4850.0,0.0,633.0,0.0,0.0,0.0,36.81828987631644,0.0,0.15660402,0.33043889704139884,0.008777248525794926
Kepler-247 b,1.64,,0.7531760435571688,216.111,5100.0,0.0,970.0,0.0,0.0,0.0,13.916071494991721,0.0,0.36912948,0.28306008879789735,0.008775269766886373
Kepler-1987 e,1.92,,0.6134301270417423,40.33,4769.0,0.0,643.0,0.0,0.0,0.0,18.186846313324125,0.0,0.25969177,0.3073716255139684,0.008774176633422014
Kepler-1315 c,1.84398883,,0.6460980036297641,57.6,4818.0,0.0,777.0,0.0,0.0,0.0,16.969219459910903,0.0,0.27335888,0.30421611474850724,0.00877137030328068
Kepler-1555 b,1.61,,0.7695099818511797,483.262,5866.0,0.0,959.0,0.0,0.0,0.0,13.451802895897226,0.0,0.47651163,0.2589876577280865,0.008770979451887755
Kepler-179 b,1.64,,0.7531760435571688,360.262,5302.0,0.0,1075.0,0.0,0.0,0.0,13.916071494991721,0.0,0.40367588,0.2751592578033103,0.008770034199660562
Kepler-251 c,2.77,,0.3793103448275862,38.953,5526.0,0.0,655.0,0.0,0.0,0.0,33.76934241377408,0.0,0.07879113,0.3474429909578948,0.008769518869561729
Kepler-1131 b,1.59,,0.7822141560798548,453.142,5851.0,0.0,1159.0,0.0,0.0,0.0,13.170602833581443,0.0,0.4756325,0.25907510541476036,0.008768311776522122
Kepler-1222 b,0.79,,0.8457350272232306,416.231,5239.0,0.0,1246.0,0.0,0.0,0.0,1.7466432144108852,0.0,0.8586885,0.17372287630620667,0.00876581432631802
Kepler-302 b,4.06,,0.23049001814882034,31.247,5740.0,0.0,634.0,0.0,0.0,0.0,64.6128402455152,0.0,0.12753035,0.33640160312494544,0.008764730146103223
Kepler-1669 b,2.78043818,,0.37749546279491836,18.66,4303.0,0.0,530.0,0.0,0.0,0.0,33.98913214790143,0.0,0.2878112,0.3005608211338934,0.00876055084115026
Kepler-1804 b,1.59615726,,0.7803992740471869,164.61,5109.0,0.0,913.0,0.0,0.0,0.0,13.29329060111182,0.0,0.36692548,0.2829153754366807,0.008759609458417469
Kepler-737 b,1.96,,0.5952813067150635,2.297,3813.0,0.0,298.0,0.0,0.0,0.0,18.77496206720648,0.6835798972051683,0.80435354,0.18554352926417994,0.008759112291711038
TOI-2048 b,2.61,,0.4101633393829401,29.035,5185.0,0.13,646.0,0.34116278646818865,0.029882046491005412,0.0699631351177933,30.54688793246715,0.0,0.06987156,0.34893295458545054,0.00875731230275216
GJ 887 b,1.8,,0.6660617059891107,7.8,3688.0,0.14,426.0,0.4642168592655123,0.12445889797598865,0.02997275204359377,16.271237717011477,3.5301082527632877e-59,0.7460891,0.19843743981285844,0.008757309983650981
Kepler-157 d,1.46,,0.8747731397459166,244.058,5866.0,0.0,969.0,0.0,0.0,0.0,11.403616824159371,0.0,0.47856385,0.25780874422847944,0.008753175225683644
Kepler-305 e,1.7938153,,0.6678765880217786,220.4,4974.0,0.0,1000.0,0.0,0.0,0.0,16.147972491252908,0.0,0.32802778,0.29117872335724615,0.008749907822514735
Kepler-1281 b,1.64,,0.7531760435571688,375.55,5353.0,0.0,1123.0,0.0,0.0,0.0,13.916071494991721,0.0,0.40665236,0.27368008291882107,0.00874989881331906
Kepler-1303 b,1.42,,0.9056261343012705,182.375,5771.0,0.0,891.0,0.0,0.0,0.0,10.861819693672095,0.0,0.4663179,0.26038962904164614,0.008749612608213289
HD 60779 b,3.246,14.19,0.41379310344827586,42.3921,6081.0,0.031,650.0,0.38691614665532525,0.02449222680429362,0.09389859486026653,59.28125700968917,0.0,0.090046726,0.3441241552909804,0.00874945479436762
Kepler-1005 b,1.5,,0.8457350272232306,301.329,5782.0,0.0,1026.0,0.0,0.0,0.0,11.956297267836291,0.0,0.4674419,0.2599208118262618,0.008744221685797986
Kepler-273 b,1.5,,0.8457350272232306,285.636,5626.0,0.0,1209.0,0.0,0.0,0.0,11.956297267836291,0.0,0.44880992,0.2639588325415888,0.008741544109368678
Kepler-1400 b,1.62,,0.764065335753176,44.517,5044.0,0.0,725.0,0.0,0.0,0.0,13.607055303788215,0.0,0.31861177,0.2929230084851121,0.008741247359461688
HATS-4 b,11.433,420.471,0.2813067150635209,558.828,5403.0,0.013,1315.0,0.18444952015792343,0.0012261191263515134,0.07578671795692116,1760.9593024409462,0.0,0.50385016,0.25169435790569766,0.008741174104947912
TOI-5788 b,1.528,3.72,1.0406825771324866,175.1,5615.0,0.061,910.0,0.32686546858337523,0.005520777706568327,0.08145001869956747,15.55166726616653,0.0,0.41372886,0.2717353711801608,0.00874078202227492
Kepler-967 b,2.35,,0.47005444646098005,39.1,5178.0,0.0,638.0,0.0,0.0,0.0,25.55290976560077,0.0,0.12107365,0.33675841669696893,0.008738100676727083
Kepler-339 b,1.42,,0.9056261343012705,159.945,5631.0,0.0,1023.0,0.0,0.0,0.0,10.861819693672095,0.0,0.44560322,0.2644722709905036,0.008736607765993621
Kepler-446 d,1.35,,0.9691470054446462,3.307,3359.0,0.0,436.0,0.0,0.0,0.0,9.988023901731585,0.0010287433130855442,1.2644688,0.08209957451257265,0.00873339599678234
Kepler-1143 b,1.67,,0.73502722323049,173.056,5053.0,0.0,976.0,0.0,0.0,0.0,14.339745615952426,0.0,0.34590402,0.2865103544481537,0.008732898849495628
TOI-1062 c,3.1,,0.3266787658802178,95.0,5328.0,0.14,859.0,0.25236016790218496,0.007683973624626971,0.07378319175079887,40.765671176665066,0.0,0.06705727,0.34838345907951596,0.008728324179763363
Kepler-1191 b,1.51,,0.8366606170598911,167.184,5308.0,0.0,952.0,0.0,0.0,0.0,12.066151605498609,0.0,0.39528364,0.2751585615086993,0.008723971281434331
Kepler-1516 b,1.75,,0.6896551724137931,615.253,5904.0,0.0,967.0,0.0,0.0,0.0,15.482274140535905,0.0,0.4579246,0.2610849525851337,0.008720703079172883
Kepler-778 b,1.68,,0.7277676950998185,216.568,5102.0,0.0,977.0,0.0,0.0,0.0,14.45470484972229,0.0,0.35263187,0.2844796856596132,0.008719749877556594
Kepler-124 c,1.75,,0.6896551724137931,30.716,4984.0,0.0,560.0,0.0,0.0,0.0,15.482274140535905,0.0,0.27863863,0.3009305878486588,0.008719339548742317
Kepler-1686 b,1.42553017,,0.9019963702359347,167.2,5714.96,0.0,913.0,0.0,0.0,0.0,10.945173208414282,0.0,0.45188195,0.2623531360919076,0.008718813646326151
Kepler-1493 b,1.41,,0.9147005444646098,137.91,5863.0,0.0,874.0,0.0,0.0,0.0,10.74050953174657,0.0,0.46498498,0.2593767542173555,0.008717328655752199
Kepler-1608 b,1.73,,0.7005444646098004,33.22,4992.0,0.0,612.0,0.0,0.0,0.0,15.193667726976054,0.0,0.28350502,0.29959591727833484,0.008713136021153815
Kepler-633 b,1.63,,0.7568058076225046,454.5,5899.0,0.0,1021.0,0.0,0.0,0.0,13.728904329626776,0.0,0.4648695,0.2592137387867575,0.008712676016785841
Kepler-1795 b,1.66301611,,0.7368421052631579,17.3,4500.0,0.0,520.0,0.0,0.0,0.0,14.195556188781374,0.0,0.4313709,0.26652812176554663,0.008709202739109969
Kepler-763 d,1.67,,0.73502722323049,98.81,4999.0,0.0,804.0,0.0,0.0,0.0,14.339745615952426,0.0,0.3207771,0.2910739663742522,0.00870754272204945
Kepler-119 c,0.92,,0.9237749546279492,367.322,5595.0,0.0,1016.0,0.0,0.0,0.0,3.0131328121510252,0.0,0.7633862,0.19253371203742986,0.008706667506117921
Kepler-1266 c,1.68023962,,0.7277676950998185,110.4,4996.0,0.0,881.0,0.0,0.0,0.0,14.460890796903245,0.0,0.3210296,0.2909711292583341,0.008706392902967219
Kepler-776 b,1.28,,1.0362976406533575,135.082,5071.0,0.0,904.0,0.0,0.0,0.0,9.103387459923805,0.0,0.54089385,0.24196206001961298,0.008704488622198647
Kepler-1376 b,1.05,,1.0,278.902,5659.0,0.0,1042.0,0.0,0.0,0.0,4.849048260815846,0.0,0.68156064,0.21046056952854963,0.008699670728895272
Kepler-109 b,2.49,4.9,0.308529945553539,442.0,5950.0,0.11,1276.0,0.19961151169607536,0.001473778613823305,0.09039910242023912,19.95188684635764,0.0,0.24071026,0.30855484210417783,0.008699200673272001
Kepler-1295 b,1.55,,0.809437386569873,279.941,5486.0,0.0,1029.0,0.0,0.0,0.0,12.626034267217095,0.0,0.41703573,0.2692177413254635,0.008696857844654104
Kepler-936 b,1.45,,0.883847549909256,133.56,5482.0,0.0,867.0,0.0,0.0,0.0,11.286777880287813,0.0,0.41331023,0.2699601612860237,0.00869472007165191
Kepler-1891 b,1.52139156,,0.8294010889292197,253.28,5516.0,0.0,1017.0,0.0,0.0,0.0,12.234218101781533,0.0,0.42164654,0.2680868763062184,0.008694276464541503
Kepler-710 b,1.88,,0.6297640653357532,710.872,5611.0,0.0,1174.0,0.0,0.0,0.0,17.528309500369478,0.0,0.40798974,0.2710586406339848,0.008692609410120511
Kepler-175 b,2.56,,0.42105263157894735,129.639,6064.0,0.0,827.0,0.0,0.0,0.0,29.58999496605706,0.0,0.18073654,0.3213998105358854,0.008686813185877216
Kepler-90 i,1.32,,0.9981851179673321,128.579,6015.0,0.0,709.0,0.0,0.0,0.0,9.61659870480432,0.0,0.5431744,0.2407173491333967,0.008686315132700625
TOI-512 b,1.54,3.57,1.0206693284936479,127.0,5277.0,0.02,1009.0,0.4026224241513348,0.009130828991012021,0.07242079393064246,15.614778789116365,0.0,0.4076546,0.27078967076812066,0.008684139509598385
Kepler-389 b,1.51,,0.8366606170598911,167.058,5376.0,0.0,1047.0,0.0,0.0,0.0,12.066151605498609,0.0,0.39345497,0.2735046545763339,0.008673163589518298
Kepler-174 b,1.96,,0.5952813067150635,24.418,4880.0,0.0,553.0,0.0,0.0,0.0,18.77496206720648,0.0,0.23745644,0.3080724982029786,0.008669456532423462
Kepler-500 b,2.58,,0.4174228675136116,193.68,5813.0,0.0,909.0,0.0,0.0,0.0,30.027831097818066,0.0,0.16668628,0.32377262541822716,0.008668221224646002
Kepler-1990 b,3.27,,0.30490018148820325,1372.87,5751.0,0.0,1554.0,0.0,0.0,0.0,44.65700059520605,0.0,0.39161533,0.273673676554408,0.008667236870833624
TOI-1452 b,1.672,4.82,1.0163339382940109,1.8,3185.0,0.0,326.0,0.0,0.0,0.0,19.89911934766415,0.9833541550253405,1.3929442,0.050637021628613776,0.008662647431227908
Kepler-1231 b,1.42,,0.9056261343012705,117.515,5778.0,0.0,870.0,0.0,0.0,0.0,10.861819693672095,0.0,0.43998784,0.2626805355558037,0.008661625499406647
Kepler-1044 b,2.67,,0.3992740471869329,218.497,5985.0,0.0,1058.0,0.0,0.0,0.0,31.83416591062733,0.0,0.19464564,0.31719922206586043,0.008659569980362828
Kepler-370 b,1.59,,0.7822141560798548,361.514,5852.0,0.0,1040.0,0.0,0.0,0.0,13.170602833581443,0.0,0.450004,0.2603147805910133,0.008658257698839145
Kepler-1730 b,4.48524519,,0.2032667876588022,113.75,5942.0,0.0,833.0,0.0,0.0,0.0,76.82695146930004,0.0,0.2058688,0.3144748041696137,0.0086539822281222
Kepler-233 b,2.43,,0.4500907441016334,85.131,5360.0,0.0,751.0,0.0,0.0,0.0,27.05250662534617,0.0,0.11352152,0.33489623568870025,0.00865075530126797
EPIC 201170410.02,1.047,,1.0,10.3359,3648.0,0.0,500.03,0.0,0.0,0.0,4.807603629113822,1.7538143226835386e-121,1.1233838,0.1101242367962433,0.008650203934973752
Kepler-1893 b,1.70557445,,0.7132486388384756,478.98,5633.0,0.0,1194.0,0.0,0.0,0.0,14.823187614717884,0.0,0.41512018,0.2677288981961419,0.008649642688745476
Kepler-1380 b,1.43,,0.8965517241379312,90.1,5570.0,0.0,786.0,0.0,0.0,0.0,10.981763124053886,0.0,0.40681824,0.26957325209449384,0.008649561873876683
Kepler-1006 b,1.54,,0.8166969147005445,153.493,5328.0,0.0,791.0,0.0,0.0,0.0,12.494293014196522,0.0,0.37736556,0.2761034577034342,0.008648954664764348
Kepler-253 b,1.63,,0.7568058076225046,194.346,5208.0,0.0,949.0,0.0,0.0,0.0,13.728904329626776,0.0,0.35566193,0.2808563452061523,0.00864704749229303
HD 108236 b,1.615,,0.7676950998185119,312.1807,5660.0,0.045,1099.0,0.2960141490765413,0.002953488611557752,0.08265213442323927,13.545497417852031,0.0,0.36157444,0.2794894762852742,0.008645789909022334
Kepler-1530 b,1.64,,0.7531760435571688,353.561,5477.0,0.0,1484.0,0.0,0.0,0.0,13.916071494991721,0.0,0.3996056,0.2709897203304901,0.008644908780398301
Kepler-1226 b,1.45,,0.883847549909256,140.376,5923.0,0.0,809.0,0.0,0.0,0.0,11.286777880287813,0.0,0.45185357,0.25913134148607664,0.008639229902218517
Kepler-135 c,1.16,,1.0544464609800364,209.967,6090.0,0.0,975.0,0.0,0.0,0.0,6.894251313357239,0.0,0.67611927,0.20919584217183448,0.008638635574426979
HD 39194 b,1.99,,0.5843920145190563,112.2269,5205.0,0.101,915.16,0.297853091342132,0.007636481416295314,0.07049740877276184,19.290883193273892,0.0,0.15695341,0.3245864752717088,0.008634883824832733
TOI-776 c,2.047,6.9,0.7985480943738658,4.9,3725.0,0.089,420.0,0.5469433082933584,0.21327001115401933,0.030961158305281174,28.690836787748356,2.429458577856207e-15,0.74040926,0.19463598367561832,0.008632427497567728
Kepler-381 c,1.12,,1.0362976406533575,225.331,6152.0,0.0,1180.0,0.0,0.0,0.0,6.098558396003643,0.0,0.70847875,0.2015182344457324,0.008626904277907337
Kepler-334 c,1.43,,0.8965517241379312,97.21,5828.0,0.0,822.0,0.0,0.0,0.0,10.981763124053886,0.0,0.4309455,0.2629606187386241,0.008618917766123568
Kepler-105 c,1.44,5.6,1.8874773139745917,236.167,5933.0,0.02,997.0,0.336267004299517,0.00428962493165447,0.08994496981353062,23.607925502872668,0.0,0.7910198,0.1828206820559469,0.00861882684623746
Kepler-169 b,1.13,,1.043557168784029,195.221,4997.0,0.0,962.0,0.0,0.0,0.0,6.307252035510905,0.0,0.6430949,0.2154334979247408,0.008611219262629005
K2-208 b,1.67462172,,0.7332123411978222,264.3425,5500.0,0.37,1122.0,0.2093082454945419,0.002436760405970238,0.07837794518351128,14.423429457059225,0.0,1.0401713,0.1270346946363086,0.008610539913147048
TOI-178 d,2.695,5.2,0.2651738656987296,24.9125,4316.0,0.0068,690.0,0.3868772416942254,0.03892774510040738,0.04674894480952198,21.741807072026457,0.0,0.2991379,0.2919215778841239,0.008609711027181405
TOI-2134 b,2.735,9.37,0.4573502722323049,32.0,4580.0,0.067,660.0,0.37266808563800985,0.03018604102262961,0.05380135705507454,39.19309346990803,0.0,0.1413326,0.3269875498137789,0.008608371321703669
Kepler-65 c,2.58,5.4,0.29764065335753176,609.992,6211.0,0.02,1246.0,0.23624511857937427,0.0013033576799462768,0.09737137361754411,21.4111491306181,0.0,0.35076118,0.28035122670457163,0.008607705607905542
Kepler-1207 b,1.62,,0.764065335753176,352.508,5909.0,0.0,802.0,0.0,0.0,0.0,13.607055303788215,0.0,0.44210505,0.2599759411401414,0.008606564847643161
TOI-3261 b,3.82,30.3,0.544464609800363,1466.0,5068.0,0.0,1722.0,0.0,0.0,0.0,127.13008984253422,0.0,0.4047299,0.2682528027123911,0.008605550331811273
Kepler-1468 b,1.73,,0.7005444646098004,481.352,5893.0,0.0,1093.0,0.0,0.0,0.0,15.193667726976054,0.0,0.43188447,0.26208129738245123,0.00860239140616732
Kepler-160 b,1.715,,0.7096188747731398,396.619,5471.0,0.0,1134.0,0.0,0.0,0.0,14.993607610752093,0.0,0.38290748,0.27293176146696224,0.008601168643373626
Kepler-1198 b,1.47,,0.8656987295825771,108.069,5517.0,0.0,830.0,0.0,0.0,0.0,11.51880413793599,0.0,0.3902285,0.2712070564588102,0.008598817322038124
TOI-1753 b,2.47852533,16.6,1.0798548094373865,237.996,5621.0,0.0,1005.43,0.0,0.0,0.0,68.87063085823844,0.0,0.3505874,0.27999817118641723,0.008598048170600862
Kepler-1142 b,1.47,,0.8656987295825771,147.817,5685.0,0.0,902.0,0.0,0.0,0.0,11.51880413793599,0.0,0.4159545,0.2653858586870053,0.008596456635047316
Kepler-1991 b,1.47,,0.8656987295825771,78.79,5478.0,0.0,760.0,0.0,0.0,0.0,11.51880413793599,0.0,0.37746802,0.27393139558434365,0.00859596826017503
Kepler-683 b,1.97,,0.5916515426497277,702.281,5703.0,0.0,1332.0,0.0,0.0,0.0,18.94755991323829,0.0,0.38847175,0.2714720511238689,0.008595711601195155
TOI-1438 c,2.75,10.6,0.5263157894736842,65.0,5230.0,0.0,794.0,0.0,0.0,0.0,45.849340152719456,0.0,0.10027735,0.3355911908646673,0.008595221295994807
K2-110 b,2.592,15.9,0.911070780399274,27.7,5010.0,0.13,638.0,0.3790338955419814,0.03487439802955802,0.0652882406368456,66.45776308600213,0.0,0.21078125,0.31061315461148276,0.008585732979701843
Kepler-1384 b,1.94,,0.604355716878403,32.23,4919.0,0.0,608.0,0.0,0.0,0.0,18.48359456430943,0.0,0.23000956,0.30627319388197505,0.00858423869696985
Kepler-1292 b,1.82,,0.6569872958257714,521.101,5556.0,0.0,1195.0,0.0,0.0,0.0,16.59051031687569,0.0,0.38146788,0.2724359397859653,0.0085810464388183
Kepler-1699 b,1.56671124,,0.7985480943738658,245.65,5575.53,0.0,1010.0,0.0,0.0,0.0,12.863423393706626,0.0,0.3996293,0.2683213327624262,0.008579254048358546
Kepler-913 b,2.06,,0.558983666061706,58.9,4687.0,0.0,1129.0,0.0,0.0,0.0,20.468658866998627,0.0,0.24519303,0.3025387942797966,0.008575480680449856
Kepler-779 b,0.92,,0.9237749546279492,15.028,3804.0,0.0,425.0,0.0,0.0,0.0,3.0131328121510252,1.207583784167633e-295,1.0743053,0.11777128712352153,0.008569449410084001
TOI-1799 b,1.642,4.0,1.3629764065335754,164.26,5690.0,0.0,922.72,0.0,0.0,0.0,25.275305048256772,0.0,0.54070187,0.23650536434042974,0.008568909552016425
Kepler-1073 c,1.64,,0.7531760435571688,357.082,5792.0,0.0,1169.0,0.0,0.0,0.0,13.916071494991721,0.0,0.42039084,0.2632654849535896,0.008568523398745653
Kepler-436 c,2.33,,0.4754990925589837,14.52,4685.0,0.0,503.0,0.0,0.0,0.0,25.19451861657391,4.869942754255497e-273,0.2296795,0.30567607026472843,0.008567706651894227
Kepler-295 d,1.36,,0.9600725952813067,104.962,5603.0,0.0,533.0,0.0,0.0,0.0,10.116013671203888,0.0,0.45856413,0.254713104708228,0.008567124772119218
Kepler-536 b,3.1,,0.3284936479128857,892.812,5524.0,0.0,1877.0,0.0,0.0,0.0,40.99214712764654,0.0,0.30380315,0.2891427648761195,0.008566800955626097
Kepler-234 b,3.7,,0.2595281306715064,1007.716,6224.0,0.0,1420.0,0.0,0.0,0.0,55.06532668739646,0.0,0.43627214,0.25953434781645585,0.00856367459638757
Kepler-1673 b,2.9355194,,0.35208711433756806,30.5,6014.95,0.0,611.0,0.0,0.0,0.0,37.30728157095726,0.0,0.12754694,0.32818971208395087,0.008562370627203466
Kepler-1152 b,0.87,,0.8929219600725953,139.601,3964.0,0.0,806.0,0.0,0.0,0.0,2.46297424824219,0.0,1.0303571,0.12707471689104735,0.008557678920903878
Kepler-98 b,1.99,3.55,0.39564428312159716,1107.389,5539.0,0.0,1592.0,0.0,0.0,0.0,13.060287379297232,0.0,0.41902202,0.2630557941954258,0.008555843404251265
K2-199 c,2.85,12.4,0.5263157894736842,38.6,4491.0,0.03,694.0,0.4080957870206877,0.028100108340722192,0.051423839290476746,51.035172657566186,0.0,0.18641584,0.3148031864035766,0.00855534506032283
Kepler-1387 b,0.93,,0.9292196007259529,300.312,5046.0,0.0,1123.0,0.0,0.0,0.0,3.130803546367877,0.0,0.7551173,0.18812604500891275,0.008552634902528857
TOI-1174 b,2.562,32.0,1.9963702359346642,52.02,5030.0,0.0,713.83,0.0,0.0,0.0,140.6264688920003,0.0,0.5783943,0.2274190282772629,0.008551708697101949
Kepler-1071 b,2.38,,0.4627949183303085,45.12,5215.0,0.0,814.0,0.0,0.0,0.0,26.13413090004276,0.0,0.1144435,0.33066846131815153,0.008551585276522373
Kepler-958 b,2.06,,0.558983666061706,73.59,5421.0,0.0,749.0,0.0,0.0,0.0,20.468658866998627,0.0,0.16641398,0.3190875665957558,0.008551224827668048
GJ 160.2 b,3.17,,0.3194192377495463,56.9598,4347.0,0.06,736.99,0.3128356249012467,0.015241903915557076,0.04757706897472016,42.62137584624826,0.0,0.19911483,0.311526017732711,0.008544227717037035
Kepler-354 d,1.24,,1.0834845735027223,8.949,4648.0,0.0,451.0,0.0,0.0,0.0,8.653193135100102,1.2349377689092295e-84,0.6797261,0.20435320198840085,0.008539038251890597
Kepler-1940 b,1.54732469,,0.809437386569873,145.23,5431.0,0.0,885.0,0.0,0.0,0.0,12.560769195074805,0.0,0.36511227,0.27431334705461824,0.008537592153964501
Kepler-1330 b,1.65,,0.7459165154264974,322.399,5608.0,0.0,879.0,0.0,0.0,0.0,14.03558972895801,0.0,0.38995534,0.26874819199585614,0.008536699382861217
Kepler-324 c,3.15,6.2,0.3139745916515427,7.233,5194.0,0.0,410.0,0.0,0.0,0.0,41.10690458488351,2.647373849242637e-48,0.16528697,0.3186995221711755,0.008535474664190154
Kepler-1220 b,1.52,,0.8294010889292197,177.842,5842.0,0.0,899.0,0.0,0.0,0.0,12.200678251962165,0.0,0.41829962,0.26224308436302196,0.008531843920779186
Kepler-1129 c,2.73,,0.38656987295825773,7.006,5831.0,0.0,503.0,0.0,0.0,0.0,32.94614117139229,2.8787951581057626e-44,0.1911555,0.31279342937885113,0.008531803051777585
Kepler-1675 b,3.12483349,,0.32486388384754994,11.8,5853.19,0.0,465.0,0.0,0.0,0.0,41.52127517508196,1.4318267746050111e-167,0.14268307,0.3235491930358491,0.008531014080426693
Kepler-1882 b,1.48674404,,0.852994555353902,122.1,5691.0,0.0,894.0,0.0,0.0,0.0,11.742038147098828,0.0,0.39649433,0.26689444755356795,0.008526875973248384
Kepler-2001 c,1.82,,0.6569872958257714,30.1,5081.0,0.0,597.0,0.0,0.0,0.0,16.59051031687569,0.0,0.24461588,0.3006439917079308,0.00852560086548922
HATS-57 b,12.767051,1000.21101,0.4809437386569873,570.233,5587.0,0.028,1413.4,0.1892404327864303,0.0012513708157300724,0.08070203558261103,4192.322308632416,0.0,0.5368897,0.23558549053261585,0.008525315254376536
HD 63433 b,2.14,21.755,2.358983666061706,145.5707,5553.0,0.24,967.11,0.2311548779286916,0.004674819554211028,0.07979377036917809,96.84001836473333,0.0,0.9080779,0.15272851453001823,0.008519218833438057
TOI-784 b,1.93,9.67,1.3430127041742288,413.894,5558.0,0.0,1256.0,0.0,0.0,0.0,40.44274798912117,0.0,0.5541195,0.23141560706944464,0.008517049017065938
Kepler-154 f,1.5,,0.8457350272232306,139.884,5769.0,0.0,838.0,0.0,0.0,0.0,11.956297267836291,0.0,0.40506768,0.2645381930193202,0.008515825915258948
Kepler-206 b,1.2,,1.0798548094373865,192.273,5764.0,0.0,983.0,0.0,0.0,0.0,7.816236909170915,0.0,0.60999227,0.21874750771790716,0.008511295989047596
Kepler-878 b,1.93,,0.6079854809437387,27.009,5044.0,0.0,501.0,0.0,0.0,0.0,18.30854131939945,0.0,0.21928886,0.30556062925424937,0.00850785020029335
Kepler-1247 b,2.33,,0.4754990925589837,41.472,5303.0,0.0,676.0,0.0,0.0,0.0,25.19451861657391,0.0,0.11626438,0.3284347159103227,0.008506506591884105
TOI-1853 b,3.46,73.2,1.767695099818512,435.33,4985.0,0.03,1479.0,0.25038173397356217,0.0019330753575831179,0.06462039856814276,306.70740655077054,0.0,0.58325005,0.22447976124943214,0.00850588807566845
Kepler-255 b,1.55,,0.809437386569873,174.395,5573.0,0.0,971.0,0.0,0.0,0.0,12.626034267217095,0.0,0.37963486,0.26977665018913466,0.008505428730125044
Kepler-319 b,1.63,,0.7568058076225046,253.665,5526.0,0.0,1023.0,0.0,0.0,0.0,13.728904329626776,0.0,0.3714782,0.27155072869745106,0.008504412488260612
Kepler-1420 b,1.28,,1.0362976406533575,131.526,5187.0,0.0,806.0,0.0,0.0,0.0,9.103387459923805,0.0,0.5288522,0.236428465451089,0.008501998109033782
Kepler-1950 b,1.52696349,,0.8257713248638838,75.83,5455.0,0.0,752.0,0.0,0.0,0.0,12.314998589914422,0.0,0.34780112,0.2765581462062414,0.008497952540109793
Kepler-242 c,2.0,,0.5807622504537205,20.498,5020.0,0.0,613.0,0.0,0.0,0.0,19.46152980808196,0.0,0.21382073,0.3063751834754047,0.008497929586971572
Kepler-1491 b,1.51,,0.8366606170598911,138.108,5728.0,0.0,821.0,0.0,0.0,0.0,12.066151605498609,0.0,0.39460155,0.2660583568028693,0.008495878370191876
Kepler-534 c,1.227,,1.0907441016333939,178.68,5936.0,0.0,933.0,0.0,0.0,0.0,8.440052938056725,0.0,0.61845815,0.2162066911686668,0.008495106334759684
Kepler-578 b,2.0,,0.5807622504537205,496.898,5334.0,0.0,1774.0,0.0,0.0,0.0,19.46152980808196,0.0,0.32508463,0.28141731771256817,0.008493108420938578
TOI-1347 c,1.6,6.4,0.7441016333938294,183.6642,5464.0,0.0,1000.0,0.0,0.0,0.0,12.766763554101768,0.0,0.34740445,0.27643275068423767,0.008492684737907832
HD 86226 c,2.16,7.25,0.7205081669691471,647.901,5863.0,0.075,1311.0,0.2260893998831193,0.0011756170284889067,0.08807501202114365,30.415066522270696,0.0,0.35013032,0.2758001473589316,0.008492045065690255
Kepler-100 b,1.34,4.01,2.2428145190562616,478.214,5837.0,0.13,1155.0,0.21852716878082076,0.0014552650220846885,0.0873804562696955,22.604575896179632,0.0,0.98064315,0.13527687290817358,0.008487122730600993
Kepler-69 b,2.24,,0.5009074410163339,123.517,5638.0,0.16,779.0,0.26204397879985514,0.006176893503266499,0.08206443340277342,23.582516529555242,0.0,0.16543896,0.31669538850612156,0.008486900027534668
Kepler-597 b,2.37,,0.46460980036297644,76.375,5683.0,0.0,743.0,0.0,0.0,0.0,25.907291626626694,0.0,0.12614055,0.32534198000117304,0.0084844481203516
Kepler-1794 b,1.79426276,,0.6678765880217786,57.59,5052.0,0.0,703.0,0.0,0.0,0.0,16.160059645895707,0.0,0.2535622,0.29696527882602974,0.008483994264312358
Kepler-621 b,2.3,,0.4827586206896552,69.56,4521.0,0.0,737.0,0.0,0.0,0.0,24.6037981345829,0.0,0.24777365,0.29822681264465434,0.00848333508437294
Kepler-269 c,1.69,,0.7223230490018149,342.6,5847.0,0.0,875.0,0.0,0.0,0.0,14.60428153050956,0.0,0.4018577,0.26389927743303865,0.008482462274325201
Kepler-1612 b,1.03,,0.985480943738657,269.248,5643.0,0.0,1030.0,0.0,0.0,0.0,4.510747469472506,0.0,0.6840343,0.20095095443110675,0.008478799169928553
Kepler-133 b,1.76,,0.6860254083484574,408.58,5736.0,0.0,1041.0,0.0,0.0,0.0,15.666313526372127,0.0,0.38369688,0.2676507538609006,0.008475305544337832
Kepler-802 b,3.54,,0.27586206896551724,13.508,5507.0,0.0,489.0,0.0,0.0,0.0,51.26139072807339,8.590987424356566e-231,0.117037915,0.3267130362040066,0.00846830565761806
Kepler-571 b,2.64,,0.4047186932849365,219.036,5527.0,0.0,978.0,0.0,0.0,0.0,31.19274925340165,0.0,0.15117557,0.3190904205761304,0.008467686402156971
TOI-1130 b,3.66,19.8,0.4047186932849365,78.1,4360.0,0.052162,825.0,0.304287774869039,0.011284060174271636,0.047924346850449016,83.11609478641951,0.0,0.18757702,0.3108027789712463,0.008463092796911105
Kepler-1291 b,1.66,,0.7386569872958259,62.823,5216.0,0.0,739.0,0.0,0.0,0.0,14.153233893625375,0.0,0.28904617,0.2881416398690088,0.008461152563864593
Kepler-768 b,1.79,,0.6715063520871144,40.589,5108.0,0.0,618.0,0.0,0.0,0.0,16.13235712341537,0.0,0.24791566,0.2972913763888492,0.00846105262911727
Kepler-307 b,2.43,7.44,0.4754990925589837,59.7,5367.0,0.0,797.0,0.0,0.0,0.0,28.579664257422166,0.0,0.10749384,0.32849581617271467,0.008459891479666184
Kepler-1410 b,1.78,,0.6751361161524502,1.06,4092.0,0.0,290.0,0.0,0.0,0.0,15.949238678455716,0.9687279870663713,0.86533177,0.15979257819066353,0.008458835663161232
Kepler-180 b,1.5,,0.8457350272232306,72.119,5731.0,0.0,781.0,0.0,0.0,0.0,11.956297267836291,0.0,0.37342766,0.2691733168506728,0.00845649748189109
Kepler-784 b,1.58,,0.7894736842105263,194.385,5674.0,0.0,688.0,0.0,0.0,0.0,13.04360168701691,0.0,0.37950808,0.26771855613798884,0.008453994267310652
Kepler-1001 c,1.57799279,,0.7894736842105263,72.4,5376.0,0.0,804.0,0.0,0.0,0.0,12.993953582838264,0.0,0.32115424,0.2806316690379981,0.008452174554246098
Kepler-357 b,1.84,,0.6460980036297641,69.57,5036.0,0.0,793.0,0.0,0.0,0.0,16.859336442055245,0.0,0.2444056,0.29769998746723686,0.00845186755164596
Kepler-322 c,1.67,,0.73502722323049,203.406,5388.0,0.0,996.0,0.0,0.0,0.0,14.339745615952426,0.0,0.33578074,0.2773234042107088,0.008450866278715146
Kepler-1090 b,2.25,,0.4972776769509982,1.825,5321.0,0.0,297.0,0.0,0.0,0.0,23.726579181183713,0.9779558412378612,0.38921005,0.2653733653388003,0.008449409447497416
Kepler-260 c,1.74,,0.6969147005444646,6.775,5250.0,0.0,372.0,0.0,0.0,0.0,15.378570915853674,2.382654694524114e-40,0.34517348,0.2751306984605079,0.008448344086934706
Kepler-1915 b,3.21798413,,0.3103448275862069,101.05,6020.0,0.0,809.0,0.0,0.0,0.0,43.3196375988964,0.0,0.14212966,0.32025983601135977,0.008446884000267364
Kepler-1693 c,0.97698289,,0.956442831215971,296.73,5553.0,0.0,1059.0,0.0,0.0,0.0,3.7360140386520304,0.0,0.71154916,0.19344292257826692,0.008444667373718576
Kepler-1021 b,2.33,,0.4754990925589837,50.37,5431.0,0.0,634.0,0.0,0.0,0.0,25.19451861657391,0.0,0.11419364,0.32620827355164483,0.008440255810130198
Kepler-504 b,1.59,,0.7822141560798548,5.991,3519.0,0.0,374.0,0.0,0.0,0.0,13.170602833581443,2.0601218976425615e-28,0.96314067,0.13721964208774107,0.008438987470246531
Kepler-1495 b,2.94,,0.35208711433756806,9.1,5831.0,0.0,443.0,0.0,0.0,0.0,37.478373211900745,2.646703661263579e-88,0.16079304,0.31562572775131376,0.008435038442101703
Kepler-1838 b,1.66049425,,0.7404718693284937,271.6,5877.0,0.0,1097.0,0.0,0.0,0.0,14.200685251648437,0.0,0.39476392,0.2634612084647111,0.008432740813266587
Kepler-873 b,3.75,,0.2558983666061706,68.015,6163.0,0.0,749.0,0.0,0.0,0.0,56.52621763562624,0.0,0.17635168,0.3118143630885048,0.008426441494118232
Kepler-327 b,1.11,,1.029038112522686,73.056,3799.0,0.0,682.0,0.0,0.0,0.0,5.895070533268197,0.0,0.97259235,0.13459538779014613,0.008426149220252194
Kepler-510 b,2.47,,0.44101633393829404,114.389,5746.0,0.0,797.0,0.0,0.0,0.0,27.837750867808452,0.0,0.13624245,0.3206979387549649,0.008425383225482497
Kepler-1961 b,1.6187808,,0.764065335753176,132.98,5401.0,0.0,866.0,0.0,0.0,0.0,13.576356711831297,0.0,0.32773173,0.2778686156463138,0.008420144940664636
Kepler-1301 b,1.4,,0.9237749546279492,76.139,5188.0,0.0,734.0,0.0,0.0,0.0,10.617906576886263,0.0,0.42561823,0.255977505981731,0.008417531657485182
Kepler-46 d,1.64,,0.7531760435571688,92.346,5309.0,0.0,845.0,0.0,0.0,0.0,13.916071494991721,0.0,0.3041507,0.28275161967741724,0.008411144913997772
Kepler-60 b,1.71,4.19,0.838475499092559,318.0,5905.0,0.0,1102.0,0.0,0.0,0.0,17.5617308615305,0.0,0.43327823,0.2537769514506613,0.008405308909826843
Kepler-784 c,1.55,,0.809437386569873,119.87,5676.0,0.0,844.0,0.0,0.0,0.0,12.626034267217095,0.0,0.3629234,0.2694043554787764,0.00840455950470142
Kepler-1610 b,1.61,,0.7695099818511797,56.212,5383.0,0.0,750.0,0.0,0.0,0.0,13.451802895897226,0.0,0.30209702,0.28293387912407697,0.008404370261704035
Kepler-175 c,3.1,,0.3284936479128857,31.95,6064.0,0.0,583.0,0.0,0.0,0.0,40.99214712764654,0.0,0.13411173,0.32016567431309595,0.008400570530864376
Kepler-1765 b,2.49508857,,0.4355716878402904,126.48,5692.0,0.0,855.0,0.0,0.0,0.0,28.340411526482274,0.0,0.13425967,0.3201285967055202,0.008400468150030345
TOI-421 b,2.64,6.7,0.37024283121597096,154.57,5291.0,0.13,922.0,0.24205024067524003,0.004695064462750796,0.07279478548911292,28.535602601529593,0.0,0.09850298,0.3280692716803619,0.008400045412341404
Kepler-330 c,1.95,,0.6007259528130672,27.676,5117.0,0.0,573.0,0.0,0.0,0.0,18.65816108852237,0.0,0.20599866,0.3040694855913692,0.008398169005852316
TOI-1184 b,2.39,6.8,0.47731397459165154,57.54,4534.0,0.0,715.47,0.0,0.0,0.0,27.29521137118492,0.0,0.23068254,0.2985144808411594,0.008396653009542326
Kepler-869 b,3.61,,0.26860254083484575,17.234,5664.0,0.0,494.0,0.0,0.0,0.0,52.932247141987716,0.0,0.11431197,0.3240125212395007,0.008386772441945687
Kepler-542 b,1.57,,0.7967332123411978,61.573,5526.0,0.0,698.0,0.0,0.0,0.0,12.915180730626957,0.0,0.3230973,0.2774491116951427,0.008384374985553982
Kepler-1287 b,1.54,,0.8166969147005445,78.156,5715.0,0.0,796.0,0.0,0.0,0.0,12.494293014196522,0.0,0.35384232,0.2705074568735403,0.008381929223980424
TOI-2322 c,1.874,18.1,2.6660617059891107,10.15,4664.0,0.0,496.8,0.0,0.0,0.0,73.49665366175431,4.09412825824078e-116,0.9608833,0.1353962993063246,0.00838165033165898
Kepler-329 b,1.4,,0.9237749546279492,40.689,4257.0,0.0,547.0,0.0,0.0,0.0,10.617906576886263,0.0,0.61758745,0.2116820570913114,0.008378781564963241
Kepler-414 b,1.71,3.5,0.6987295825771326,241.171,5536.0,0.0,1024.0,0.0,0.0,0.0,14.634775717942084,0.0,0.3319545,0.27520124700133114,0.008377554619158008
Kepler-1138 b,1.7,,0.7168784029038113,245.904,5582.0,0.0,1080.0,0.0,0.0,0.0,14.753017929338723,0.0,0.3431758,0.2725504323473943,0.008373771187728845
K2-21 b,1.84,,0.49001814882032674,10.0,4222.06,0.1,500.0,0.45890775208278395,0.09965740380642954,0.04423946145214895,12.786575391446394,6.280263300149183e-112,0.41128778,0.25736826506621463,0.008373191365340463
Kepler-1123 b,1.67,,0.73502722323049,190.016,5500.0,0.0,1061.0,0.0,0.0,0.0,14.339745615952426,0.0,0.33109105,0.2749643742596809,0.00836697739468043
Kepler-1079 b,1.63,,0.7568058076225046,195.353,5758.0,0.0,887.0,0.0,0.0,0.0,13.728904329626776,0.0,0.36480126,0.26738441432673954,0.008365064441265335
HD 24085 b,3.46,,0.28493647912885667,2061.4187,6034.0,0.22,1875.43,0.1216341144961635,0.00022408429109644102,0.09264305177109634,49.43846286290655,0.0,0.63296044,0.20761245560132335,0.0083627996422168
Kepler-382 c,1.59,,0.7822141560798548,124.743,5600.0,0.0,882.0,0.0,0.0,0.0,13.170602833581443,0.0,0.34129685,0.27242631446527,0.008360402109227491
Kepler-137 c,1.88,,0.6297640653357532,29.775,5187.0,0.0,568.0,0.0,0.0,0.0,17.528309500369478,0.0,0.21736574,0.29985273112410615,0.00835657982592921
Kepler-4 b,4.002,24.472,0.3466424682395644,1245.431,5857.0,0.0,1650.0,0.0,0.0,0.0,93.06826774906143,0.0,0.3720437,0.2654114384255862,0.008356161212182954
Kepler-1426 b,1.56,,0.8003629764065336,95.22,5831.0,0.0,797.0,0.0,0.0,0.0,12.727684315708894,0.0,0.3622957,0.2674599177010411,0.008353178482275661
Kepler-208 d,1.2,,1.0798548094373865,176.283,6092.0,0.0,999.0,0.0,0.0,0.0,7.816236909170915,0.0,0.6533622,0.20253036689874987,0.008349447896043052
GJ 3138 b,1.18,,1.0798548094373865,118.1,3717.0,0.19,902.98,0.2848160494176799,0.006888580563546199,0.030747448843296173,7.431902408188026,0.0,1.0705029,0.10965144816630144,0.008348405746437538
Kepler-55 b,2.43,43.0,2.9945553539019967,6.642,4362.0,0.0,400.0,0.0,0.0,0.0,179.98643520895638,3.68977695602753e-38,1.0940502,0.10440256201666565,0.008348200458452972
TOI-1410.01,3.10083009,12.5,0.4174228675136116,565.5415,4635.0,0.0,1236.7,0.0,0.0,0.0,52.131324073734824,0.0,0.32542786,0.2754128867703291,0.008346962426541019
Kepler-241 b,2.33,,0.4754990925589837,23.6,4699.0,0.0,562.0,0.0,0.0,0.0,25.19451861657391,0.0,0.20422769,0.30230544493982964,0.008344962683767571
Kepler-764 b,1.64,,0.7531760435571688,160.457,5557.0,0.0,875.0,0.0,0.0,0.0,13.916071494991721,0.0,0.33328363,0.2735189317457372,0.008343372426861059
Kepler-200 c,1.59,,0.7822141560798548,126.361,5678.0,0.0,806.0,0.0,0.0,0.0,13.170602833581443,0.0,0.34697843,0.270452707984872,0.008342919241113807
Kepler-313 b,2.53,,0.426497277676951,142.4,5727.0,0.0,883.0,0.0,0.0,0.0,28.931199246336508,0.0,0.14081386,0.31631678662187795,0.008342455246376852
Kepler-1042 b,2.19,,0.515426497277677,25.66,4815.0,0.0,574.0,0.0,0.0,0.0,22.677109389951777,0.0,0.19954295,0.3032202031541167,0.008341810719528503
TIC 434398831 c,5.63,,0.15081669691470054,166.3776,5638.0,0.013,1050.0,0.24123264557553253,0.004552128770092076,0.08206443340276563,112.73615504656311,0.0,0.29722446,0.2813590777660437,0.008338811727495555
Kepler-900 b,2.08,,0.5517241379310345,54.109,4836.0,0.0,716.0,0.0,0.0,0.0,20.79699555273639,0.0,0.20976777,0.30060617360835207,0.008333466834504862
Kepler-1530 c,1.65,,0.7459165154264974,135.179,5477.0,0.0,1167.0,0.0,0.0,0.0,14.03558972895801,0.0,0.31597847,0.2768828645046722,0.008331356133817603
Kepler-1313 b,1.76,,0.6860254083484574,227.198,5453.0,0.0,1012.0,0.0,0.0,0.0,15.666313526372127,0.0,0.31109387,0.27794037300176544,0.00833062680773217
Kepler-1413 b,1.82,,0.6569872958257714,42.825,5196.0,0.0,661.0,0.0,0.0,0.0,16.59051031687569,0.0,0.23067251,0.29571302185967174,0.008327532639476307
Kepler-1805 b,1.54502915,,0.8112522686025408,12.48,3867.0,0.0,479.0,0.0,0.0,0.0,12.53298634642398,1.542301768352089e-191,0.74115485,0.1820189651709388,0.008325466753216531
Kepler-1043 b,2.55,,0.4228675136116153,21.692,5629.0,0.0,532.0,0.0,0.0,0.0,29.370644238439844,0.0,0.109827146,0.3224941288724209,0.008324732067471618
Kepler-832 b,2.06,,0.558983666061706,256.828,5596.0,0.0,965.0,0.0,0.0,0.0,20.468658866998627,0.0,0.24360237,0.2927084867483834,0.008324403279465152
Kepler-215 b,1.62,,0.764065335753176,105.073,5739.0,0.0,784.0,0.0,0.0,0.0,13.607055303788215,0.0,0.34137803,0.27094466821332064,0.008324319993451235
Kepler-321 b,1.77,,0.6805807622504537,296.155,5740.0,0.0,1042.0,0.0,0.0,0.0,15.808405857752895,0.0,0.3463544,0.26972043968082404,0.008321442494572113
Kepler-1078 b,1.9,,0.6206896551724138,373.99,5612.0,0.0,1122.0,0.0,0.0,0.0,17.83297987114956,0.0,0.321057,0.2753226853139721,0.008320756870729694
Kepler-48 b,1.88,3.94,0.5862068965517242,173.12,5194.0,0.0,932.0,0.0,0.0,0.0,16.315976854810785,0.0,0.24988563,0.2911611644238561,0.008320731159389472
K2-119 b,2.53,,0.426497277676951,54.9,4740.0,0.07,666.0,0.33483455122890016,0.01662438221087618,0.058075546294801904,28.931199246336508,0.0,0.112904705,0.3215511654371947,0.008318370567579184
Kepler-304 c,2.17,,0.5226860254083484,73.598,4731.0,0.0,746.0,0.0,0.0,0.0,22.37220034175378,0.0,0.21880186,0.2979826536701387,0.008318355751799837
Kepler-769 b,2.92,,0.35390199637023595,241.128,6186.0,0.0,1037.0,0.0,0.0,0.0,36.90797146408427,0.0,0.23315915,0.29475343015449534,0.00831751903056821
TOI-406 c,1.32,2.08,0.8892921960072596,19.0,3392.0,0.032,584.0,0.5283604157333652,0.06606318760383019,0.02206550195009788,8.56751520973476,0.0,1.0391452,0.11506546385468393,0.008309828616904921
Kepler-159 b,2.38,,0.4627949183303085,33.463,4625.0,0.0,447.0,0.0,0.0,0.0,26.13413090004276,0.0,0.207436,0.30000620786901055,0.008305881867350486
Kepler-1904 b,1.3904994,,0.9310344827586207,24.38,3805.0,0.0,567.0,0.0,0.0,0.0,10.48496036197425,0.0,0.8237383,0.16255677676832028,0.008298770626232254
Kepler-1497 b,1.66,,0.7386569872958259,172.38,5675.0,0.0,924.0,0.0,0.0,0.0,14.153233893625375,0.0,0.335862,0.2710940557671893,0.008297738054339454
Kepler-1221 b,1.88,,0.6297640653357532,37.81,5194.0,0.0,632.0,0.0,0.0,0.0,17.528309500369478,0.0,0.21342674,0.29829784492408745,0.008296634540935119
Kepler-237 c,2.08,,0.5517241379310345,60.642,4861.0,0.0,687.0,0.0,0.0,0.0,20.79699555273639,0.0,0.2068607,0.29952471512208734,0.008290854980520537
Kepler-601 b,1.9,,0.6206896551724138,110.619,5160.0,0.0,833.0,0.0,0.0,0.0,17.83297987114956,0.0,0.23116481,0.2935846931335646,0.00827776342398034
Kepler-1069 b,1.6,,0.7767695099818512,78.175,5722.0,0.0,823.0,0.0,0.0,0.0,13.327255612574529,0.0,0.3264324,0.27234689608857643,0.008276887099401747
Kepler-662 b,2.18,,0.5190562613430127,23.824,4897.0,0.0,530.0,0.0,0.0,0.0,22.525400652961082,0.0,0.18935968,0.3028497295608551,0.00827680453306476
Kepler-744 b,1.62,,0.764065335753176,62.955,5594.0,0.0,750.0,0.0,0.0,0.0,13.607055303788215,0.0,0.30356708,0.2773709786920381,0.00827529193520366
TOI-260 b,1.71,4.23,0.8457350272232306,10.1838,4026.0,0.0,493.0,0.0,0.0,0.0,17.71378047937925,4.396986546835904e-117,0.6550535,0.1990558483215706,0.008273069125144205
TOI-2093 b,3.25,,0.308529945553539,19.5345,4426.0,0.0,535.0,0.0,0.0,0.0,44.36454326184406,0.0,0.24097359,0.29107117247295977,0.008269614746501716
Kepler-1600 c,1.94206512,,0.6025408348457351,84.7,5119.0,0.0,786.0,0.0,0.0,0.0,18.487000756813337,0.0,0.21287103,0.29718100309965084,0.008266051632056012
Kepler-851 b,1.68,,0.7277676950998185,103.828,5455.0,0.0,900.0,0.0,0.0,0.0,14.45470484972229,0.0,0.29007527,0.2799559494284553,0.008264994374499287
Kepler-641 b,1.85,,0.6424682395644283,311.788,5713.0,0.0,926.0,0.0,0.0,0.0,17.039445495925126,0.0,0.3234529,0.27243849382978536,0.008262797551180853
Kepler-1448 b,1.61,,0.7695099818511797,86.645,5774.0,0.0,811.0,0.0,0.0,0.0,13.451802895897226,0.0,0.33005258,0.27090827359958863,0.008261283156453348
Kepler-1083 b,3.36,,0.29401088929219604,10.148,5049.0,0.0,448.0,0.0,0.0,0.0,46.71645258164611,4.6131433705334724e-116,0.15200764,0.31052941816247737,0.008261194430255987
WASP-45 b,10.603714,306.38812,0.2573502722323049,294.0,5150.0,0.0,1153.0,0.0,0.0,0.0,1285.2489507695973,0.0,0.43436703,0.24755199911204356,0.008257816812822507
Kepler-1254 b,1.55,,0.809437386569873,33.978,4985.0,0.0,660.0,0.0,0.0,0.0,12.626034267217095,0.0,0.3597231,0.26408526377716174,0.008255866885014276
Kepler-139 d,1.695,2.0,0.9565275862068966,172.3,5622.0,0.0,972.0,0.0,0.0,0.0,19.511704788560063,0.0,0.3933528,0.25649178873193357,0.008253179059282904
TOI-1244 b,2.467,6.6,0.4827586206896552,56.63,4599.0,0.0,714.86,0.0,0.0,0.0,30.36170075545783,0.0,0.20835662,0.2976612076003952,0.008253121051922031
TOI-125 d,2.93,13.6,0.5408348457350273,26.7,5320.0,0.168,638.1,0.33892261144600927,0.03226329037221813,0.07356948228881484,56.98442043318109,0.0,0.109977186,0.31926047758636916,0.008245834982204416
Kepler-868 b,2.05,,0.5626134301270418,417.034,5614.0,0.0,1047.0,0.0,0.0,0.0,20.303003404778963,0.0,0.2966946,0.2776516658831154,0.008244504538455509
Kepler-1210 b,1.7,,0.7168784029038113,152.047,5568.0,0.0,856.0,0.0,0.0,0.0,14.753017929338723,0.0,0.30578366,0.27562471612266015,0.008244402532049732
Kepler-142 c,2.86,,0.36479128856624315,399.444,5790.0,0.0,1201.0,0.0,0.0,0.0,35.74630587748713,0.0,0.21795657,0.2948968293790508,0.008237642023050603
HD 136352 b,1.664,4.72,1.0206693284936479,111.6,5664.0,0.0,905.0,0.0,0.0,0.0,19.69852189054106,0.0,0.39864525,0.2546538473158364,0.008236905846805006
Kepler-411 c,4.421,26.4,0.308529945553539,56.0,4974.0,0.108,838.0,0.272869618049378,0.013740874101928403,0.06432654805790165,111.67281828185496,0.0,0.05807821,0.3304203198239517,0.008236207388352127
Kepler-358 b,2.72,,0.3883847549909256,21.805,5908.0,0.0,554.0,0.0,0.0,0.0,32.73840341228933,0.0,0.1271689,0.3148937530600333,0.008232506670657192
TOI-1467 b,1.92,9.0,1.9963702359346642,18.13,3834.0,0.0,506.07,0.0,0.0,0.0,59.18796137472349,0.0,1.0318239,0.11355203796191697,0.008232347351039435
Kepler-1067 c,1.74682428,,0.691470054446461,190.8,5594.0,0.0,973.0,0.0,0.0,0.0,15.438661508578052,0.0,0.30548096,0.27518104191883774,0.008231803586056172
NGTS-4 b,3.18,20.6,0.6261343012704175,886.9841,5143.0,0.0,1650.0,0.0,0.0,0.0,84.34075132409463,0.0,0.33968216,0.26752804386315265,0.00823078396632544
TOI-2076 e,1.301,4.7,2.087114337568058,253.1032,5187.0,0.0,1110.0,0.0,0.0,0.0,19.251596052147438,0.0,0.8968461,0.14347859539980326,0.008229551867401645
Kepler-772 b,1.82,,0.6569872958257714,264.576,5714.0,0.0,866.0,0.0,0.0,0.0,16.59051031687569,0.0,0.31711504,0.27242030365404424,0.008227575147570367
Kepler-1007 b,1.44,,0.8911070780399275,42.62,4587.0,0.0,652.0,0.0,0.0,0.0,11.145664828760077,0.0,0.49327412,0.23315733694727628,0.00822614704207913
91 Aqr b,13.1,,0.45190562613430135,100.506,4665.0,0.027,891.73,0.2599931963119516,0.00842864732388844,0.05607202008868023,4255.4965671630525,0.0,0.48253554,0.23553788906075684,0.00822591593282675
Kepler-1724 b,2.83677238,,0.3684210526315789,234.98,6092.0,0.0,999.0,0.0,0.0,0.0,35.22950311043424,0.0,0.21283753,0.295336159294407,0.0082203862606606
Kepler-1939 b,1.16480773,,1.05989110707804,104.74,4353.0,0.0,816.0,0.0,0.0,0.0,7.0163717260772565,0.0,0.7448816,0.17683023754895863,0.008217994967827599
TOI-1064 b,2.587,13.5,0.7805117967332125,62.9,4734.0,0.047,784.0,0.37305636990848795,0.016497692304551295,0.05791526419831497,56.60533524807788,0.0,0.19891526,0.29828386410524504,0.008216669470411931
Kepler-18 b,2.0,6.9,0.8892921960072596,355.735,5345.0,0.0,1165.0,0.0,0.0,0.0,29.800467518625503,0.0,0.37557855,0.2589644988009106,0.008216617445132215
Kepler-543 b,2.5,,0.43375680580762255,23.081,4671.0,0.0,521.0,0.0,0.0,0.0,28.389316553537533,0.0,0.19282441,0.29940341918404495,0.008210851472004475
Kepler-917 b,1.91,,0.617059891107078,228.11,5418.0,0.0,991.0,0.0,0.0,0.0,18.01009606102568,0.0,0.26529592,0.2831863588840025,0.008208677476268746
LHS 475 b,0.991,,0.9637023593466424,20.8,3300.0,0.0,586.0,0.0,0.0,0.0,3.9287328208086123,0.0,1.3113158,0.05005295726439485,0.008200376202223043
KOI-984 b,4.3,,0.21415607985480944,186.31,5295.0,0.12,1022.0,0.2014946554155041,0.0033850670245968687,0.07290164022010298,71.32214310673372,0.0,0.14586017,0.3094131777655699,0.008199945963618414
Kepler-862 b,2.21,,0.5099818511796733,547.293,5333.0,0.0,1097.0,0.0,0.0,0.0,23.057921240007,0.0,0.29574862,0.2760029394763706,0.008198667557574289
Kepler-1999 b,3.29,,0.30308529945553536,26.17,4406.0,0.0,577.0,0.0,0.0,0.0,45.21069418635915,0.0,0.23785439,0.2888104916553663,0.008196767209436143
Kepler-1526 b,2.43,,0.4500907441016334,99.097,4601.0,0.0,787.0,0.0,0.0,0.0,27.05250662534617,0.0,0.2223051,0.2922427627589214,0.008196069634425915
Kepler-1585 b,1.79,,0.6715063520871144,182.941,5538.0,0.0,1064.0,0.0,0.0,0.0,16.13235712341537,0.0,0.28577897,0.2779562524984449,0.00819212258772865
Kepler-189 c,2.38,22.7,1.6787658802177858,18.811,5235.0,0.0,544.0,0.0,0.0,0.0,94.80027875505708,0.0,0.49806458,0.23062377278469634,0.00818997002276736
Kepler-1852 b,1.88610592,,0.6279491833030854,79.1,5237.0,0.0,760.0,0.0,0.0,0.0,17.648644043053256,0.0,0.21711266,0.29304758196267766,0.008187421604739425
Kepler-474 b,3.06,,0.3339382940108893,671.064,5785.0,0.0,1115.0,0.0,0.0,0.0,40.07920633862844,0.0,0.27975655,0.2790783248318598,0.008186742087454364
WASP-130 b,9.97601,390.9309,0.4246823956442831,56.355,5625.0,0.0,833.0,0.0,0.0,0.0,1766.1333657459925,0.0,0.27375335,0.28025149747886574,0.008182726852590413
Kepler-1476 b,1.67,,0.73502722323049,75.641,5663.0,0.0,860.0,0.0,0.0,0.0,14.339745615952426,0.0,0.2914379,0.2762033645662004,0.008179956952685054
Kepler-1695 b,1.11948901,,1.0381125226860255,198.57,5473.19,0.0,957.0,0.0,0.0,0.0,6.100880840923212,0.0,0.6199734,0.2028577187734937,0.008174323568454194
Kepler-317 c,1.72,,0.7078039927404719,81.761,5497.0,0.0,837.0,0.0,0.0,0.0,15.086446541898932,0.0,0.26708144,0.28137506275971236,0.008173819685447569
Kepler-1845 b,2.43836702,,0.4482758620689656,27.47,4703.0,0.0,584.0,0.0,0.0,0.0,27.222699596290422,0.0,0.18665245,0.29906624570588247,0.008168675259503565
Kepler-1534 b,1.89,,0.6243194192377496,196.51,5442.0,0.0,955.0,0.0,0.0,0.0,17.65553432529008,0.0,0.2585074,0.28301660166777154,0.00816724577826021
Kepler-939 b,1.75,,0.6896551724137931,54.19,5471.0,0.0,692.0,0.0,0.0,0.0,15.482274140535905,0.0,0.24655609,0.28552199286696583,0.008163438534623858
Kepler-346 c,3.07,,0.33212341197822143,23.812,6033.0,0.0,654.0,0.0,0.0,0.0,40.25346096141755,0.0,0.13564272,0.3101193627381649,0.008161295572352864
Kepler-957 b,5.5,,0.15517241379310345,124.911,4963.0,0.0,769.0,0.0,0.0,0.0,108.14120229124177,0.0,0.30802968,0.27166921662929755,0.008159209539865282
Kepler-1195 b,2.08,,0.5517241379310345,79.03,4965.0,0.0,702.0,0.0,0.0,0.0,20.79699555273639,0.0,0.19668975,0.2964016387324053,0.008158055651825034
TOI-4010 b,3.02,11.0,0.3992740471869329,714.0,4960.0,0.03,1441.0,0.22079478461739924,0.0010713147718480623,0.06395255649942795,46.066001791057595,0.0,0.26488334,0.2811046628060307,0.008155093030404934
Kepler-133 c,2.84,,0.3684210526315789,67.161,5736.0,0.0,663.0,0.0,0.0,0.0,35.34989014533763,0.0,0.09295995,0.3193429673428291,0.008154499874583065
Kepler-927 b,1.72,,0.7078039927404719,129.534,5743.0,0.0,906.0,0.0,0.0,0.0,15.086446541898932,0.0,0.30141306,0.27278123908132285,0.008150321065414714
Kepler-960 b,2.29,,0.48638838475499097,129.223,4755.0,0.0,1391.0,0.0,0.0,0.0,24.466860820351094,0.0,0.21747246,0.2913272980653021,0.008146985041250256
Kepler-1309 b,2.37,,0.46460980036297644,13.77,5235.0,0.0,491.0,0.0,0.0,0.0,25.907291626626694,2.1616695748878545e-241,0.14958028,0.3063578283640626,0.008145032627316192
Kepler-1767 b,3.01299077,,0.3411978221415608,5.66,5243.0,0.0,393.0,0.0,0.0,0.0,39.092033609601394,5.291408911167438e-24,0.1848428,0.29838147853416125,0.008141864402502294
TOI-3568 b,5.3,26.4,0.17785843920145192,130.1481,4969.0,0.035,899.0,0.2444822287914719,0.005777433289529355,0.06419297964415767,110.91510506926022,0.0,0.22317731,0.289830706276919,0.008141389999967889
Kepler-57 c,2.196,6.86,0.6404199637023593,48.574,5187.9,0.0725,671.0,0.37052677680719925,0.02037769071289445,0.07004060479776607,28.408642285382854,0.0,0.11856184,0.31287437411437086,0.00813549784667195
Kepler-1892 b,1.83707938,,0.647912885662432,108.04,5383.0,0.0,822.0,0.0,0.0,0.0,16.82631419436624,0.0,0.23762205,0.28634709691357835,0.00813476156685854
Kepler-1270 b,3.32,,0.29945553539019965,1217.395,5047.0,0.0,1598.0,0.0,0.0,0.0,45.90238019554175,0.0,0.37777743,0.25512512414437943,0.00813402864255961
Kepler-299 c,2.65,,0.40290381125226865,198.554,5617.0,0.0,946.0,0.0,0.0,0.0,31.40708332318338,0.0,0.1470541,0.3062041057892483,0.008127382445028104
Kepler-256 c,2.15,,0.5281306715063522,457.066,5551.0,0.0,1315.0,0.0,0.0,0.0,21.985957250063045,0.0,0.28448412,0.2755700328045836,0.008126189837358678
Kepler-1164 b,1.12,,1.0362976406533575,181.205,5183.0,0.0,936.0,0.0,0.0,0.0,6.098558396003643,0.0,0.62106556,0.20057681119275697,0.008124083720135972
HAT-P-61 b,10.07687365,335.944626199,0.3266787658802178,849.5,5587.0,0.113,1505.0,0.1395596471018613,0.0006265965527132059,0.08070203558260874,1400.189946309748,0.0,0.4649857,0.23523792474094904,0.008122229974111252
Kepler-1162 c,1.81,,0.6606170598911071,6.14,5225.0,0.0,401.0,0.0,0.0,0.0,16.408697877405036,1.6292958987152795e-30,0.33236903,0.2644903016127174,0.008115768504829174
Kepler-120 c,1.53,,0.823956442831216,16.625,4096.0,0.0,455.0,0.0,0.0,0.0,12.36138565063676,0.0,0.63210315,0.19772943398261936,0.008114446558799305
Kepler-181 c,1.99,,0.5843920145190563,168.188,5333.0,0.0,937.0,0.0,0.0,0.0,19.290883193273892,0.0,0.2227281,0.28869882198110497,0.008111020532509061
L 98-59 c,1.329,2.0,0.852994555353902,12.7,3415.0,0.002,526.0,0.44945971813607033,0.07945584139237306,0.02267991665330864,8.387061183752342,1.2124309508693314e-199,1.0635765,0.10148305849007838,0.008109024153684972
Kepler-62 d,1.95,14.0,0.45074985147150864,17.21,4925.0,0.0,510.0,0.0,0.0,0.0,14.0,0.0,0.22023566,0.2890428607909119,0.00810582692854515
Kepler-1242 b,2.26,,0.49546279491833034,28.998,4895.0,0.0,639.0,0.0,0.0,0.0,23.95658860096664,0.0,0.17148532,0.2998515172749076,0.008104817075662844
Kepler-538 b,2.215,12.9,1.1796733212341197,5.07,5534.0,0.21,417.0,0.48599379252101493,0.1831249404877487,0.07928621039695424,53.6996628195333,4.230175406131942e-17,0.5505985,0.21542422476705592,0.00810348922873624
Kepler-118 b,1.96,,0.5952813067150635,79.753,5274.0,0.0,784.0,0.0,0.0,0.0,18.77496206720648,0.0,0.19518967,0.2944300501742982,0.008101218856169396
HD 93385 d,2.89,,0.35934664246823955,24.471,5977.0,0.09,619.44,0.36600662109652693,0.037386194839839675,0.09112037185444241,36.332537375176074,0.0,0.07589102,0.3209011537903003,0.008099261994414998
Kepler-1741 b,1.273,,1.043557168784029,33.79,3683.0,0.0,615.0,0.0,0.0,0.0,9.017581292009558,0.0,0.95861804,0.12443121651038558,0.00809889551123273
Kepler-1404 b,2.01,,0.5771324863883848,39.001,5261.0,0.0,596.0,0.0,0.0,0.0,19.63144658511358,0.0,0.17556034,0.2987039740474513,0.008098884802396029
TOI-1774.01,2.78,,0.3938294010889292,73.7609,5746.0,0.05,824.0,0.33135004669373225,0.012592809200267372,0.08494951113958751,35.44305364405726,0.0,0.051870726,0.3262256244859838,0.008098735446733838
HD 260655 c,1.533,3.09,0.852994555353902,16.1,3803.0,0.038,557.0,0.5284538725715772,0.07650025294261742,0.03304482555964892,12.87245353786664,0.0,0.73469067,0.17426078215279736,0.008098734579489836
Kepler-198 b,2.82,,0.3720508166969147,44.549,5574.0,0.0,655.0,0.0,0.0,0.0,34.949277047746776,0.0,0.0780462,0.3203782362788956,0.00809819522035644
TOI-333 b,4.26,20.1,0.2577132486388385,650.4959,6241.0,0.0,1445.0,0.0,0.0,0.0,83.45534409927619,0.0,0.37758607,0.2536913403521289,0.008097631141207878
K2-32 e,1.212,2.1,1.1433756805807622,210.7222,5271.0,0.043,1066.0,0.33555403714260107,0.0047388166539640625,0.07226051183415355,8.526787098094275,0.0,0.5773613,0.20894501223003462,0.00809059480185726
HD 235088 b,1.982,4.15,0.5303477313974592,70.0,5075.0,0.0,805.0,0.0,0.0,0.0,17.29658140669237,0.0,0.18960023,0.29521888146375125,0.008089998540410766
Kepler-259 c,2.7,,0.3920145190562614,15.054,5938.0,0.0,530.0,0.0,0.0,0.0,32.320796446052775,9.240140232881082e-297,0.14985207,0.30380871150853533,0.008083679618625515
Kepler-1788 b,2.37850461,,0.4627949183303085,197.81,4786.0,0.0,956.0,0.0,0.0,0.0,26.08490043599681,0.0,0.2278802,0.28630567017056685,0.00808028944505369
Kepler-169 e,2.2,,0.5136116152450091,28.548,4997.0,0.0,595.0,0.0,0.0,0.0,22.908227554373934,0.0,0.16652276,0.29991244373695325,0.008079090969325757
Kepler-260 b,2.01,,0.5771324863883848,132.134,5250.0,0.0,782.0,0.0,0.0,0.0,19.63144658511358,0.0,0.20644756,0.29090463869330435,0.008076074512959091
Kepler-1683 b,1.87477762,,0.6315789473684211,47.32,5429.0,0.0,669.0,0.0,0.0,0.0,17.432735305042087,0.0,0.20594236,0.29100542471355967,0.00807578737562603
Kepler-210 c,3.62,,0.26860254083484575,25.44,4559.0,0.0,497.0,0.0,0.0,0.0,53.37334694188891,0.0,0.20530514,0.29089084053220654,0.008069466308518975
Kepler-1710 b,3.19744103,,0.20186025408348457,48.9,5650.0,0.0,694.0,0.0,0.0,0.0,27.64057387437056,0.0,0.15331845,0.30241655247398336,0.008068377318305401
Kepler-1945 b,1.289,,1.029038112522686,100.72,4991.0,0.0,808.0,0.0,0.0,0.0,9.23163917416001,0.0,0.5299815,0.21842129479071618,0.00806425739476176
Kepler-1800 b,0.99679734,,0.9673321234119783,242.0,5343.0,0.0,1533.0,0.0,0.0,0.0,4.013144805914048,0.0,0.6824315,0.18446484214380063,0.008063567514163292
Kepler-1529 b,2.1,,0.544464609800363,115.765,5048.0,0.0,817.0,0.0,0.0,0.0,21.12108135382583,0.0,0.19706598,0.29231656066888245,0.008059409073766018
Kepler-525 b,2.63,,0.4065335753176044,176.232,5573.0,0.0,832.0,0.0,0.0,0.0,30.977921453731273,0.0,0.13684866,0.30566899738377934,0.00805819580744207
Kepler-980 b,2.67,,0.3992740471869329,170.137,5935.0,0.0,845.0,0.0,0.0,0.0,31.83416591062733,0.0,0.16761938,0.2987837628471724,0.008057282031194725
TOI-5126 c,3.86,,0.24682395644283125,96.0,6150.0,0.0,971.0,0.0,0.0,0.0,59.46177001643762,0.0,0.19024713,0.29350916824775203,0.008051397795186082
GJ 1137 c,2.11,,0.5426497277676952,58.4,5033.8,0.0,768.51,0.0,0.0,0.0,21.352836009100773,0.0,0.17528339,0.29681198789300617,0.008050721465489625
Kepler-1817 b,2.27349126,,0.49183303085299457,10.85,5316.0,0.0,463.0,0.0,0.0,0.0,24.2095194126846,8.519494377202855e-137,0.17474332,0.2968519755567736,0.00804874411734995
Kepler-1390 b,1.18,,1.0689655172413792,171.133,5753.0,0.0,934.0,0.0,0.0,0.0,7.356958854492012,0.0,0.60584927,0.20086773862916232,0.008047768570689087
Kepler-1437 b,1.37,,0.9509981851179674,83.14,5557.0,0.0,770.0,0.0,0.0,0.0,10.243066656898016,0.0,0.44104695,0.23753549270212315,0.008047527564617966
Kepler-179 c,2.0,,0.5807622504537205,115.983,5302.0,0.0,810.0,0.0,0.0,0.0,19.46152980808196,0.0,0.19945078,0.2912859195652774,0.008047085066721069
Kepler-246 c,1.5,,0.8457350272232306,43.208,5206.0,0.0,667.0,0.0,0.0,0.0,11.956297267836291,0.0,0.36091682,0.2552517908468693,0.008044641963668091
CoRoT-7 c,2.83,8.4,0.37023593466424687,242.7184,5256.0,0.0,1098.59,0.0,0.0,0.0,35.15009348862319,0.0,0.15346727,0.30139375600318996,0.008043978453550166
Kepler-1211 b,2.55,,0.4228675136116153,130.9,5705.0,0.0,840.0,0.0,0.0,0.0,29.370644238439844,0.0,0.13236567,0.30600199019118224,0.008041808321060126
Kepler-172 b,2.35,,0.47005444646098005,639.476,5526.0,0.0,1256.0,0.0,0.0,0.0,25.55290976560077,0.0,0.2962353,0.26944474578773475,0.008039656432480297
HD 63433 c,2.692,15.539,0.8402903811252269,35.3582,5553.0,0.21,678.92,0.3302711711982648,0.024432558668485403,0.07979377036917085,68.66622434904379,0.0,0.28004196,0.27294349938629736,0.008037064201985324
K2-138 c,2.299,6.31,0.5081669691470054,279.0,5356.3,0.045,1012.0,0.273124075429056,0.003074718088545274,0.07453918897257882,25.864968605215804,0.0,0.1663622,0.2981999826560142,0.008035992120372188
Kepler-1714 b,3.26437302,,0.30671506352087113,504.3,6150.0,0.0,1211.0,0.0,0.0,0.0,44.691306848861345,0.0,0.3029868,0.26778210815333575,0.008035710575224071
Kepler-1996 b,2.26,,0.49546279491833034,5.61,4580.0,0.0,392.0,0.0,0.0,0.0,23.95658860096664,2.2457264262965885e-23,0.34302434,0.25872037592514263,0.008031983206745712
Kepler-62 b,1.31,9.0,0.9557405513124634,80.326,4925.0,0.0,750.0,0.0,0.0,0.0,9.0,0.0,0.4989923,0.22393347386152795,0.008030121988419786
Kepler-1336 b,1.98,,0.5880217785843921,103.72,5512.0,0.0,793.0,0.0,0.0,0.0,19.11954669764277,0.0,0.19757962,0.2909149119367318,0.008027671998909094
Kepler-1117 b,1.11,,1.029038112522686,194.976,5612.0,0.0,938.0,0.0,0.0,0.0,5.895070533268197,0.0,0.62521833,0.1957265061665935,0.008027292567067135
L 98-59 e,1.49,,0.9437386569872959,2.4,3415.0,0.012,347.0,0.7780073087236425,0.4961815787702426,0.022679916653308565,13.076730076132716,0.5100908710537557,1.207057,0.06609406062423023,0.008023804541827566
Kepler-1471 c,1.88,,0.6297640653357532,118.5,5533.0,0.0,841.0,0.0,0.0,0.0,17.528309500369478,0.0,0.23103455,0.2832424849451572,0.008022078715006476
Kepler-346 b,2.66,,0.4010889292196007,134.357,6033.0,0.0,1008.0,0.0,0.0,0.0,31.62089761807604,0.0,0.16982634,0.29677971730730407,0.008019984623868506
Kepler-1754 b,2.43996509,,0.4482758620689656,48.2,4723.0,0.0,672.0,0.0,0.0,0.0,27.276258757591673,0.0,0.17644684,0.29513143425576077,0.00801567373212642
Kepler-954 b,2.32,,0.4791288566243195,21.531,4990.0,0.0,545.0,0.0,0.0,0.0,25.061374825835614,0.0,0.15780216,0.2992677567049914,0.008015349830248661
Kepler-1302 b,1.43,,0.8965517241379312,58.344,5236.0,0.0,778.0,0.0,0.0,0.0,10.981763124053886,0.0,0.398348,0.2457082964874006,0.008014737210455328
Kepler-80 b,2.67,6.93,0.25045372050816694,54.382,4540.0,0.0049,547.0,0.31593341382724954,0.015807176655319877,0.052732809745140274,19.968704071211686,0.0,0.23666076,0.2816037336297181,0.008012547532155346
Kepler-572 b,2.58,,0.4174228675136116,26.889,5212.0,0.0,553.0,0.0,0.0,0.0,30.027831097818066,0.0,0.101720735,0.3115855044411194,0.008011320519769334
HATS-17 b,8.709393,425.25654,0.6352087114337568,72.7,5846.0,0.029,814.0,0.3160903040407328,0.013261189472610062,0.0876208794144205,1757.7969990417312,0.0,0.24927297,0.2787442950320935,0.008011252431260728
Kepler-1227 b,2.29,,0.48638838475499097,4.179,5747.0,0.0,369.0,0.0,0.0,0.0,24.466860820351094,5.526013812175139e-09,0.27821463,0.2722773225577998,0.008010614684972661
Kepler-218 d,2.66,,0.4010889292196007,4.118,5542.0,0.0,356.0,0.0,0.0,0.0,31.62089761807604,1.5843140356713566e-08,0.23021844,0.2829431187807662,0.008010220658266533
Kepler-1870 b,2.10143764,,0.544464609800363,287.6,5508.0,0.0,1046.0,0.0,0.0,0.0,21.164488930106415,0.0,0.24230008,0.2802534707335805,0.008010200379084988
Kepler-523 b,1.96,,0.5952813067150635,149.135,5515.0,0.0,884.0,0.0,0.0,0.0,18.77496206720648,0.0,0.22177438,0.28478243125329605,0.008009235689199205
Kepler-1650 b,0.96,,0.9473684210526315,54.562,3410.0,0.01,602.0,0.45299774111953955,0.021978229672056225,0.022546348239567547,3.5109222542733707,0.0,1.2304357,0.060242367511128145,0.008007813248761167
Kepler-477 b,2.07,,0.5553539019963702,38.71,5240.0,0.0,649.0,0.0,0.0,0.0,20.633337086744156,0.0,0.16349716,0.29760617226051894,0.008005633094893373
TOI-733 b,1.992,5.72,0.7223230490018149,207.1,5585.0,0.046,1055.8,0.3091024546687837,0.004536597692192506,0.08064860821711634,23.915974670608083,0.0,0.23312268,0.28205350584629074,0.008004223429355799
GJ 581 e,1.38,2.48,0.9419237749546281,15.783,3500.0,0.012,554.37,0.5721106158976181,0.08411951156136678,0.02495057968691437,10.36911348150106,0.0,0.99844915,0.11142212972088979,0.007996720434577827
Kepler-1962 b,1.21463929,,1.0852994555353903,155.95,5700.0,0.0,901.0,0.0,0.0,0.0,8.146670851060344,0.0,0.58475804,0.2034721284616997,0.007996253978132032
Kepler-614 b,2.39,,0.46098003629764067,37.2,5268.0,0.0,641.0,0.0,0.0,0.0,26.36115470829266,0.0,0.11112565,0.3088459242322832,0.007995382813166939
Kepler-661 b,3.07,,0.33212341197822143,45.528,4483.0,0.0,678.0,0.0,0.0,0.0,40.25346096141755,0.0,0.20570365,0.2875653325188011,0.007989667959347801
HD 207897 b,2.34302132,14.8,1.1415607985480944,26.5,5106.0,0.0,581.75,0.0,0.0,0.0,61.50584325877872,0.0,0.32702738,0.2605408471819839,0.0079890931439425
K2-285 b,2.59,9.68,0.5571687840290381,234.31,4975.0,0.0,1088.9,0.0,0.0,0.0,40.548489269297434,0.0,0.20913415,0.2867637990728175,0.007988729632764898
Kepler-1895 b,2.11934728,,0.5390199637023594,91.45,5076.0,0.0,789.0,0.0,0.0,0.0,21.493138644904338,0.0,0.18013647,0.2930811633160081,0.007985371700824109
HD 97658 b,2.12,8.3,0.8711433756805808,41.924,5212.0,0.05,751.0,0.42089621900280816,0.0264190878293437,0.07068440455200167,34.768490078853816,0.0,0.20154938,0.2882884059363138,0.007984700825138483
Kepler-978 b,2.99,,0.3448275862068966,20.99,6002.0,0.0,546.0,0.0,0.0,0.0,38.610388929770465,0.0,0.13501547,0.3030352980417967,0.007983208168956646
Kepler-1914 b,2.9429803,,0.3502722323049002,27.66,5982.0,0.0,585.0,0.0,0.0,0.0,37.398689518358744,0.0,0.123925135,0.3053024935090155,0.007978252565378065
Kepler-1553 b,1.15,,1.0490018148820328,166.106,5288.0,0.0,926.0,0.0,0.0,0.0,6.682798553472235,0.0,0.59824026,0.19970517906918983,0.007977359203820665
K2-233 d,2.363,10.3,0.7803992740471869,12.7,4796.0,0.18,525.0,0.41097063774070874,0.07404019982279078,0.05957151252870878,43.13170547113993,1.2829445088384097e-199,0.32278198,0.2609486165895156,0.007975852710669404
Kepler-1017 b,1.99,,0.5843920145190563,119.603,5473.0,0.0,831.0,0.0,0.0,0.0,19.290883193273892,0.0,0.20122342,0.28785904884692737,0.007972327252564797
Kepler-129 c,2.52,43.0,2.6860254083484576,17.554,5770.0,0.2,525.0,0.3481990702634466,0.04710825704746564,0.08559063952555872,180.05299432509443,0.0,0.8598813,0.14125925404985584,0.007972022188467742
Kepler-219 b,2.95,,0.3502722323049002,456.732,5786.0,0.0,1307.0,0.0,0.0,0.0,37.66694235242357,0.0,0.23101132,0.28121234192739897,0.00797190156155624
Kepler-1782 b,2.22927435,,0.5045372050816697,86.0,4931.0,0.0,773.0,0.0,0.0,0.0,23.41382476019927,0.0,0.17729689,0.2929678974886545,0.007966999341549003
HD 4308 b,4.12,,0.2268602540834846,68.8078,5686.0,0.0,799.37,0.0,0.0,0.0,66.45668463311243,0.0,0.12797049,0.30394070120645367,0.007966875531148887
HAT-P-22 b,12.89035,785.0401,0.3883847549909256,325.569,5302.0,0.02,1463.0,0.21214505265348074,0.002341926355034353,0.07308863599934493,3484.535651962246,0.0,0.47701055,0.2261793841766989,0.00796488349648869
TOI-178 e,2.301,3.48,0.2871883847549909,21.8202,4316.0,0.00038,600.0,0.2460394380784488,0.027568516949319596,0.04674894480952222,14.655658487661716,0.0,0.33198974,0.2584086308002005,0.007963753882696252
Kepler-288 d,2.67,,0.3992740471869329,12.659,5918.0,0.0,570.0,0.0,0.0,0.0,31.83416591062733,4.212312166019778e-198,0.15884034,0.2969253398367076,0.007963297645135889
Kepler-245 c,2.18,26.7,1.705989110707804,25.152,5100.0,0.0,568.0,0.0,0.0,0.0,74.03453361462732,0.0,0.52726513,0.21479935608290962,0.007960060572761794
Kepler-675 b,2.44,,0.4482758620689656,308.547,4945.0,0.0,1070.0,0.0,0.0,0.0,27.277429546248953,0.0,0.23326819,0.280108496296637,0.007957070834418961
Kepler-195 b,2.03,,0.5698729582577133,74.148,5329.0,0.0,751.0,0.0,0.0,0.0,19.968928973515528,0.0,0.17467718,0.2931275522973857,0.007956561739805024
Kepler-659 b,2.5,,0.43375680580762255,21.309,4870.0,0.0,513.0,0.0,0.0,0.0,28.389316553537533,0.0,0.15545595,0.29725263162125676,0.007952797245648242
Kepler-165 b,2.32,,0.4791288566243195,59.799,5211.0,0.0,716.0,0.0,0.0,0.0,25.061374825835614,0.0,0.12468493,0.30404431493771505,0.007951403042549187
Kepler-466 b,2.85,,0.3666061705989111,12.5,5927.0,0.0,503.0,0.0,0.0,0.0,35.54863750630473,2.948728844952162e-192,0.15290849,0.29774891675017273,0.007951055156200362
Kepler-1681 b,2.55321772,,0.4228675136116153,5.33,5756.4,0.0,442.0,0.0,0.0,0.0,29.481968723934347,5.355117863675375e-20,0.22235179,0.2821831803078561,0.00794832349610334
Kepler-1113 b,2.81,,0.3738656987295826,22.849,5931.0,0.0,558.0,0.0,0.0,0.0,34.74747015184204,0.0,0.1248758,0.30381297592755574,0.007946747036762503
Kepler-877 b,2.12,,0.5372050816696915,37.81,5261.0,0.0,632.0,0.0,0.0,0.0,21.440568881959855,0.0,0.15227059,0.2976730929778292,0.007945685878927617
Kepler-239 b,2.33,,0.4754990925589837,34.746,4914.0,0.0,616.0,0.0,0.0,0.0,25.19451861657391,0.0,0.15535009,0.296905664472268,0.007943662552390898
Kepler-1814 b,2.36961357,,0.46460980036297644,216.9,4922.0,0.0,1022.0,0.0,0.0,0.0,25.894621091899754,0.0,0.21253267,0.2840569256229007,0.00794064288366187
Kepler-1921 b,2.89459458,,0.35934664246823955,216.2,6120.0,0.0,967.0,0.0,0.0,0.0,36.50609960692463,0.0,0.20985535,0.28434795087253356,0.007933127875546632
Kepler-1789 b,2.83137505,,0.3684210526315789,4.91,5436.0,0.0,380.0,0.0,0.0,0.0,35.0287992662131,1.9176626427662808e-15,0.19941255,0.28665435267184497,0.007932691776205786
Kepler-1294 b,3.19,,0.31578947368421056,12.362,5776.0,0.0,401.0,0.0,0.0,0.0,42.939630988211526,2.9650519616180617e-187,0.1310449,0.3017991854631974,0.007930948432504248
Kepler-134 c,1.26,,1.0617059891107077,128.086,5983.0,0.0,892.0,0.0,0.0,0.0,8.896199466231437,0.0,0.58165133,0.20129044123353998,0.007925422348666694
WASP-91 b,11.54527,425.8922,0.2885662431941924,332.5562,4920.0,0.0,1160.0,0.0,0.0,0.0,1860.1433603796331,0.0,0.49997884,0.21944959576839285,0.007924992288319787
Kepler-479 b,2.12,,0.5372050816696915,37.753,5247.0,0.0,649.0,0.0,0.0,0.0,21.440568881959855,0.0,0.15302268,0.2964465627473091,0.007919574334471484
Kepler-1985 b,2.27,,0.49183303085299457,382.68,5370.0,0.0,1129.0,0.0,0.0,0.0,24.098159408961518,0.0,0.24237803,0.2764966594865609,0.007918010164302379
Kepler-1081 b,1.01,,0.9782214156079855,225.216,5345.0,0.0,972.0,0.0,0.0,0.0,4.221724579174764,0.0,0.67170274,0.18090168081529484,0.00791685806541086
Kepler-1927 b,3.40627075,,0.29038112522686027,34.7,6056.0,0.0,677.0,0.0,0.0,0.0,48.07225434060711,0.0,0.13594714,0.2999691752312119,0.007912729814185913
Kepler-1643 b,2.32,,0.4791288566243195,137.753,4916.0,0.0,799.0,0.0,0.0,0.0,25.061374825835614,0.0,0.18837996,0.2881856110090072,0.00790990969261896
Kepler-933 b,2.46,,0.4428312159709619,61.323,5346.0,0.0,602.0,0.0,0.0,0.0,27.61418042439924,0.0,0.10245223,0.30726767239688546,0.007908885067198529
Kepler-261 b,2.18,,0.5190562613430127,45.779,5098.0,0.0,672.0,0.0,0.0,0.0,22.525400652961082,0.0,0.1531754,0.29588953924322337,0.00790667974692802
Kepler-1590 b,1.14,,1.043557168784029,171.478,6053.0,0.0,1020.0,0.0,0.0,0.0,6.476187426891155,0.0,0.6597292,0.18301916466646892,0.00790336560887546
TOI-1669 c,2.2963977,13.0,1.088929219600726,342.997,5497.0,0.0,1285.16,0.0,0.0,0.0,55.23693476512593,0.0,0.40025815,0.24065365903514027,0.007900604180692578
Kepler-210 b,2.94,,0.35208711433756806,122.139,4559.0,0.0,737.0,0.0,0.0,0.0,37.478373211900745,0.0,0.21257576,0.2822951084680337,0.007897444655370121
Kepler-647 b,1.17,,1.0653357531760437,162.794,6020.0,0.0,788.0,0.0,0.0,0.0,7.147146709171989,0.0,0.64298314,0.18647787507631863,0.007896753561117392
Kepler-861 b,2.28,,0.49001814882032674,197.29,5047.0,0.0,966.0,0.0,0.0,0.0,24.327938855799818,0.0,0.20028004,0.28493694162821304,0.007895111507546545
HD 110113 c,2.11384817,,1.1088929219600727,199.9,5732.0,0.045,990.0,0.3183435455867483,0.004846485389550178,0.08457551958111888,43.873228256395045,0.0,0.3483177,0.2518776144803717,0.007892329613798023
HD 21693 b,2.8,,0.3738656987295826,29.2864,5430.0,0.12,656.39,0.3390173669512276,0.029528303621763903,0.07650798739112523,34.37781932948637,0.0,0.042365983,0.31963027754863244,0.007883988322360171
eps CrB b,12.7,,1.0362976406533575,101.7001,4406.0,0.11,853.92,0.229517946179667,0.007404434180638218,0.04915317625687452,8891.689355526494,0.0,0.68009484,0.1776865778389169,0.007883640109733983
Kepler-1265 b,1.35,,0.9691470054446462,58.15,4630.0,0.0,732.0,0.0,0.0,0.0,9.988023901731585,0.0,0.5398114,0.20887657757019096,0.007882882109148457
Kepler-892 b,2.81,,0.3738656987295826,18.196,4747.0,0.0,556.0,0.0,0.0,0.0,34.74747015184204,0.0,0.16601619,0.29193175066087645,0.00787956085682968
Kepler-81 c,2.37,4.3,0.32123411978221417,15.62,4385.0,0.0,502.0,0.0,0.0,0.0,17.91246335122236,5.4e-323,0.30703983,0.26051617878521677,0.007878818958574434
HD 93385 b,1.88,,0.6297640653357532,281.697,5977.0,0.295,1141.0,0.20912444450980489,0.0023079973276899455,0.09112037185444799,17.528309500369478,0.0,0.69167453,0.1747453892432087,0.00787466436356226
HD 219134 d,1.61,16.17,0.9250043657961017,4.72,4699.0,0.138,410.5,0.5489894932996158,0.21580710040319423,0.056980285302124255,16.17,1.37045320852192e-13,0.5377542,0.2089531974018382,0.00787348364672081
TOI-561 d,2.615,13.33,0.7441016333938294,21.2,5342.0,0.111,600.0,0.4034361106438659,0.04682148406134591,0.07415718330927912,55.73601915476437,0.0,0.12577012,0.3003685307191572,0.007866736882368079
Kepler-306 d,2.47,,0.44101633393829404,21.983,4954.0,0.0,535.0,0.0,0.0,0.0,27.837750867808452,0.0,0.14247862,0.2965286127717542,0.007863744838033891
Kepler-1101 b,2.47,,0.44101633393829404,3.577,5614.0,0.0,393.0,0.0,0.0,0.0,27.837750867808452,4.693104755242016e-05,0.2663799,0.26886004800943386,0.007861433566758141
Kepler-1738 b,2.82472883,,0.37023593466424687,198.67,6063.0,0.0,957.0,0.0,0.0,0.0,34.95404696003522,0.0,0.19385168,0.28497803842092,0.007860854097643293
Kepler-1829 b,2.47887001,,0.43920145190562615,129.37,5230.0,0.0,860.0,0.0,0.0,0.0,28.02293609030968,0.0,0.13278148,0.29851382969785734,0.007859481585994978
Kepler-224 d,2.3,,0.4827586206896552,36.293,5018.0,0.0,610.0,0.0,0.0,0.0,24.6037981345829,0.0,0.14426777,0.29580206793485375,0.007855649690670801
Kepler-146 b,3.71,,0.2595281306715064,32.89,5948.0,0.0,639.0,0.0,0.0,0.0,55.513010087164744,0.0,0.1305451,0.2987966529762038,0.007854183773363162
K2-229 c,2.03,7.0,0.925589836660617,66.0,5315.0,0.0,750.0,0.0,0.0,0.0,32.43361075316216,0.0,0.27617446,0.2663591810217512,0.007853518846246273
Kepler-790 b,2.18,,0.5190562613430127,38.274,5208.0,0.0,634.0,0.0,0.0,0.0,22.525400652961082,0.0,0.14456454,0.2955864931434808,0.007851963354315691
Kepler-1332 b,1.37,,0.9509981851179674,77.559,5581.0,0.0,728.0,0.0,0.0,0.0,10.243066656898016,0.0,0.43994504,0.22968769707133813,0.007848007319792061
Kepler-989 b,2.21,,0.5099818511796733,74.35,5074.0,0.0,805.0,0.0,0.0,0.0,23.057921240007,0.0,0.15747383,0.29239575665714274,0.007844130644849272
Kepler-1208 b,2.32,,0.4791288566243195,37.664,5001.0,0.0,665.0,0.0,0.0,0.0,25.061374825835614,0.0,0.14359021,0.2954723467042345,0.007843803355962756
Kepler-345 c,1.2,2.2,0.22141560798548096,25.83,4504.0,0.0,575.0,0.0,0.0,0.0,1.6026569796955492,0.0,0.56202805,0.20210351044434754,0.007837799807084316
GJ 1132 b,1.19151465,1.83704819246,1.0834845735027223,19.3,3229.0,0.0118,583.8,0.5519870137951,0.06789560865324173,0.01771117166212518,7.6773174920945415,0.0,1.2791212,0.04228450037448069,0.007832215279502308
K2-138 d,2.39,7.92,0.5626134301270418,160.0,5356.3,0.043,888.0,0.3095176449186232,0.005803560304687004,0.07453918897257913,32.17306283295561,0.0,0.1245967,0.2990748785780985,0.00782840581032947
Kepler-660 b,2.57,,0.4192377495462795,44.09,4779.0,0.0,649.0,0.0,0.0,0.0,29.809065432440704,0.0,0.1528715,0.29245647976688416,0.007820376024533768
Kepler-229 b,2.2,,0.5136116152450091,76.217,5120.0,0.0,823.0,0.0,0.0,0.0,22.908227554373934,0.0,0.1552938,0.29187481073668153,0.007819326440318587
Kepler-243 b,2.45,,0.4446460980036298,115.505,5228.0,0.0,850.0,0.0,0.0,0.0,27.39058752420916,0.0,0.12974665,0.29751084800191263,0.007818103509927465
Kepler-938 b,2.22,,0.5063520871143375,8.57,5533.0,0.0,544.0,0.0,0.0,0.0,23.205991940484335,1.0116111692475474e-75,0.20114236,0.2815027097772553,0.007815177533957447
Kepler-392 c,1.1,,1.0272232304900182,185.098,5938.0,0.0,901.0,0.0,0.0,0.0,5.727056888593483,0.0,0.66019344,0.17908553648908038,0.007808935724495964
Kepler-242 b,2.61,,0.4101633393829401,43.768,5020.0,0.0,742.0,0.0,0.0,0.0,30.54688793246715,0.0,0.11122248,0.30113153163262085,0.007805728630755581
K2-182 b,2.71257333,20.976674862,1.0344827586206897,146.9,5128.0,0.071,965.8,0.30325671778912405,0.006229652838973769,0.06844045520114622,86.48809442713356,0.0,0.23937006,0.27260400277400687,0.007805539344983195
TOI-5624 b,2.314,9.4,0.7259528130671506,251.103,5327.0,0.0,1136.0,0.0,0.0,0.0,37.677932662975486,0.0,0.2525211,0.26964503863697054,0.007804746974762721
Kepler-304 d,2.75,,0.38294010889292196,33.16,4731.0,0.0,611.0,0.0,0.0,0.0,33.35934749042692,0.0,0.15370281,0.29160475744788383,0.007803939381532423
K2-180 b,2.46597575,11.4100398113,0.7549909255898367,48.3,5365.0,0.075,797.5,0.37137428220729957,0.02067825272620743,0.07477159801249045,47.42384315015813,0.0,0.11644763,0.2998692382475136,0.007803277734184904
Kepler-499 b,2.17,,0.5226860254083484,148.456,5312.0,0.0,844.0,0.0,0.0,0.0,22.37220034175378,0.0,0.17985353,0.2856283092436409,0.007800081539182044
Kepler-1688 b,1.26174569,,1.0580762250453721,84.01,4632.11,0.0,772.0,0.0,0.0,0.0,8.902685978321552,0.0,0.61068267,0.1893589292925623,0.0077905574536606065
Kepler-1911 b,1.011,,0.9745916515426498,223.93,5721.0,0.0,987.0,0.0,0.0,0.0,4.2185651727367555,0.0,0.68138707,0.17346532816390703,0.007786662387856503
Kepler-515 b,1.46,,0.8747731397459166,47.97,5293.0,0.0,564.0,0.0,0.0,0.0,11.403616824159371,0.0,0.37742394,0.24105074062690288,0.007785108677253361
Kepler-1582 b,1.49,,0.852994555353902,2.5,3208.0,0.0,354.0,0.0,0.0,0.0,11.819352184196878,0.3532350597251859,1.3195117,0.03135434108000188,0.007784361405859718
Kepler-306 c,2.35,,0.47005444646098005,70.449,4954.0,0.0,716.0,0.0,0.0,0.0,25.55290976560077,0.0,0.15080206,0.2913388844964939,0.007781469122394368
Kepler-116 b,3.42,,0.2885662431941924,594.451,6142.0,0.0,1251.0,0.0,0.0,0.0,48.35177847590215,0.0,0.3263643,0.2522300845389324,0.00778056703655908
Kepler-244 b,2.76,,0.38112522686025413,242.471,5554.0,0.0,1038.0,0.0,0.0,0.0,33.56476040254678,0.0,0.15416129,0.29050255192126845,0.007779281842168709
Kepler-884 b,1.23,,1.0925589836660616,139.5,5715.0,0.0,964.0,0.0,0.0,0.0,8.51625851203296,0.0,0.5749328,0.1964275504219918,0.00776867342840583
Kepler-238 f,2.0,13.5,0.308529945553539,35.869,5800.0,0.0,568.0,0.0,0.0,0.0,10.338937710543542,0.0,0.18342817,0.28278129322863177,0.0077495061721175795
Kepler-225 b,1.2,,1.0798548094373865,38.883,3682.0,0.0,579.0,0.0,0.0,0.0,7.816236909170915,0.0,1.0003674,0.10083603310347648,0.007746262729052101
Kepler-1110 b,2.66,,0.4010889292196007,43.136,4781.0,0.0,609.0,0.0,0.0,0.0,31.62089761807604,0.0,0.1461925,0.2909166395409791,0.00774576803114369
Kepler-156 b,2.3,,0.4827586206896552,135.077,5094.0,0.0,867.0,0.0,0.0,0.0,24.6037981345829,0.0,0.16664109,0.28624743489355586,0.007742852124137231
TOI-3593 b,11.02963701,565.73456446,0.4192377495462795,308.0,5550.0,0.105,1170.0,0.1764338730171611,0.0020223975139167833,0.07971362932092285,2356.311212944155,0.0,0.36622542,0.24179604254794798,0.007742039662932585
Kepler-369 b,1.13,,1.043557168784029,40.295,3591.0,0.0,687.0,0.0,0.0,0.0,6.307252035510905,0.0,1.0704842,0.08491979381937337,0.007738585085643214
Kepler-417 b,2.31,11.0,0.8892921960072596,43.624,5177.0,0.0,671.0,0.0,0.0,0.0,45.91652682717223,0.0,0.23427024,0.27100299287116975,0.00773808787465371
Kepler-990 b,2.6,,0.411978221415608,108.3,5948.0,0.0,903.0,0.0,0.0,0.0,30.330733388615087,0.0,0.1482135,0.2900667522760194,0.007735904151853763
Kepler-665 b,2.6,,0.411978221415608,20.719,4913.0,0.0,593.0,0.0,0.0,0.0,30.330733388615087,0.0,0.14183897,0.2913743497281461,0.0077331654939330795
TOI-5126 b,4.74,,0.18874773139745918,467.0,6150.0,0.0,1442.0,0.0,0.0,0.0,84.19869778653675,0.0,0.38899392,0.23630622721618663,0.007731621759235557
Kepler-742 b,3.24,,0.3103448275862069,38.101,4642.0,0.0,690.0,0.0,0.0,0.0,44.214849538200184,0.0,0.16532187,0.28603996939151893,0.007730499285064449
Kepler-1077 b,2.77,,0.3793103448275862,26.928,5816.0,0.0,576.0,0.0,0.0,0.0,33.76934241377408,0.0,0.10613956,0.299011977336387,0.007725586007694438
Kepler-1930 b,1.52955541,,0.8221415607985482,31.6,5083.0,0.0,643.0,0.0,0.0,0.0,12.323408811328365,0.0,0.35867244,0.24277806765225385,0.007724808795804963
Kepler-561 c,2.68,,0.39564428312159716,183.166,5646.0,0.0,989.0,0.0,0.0,0.0,31.900529088691453,0.0,0.1405293,0.29108320256315506,0.007718802009719025
Kepler-475 b,2.49,,0.4373865698729583,215.462,5009.0,0.0,980.0,0.0,0.0,0.0,28.284733705718782,0.0,0.18697588,0.2806471008832514,0.0077163564962351265
Kepler-502 b,4.77,,0.1869328493647913,859.509,6125.0,0.0,1217.0,0.0,0.0,0.0,84.9824744319953,0.0,0.47056198,0.21747028479807232,0.007714793745233992
Kepler-1987 d,2.66,,0.4010889292196007,72.38,4769.0,0.0,744.0,0.0,0.0,0.0,31.62089761807604,0.0,0.1547407,0.28772233233359934,0.007713919286248384
TOI-1246 c,2.45109846,9.1,0.6152450090744103,129.0,5213.0,0.0,862.49,0.0,0.0,0.0,37.95062913956918,0.0,0.16697189,0.2849631032353933,0.007713004155530609
Kepler-1057 b,3.36,,0.29401088929219604,69.213,5987.0,0.0,724.0,0.0,0.0,0.0,46.71645258164611,0.0,0.12663099,0.29390530480507215,0.007712120130211367
Kepler-1748 b,2.71275017,,0.39019963702359345,196.33,5774.0,0.0,955.0,0.0,0.0,0.0,32.62908298675131,0.0,0.15485013,0.287617196969618,0.007711927702757271
TOI-1233.01,2.539,,0.4246823956442831,53.8795,5660.0,0.055,708.0,0.3552825072164877,0.017842604244377717,0.08265213442323438,29.116620801012438,0.0,0.052344095,0.31033961451485287,0.007709689567951879
HD 39194 d,2.12,,0.5408348457350273,10.2669,5205.0,0.159,503.31,0.4281823837973062,0.09115344264937872,0.07049740877276024,21.585437590621748,1.8532911934088277e-119,0.2143946,0.27427097865926825,0.007709602569011039
KOI-7368 b,2.22,,0.5063520871143375,99.24,5241.0,0.0,805.0,0.0,0.0,0.0,23.205991940484335,0.0,0.15187027,0.28803858719434505,0.007705966718125949
Kepler-1230 b,2.71,,0.39019963702359345,153.933,5961.0,0.0,946.0,0.0,0.0,0.0,32.529946047917385,0.0,0.16788599,0.28446886497814533,0.007705834881093368
TOI-1803 b,2.99,10.32,0.39025589836660624,58.0,4687.0,0.0,747.0,0.0,0.0,0.0,43.697002852407756,0.0,0.1517487,0.2880485961379321,0.007705546470374715
GJ 86 b,12.9,,0.6533575317604357,33.7048,5182.0,0.04,661.12,0.32543930556746214,0.02816136725678148,0.06988299406955119,5875.010432181797,0.0,0.40952277,0.2306743187587724,0.0077054124504577
Kepler-1494 b,3.07,,0.33212341197822143,9.113,5659.0,0.0,415.0,0.0,0.0,0.0,40.25346096141755,1.265176893220121e-88,0.14240661,0.28978400949210403,0.007697072821289941
TOI-763 b,2.28,9.79,0.8185117967332123,182.935,5450.0,0.04,1038.0,0.3210920979695277,0.005327830423879952,0.0770422610460969,40.63666823691006,0.0,0.21678498,0.27313703249087457,0.007694762364868358
Kepler-1733 b,3.63582354,,0.26497277676951,257.11,6320.0,0.0,1021.0,0.0,0.0,0.0,53.34555743503299,0.0,0.2849966,0.25795030513541184,0.007694616691378886
Kepler-1102 b,2.66,,0.4010889292196007,22.981,5724.0,0.0,546.0,0.0,0.0,0.0,31.62089761807604,0.0,0.10706003,0.2972691504738473,0.007687669843406315
Kepler-1872 b,2.38421141,,0.4627949183303085,241.25,5223.0,0.0,1005.0,0.0,0.0,0.0,26.273109566826157,0.0,0.18751648,0.2791661545298507,0.0076828123180478275
Kepler-192 c,2.79,,0.3756805807622504,38.216,5479.0,0.0,623.0,0.0,0.0,0.0,34.17590043095715,0.0,0.07703857,0.30369974857401255,0.007681486289727632
Kepler-99 b,1.48,6.15,1.9782214156079856,108.042,4782.0,0.0,810.0,0.0,0.0,0.0,26.86263769029913,0.0,0.8021227,0.1422899038572244,0.007680526285262161
Kepler-304 b,2.86,,0.36479128856624315,139.146,4731.0,0.0,875.0,0.0,0.0,0.0,35.74630587748713,0.0,0.18096703,0.2804764474725822,0.007679180443253436
Kepler-250 c,2.28,,0.49001814882032674,71.499,5160.0,0.0,782.0,0.0,0.0,0.0,24.327938855799818,0.0,0.13758895,0.29000938787428693,0.007676196003397192
Kepler-272 d,2.25,,0.4972776769509982,141.135,5297.0,0.0,777.0,0.0,0.0,0.0,23.726579181183713,0.0,0.16223666,0.2843292186884598,0.007671395914668408
Kepler-956 b,3.0,,0.3430127041742287,307.058,6040.0,0.0,1056.0,0.0,0.0,0.0,38.793822894782124,0.0,0.22389464,0.27045527263396235,0.007667656720686609
Kepler-750 b,3.07,,0.33212341197822143,255.74,6160.0,0.0,1163.0,0.0,0.0,0.0,40.25346096141755,0.0,0.23058335,0.2687260373260944,0.007661724302935316
Kepler-292 d,2.23,,0.5027223230490019,103.005,5299.0,0.0,808.0,0.0,0.0,0.0,23.352391807810356,0.0,0.14896266,0.2867680188048716,0.007658689764039949
Kepler-257 c,5.41,,0.1588021778584392,88.6,5180.0,0.0,881.0,0.0,0.0,0.0,105.32630743071401,0.0,0.258663,0.26234512105288776,0.007658478523686576
Kepler-1702 b,1.60190793,,0.7767695099818512,22.4,5093.0,0.0,555.0,0.0,0.0,0.0,13.374988995073764,0.0,0.33362663,0.24550098421161368,0.007654518561789712
gam Lib c,12.8,,0.7912885662431943,14.6916,4879.0,0.065,543.71,0.36073863143278684,0.06477228368510325,0.061788748196817705,6951.097955388405,1.517377928683802e-280,0.5000564,0.20845927919728977,0.007654469951027506
Kepler-121 b,2.34,,0.47368421052631576,220.489,5311.0,0.0,997.0,0.0,0.0,0.0,25.422900048979745,0.0,0.18097845,0.2794408004384148,0.007653710921843145
Kepler-907 b,1.2,,1.0798548094373865,137.66,6106.0,0.0,879.0,0.0,0.0,0.0,7.816236909170915,0.0,0.6401899,0.17711072962422741,0.007650496345819108
Kepler-1693 b,1.28938413,,1.029038112522686,100.37,5432.34,0.0,807.0,0.0,0.0,0.0,9.239894891232597,0.0,0.5007008,0.20811789958406823,0.007649589338523458
Kepler-1439 b,1.46,,0.8747731397459166,9.081,3578.0,0.0,420.0,0.0,0.0,0.0,11.403616824159371,7.563869683163077e-88,0.95857966,0.10609279649494137,0.0076465818277856815
Kepler-191 d,2.28,,0.49001814882032674,99.6,5215.0,0.0,857.0,0.0,0.0,0.0,24.327938855799818,0.0,0.14457159,0.28713329670985077,0.007643602524145069
Kepler-1983 b,2.33,,0.4754990925589837,100.13,5135.0,0.0,807.0,0.0,0.0,0.0,25.19451861657391,0.0,0.14391328,0.2870650428694558,0.007638307937605561
Kepler-1749 b,1.61301783,,0.7676950998185119,7.34,3957.0,0.0,420.0,0.0,0.0,0.0,13.495683414641084,2.8019104169229763e-50,0.71020424,0.1608804185245832,0.007634513964512362
K2-101 b,2.0,,0.5807622504537205,20.1207,4927.0,0.1,618.0,0.4143990479319604,0.04956304446704992,0.06307100496873445,19.46152980808196,0.0,0.17898455,0.2787737289760218,0.007626325488845379
Kepler-1692 b,1.11177184,,1.030852994555354,153.48,5146.0,0.0,897.0,0.0,0.0,0.0,5.933792496162826,0.0,0.6150614,0.18170935880248312,0.007625995128503713
Kepler-319 c,2.63,,0.4065335753176044,136.343,5526.0,0.0,876.0,0.0,0.0,0.0,30.977921453731273,0.0,0.11855769,0.2919697433913152,0.007620106173513158
Kepler-257 b,2.61,,0.4101633393829401,343.6,5180.0,0.0,1237.0,0.0,0.0,0.0,30.54688793246715,0.0,0.20337176,0.2730162786952768,0.007618190874312151
Kepler-246 b,2.34,,0.47368421052631576,141.613,5206.0,0.0,896.0,0.0,0.0,0.0,25.422900048979745,0.0,0.15490043,0.2837062810531322,0.007615786604831649
TOI-237 b,1.44,,0.8911070780399275,3.7,3212.0,0.0,388.0,0.0,0.0,0.0,11.145664828760077,9.14226747217605e-06,1.2899476,0.03107009445364805,0.007615144394529972
TOI-1533 b,2.89,28.1,1.1796733212341197,173.908,5146.0,0.0,1011.0,0.0,0.0,0.0,119.27348128214368,0.0,0.3409118,0.24226979706095383,0.007614830690242903
TOI-1798.01,2.448,6.5,0.47368421052631576,69.26,5165.0,0.0,734.31,0.0,0.0,0.0,29.10795924697606,0.0,0.11852803,0.2917291810034241,0.007614012759854106
Kepler-250 b,1.13,,1.043557168784029,148.103,5160.0,0.0,938.0,0.0,0.0,0.0,6.307252035510905,0.0,0.60666144,0.18297173751589588,0.0076110286130583885
TOI-220 b,3.03,13.8,0.49546279491833034,137.7252,5298.0,0.032,805.0,0.31518700608933164,0.0068693762113620676,0.07298178126835263,57.733454310013315,0.0,0.074173525,0.301469593956738,0.0076107858644325335
Kepler-1878 b,2.92019781,,0.35571687840290384,302.6,5918.0,0.0,1063.0,0.0,0.0,0.0,37.1047828757528,0.0,0.20335141,0.27263437813856184,0.007608663993397303
Kepler-1170 b,2.41,,0.455535390199637,69.537,5069.0,0.0,705.0,0.0,0.0,0.0,26.709260241159793,0.0,0.12888366,0.28870305115741496,0.007596226986909442
Kepler-1792 b,2.51990972,,0.4301270417422868,283.78,5229.0,0.0,1047.0,0.0,0.0,0.0,28.829711848108957,0.0,0.18864901,0.2753339582826886,0.007594549802374186
TOI-4336 A c,1.251,1.55,0.7894736842105263,4.24,3307.0,0.0,399.5,0.0,0.0,0.0,6.474380159179272,1.7637698980891704e-09,1.2459838,0.039949240711131775,0.007592828220337683
Kepler-1134 b,2.64,,0.4047186932849365,29.864,5281.0,0.0,611.0,0.0,0.0,0.0,31.19274925340165,0.0,0.09122956,0.2969084564909988,0.007591920236969425
WASP-43 b,10.424,565.714,0.5333938294010889,680.8953,4400.0,0.0,1426.7,0.0,0.0,0.0,2530.694986045762,0.0,0.6537,0.17128294093823393,0.007580947980596255
Kepler-1263 b,1.14,,1.043557168784029,144.813,5213.0,0.0,907.0,0.0,0.0,0.0,6.476187426891155,0.0,0.59646976,0.18400503931601117,0.007580584245216331
Kepler-1150 b,1.02,,0.9782214156079855,153.741,4754.0,0.0,1432.0,0.0,0.0,0.0,4.348367998494511,0.0,0.7053489,0.15963398548163854,0.007577145449902104
TOI-1180 b,3.072,10.0,0.3502722323049002,36.97,4738.0,0.0,638.18,0.0,0.0,0.0,42.53612793603402,0.0,0.14006457,0.28475796036871204,0.007560313794516897
TOI-1117 c,2.91,,0.35571687840290384,355.0,5635.0,0.0,1210.0,0.0,0.0,0.0,36.71741082369577,0.0,0.19034466,0.2730084916577158,0.007546522858858641
Kepler-80 c,2.74,6.74,0.22141560798548096,36.482,4540.0,0.0079,495.0,0.3575942607735835,0.025588956529085372,0.0527328097451396,19.078689040329127,0.0,0.25262314,0.2589926105328205,0.0075426889417673695
Kepler-263 b,2.67,,0.3992740471869329,24.308,5265.0,0.0,548.0,0.0,0.0,0.0,31.83416591062733,0.0,0.0953851,0.2935250135659878,0.007531307347385218
Kepler-330 b,1.35,,0.9691470054446462,66.578,5117.0,0.0,714.0,0.0,0.0,0.0,9.988023901731585,0.0,0.46022648,0.21179434387069054,0.007518154875684237
Kepler-275 c,3.38,,0.29401088929219604,146.5,6165.0,0.0,875.0,0.0,0.0,0.0,47.55565041090551,0.0,0.19299178,0.2710648253103247,0.007513128977610651
Kepler-972 b,4.65,,0.1941923774954628,266.514,6146.0,0.0,1060.0,0.0,0.0,0.0,81.7861277981843,0.0,0.31867358,0.24307595845579294,0.007512690474454232
Kepler-207 d,3.31,,0.30308529945553536,732.604,5920.0,0.0,1254.0,0.0,0.0,0.0,46.04022770879793,0.0,0.31128907,0.24469037386512693,0.007511974474765056
Kepler-986 b,2.36,,0.4682395644283122,10.857,5642.0,0.0,465.0,0.0,0.0,0.0,25.78058247142872,5.195553397448428e-137,0.16799748,0.2765012680045936,0.007510018809519524
Kepler-294 c,2.71,,0.39019963702359345,151.491,5913.0,0.0,895.0,0.0,0.0,0.0,32.529946047917385,0.0,0.15436892,0.27949469794844956,0.0075090407753668365
TOI-5624 c,2.474,4.8,0.3121597096188748,96.429,5327.0,0.0,857.0,0.0,0.0,0.0,19.799970501429925,0.0,0.12450506,0.2859458746215167,0.007504229226934217
EPIC 220674823 c,2.712,7.9,0.42397803992740474,70.0,5578.0,0.18,838.0,0.2726828309079615,0.010865695291371193,0.08046161243787425,35.42427964857069,0.0,0.12553495,0.2855160826768958,0.00749928416383198
Kepler-736 b,2.93,,0.35390199637023595,233.031,5217.0,0.0,996.0,0.0,0.0,0.0,37.28846303513528,0.0,0.14942428,0.27983595116454824,0.007490323971032033
HD 219134 f,1.31,7.3,0.7752117805089981,12.38,4699.0,0.148,522.6,0.45984205801423095,0.08201802547168016,0.05698028530212382,7.3,6.248684299373836e-188,0.50569975,0.20048356676291024,0.007488805492573894
Kepler-672 b,2.5,,0.43375680580762255,16.36,5627.0,0.0,529.0,0.0,0.0,0.0,28.389316553537533,0.0,0.12650254,0.2840489607138194,0.007468423661316655
Kepler-249 d,1.57,,0.7967332123411978,4.474,3568.0,0.0,332.0,0.0,0.0,0.0,12.915180730626957,2.243237245435495e-11,0.97937775,0.09419081192908817,0.0074672713123871085
TOI-1052 b,2.87,16.9,0.7132486388384756,246.0,6146.0,0.18,1135.0,0.22474294085997848,0.0028845419777678177,0.09563498423891105,70.62773047640775,0.0,0.32146722,0.24059130028700684,0.007466763305033926
Kepler-53 b,2.89,111.0,0.21415607985480944,60.997,5858.0,0.0,701.0,0.0,0.0,0.0,21.652724294296856,0.0,0.17270872,0.27349444112956767,0.007461739707811117
HD 66141 b,12.8,,0.9074410163339384,120.6806,4323.0,0.07,880.31,0.23697744630395334,0.006550572740456195,0.046935940588765254,7971.442609390373,0.0,0.670092,0.16274604986703456,0.007460423435327063
Kepler-295 c,1.17,,1.0653357531760437,141.4,5603.0,0.0,621.0,0.0,0.0,0.0,7.147146709171989,0.0,0.5855458,0.18109259988689133,0.007448846007384911
K2-233 c,1.272,4.6,2.250453720508167,66.2,4796.0,0.0,794.0,0.0,0.0,0.0,19.400817464000433,0.0,0.93175733,0.1039298669450891,0.007446091739974223
Kepler-1053 b,0.98,,0.958257713248639,139.818,4529.0,0.0,953.0,0.0,0.0,0.0,3.777888708645207,0.0,0.7713303,0.1395396464453661,0.007443773903455275
Kepler-48 c,2.71,14.61,0.7277676950998185,67.593,5194.0,0.0,736.0,0.0,0.0,0.0,60.67213193123197,0.0,0.15630654,0.2763739167588293,0.007442734276112576
LHS 1815 b,1.088,1.58,1.2159709618874774,26.3712,3643.0,0.0,617.0,0.0,0.0,0.0,6.559919337939097,0.0,1.1271852,0.05971823552839221,0.007428385354948991
Kepler-1500 b,1.2,,1.0798548094373865,131.818,5845.0,0.0,928.0,0.0,0.0,0.0,7.816236909170915,0.0,0.594362,0.17822393398098413,0.007426496023005042
Kepler-721 b,2.64,,0.4047186932849365,138.751,5075.0,0.0,850.0,0.0,0.0,0.0,31.19274925340165,0.0,0.13638315,0.27975944731836105,0.0074168849065755806
HIP 105854 b,12.6,,1.2994555353901998,71.2902,4780.0,0.02,822.14,0.31114344411027733,0.013775971587229001,0.0591440936047392,10888.339859524289,0.0,0.6777631,0.1590825423181057,0.007412195019054442
Kepler-1156 b,1.32,,0.9981851179673321,83.014,5778.0,0.0,787.0,0.0,0.0,0.0,9.61659870480432,0.0,0.4904152,0.20054661841556828,0.0074064978206790375
Kepler-1029 b,1.26,,1.0617059891107077,92.16,5030.0,0.0,790.0,0.0,0.0,0.0,8.896199466231437,0.0,0.5437833,0.18841681015754283,0.007400273332847665
K2-114 b,10.59248676,638.83509807,0.5372050816696915,40.0,4899.0,0.079,701.4,0.28510977592409514,0.02085148669912726,0.062323021851782165,2674.376275761812,0.0,0.29913738,0.2428228921935354,0.007399261906813837
Kepler-282 b,1.01,,0.9782214156079855,195.935,5602.0,0.0,817.0,0.0,0.0,0.0,4.221724579174764,0.0,0.66572106,0.1609759787741747,0.007392803258464
Kepler-138 c,1.51,2.3,0.6533575317604357,6.8,3841.0,0.017,410.0,0.6626944693738317,0.1962502693597061,0.034059945504083367,9.4225912754436,8.872669288767053e-41,0.74544984,0.1431192277218916,0.00739002376541618
Kepler-385 d,2.6186448,,0.40834845735027225,15.0,5829.0,0.0,535.0,0.0,0.0,0.0,30.714914393356,2.56672766334696e-294,0.14000776,0.27775611146094314,0.007387383226808474
Kepler-931 b,1.33,,0.987295825771325,72.44,5241.0,0.0,744.0,0.0,0.0,0.0,9.729506959408015,0.0,0.46596852,0.20519694855529283,0.007387012094417092
Kepler-1254 d,1.31,,1.0072595281306715,71.31,4985.0,0.0,794.0,0.0,0.0,0.0,9.4851429509056,0.0,0.504041,0.19637344324997025,0.007378376358192253
TOI-1453 c,2.224,2.95,0.26717513611615246,75.3,4975.0,0.0,819.8,0.0,0.0,0.0,12.310877145374496,0.0,0.18819033,0.2659969090619005,0.0073618437373968205
Kepler-192 d,1.02,,0.9782214156079855,186.076,5487.0,0.0,926.0,0.0,0.0,0.0,4.348367998494511,0.0,0.65011084,0.16317748190316742,0.007361428803966422
Kepler-835 b,2.79,,0.3756805807622504,170.33,5954.0,0.0,921.0,0.0,0.0,0.0,34.17590043095715,0.0,0.16471854,0.27105768680057707,0.007357825731501337
Kepler-94 b,3.51,10.84,0.2631578947368421,216.094,4781.0,0.0,997.0,0.0,0.0,0.0,47.66793759183702,0.0,0.21498199,0.2597291672206242,0.007354321267797296
Kepler-1758 b,2.57059831,,0.4192377495462795,93.64,5557.0,0.0,1028.0,0.0,0.0,0.0,29.829889418075727,0.0,0.10583168,0.28382058566181173,0.007349378272178715
Kepler-48 d,2.04,7.93,0.9219600725952813,9.292,5194.0,0.0,448.0,0.0,0.0,0.0,32.78621066026288,4.219471324121759e-93,0.33882836,0.23166015201999987,0.007341836275025292
Kepler-1819 b,3.90351256,,0.24319419237749548,78.99,6090.0,0.0,760.0,0.0,0.0,0.0,60.59106025775143,0.0,0.17361172,0.26836378059920385,0.007340206278547638
Kepler-925 b,2.34,,0.47368421052631576,5.833,4673.0,0.0,394.0,0.0,0.0,0.0,25.422900048979745,2.94125647897737e-26,0.3051479,0.2389740870025625,0.0073373540406098505
Kepler-1080 b,3.28,,0.30490018148820325,55.45,5956.0,0.0,548.0,0.0,0.0,0.0,45.06795202233463,0.0,0.11536205,0.2799650711192876,0.007306617426862209
K2-130 b,1.25,,1.0725952813067152,136.4,4356.47,0.17,1013.11,0.28620315198395807,0.006055396062612263,0.04783004755035138,8.775149625073578,0.0,0.7435281,0.13972455515875526,0.007295790264016749
Kepler-265 e,2.59,,0.41379310344827586,10.354,5835.0,0.0,476.0,0.0,0.0,0.0,30.114187470357702,5.699414549024134e-122,0.16704024,0.2679332371903804,0.007293536143602891
GJ 411 b,1.45,,0.8802177858439201,3.13,3719.0,0.063,349.83,0.6559983441120777,0.3483238877367369,0.03080087620879151,11.240425609732215,0.005798967243527803,0.95273,0.09294026355066334,0.007290232793800356
Kepler-804 c,1.14,,1.043557168784029,141.839,5817.0,0.0,890.0,0.0,0.0,0.0,6.476187426891155,0.0,0.61113226,0.16880831266806282,0.007286383066596701
K2-39 b,6.27704,28.6047,0.16878402903811254,1356.0,4881.0,0.0,1670.0,0.0,0.0,0.0,174.85765407768426,0.0,0.59333384,0.17267087327549735,0.007283953305753112
Kepler-1064 b,1.55,,0.809437386569873,24.87,5153.0,0.0,570.0,0.0,0.0,0.0,12.626034267217095,0.0,0.34913576,0.22680648176534246,0.007278730866670072
LHS 1903 e,1.732,5.79,1.1070780399274047,2.05,3664.0,0.014,333.0,0.7974693318104629,0.564644597444229,0.029331623657635503,24.094088904414466,0.9788964431621685,1.0799898,0.06403746188490281,0.007275920964884545
Kepler-57 b,3.135,25.06,0.8105315789473684,124.349,5187.9,0.0162,850.0,0.36454972223165,0.00878049736725156,0.07004060479776786,104.60951408126775,0.0,0.1671649,0.2669975706678791,0.00727115284197972
TOI-771 b,1.36,2.47,0.9800362976406535,14.0,3370.0,0.055,543.0,0.5210067587215452,0.08498992660261276,0.02147780092963539,10.326365562287524,6.7171271409043064e-251,1.0699772,0.06592392747216924,0.007267492241835214
Kepler-1456 b,1.14,,1.043557168784029,8.234,4231.0,0.0,433.0,0.0,0.0,0.0,6.476187426891155,2.86069675688772e-68,0.8438141,0.1162091916388913,0.00726629841733278
Kepler-156 c,2.55,,0.4228675136116153,28.642,5094.0,0.0,588.0,0.0,0.0,0.0,29.370644238439844,0.0,0.11238885,0.27854685050334593,0.007255340425962448
HD 64121 b,13.2,,0.35208711433756806,7.7628,5078.0,0.11,464.77,0.3335534077160174,0.10149075068890386,0.06710477106372427,3392.0366340582505,2.0349678766440604e-58,0.46406513,0.2000155087651896,0.007248828939908457
EPIC 211822797 b,1.92,,0.6134301270417423,3.5,4057.0,0.06,431.0,0.6081129620846388,0.3012079361504719,0.0398301009777154,18.186846313324125,0.00011997239318363755,0.59445107,0.1706612552765592,0.007240539486007571
Kepler-1389 b,1.77,,0.6805807622504537,1.871,5078.0,0.0,300.0,0.0,0.0,0.0,15.808405857752895,0.9685200262803172,0.51555353,0.18787405946686242,0.007232003995424226
Kepler-953 c,1.19,,1.0707803992740472,121.04,5416.0,0.0,873.0,0.0,0.0,0.0,7.55840060344374,0.0,0.56489253,0.17659412599385693,0.007224625183906984
Kepler-619 d,4.17,,0.22323049001814882,112.07,6122.0,0.0,830.0,0.0,0.0,0.0,67.80321494925931,0.0,0.21237803,0.2549781227454707,0.007222904991899235
TOI-763 c,2.63,9.32,0.5117967332123412,64.3196,5450.0,0.04,800.0,0.3656000873626653,0.015733839933741705,0.07704226104609348,38.9989904015724,0.0,0.058528293,0.2892096224121788,0.007222695750820664
HD 15337 c,2.526,6.792,0.41796733212341197,45.0685,5131.0,0.096,656.1,0.33222313189898484,0.019636006835806234,0.06852059624938563,28.218309145934896,0.0,0.05538998,0.2898461373518784,0.0072211689326952665
Kepler-694 b,2.8,,0.3756805807622504,206.438,5700.0,0.0,914.0,0.0,0.0,0.0,34.54470194759067,0.0,0.14776404,0.26811013705164394,0.0071921342862305854
KOI-3503 c,1.21,10.36,1.8148820326678767,52.5,6001.0,0.0,686.0,0.0,0.0,0.0,13.467690315756048,0.0,0.8177743,0.11861466246813784,0.007182728495351665
Kepler-353 b,0.89,,0.9056261343012705,27.189,3903.0,0.0,534.0,0.0,0.0,0.0,2.67428430798031,0.0,1.0190247,0.0735178011604176,0.007175144468585894
TIC 139270665 b,7.22979255,147.154552441,0.38656987295825773,40.3,5844.0,0.105,703.0,0.2822305152134843,0.019750081388757255,0.08756745204892007,611.9192585265675,0.0,0.12758465,0.27162054783352224,0.007167959021533627
Kepler-28 c,1.857,2.06,0.32020998185117966,35.898,4499.3,0.017,509.0,0.43719607127490884,0.031147886946259452,0.051645562857285505,8.589327981733637,0.0,0.29286194,0.23425785873626534,0.007153673693532557
Kepler-1199 b,1.15,,1.0490018148820328,131.7,5889.0,0.0,931.0,0.0,0.0,0.0,6.682798553472235,0.0,0.61306465,0.16296312504013005,0.007152882109267283
TOI-1736 b,3.18175535,12.3,0.3793103448275862,329.6,5636.0,0.0,1099.79,0.0,0.0,0.0,51.178039559041615,0.0,0.17124173,0.2612403036475963,0.007151585400970031
Kepler-836 b,2.73,,0.38656987295825773,135.797,5895.0,0.0,869.0,0.0,0.0,0.0,32.94614117139229,0.0,0.14458081,0.26700415840812686,0.007147402724984008
Kepler-285 c,1.12,,1.0362976406533575,137.068,5411.0,0.0,851.0,0.0,0.0,0.0,6.098558396003643,0.0,0.593742,0.16676303142707052,0.007140544669072796
Kepler-232 b,3.08,,0.33030852994555354,410.583,5847.0,0.0,1104.0,0.0,0.0,0.0,40.42597917482252,0.0,0.2245558,0.2482795007331177,0.007124577614003546
Kepler-1953 b,1.28574667,,1.032667876588022,67.62,4858.0,0.0,731.0,0.0,0.0,0.0,9.194232915609467,0.0,0.54000646,0.1776776758530125,0.0071147954686539144
DMPP-4 b,3.53,,0.27586206896551724,1222.8464,6400.0,0.063,1645.69,0.16547583011432704,0.0004930886638145091,0.10242025965697181,50.828198178141854,0.0,0.45583534,0.1963967907739249,0.007114460997934299
Kepler-1759 b,0.9037791,,0.912885662431942,195.7,5017.0,0.0,954.0,0.0,0.0,0.0,2.8228764947703335,0.0,0.7345752,0.13425548243231727,0.007111837007811728
HD 156098 b,4.12,,0.2268602540834846,416.9726,6419.19,0.109,1257.73,0.17705936107647888,0.0014235038662506203,0.10293289522890918,66.45668463311243,0.0,0.34714842,0.21995842298215648,0.007098999457473003
Kepler-1783 b,1.31946731,,0.9981851179673321,65.5,5129.0,0.0,1088.0,0.0,0.0,0.0,9.604960979861653,0.0,0.47940454,0.19032269496137175,0.007094031680632694
Kepler-751 b,2.46,,0.4428312159709619,39.01,5387.0,0.0,679.0,0.0,0.0,0.0,27.61418042439924,0.0,0.09957837,0.27476097703890506,0.007091718582142172
Kepler-495 c,1.21936414,,1.088929219600726,108.13,5392.0,0.0,1000.0,0.0,0.0,0.0,8.269676432570877,0.0,0.5526132,0.17380624990996008,0.007088521469975692
Kepler-1790 b,3.1446145,,0.32123411978221417,49.2,5866.0,0.0,682.0,0.0,0.0,0.0,41.84200767084407,0.0,0.099776536,0.2745672665851691,0.007088030234410287
Kepler-282 c,1.2,,1.0798548094373865,116.117,5602.0,0.0,717.0,0.0,0.0,0.0,7.816236909170915,0.0,0.56712043,0.1705546419952546,0.0070879556057436765
TOI-2141 b,3.147,20.1,0.6424682395644283,47.3,5635.0,0.21,728.0,0.2960169024632685,0.01700735986004424,0.08198429235452963,83.87460756967178,0.0,0.20498812,0.2511259754545053,0.007087390306979654
Kepler-234 c,3.51,,0.279491833030853,273.304,6224.0,0.0,1025.0,0.0,0.0,0.0,50.62663716650277,0.0,0.25958225,0.23863225163556523,0.00707892091360263
Kepler-669 b,4.83,,0.18330308529945555,826.765,6038.0,0.0,1243.0,0.0,0.0,0.0,86.51666626677294,0.0,0.45424375,0.19523457428870114,0.007077075939933855
Kepler-1869 b,1.11955354,,1.0381125226860255,138.5,5808.0,0.0,865.0,0.0,0.0,0.0,6.1019359094342915,0.0,0.6170194,0.15882020557065452,0.007072444214060987
Kepler-164 c,2.73,,0.38656987295825773,131.487,5888.0,0.0,881.0,0.0,0.0,0.0,32.94614117139229,0.0,0.14130364,0.26462779603041786,0.007070836597847341
Kepler-171 c,2.56,,0.42105263157894735,78.905,5642.0,0.0,752.0,0.0,0.0,0.0,29.58999496605706,0.0,0.1052312,0.2726025889492186,0.007069522604842337
Kepler-373 c,1.24,,1.0834845735027223,103.756,5787.0,0.0,729.0,0.0,0.0,0.0,8.653193135100102,0.0,0.56160855,0.1709504100721107,0.007067470469090026
HD 77946 b,2.89646124,10.9,0.4428312159709619,413.1008,6007.0,0.211,1128.86,0.18537003308260797,0.0014755943242971005,0.0919217823368946,45.07440477703916,0.0,0.3507131,0.21755049667233664,0.007059194517040915
Kepler-1906 b,2.77615754,,0.3793103448275862,155.72,5868.0,0.0,901.0,0.0,0.0,0.0,33.99504492098624,0.0,0.14660798,0.2628447805660082,0.007055982685814448
Kepler-27 d,2.7061946,,0.3920145190562614,88.2,5251.0,0.0,810.0,0.0,0.0,0.0,32.54376767730832,0.0,0.09691954,0.27357229725851256,0.007047825366775948
Kepler-1887 b,2.92454357,,0.35390199637023595,36.14,5749.0,0.0,625.0,0.0,0.0,0.0,37.080527993439034,0.0,0.08860952,0.2753468923447325,0.007045980352125587
HD 134606 f,2.24,,0.49909255898366606,36.479,5576.0,0.081,685.04,0.37448383919302486,0.026521627399331366,0.08040818507237835,23.497072629085842,0.0,0.077948876,0.27738651175251505,0.007037771853802208
HD 20781 b,1.21,,1.087114337568058,175.0994,5256.0,0.1,1006.1,0.30605840863187567,0.005118778807911218,0.07185980659292869,8.067146499137873,0.0,0.53976816,0.17456299673422898,0.007036700665294384
HD 260655 b,1.24,2.14,1.1252268602540836,42.2,3803.0,0.039,709.0,0.45031657822375093,0.02760813477990737,0.033044825559649854,8.986565734944831,0.0,0.8963156,0.09505223331213086,0.0070327697110322065
Kepler-1642 c,2.66,,0.4010889292196007,89.632,5355.0,0.0,1095.0,0.0,0.0,0.0,31.62089761807604,0.0,0.09622513,0.2730637560961618,0.00703147811979735
Kepler-172 c,2.86,,0.36479128856624315,227.225,5526.0,0.0,970.0,0.0,0.0,0.0,35.74630587748713,0.0,0.14381269,0.2623710774306976,0.007028967361970842
Kepler-241 c,2.57,,0.4192377495462795,5.88,4699.0,0.0,397.0,0.0,0.0,0.0,29.809065432440704,6.919477129277378e-27,0.2747159,0.2331553705201104,0.007026931574138309
GJ 15 A b,1.55,,0.8112522686025408,4.2691,3607.0,0.094,550.0,0.5731472472414066,0.24443273597510815,0.02780894374098188,12.654343761089779,1.0937595127631022e-09,0.92230797,0.08880182467769533,0.007021289255814935
Kepler-1026 b,2.21,,0.5099818511796733,5.988,4948.0,0.0,425.0,0.0,0.0,0.0,23.057921240007,2.300144140587507e-28,0.26987755,0.233383913138399,0.007006019260278224
Kepler-1299 b,2.98,,0.3448275862068966,45.146,5609.0,0.0,588.0,0.0,0.0,0.0,38.22428791484948,0.0,0.075987056,0.2764321731759587,0.007003480290280387
KOI-142 b,3.438,9.5,0.2341197822141561,68.563,5466.0,0.05561,758.0,0.2942973929903794,0.012064844175357,0.0774696799700614,39.85146926293922,0.0,0.06469749,0.27885306115797204,0.007001220594373414
HD 23472 b,2.0,8.32,1.1161524500907443,16.0,4684.0,0.072,543.0,0.4781515572553252,0.07012881807041921,0.05657958006090111,37.40262759990752,0.0,0.39559785,0.20508922231432308,0.006998252295660247
Kepler-1010 b,2.32,,0.4791288566243195,10.17,5253.0,0.0,477.0,0.0,0.0,0.0,25.061374825835614,1.0867311305255182e-116,0.17577678,0.25299880511005823,0.00697328753265715
Kepler-934 b,2.09,,0.5480943738656987,4.716,5001.0,0.0,384.0,0.0,0.0,0.0,20.959591388792457,1.494864139636898e-13,0.31060165,0.22255555671498053,0.006962505797814126
TOI-1443 b,2.30381001,30.0,2.540834845735027,16.8576,5224.0,0.0,520.66,0.0,0.0,0.0,130.13826995284626,0.0,0.75644255,0.12323375245927362,0.006960094337144738
TOI-771 c,1.5,,0.8475499092558983,3.0,3370.0,0.065,365.0,0.6437295536846974,0.3537778156493198,0.021477800929634916,11.981954558110615,0.01759621702574324,1.1322243,0.03948070295956323,0.006957110866468317
Kepler-353 c,1.38,,0.9419237749546281,16.561,3903.0,0.0,472.0,0.0,0.0,0.0,10.36911348150106,0.0,0.7998117,0.1133894570505521,0.006955354409061955
Kepler-109 c,2.65,8.2,0.4355716878402904,91.0,5950.0,0.098,859.0,0.29064451781672973,0.009122050255384016,0.09039910242024066,33.95360359263068,0.0,0.08995718,0.2708108524705621,0.006941546078962259
Kepler-1902 b,1.17563613,,1.0671506352087115,30.84,3729.0,0.0,601.0,0.0,0.0,0.0,7.263285408255878,0.0,0.9855836,0.07145347942737527,0.00694077033112374
Kepler-1924 b,2.65446572,,0.4010889292196007,107.44,5726.0,0.0,821.0,0.0,0.0,0.0,31.423940784962394,0.0,0.11664156,0.2647724679128237,0.006939089406244118
Kepler-335 b,3.39,,0.29219600725952816,721.124,5877.0,0.0,1290.0,0.0,0.0,0.0,47.68282538846247,0.0,0.30542785,0.22275409651397748,0.006939013171757909
Kepler-1680 b,1.35954736,,0.9600725952813067,49.0,5021.0,0.0,771.0,0.0,0.0,0.0,10.10591649040813,0.0,0.46034527,0.1880277889335702,0.006932881970502002
HD 219134 c,1.511,4.36,1.2613430127041743,62.1,4699.0,0.062,782.0,0.38537500250578083,0.016725678367637626,0.056980285302126656,18.227000607725913,0.0,0.51968426,0.17480658284805087,0.006932511322570819
Kepler-603 b,2.65,,0.40290381125226865,97.8,5808.0,0.0,731.0,0.0,0.0,0.0,31.40708332318338,0.0,0.121292174,0.2632065346114839,0.006926000537346041
Kepler-1273 b,2.49,,0.4373865698729583,14.877,5566.0,0.0,573.0,0.0,0.0,0.0,28.284733705718782,8.669505146554644e-289,0.1295304,0.2610451557671024,0.006917916151349958
HD 18742 b,13.1,,0.4791288566243195,4.1964,4940.0,0.04,399.93,0.45361169566801274,0.22349638490275106,0.06341828284446077,4511.851782052393,4.164407451446968e-09,0.549437,0.16740252136158112,0.0069132212994144375
Kepler-226 d,1.22,,1.087114337568058,103.645,5571.0,0.0,800.0,0.0,0.0,0.0,8.268815940386196,0.0,0.5527358,0.16639316862800096,0.006906436944496987
Kepler-1843 b,2.70909809,,0.3920145190562614,111.8,5422.0,0.0,772.0,0.0,0.0,0.0,32.64862922674856,0.0,0.10185275,0.2663584257946752,0.006897046553373268
HD 39855 b,2.85,,0.3666061705989111,287.2,5576.0,0.14,1145.89,0.2096402182163687,0.0023188967770879664,0.08040818507237753,35.54863750630473,0.0,0.14727426,0.25597461776787545,0.006890265937580658
HD 189567 b,2.85,,0.3666061705989111,171.2523,5726.0,0.189,845.16,0.2206546339813391,0.003907713057509913,0.0844152374846216,35.54863750630473,0.0,0.18860327,0.2465207594206475,0.006883957378703756
Kepler-437 b,2.14,,0.5317604355716878,2.15,4551.0,0.02,308.0,0.7421757893281982,0.510178580435147,0.05302666025537355,21.829608694312096,0.892239431678891,0.47307205,0.18289309866070017,0.006876122971512455
Kepler-1234 b,2.81,,0.3738656987295826,40.12,4967.0,0.0,625.0,0.0,0.0,0.0,34.74747015184204,0.0,0.10769906,0.2642077529090955,0.006876102314693807
Kepler-205 c,1.64,,0.7531760435571688,7.14,4321.0,0.0,389.0,0.0,0.0,0.0,13.916071494991721,1.227505984443902e-46,0.56004393,0.16310260509942592,0.006865411208616739
Kepler-545 b,2.69,,0.3938294010889292,101.143,5882.0,0.0,806.0,0.0,0.0,0.0,32.11098179201991,0.0,0.12966476,0.25844743979843315,0.006854610990422603
Kepler-216 c,3.04,,0.3357531760435572,182.057,6091.0,0.0,814.0,0.0,0.0,0.0,39.51204335427572,0.0,0.18853249,0.24504297128754643,0.00684713661188744
Kepler-1116 b,2.54,,0.4246823956442831,15.793,5641.0,0.0,488.0,0.0,0.0,0.0,29.151037606909984,0.0,0.12569097,0.2589552454699817,0.0068453269589647805
Kepler-837 b,2.56,,0.42105263157894735,55.966,5403.0,0.0,701.0,0.0,0.0,0.0,29.58999496605706,0.0,0.09122352,0.26641840547442225,0.00684020568734527
Kepler-59 b,1.1,4.1,1.5789473684210527,187.51,6074.0,0.0,864.0,0.0,0.0,0.0,8.803073309322139,0.0,0.8642651,0.09437100288855817,0.006840123246587425
TOI-6695 c,13.6,,0.18330308529945555,4.9413,6400.0,0.022,415.0,0.4108083841220835,0.17741676732654005,0.10242025965696458,1931.4128181315546,9.35937599627922e-16,0.77948415,0.1131000710910563,0.00683668814826909
Kepler-532 b,2.57,,0.4192377495462795,34.089,5192.0,0.0,620.0,0.0,0.0,0.0,29.809065432440704,0.0,0.099190146,0.2644975158740102,0.006836559959715875
Kepler-1955 b,1.16654878,,1.0617059891107077,114.3,5825.0,0.0,853.0,0.0,0.0,0.0,7.059949393377754,0.0,0.593655,0.15434767341230438,0.006833987391025104
Kepler-1734 b,3.08851092,,0.33030852994555354,222.91,6061.0,0.0,985.0,0.0,0.0,0.0,40.76203166778157,0.0,0.19836351,0.24229479915452332,0.006833325054611517
Gl 725 A b,1.48,,0.8548094373865699,3.3572,3433.0,0.0,376.1,0.0,0.0,0.0,11.607616836817332,0.0006054761659469153,1.1376721,0.03304213333786785,0.006828268987656221
Kepler-162 c,3.03,,0.3375680580762251,77.052,5816.0,0.0,681.0,0.0,0.0,0.0,39.33488095847061,0.0,0.10114416,0.26341151153142095,0.006820507425729389
Kepler-1157 b,1.09,,1.0163339382940109,95.443,4679.0,0.0,732.0,0.0,0.0,0.0,5.513209950025439,0.0,0.6700586,0.13672770168347012,0.006818801154287509
Kepler-1959 b,1.14315727,,1.0490018148820328,102.25,5071.0,0.0,811.0,0.0,0.0,0.0,6.564214992817751,0.0,0.6016694,0.1516066494431174,0.006810384638176797
Kepler-249 b,1.09,,1.0163339382940109,24.26,3568.0,0.0,554.0,0.0,0.0,0.0,5.513209950025439,0.0,1.1040394,0.03969384548423828,0.006807723152220497
K2-21 c,2.49,,0.9800362976406535,5.1,4222.06,0.21,420.0,0.47083646926442874,0.17963506985923766,0.0442394614521512,63.376581747253695,2.0181365605608135e-17,0.6768063,0.13474061608618898,0.0068068355016711254
Kepler-1129 b,2.96,,0.3484573502722323,32.265,5831.0,0.0,737.0,0.0,0.0,0.0,37.854138983760976,0.0,0.09845761,0.26324407250045745,0.006801639190952229
Kepler-386 b,1.39,,0.9328493647912885,43.262,5178.0,0.0,651.0,0.0,0.0,0.0,10.494083855440916,0.0,0.42512432,0.19035237450552484,0.006796943184809577
HD 136352 d,2.562,8.82,0.5223426497277678,5.74,5664.0,0.0,431.0,0.0,0.0,0.0,36.794378648165214,4.971956379631861e-25,0.21782705,0.236412395454446,0.006795095105908758
Kepler-464 b,3.3,,0.30308529945553536,495.005,5933.0,0.0,1163.0,0.0,0.0,0.0,45.6242040824523,0.0,0.26072288,0.2260992844679006,0.006776199735447612
Kepler-253 c,2.65,,0.40290381125226865,51.273,5208.0,0.0,680.0,0.0,0.0,0.0,31.40708332318338,0.0,0.0911679,0.2637518927310462,0.006774162044616691
HIP 97166 b,2.4801338,19.1,1.2450090744101634,9.0686,5216.0,0.29,701.66,0.4020779700967372,0.09609203647154903,0.07079125928299612,79.55847675021019,1.5900098401782778e-87,0.7331794,0.12053958815702008,0.006766035978640799
Kepler-104 c,3.13,,0.5435308529945554,45.438,5711.0,0.0,668.0,0.0,0.0,0.0,69.81453075893445,0.0,0.09042574,0.26336369797221476,0.0067605197451093306
TOI-4495 c,4.03,23.2,0.3448275862068966,346.626,6210.0,0.023,1365.0,0.24869805027537198,0.0023719152593291693,0.09734465993479664,94.53785621819611,0.0,0.2330354,0.23151768805177,0.006757868188124894
HD 96700 c,1.69,,0.7223230490018149,69.413,5845.0,0.293,808.42,0.2855743882013176,0.011198620742292695,0.0875941657316729,14.60428153050956,0.0,0.64493746,0.1395535343801234,0.006750634871847473
Kepler-1052 b,2.93,,0.35390199637023595,20.976,5888.0,0.0,522.0,0.0,0.0,0.0,37.28846303513528,0.0,0.118211985,0.2566925698536038,0.006748509455958973
Kepler-1669 d,1.22,,1.087114337568058,47.3,4224.0,0.0,669.0,0.0,0.0,0.0,8.268815940386196,0.0,0.751115,0.11581277977878797,0.006747912124321355
Kepler-1799 b,4.12801189,,0.2250453720508167,83.04,5831.0,0.0,770.0,0.0,0.0,0.0,66.31037961829318,0.0,0.14984275,0.2492759931795081,0.006739215161075425
Kepler-1926 b,2.31495961,,0.4791288566243195,9.8,5256.0,0.0,451.0,0.0,0.0,0.0,24.898385778583016,1.99912871564523e-106,0.17896667,0.24258758915240022,0.006734118338033246
Kepler-818 b,5.11,,0.17114337568058077,100.779,5638.0,0.0,786.0,0.0,0.0,0.0,95.65582101030925,0.0,0.2274191,0.23147195657464928,0.006725925619030421
K2-128 b,1.42,,0.9056261343012705,68.8,4469.51,0.23,803.1,0.3054329340364378,0.012079757021261156,0.0508497622482182,10.861819693672095,0.0,0.687617,0.12885248629423704,0.006720988936899908
Kepler-1989 b,4.62,,0.1960072595281307,157.97,6032.0,0.0,904.0,0.0,0.0,0.0,80.96301873199347,0.0,0.25152618,0.2254179212362279,0.006708942220548635
K2-122 b,1.16,,1.0544464609800364,79.9,4009.0,0.21,769.0,0.30615464946468174,0.010517430165555411,0.03854784420579958,6.894251313357239,0.0,0.96001303,0.06755105819470199,0.0067042640111606945
Kepler-1728 b,2.95501875,,0.3502722323049002,145.48,5170.0,0.0,886.0,0.0,0.0,0.0,37.85951464997938,0.0,0.117665194,0.2548504946752541,0.006700096079190771
Kepler-357 c,2.67,,0.3992740471869329,19.404,5036.0,0.0,576.0,0.0,0.0,0.0,31.83416591062733,0.0,0.12296717,0.25363860521620535,0.006699309347354343
Kepler-11 g,3.33,25.0,0.7259528130671506,5.65,5663.0,0.15,376.0,0.47099540660314815,0.16715404026549288,0.08273227547148154,112.2870577765371,7.180999309265058e-24,0.22977614,0.22919824012313794,0.00668280338826845
Kepler-1844 b,3.03648191,,0.3375680580762251,314.25,5776.0,0.0,1074.0,0.0,0.0,0.0,39.58786212670196,0.0,0.1874454,0.23853391709315386,0.006680702181936205
Kepler-169 c,1.21,,1.0816696914700545,82.853,4997.0,0.0,776.0,0.0,0.0,0.0,8.026743428190604,0.0,0.57186526,0.15297393202307763,0.006680565973178402
KOI-3503 b,1.19,9.2,1.8148820326678767,90.2,6001.0,0.0,785.0,0.0,0.0,0.0,12.810848480413119,0.0,0.8389222,0.0934500380952855,0.006678369139032813
HD 63935 b,2.91575244,10.5,0.42105263157894735,115.6,5513.0,0.0,825.22,0.0,0.0,0.0,43.71967637594506,0.0,0.0945275,0.2589228994090054,0.006673544429455969
Kepler-799 c,2.78068551,,0.37749546279491836,150.25,5588.0,0.0,893.0,0.0,0.0,0.0,33.99820332228839,0.0,0.11871816,0.2535209491530426,0.006673095633543894
Kepler-1801 b,2.70926154,,0.3920145190562614,111.52,5738.0,0.0,829.0,0.0,0.0,0.0,32.6545390243,0.0,0.11628338,0.2539684458218385,0.006670768969430964
Kepler-1451 b,3.35,,0.29764065335753176,18.751,5782.0,0.0,523.0,0.0,0.0,0.0,46.87219368679577,0.0,0.11104985,0.25463632569433714,0.006658519577632832
Kepler-963 b,2.66,,0.4010889292196007,83.494,5461.0,0.0,802.0,0.0,0.0,0.0,31.62089761807604,0.0,0.09313313,0.25785579957348165,0.0066395863653584825
Kepler-620 b,3.32,,0.29945553539019965,219.051,6155.0,0.0,849.0,0.0,0.0,0.0,45.90238019554175,0.0,0.21878438,0.22954211168563468,0.006630972244313853
TYC 3667-1280-1 b,12.8,,0.8166969147005445,543.953,5130.0,0.036,1350.0,0.19543109907986767,0.0013593223846532297,0.06849388256664227,7174.298348451335,0.0,0.62052673,0.14012691113739545,0.006630835624452957
TOI-1453 b,1.173,2.32,1.4909778584392013,132.6,4975.0,0.0,944.2,0.0,0.0,0.0,10.079844670442336,0.0,0.74583,0.11202575990051584,0.006625552262130553
Kepler-1874 b,2.21110724,,0.5099818511796733,3.79,4701.0,0.0,356.0,0.0,0.0,0.0,23.092595601165677,2.654688589669422e-06,0.36759824,0.19612064750130154,0.006623521170339303
Kepler-186 b,1.07,,1.0090744101633393,37.372,3788.0,0.0,571.0,0.0,0.0,0.0,5.178012983804405,0.0,0.98697627,0.05791263013203669,0.00661458427883767
Kepler-942 b,2.13,,0.5353901996370236,4.957,4861.0,0.0,379.0,0.0,0.0,0.0,21.67194234972401,6.307926006195286e-16,0.31832138,0.20615678185931274,0.006600577166585916
Kepler-29 c,2.34,4.5,0.3466424682395644,34.4,5378.0,0.0,715.0,0.0,0.0,0.0,18.60449773699284,0.0,0.11366721,0.25157786591374753,0.006597479077489242
Kepler-689 b,2.89,,0.35934664246823955,35.337,5518.0,0.0,536.0,0.0,0.0,0.0,36.332537375176074,0.0,0.075290814,0.2599918938088766,0.0065943525007693266
Kepler-259 b,2.8,,0.3756805807622504,113.451,5938.0,0.0,879.0,0.0,0.0,0.0,34.54470194759067,0.0,0.13775249,0.24602884896125007,0.006592826333092687
WASP-145 A b,10.0881,282.8687,0.29038112522686027,313.4012,4900.0,0.0,1200.0,0.0,0.0,0.0,1248.777683299553,0.0,0.4315052,0.18011602706694774,0.006579593364622494
Kepler-2000 c,1.57,,0.7967332123411978,3.92,3757.0,0.0,359.0,0.0,0.0,0.0,12.915180730626957,3.798794005743106e-07,0.8942172,0.07684960840946957,0.006572501299171139
GJ 9827 c,1.13,1.86,1.2961887477313976,73.0,4236.0,0.0,715.94,0.0,0.0,0.0,7.834155484803285,0.0,0.8635473,0.08339126926305845,0.006565498102270721
K2-91 b,1.1,,1.0272232304900182,46.0,3622.0,0.09,726.81,0.3952398985040523,0.022361022550953454,0.028209648982207344,5.727056888593483,0.0,1.0113518,0.05035153796472775,0.006561919790754616
Kepler-325 b,2.91,,0.35571687840290384,210.554,5752.0,0.0,1017.0,0.0,0.0,0.0,36.71741082369577,0.0,0.15077154,0.24173729793729665,0.006558457149173221
Kepler-1481 b,1.23,,1.0925589836660616,71.94,4908.0,0.0,797.0,0.0,0.0,0.0,8.51625851203296,0.0,0.5767028,0.14640026894099054,0.006545045252599573
WASP-53 b,12.038466,677.61356,0.41379310344827586,241.6656,4953.0,0.03,1053.0,0.21766473648145518,0.0031456718855448116,0.06376556072018966,3024.0245252843083,0.0,0.43388438,0.17798629364423085,0.0065401422168257515
TOI-2076 b,2.59,6.7,0.37749546279491836,49.4,5187.0,0.0114,736.0,0.3923833215135313,0.021363128463735087,0.07001656248328966,27.472592078221062,0.0,0.082767084,0.2558815832009662,0.0065340397990785205
Kepler-369 c,1.41,,0.9147005444646098,4.21,3591.0,0.0,391.0,0.0,0.0,0.0,10.74050953174657,3.1359698019218737e-09,1.0580065,0.0383933865164553,0.0065230929422018975
Kepler-312 c,3.15,,0.32304900181488205,165.824,6115.0,0.0,754.0,0.0,0.0,0.0,42.29496541103621,0.0,0.18623196,0.23174671956878415,0.006506717338164792
Kepler-979 b,2.72,,0.3883847549909256,77.841,5310.0,0.0,792.0,0.0,0.0,0.0,32.73840341228933,0.0,0.08955078,0.2531517080072222,0.006503959462809582
Kepler-191 b,1.34,,0.9782214156079855,50.2,5282.0,0.0,722.0,0.0,0.0,0.0,9.8591658135348,0.0,0.45147246,0.1724645075808585,0.006500512395838518
Kepler-668 b,2.7,,0.3920145190562614,77.619,5352.0,0.0,790.0,0.0,0.0,0.0,32.320796446052775,0.0,0.09024631,0.2527368961752504,0.006497549178587712
Kepler-104 d,3.58,,0.30282050816696915,16.012,5711.0,0.0,515.0,0.0,0.0,0.0,58.19999845850941,0.0,0.107098565,0.24890215667717858,0.006495473601414427
Kepler-729 b,3.58,,0.2722323049001815,1089.549,5633.0,0.0,1273.0,0.0,0.0,0.0,52.321158238103905,0.0,0.3517686,0.19425695535702509,0.006490722245741485
Kepler-555 b,2.83,,0.37023593466424687,129.374,5894.0,0.0,664.0,0.0,0.0,0.0,35.15009348862319,0.0,0.13695127,0.24206420925555805,0.006490688668505286
Kepler-1682 b,2.88940836,,0.35934664246823955,54.74,5619.12,0.0,694.0,0.0,0.0,0.0,36.310227981990266,0.0,0.07944076,0.2537679103892826,0.006463680111406458
Kepler-893 b,3.03,,0.3375680580762251,266.271,5820.0,0.0,1034.0,0.0,0.0,0.0,39.33488095847061,0.0,0.17658737,0.23200534475338705,0.006460176202969566
Kepler-424 b,9.98,327.35,0.35208711433756806,470.754,5460.0,0.0,1116.0,0.0,0.0,0.0,1465.9878274642156,0.0,0.41391182,0.1791514244229843,0.006459282737847316
Kepler-581 b,2.63,,0.4065335753176044,12.39,5772.0,0.0,521.0,0.0,0.0,0.0,30.977921453731273,2.887486896365847e-188,0.14442675,0.23874421861566059,0.006449855682054416
Kepler-944 b,2.63,,0.4065335753176044,20.174,5409.0,0.0,459.0,0.0,0.0,0.0,30.977921453731273,0.0,0.10062307,0.24819599092153904,0.006442535061240635
TOI-2093 c,2.3,15.8,1.2704174228675136,3.0647,4426.0,0.0,329.0,0.0,0.0,0.0,64.74683719627077,0.010720791477136588,0.68752784,0.11744806124381478,0.006439342420279669
Kepler-335 c,3.07,,0.33212341197822143,32.035,5877.0,0.0,592.0,0.0,0.0,0.0,40.25346096141755,0.0,0.10346576,0.24728371266700333,0.006435641364866012
Kepler-188 c,3.19,,0.31578947368421056,257.348,6021.0,0.0,1025.0,0.0,0.0,0.0,42.939630988211526,0.0,0.2036682,0.22496959495874955,0.006435306342539366
K2-83 b,1.244,,1.0780399274047188,41.5,3910.0,0.07,707.17,0.4166245540054546,0.02591387572483515,0.035903189613717815,8.693298586771292,0.0,0.8153631,0.08871522272714283,0.006432378166105385
Kepler-1140 b,2.77,,0.3793103448275862,13.051,4850.0,0.0,500.0,0.0,0.0,0.0,33.76934241377408,6.933670993639666e-213,0.16617298,0.2331664643275326,0.006431660841429052
Kepler-192 b,2.74,,0.38475499092558985,105.297,5479.0,0.0,803.0,0.0,0.0,0.0,33.15313177499815,0.0,0.09794972,0.24807323374792228,0.00642484076446922
Kepler-220 b,0.81,,0.8584392014519058,105.001,4632.0,0.0,759.0,0.0,0.0,0.0,1.9109670898728701,0.0,0.8253433,0.08579185916791156,0.006415066013901456
Kepler-1358 b,1.12,,1.0362976406533575,98.834,5181.0,0.0,827.0,0.0,0.0,0.0,6.098558396003643,0.0,0.5866902,0.13866672118332649,0.006409185601107804
Kepler-1049 b,0.95,,0.9401088929219601,50.427,3864.0,0.0,625.0,0.0,0.0,0.0,3.3762732358389886,0.0,1.0004604,0.04645117101799484,0.006406004426381667
Kepler-677 b,5.38,,0.1600725952813067,683.274,5723.0,0.0,1015.0,0.0,0.0,0.0,104.41248273018087,0.0,0.43944177,0.17114046962871285,0.00640186156073089
Kepler-252 b,1.23,,1.0925589836660616,39.264,4208.0,0.0,587.0,0.0,0.0,0.0,8.51625851203296,0.0,0.75480145,0.10092736081642764,0.006401163373762852
Kepler-1978 b,2.67,,0.3992740471869329,49.3,5251.0,0.0,676.0,0.0,0.0,0.0,31.83416591062733,0.0,0.08708181,0.24922331296011405,0.006393564930998874
K2-108 b,5.33,59.4,0.40290381125226865,762.0,5599.0,0.18,1360.0,0.15138331328991048,0.0007169737101929067,0.08102259977558954,255.54748548713462,0.0,0.32851192,0.19536058228338243,0.006390327495368162
Kepler-331 d,1.64,,0.7531760435571688,6.065,4347.0,0.0,346.0,0.0,0.0,0.0,13.916071494991721,1.901300023487047e-29,0.5674645,0.14196132660014862,0.006384922592216997
Kepler-1074 b,1.25,,1.0725952813067152,27.569,4002.0,0.0,568.0,0.0,0.0,0.0,8.775149625073578,0.0,0.82797754,0.0832163300707033,0.0063660238283497865
Kepler-678 b,5.14,,0.16969147005444649,113.64,5520.0,0.0,833.0,0.0,0.0,0.0,96.52459282885562,0.0,0.23194683,0.21583814605594898,0.006365342504952755
Kepler-871 b,3.74,,0.2577132486388385,79.722,5993.0,0.0,640.0,0.0,0.0,0.0,56.47290925935956,0.0,0.1458647,0.23361475406612453,0.006331286917215673
Kepler-1447 b,2.9,,0.3575317604355717,10.349,5722.0,0.0,522.0,0.0,0.0,0.0,36.525589197810255,7.985047684024452e-122,0.1401887,0.23446524806840582,0.0063211118184352474
Kepler-472 b,3.22,,0.3139745916515427,139.236,4996.0,0.0,876.0,0.0,0.0,0.0,43.90871511302302,0.0,0.13247094,0.23589458941388056,0.006314004706880675
Kepler-368 c,3.88,,0.24500907441016337,28.681,5502.0,0.0,575.0,0.0,0.0,0.0,59.94679318154411,0.0,0.10288706,0.24220593572949464,0.006307282061342523
TOI-1288 b,4.96846551,44.1,0.3575317604355717,1198.41,5388.0,0.0,1203.44,0.0,0.0,0.0,183.68346984933964,0.0,0.35202372,0.18661415176472732,0.0063037014293826875
Kepler-178 c,2.88,,0.36116152450090744,30.546,5676.0,0.0,656.0,0.0,0.0,0.0,36.1382859620897,0.0,0.08588393,0.2456798266867799,0.00629963371845277
Kepler-1925 b,3.00177922,,0.3430127041742287,18.74,5856.0,0.0,531.0,0.0,0.0,0.0,38.86288658399536,0.0,0.11739387,0.23852631686617703,0.006296162000782359
Kepler-107 e,2.903,14.1,0.5771324863883848,138.7,5854.0,0.1,955.0,0.2733670868466243,0.005898402743425164,0.08783458887640652,59.14325708511958,0.0,0.1058986,0.24091294228452734,0.0062919289282285336
Kepler-458 c,4.2,,0.22141560798548096,279.787,6117.21,0.0,798.0,0.0,0.0,0.0,68.7139180044467,0.0,0.2787477,0.20224382584196918,0.006286980276274765
GJ 143 b,2.61,22.7,1.2704174228675136,7.0423,4640.0,0.188,422.0,0.44596195476228095,0.1318296569531126,0.055404178019976255,94.61425465808409,6.798662741099161e-45,0.5582218,0.1396011696409449,0.006276025174669045
Kepler-307 c,2.2,3.64,0.31578947368421056,44.0,5367.0,0.0,739.0,0.0,0.0,0.0,14.084917294915423,0.0,0.13349351,0.23412043006914227,0.006275876341161577
14 And b,13.1,,0.5009074410163339,115.1634,4888.0,0.0,909.92,0.0,0.0,0.0,4716.935953963864,0.0,0.48115593,0.15649896357594142,0.006269773299933473
HD 219666 b,4.898,17.6,0.15789473684210528,598.4408,5540.0,0.05,1076.0,0.17216530624806084,0.0010007360193599964,0.07944649249343384,77.71638757158414,0.0,0.3556103,0.18413823483869865,0.006262340434152154
Kepler-306 e,2.27,,0.49183303085299457,6.185,4954.0,0.0,390.0,0.0,0.0,0.0,24.098159408961518,3.67401026074704e-31,0.25624365,0.20621087392023313,0.006261307889935518
Kepler-384 b,1.12,,1.0362976406533575,101.549,5577.0,0.0,670.0,0.0,0.0,0.0,6.098558396003643,0.0,0.5819256,0.13342833256192613,0.006253899861858167
Kepler-314 c,2.9,,0.3575317604355717,149.977,5378.0,0.0,890.0,0.0,0.0,0.0,36.525589197810255,0.0,0.111333825,0.23797922926096304,0.0062494246794787935
Kepler-894 b,2.78,,0.37749546279491836,119.881,5603.0,0.0,896.0,0.0,0.0,0.0,33.97306524407332,0.0,0.10662204,0.23894798871368955,0.006247455596304073
Kepler-1361 b,0.86,,0.8874773139745916,186.069,5131.0,0.0,1061.0,0.0,0.0,0.0,2.3645103714706974,0.0,0.743933,0.09710826550656498,0.006247377820455436
Kepler-292 e,2.67,,0.3992740471869329,50.924,5299.0,0.0,678.0,0.0,0.0,0.0,31.83416591062733,0.0,0.08498488,0.24370165603903948,0.006245932407368135
Kepler-815 b,4.11,,0.2268602540834846,979.136,5028.0,0.0,1374.0,0.0,0.0,0.0,65.97395031876107,0.0,0.38444203,0.1768634764579969,0.006241184923851627
HD 69830 b,3.17,,0.3194192377495463,97.7824,5385.0,0.1,872.84,0.2646504281699965,0.00785699971856938,0.0753058716674516,42.62137584624826,0.0,0.03783494,0.2537315349757085,0.006234504015001236
Kepler-1770 b,2.84141754,,0.3666061705989111,56.43,5602.0,0.0,699.0,0.0,0.0,0.0,35.22845127203896,0.0,0.08031412,0.24389979747156326,0.00622519010932282
K2-98 b,5.06645928,34.007639549,0.2540834845735027,339.0,6260.0,0.119,1185.0,0.17936971453009637,0.0017687810964039823,0.09868034407220898,138.41358447112796,0.0,0.282723,0.19880266535725252,0.006223955537324161
Kepler-1477 b,1.18,,1.0689655172413792,78.163,5100.0,0.0,674.0,0.0,0.0,0.0,7.356958854492012,0.0,0.5674376,0.13540208819779828,0.006223068111412071
Kepler-1202 b,2.94,,0.35208711433756806,23.876,5834.0,0.0,547.0,0.0,0.0,0.0,37.478373211900745,0.0,0.106385216,0.23776740905701751,0.006217051001400039
HD 213885 c,4.71,,0.19056261343012706,426.5327,5978.0,0.0,1265.4,0.0,0.0,0.0,83.40441314653172,0.0,0.34179342,0.18493918125117934,0.006206277009306937
HD 125612 c,4.07,,0.23049001814882034,441.4278,5900.0,0.149,1303.14,0.1678554062460105,0.0012768308906956063,0.08906341828282228,65.09145193886319,0.0,0.27008414,0.20086941742021333,0.006205562054208241
Kepler-395 b,1.03,,0.985480943738657,17.8,4262.0,0.0,576.0,0.0,0.0,0.0,4.510747469472506,0.0,0.8207992,0.07826708753852236,0.006204622864542217
Kepler-1910 b,1.184,,1.0689655172413792,40.88,4234.0,0.0,645.0,0.0,0.0,0.0,7.43202928714507,0.0,0.7574766,0.0912296043801387,0.0061767594489761666
Kepler-1665 b,2.83910787,,0.3684210526315789,40.4,5049.84,0.0,906.0,0.0,0.0,0.0,35.31658719614642,0.0,0.096113734,0.23824696758163483,0.006172517002660209
Kepler-196 c,2.24,,0.5009074410163339,6.88,5128.0,0.0,407.0,0.0,0.0,0.0,23.582516529555242,4.172854013106833e-42,0.22989897,0.20824655331799483,0.00616694837147446
Kepler-271 b,1.23,,1.0925589836660616,75.957,5555.0,0.0,759.0,0.0,0.0,0.0,8.51625851203296,0.0,0.538494,0.13878574766565988,0.0061476812002884355
Kepler-221 c,2.93,9.3,0.35208711433756806,119.836,5243.0,0.0,860.0,0.0,0.0,0.0,37.09724014777561,0.0,0.102608785,0.23546834517334922,0.006139651200066402
Kepler-1791 b,3.12103321,,0.32486388384754994,257.14,5887.0,0.0,1021.0,0.0,0.0,0.0,41.369970489653454,0.0,0.18179542,0.21754501210116384,0.006132255855835215
Kepler-102 e,2.17,4.7,0.4537205081669692,20.3,4909.0,0.089,590.0,0.40379362894116355,0.04804568950046993,0.06259015867926389,19.420312796661268,0.0,0.13339502,0.2282452222479926,0.006130492418812593
Kepler-388 b,0.81,,0.8584392014519058,112.21,4498.0,0.0,830.0,0.0,0.0,0.0,1.9109670898728701,0.0,0.863499,0.0654943659474756,0.006124014329721789
Kepler-228 d,4.04,,0.23230490018148822,122.778,6043.0,0.0,835.0,0.0,0.0,0.0,64.16394759294928,0.0,0.19200496,0.2149013522412458,0.006123097723938604
Kepler-619 b,3.16,,0.3194192377495463,224.146,5980.0,0.0,1073.0,0.0,0.0,0.0,42.21929005820646,0.0,0.18433945,0.21617125548930322,0.00611234654614389
Kepler-186 c,1.25,,1.0725952813067152,13.98,3788.0,0.0,464.0,0.0,0.0,0.0,8.775149625073578,4.542644734036544e-250,0.9560456,0.04419911135553793,0.006106792384142281
Kepler-811 b,2.7,,0.3920145190562614,78.59,5747.0,0.0,730.0,0.0,0.0,0.0,32.320796446052775,0.0,0.10419891,0.2337558988807806,0.006106158260314739
HD 142245 b,13.1,,0.43375680580762255,1.7468,4922.0,0.0,306.3,0.0,0.0,0.0,4084.593090570159,0.999999999968215,0.7142027,0.09769458541881226,0.006098710946825337
Kepler-166 c,2.38,,0.4627949183303085,10.507,5413.0,0.0,468.0,0.0,0.0,0.0,26.13413090004276,1.8761323653340376e-126,0.16102853,0.22070547685399958,0.0060962298307487605
K2-90 c,1.3,,1.0163339382940109,80.8,4421.98,0.19,908.07,0.3119607568897556,0.010632836309248536,0.04958006090719205,9.35308959120289,0.0,0.6932415,0.10213116397362423,0.006093079076137299
Kepler-1419 b,2.86,,0.36479128856624315,21.243,5796.0,0.0,510.0,0.0,0.0,0.0,35.74630587748713,0.0,0.10801619,0.23234654176437805,0.006092357246520781
Kepler-590 b,4.02,,0.2341197822141561,782.415,6000.0,0.0,1056.0,0.0,0.0,0.0,63.709600238481805,0.0,0.36828122,0.17325651859080762,0.0060635914429288534
Kepler-1246 b,1.36,,0.9600725952813067,26.451,4611.0,0.0,554.0,0.0,0.0,0.0,10.116013671203888,0.0,0.5429553,0.13372352828492842,0.006047358563341411
Kepler-1858 b,2.42168247,,0.45190562613430135,2.79,4939.0,0.0,330.0,0.0,0.0,0.0,26.883632603879192,0.08076560196262583,0.3362468,0.17899160569597283,0.006029216611357393
Kepler-1241 b,2.63,,0.4065335753176044,31.456,5261.0,0.0,612.0,0.0,0.0,0.0,30.977921453731273,0.0,0.09185505,0.23337465681819425,0.006029032110263534
Kepler-1944 b,2.75971163,,0.38112522686025413,97.62,5585.0,0.0,801.0,0.0,0.0,0.0,33.554240773519574,0.0,0.09714832,0.23197497248075036,0.0060235679072770856
Kepler-1929 b,3.07250761,,0.33212341197822143,37.2,5786.0,0.0,566.0,0.0,0.0,0.0,40.352179970457726,0.0,0.090209,0.23351379090649857,0.006023430816139931
Kepler-430 b,3.25,,0.308529945553539,40.844,5884.0,0.0,667.0,0.0,0.0,0.0,44.36454326184406,0.0,0.10300243,0.2305066656262441,0.006019489049307254
Kepler-398 c,1.01,,0.9782214156079855,20.556,4493.0,0.0,536.0,0.0,0.0,0.0,4.221724579174764,0.0,0.7504598,0.08639196331272611,0.0060189959868503316
Kepler-28 b,1.959,1.63,0.2151410163339383,62.577,4499.3,0.0,585.0,0.0,0.0,0.0,6.775091005742194,0.0,0.3594038,0.17258749294059428,0.00599838979190119
TOI-5076 b,3.48935569,16.1456830756,0.37749546279491836,12.8373,4780.0,0.0,550.0,0.0,0.0,0.0,67.17939229515515,9.366842952022723e-205,0.15868418,0.2170550152595333,0.0059933709925256715
Kepler-169 d,1.25,,1.0725952813067152,55.53,4997.0,0.0,702.0,0.0,0.0,0.0,8.775149625073578,0.0,0.54312646,0.13127199042945029,0.005987859219139741
HD 77338 b,4.12,15.9,0.2268602540834846,152.7909,5341.0,0.09,1035.54,0.2240806311598475,0.004498053980663387,0.07413046962652478,66.45668463311243,0.0,0.102286495,0.22933360464988148,0.0059866410696662415
Kepler-1041 b,2.94,,0.35208711433756806,117.956,5957.0,0.0,644.0,0.0,0.0,0.0,37.478373211900745,0.0,0.13862406,0.2211453381438026,0.005984146865447398
Kepler-478 b,2.71,,0.39019963702359345,39.56,5210.0,0.0,640.0,0.0,0.0,0.0,32.529946047917385,0.0,0.08734609,0.2325198607366839,0.005983219145519781
Kepler-1450 b,1.71,,0.7114337568058077,3.078,4524.0,0.0,308.0,0.0,0.0,0.0,14.900862549177393,0.009260544207789254,0.56737614,0.12556070808103428,0.005980108135765938
TOI-2989 b,12.55405838,953.485221,0.49001814882032674,124.0,4672.0,0.0,1001.0,0.0,0.0,0.0,4061.1890481975597,0.0,0.5019118,0.13992637462331603,0.005975085378177123
TOI-815 c,2.62,23.5,1.3067150635208713,8.03,4869.0,0.22,469.0,0.4239338428465793,0.11252522648066934,0.061521611369336815,98.44040251750677,6.830948052595587e-64,0.58020175,0.12229405651917143,0.005969944549889696
TOI-561 e,2.517,12.4,0.7803992740471869,4.89,5342.0,0.074,416.0,0.5694741418026452,0.22239037416424887,0.07415718330927863,52.126085575751375,3.0858120213769015e-15,0.24588838,0.19653418580404658,0.005965928878654086
Kepler-417 c,2.69,,0.3938294010889292,30.968,5177.0,0.0,616.0,0.0,0.0,0.0,32.11098179201991,0.0,0.093775995,0.2303013113814179,0.005963803558052843
Kepler-186 d,1.4,,0.9237749546279492,7.204,3788.0,0.0,379.0,0.0,0.0,0.0,10.617906576886263,8.613459653370633e-48,0.90254724,0.04976600769320475,0.005950504884082839
CoRoT-24 c,5.0,28.0,0.23593466424682397,26.0656,4950.0,0.0,850.0,0.0,0.0,0.0,123.53510132083277,0.0,0.1620774,0.2144084112986018,0.005946740983469884
Kepler-1867 b,1.15985997,,1.0544464609800364,82.32,5693.0,0.0,768.0,0.0,0.0,0.0,6.891754885399237,0.0,0.56790376,0.12386910923929213,0.00594129936691612
Kepler-1731 b,2.93295657,,0.35208711433756806,13.3,4859.0,0.0,486.0,0.0,0.0,0.0,37.20965444783974,1.491147810134003e-222,0.15832405,0.21482079473484977,0.00593631408911904
Kepler-1114 b,1.35,,0.9691470054446462,39.321,5374.0,0.0,631.0,0.0,0.0,0.0,9.988023901731585,0.0,0.44209933,0.1516616454802596,0.005936224843413019
Kepler-338 d,3.0,,0.3430127041742287,53.556,5923.0,0.03,680.0,0.36651043149409035,0.018664278856224105,0.08967783298603464,38.793822894782124,0.0,0.07585697,0.23310353568546752,0.00593457112133253
Kepler-316 c,1.16,,1.0544464609800364,37.377,4204.0,0.0,577.0,0.0,0.0,0.0,6.894251313357239,0.0,0.77539957,0.07736700565041217,0.005933338049157995
TOI-1136 g,2.53,5.6,0.3448275862068966,17.9249,5770.0,0.04,574.0,0.44814226470443286,0.05950784560300755,0.08559063952554483,23.391182369378456,0.0,0.09439087,0.2285581417006271,0.005924202270479058
Kepler-1118 b,2.74,,0.38475499092558985,20.011,5688.0,0.0,502.0,0.0,0.0,0.0,33.15313177499815,0.0,0.10483835,0.22612819354526603,0.005921618297056438
K2-115 b,11.80305668,321.00669107,0.1941923774954628,20.4393,5870.0,0.063,696.0,0.2876825923933653,0.03784302151463315,0.08826200780037043,1337.5322617625213,0.0,0.43753004,0.1520816998731525,0.0059215103125221345
Kepler-224 c,3.12,,0.32486388384754994,86.332,5018.0,0.0,758.0,0.0,0.0,0.0,41.32889782334498,0.0,0.107199416,0.2255286011473173,0.005919790838336559
Kepler-1696 b,2.80982017,,0.3720508166969147,10.04,5712.0,0.0,454.0,0.0,0.0,0.0,34.57215477800893,5.0040047753711456e-113,0.14442454,0.2171845099749038,0.0059183248640157496
Kepler-143 c,3.37,,0.29401088929219604,58.7,5848.0,0.0,703.0,0.0,0.0,0.0,47.13480639929338,0.0,0.10274081,0.22606198859384385,0.005908477509248325
Kepler-809 b,3.01,,0.3411978221415608,13.155,5734.0,0.0,478.0,0.0,0.0,0.0,38.97573793300523,6.761462628843603e-217,0.12276609,0.22154902536810436,0.005907090988617453
Kepler-1735 b,1.19429134,,1.0780399274047188,15.01,3975.0,0.0,502.0,0.0,0.0,0.0,7.692266197449698,8.693209875876423e-295,0.889919,0.05078748811343538,0.005906399711417886
Kepler-29 b,2.55,5.0,0.29945553539019965,55.9,5378.0,0.0,777.0,0.0,0.0,0.0,20.79895407443165,0.0,0.10744599,0.22445301831718717,0.005894627026501805
Kepler-303 c,1.14,,1.043557168784029,25.851,3944.0,0.0,521.0,0.0,0.0,0.0,6.476187426891155,0.0,0.8949806,0.04903516469172198,0.005890971134962511
Kepler-198 c,2.47,,0.44101633393829404,11.354,5574.0,0.0,465.0,0.0,0.0,0.0,27.837750867808452,9.84673690162637e-153,0.14883837,0.21468641272936526,0.005880955908722012
Kepler-1541 b,1.16,,1.0544464609800364,75.56,5282.0,0.0,1048.0,0.0,0.0,0.0,6.894251313357239,0.0,0.557891,0.12343553751750524,0.0058756732893268425
Kepler-1411 b,2.82,,0.3720508166969147,8.927,5664.0,0.0,441.0,0.0,0.0,0.0,34.949277047746776,4.343273973313079e-84,0.14948952,0.21371247356635284,0.0058605177304747215
HD 23472 f,1.137,0.77,0.544464609800363,26.3,4684.0,0.07,630.0,0.44097585365794734,0.04053788477645171,0.056579580060898055,3.352275161855147,0.0,0.44561076,0.14690340910923982,0.005838184720187413
LTT 9779 b,4.72,29.32,0.27876588021778587,1781.1556,5443.0,0.0,1978.0,0.0,0.0,0.0,122.78751837554887,0.0,0.43924212,0.14769917185578985,0.005822859935265715
Kepler-1815 b,2.7489262,,0.38294010889292196,80.01,5516.0,0.0,763.0,0.0,0.0,0.0,33.32028500105112,0.0,0.08801217,0.22566236457539762,0.0058178135661767745
Kepler-1849 b,2.38685349,,0.46098003629764067,3.76,4806.0,0.0,355.0,0.0,0.0,0.0,26.257175857720327,4.075049679349549e-06,0.32240415,0.17347098471226893,0.005817164258557333
Kepler-325 d,2.79,,0.3756805807622504,12.083,5752.0,0.0,498.0,0.0,0.0,0.0,34.17590043095715,2.3973364134156407e-177,0.13556442,0.21463483209301876,0.005806853800962822
Kepler-1458 b,2.76,,0.38112522686025413,8.293,5653.0,0.0,493.0,0.0,0.0,0.0,33.56476040254678,1.576249647112325e-69,0.15747583,0.20957407604524894,0.005802311042429013
Kepler-728 b,3.34,,0.29764065335753176,484.51,5660.0,0.0,982.0,0.0,0.0,0.0,46.45369443982614,0.0,0.22870025,0.19369935133629307,0.005801734333607686
Kepler-899 b,2.68,,0.39564428312159716,62.198,5595.0,0.0,640.0,0.0,0.0,0.0,31.900529088691453,0.0,0.08863417,0.22455391425412025,0.005793899342893776
Kepler-582 b,3.68,,0.2613430127041742,25.056,5564.0,0.0,603.0,0.0,0.0,0.0,54.55605500350461,0.0,0.09778013,0.22207087306068318,0.0057828653876789
Kepler-498 b,3.03,,0.3375680580762251,202.775,5744.0,0.0,931.0,0.0,0.0,0.0,39.33488095847061,0.0,0.14516264,0.21130148478275212,0.005777338415335792
Kepler-398 b,0.93,,0.9292196007259529,81.287,4493.0,0.0,755.0,0.0,0.0,0.0,3.130803546367877,0.0,0.7807566,0.06942060481978377,0.0057668253111263805
Kepler-1820 b,3.11883067,,0.32486388384754994,23.41,5841.0,0.0,561.0,0.0,0.0,0.0,41.282446852131116,0.0,0.10664894,0.21937371867806943,0.005765032153229142
Kepler-1011 b,2.87,,0.3629764065335753,108.788,5416.0,0.0,920.0,0.0,0.0,0.0,35.9428653823958,0.0,0.09403373,0.22214337074640986,0.005764097273111176
Kepler-138 d,1.51,2.1,0.6533575317604357,3.4,3841.0,0.01,345.0,0.7026226812011719,0.3515402723198117,0.0340599455040832,9.4225912754436,0.00036962812428980554,0.83267593,0.057404851951856316,0.005755463830814871
Kepler-1676 b,3.3769596,,0.29219600725952816,33.45,5878.3,0.0,782.0,0.0,0.0,0.0,47.134671160858105,0.0,0.10734985,0.21781201323961588,0.005730376599364516
TOI-1438 b,3.04,9.4,0.3266787658802178,145.0,5230.0,0.0,971.0,0.0,0.0,0.0,38.44415029064665,0.0,0.11451038,0.21598394245418975,0.005724596343234462
K2-136 d,1.565,3.0,0.7803992740471869,7.07,4500.0,0.071,420.0,0.5628619100516864,0.16121360548481128,0.0516642624352124,12.5299255833512,2.1315254379985434e-45,0.48030084,0.13385520569511355,0.0057068376229880416
Kepler-786 b,2.43,,0.4500907441016334,3.658,4838.0,0.0,348.0,0.0,0.0,0.0,27.05250662534617,1.6444334256997945e-05,0.31516275,0.17056641234826475,0.005705825362616722
Kepler-1956 b,1.08940238,,1.0181488203266789,48.82,4391.0,0.0,674.0,0.0,0.0,0.0,5.513975484981255,0.0,0.7341024,0.07731856440634863,0.005705558150830217
Kepler-152 c,2.39,,0.46098003629764067,2.57,5088.0,0.0,326.0,0.0,0.0,0.0,26.36115470829266,0.26721433897511887,0.33309934,0.16645287206465842,0.005702825850518698
Kepler-547 b,4.0,,0.23593466424682397,87.713,4828.0,0.0,768.0,0.0,0.0,0.0,63.24997187626637,0.0,0.17127287,0.2021919273923294,0.0056960169216761685
Kepler-576 b,3.27,,0.30490018148820325,16.817,5672.0,0.0,541.0,0.0,0.0,0.0,44.65700059520605,0.0,0.10527279,0.21682835289993702,0.005694729875888911
Kepler-595 c,1.009,3.3,1.252268602540835,50.23,5138.5,0.0,679.0,0.0,0.0,0.0,5.388397176542244,0.0,0.7067616,0.08269661849133261,0.005688133730923509
Kepler-172 e,2.76,,0.38112522686025413,23.431,5526.0,0.0,550.0,0.0,0.0,0.0,33.56476040254678,0.0,0.08928724,0.21942922342870239,0.0056711418015841205
Kepler-712 b,3.41,,0.2885662431941924,15.801,5148.0,0.0,521.0,0.0,0.0,0.0,47.92887903025806,0.0,0.114861384,0.21316440531295675,0.005657011209363626
Kepler-1779 b,3.03295685,,0.3375680580762251,67.34,5730.0,0.0,730.0,0.0,0.0,0.0,39.45014915564163,0.0,0.08867277,0.2183868944381772,0.005642073528504755
Kepler-1670 b,3.3564801,,0.2958257713248639,67.67,5838.0,0.0,731.0,0.0,0.0,0.0,46.85725519160091,0.0,0.10360354,0.21479683642082256,0.005635487506888129
Kepler-85 e,1.27,0.6,0.29038112522686027,24.318,5436.0,0.0,559.0,0.0,0.0,0.0,2.4915416758042723,0.0,0.35965714,0.15776364120436367,0.005634322530450854
Kepler-609 b,3.35,,0.29764065335753176,258.059,5971.0,0.0,932.0,0.0,0.0,0.0,46.87219368679577,0.0,0.19763355,0.19350603990904722,0.00562651435403773
Kepler-1697 b,1.25954761,,1.0580762250453721,37.3,4681.53,0.0,630.0,0.0,0.0,0.0,8.856239031310107,0.0,0.5902516,0.10568873958563027,0.0056157089311818465
HIP 8152 c,2.52442508,10.7,0.6588021778584392,39.9,5618.0,0.2,650.68,0.3198874000609682,0.02111209742326835,0.08153015974780864,44.394696786151734,0.0,0.21725345,0.18862018921308976,0.005613710682699263
Kepler-1469 b,2.8,,0.3756805807622504,24.901,5507.0,0.0,551.0,0.0,0.0,0.0,34.54470194759067,0.0,0.085091874,0.21702548868704005,0.005588862952244423
Kepler-716 b,2.9,,0.3575317604355717,42.493,5099.0,0.0,720.0,0.0,0.0,0.0,36.525589197810255,0.0,0.088988975,0.21584508133527455,0.005581144268043731
Kepler-121 c,2.27,,0.49183303085299457,7.296,5311.0,0.0,425.0,0.0,0.0,0.0,24.098159408961518,1.8482725636231127e-49,0.20814812,0.18897733039269818,0.00557255704890355
Kepler-701 b,2.84,,0.3684210526315789,75.623,5343.0,0.0,777.0,0.0,0.0,0.0,35.34989014533763,0.0,0.08259568,0.21669548118650536,0.005567031282652444
Kepler-1851 b,3.90012032,,0.24319419237749548,85.78,5982.0,0.0,776.0,0.0,0.0,0.0,60.43323252045044,0.0,0.15631494,0.20006347550340245,0.005561473535381038
Kepler-1966 b,1.10479327,,1.0272232304900182,68.28,5009.0,0.0,733.0,0.0,0.0,0.0,5.802250861475718,0.0,0.5970832,0.10169065755389294,0.005554626049614909
Kepler-711 b,3.41,,0.2885662431941924,15.569,5222.0,0.0,487.0,0.0,0.0,0.0,47.92887903025806,1.412e-320,0.10956571,0.20983213255211505,0.005545803764899436
K2-3 c,1.582,2.68,0.6715063520871144,3.17,3844.0,0.048,371.8,0.6577577884642354,0.34659415437891367,0.034140086552328155,11.136742341936547,0.003979876125742228,0.7938759,0.05653592945865237,0.005521157020120033
Kepler-648 b,3.22,,0.3139745916515427,47.336,5741.0,0.0,674.0,0.0,0.0,0.0,43.90871511302302,0.0,0.08534771,0.21418270078463122,0.005520182457756556
Kepler-293 b,3.07,,0.33212341197822143,28.944,5804.0,0.0,657.0,0.0,0.0,0.0,40.25346096141755,0.0,0.09629905,0.2107835940818768,0.00549647003814277
Kepler-1423 b,1.06,,1.0054446460980038,71.16,4939.0,0.0,741.0,0.0,0.0,0.0,5.016079037417973,0.0,0.62453717,0.09232457161416448,0.00547435291233559
Kepler-1577 b,1.13,,1.043557168784029,57.751,4862.0,0.0,1125.0,0.0,0.0,0.0,6.307252035510905,0.0,0.6086806,0.09583213490699274,0.0054738253813384034
Kepler-154 c,2.95,,0.3502722323049002,12.071,5690.0,0.0,454.0,0.0,0.0,0.0,37.66694235242357,6.317236314021032e-177,0.12541132,0.20336121232193932,0.0054732143044577495
Kepler-152 b,2.79,,0.3756805807622504,21.084,5088.0,0.0,551.0,0.0,0.0,0.0,34.17590043095715,0.0,0.10787425,0.20700285917140807,0.005466772170341806
Kepler-647 c,4.00135002,,0.23593466424682397,69.0,5906.74,0.0,644.0,0.0,0.0,0.0,63.31403503831407,0.0,0.14443722,0.19854799606596066,0.0054589422673365
Kepler-863 b,2.9,,0.3575317604355717,117.828,5678.0,0.0,718.0,0.0,0.0,0.0,36.525589197810255,0.0,0.10660241,0.20692704350034544,0.005457924806703275
Kepler-1020 b,2.28,,0.49001814882032674,2.339,5227.0,0.0,325.0,0.0,0.0,0.0,24.327938855799818,0.6179273565968643,0.3501026,0.15223834606385914,0.005445682480640472
Kepler-1492 b,1.49,,0.852994555353902,11.523,4712.0,0.0,801.0,0.0,0.0,0.0,11.819352184196878,2.7668435033787464e-158,0.4832279,0.12250609640688774,0.005443104193681765
K2-83 c,1.483,,0.8566243194192378,7.42,3910.0,0.06,459.75,0.5735327912028543,0.15844854790502164,0.03590318961371674,11.70314166577282,8.915503890972707e-52,0.74383867,0.0644749954817291,0.0054423415459837424
Kepler-119 b,3.6,,0.26860254083484575,745.285,5595.0,0.0,1213.0,0.0,0.0,0.0,52.49358435133948,0.0,0.2924247,0.16440515322845362,0.005429172601894929
Kepler-724 b,3.29,,0.30308529945553536,339.401,5437.0,0.0,1155.0,0.0,0.0,0.0,45.21069418635915,0.0,0.17973752,0.18932619477080223,0.005425276846518622
Kepler-766 b,3.39,,0.29219600725952816,227.15,5992.0,0.0,990.0,0.0,0.0,0.0,47.68282538846247,0.0,0.19138539,0.1866102186446998,0.0054222274975589254
HD 47186 b,5.02,,0.1753176043557169,441.6068,5657.0,0.04,1267.79,0.19201617875453666,0.0014770951015992885,0.0825719933749848,92.90204806419051,0.0,0.29862797,0.16226027721654215,0.005410329905063682
Kepler-332 b,1.17,,1.0653357531760437,53.712,4955.0,0.0,703.0,0.0,0.0,0.0,7.147146709171989,0.0,0.58114356,0.09910337991742615,0.005403384483497267
Kepler-1468 d,3.33187146,,0.29945553539019965,52.77,5794.0,0.0,819.0,0.0,0.0,0.0,46.39654807072733,0.0,0.093719706,0.2073590042926206,0.005397890364315556
Kepler-258 b,4.06,,0.23049001814882034,27.791,4942.0,0.0,642.0,0.0,0.0,0.0,64.6128402455152,0.0,0.15109622,0.19457450229598466,0.005397518413355438
Kepler-495 b,5.23,,0.16588021778584394,310.021,5346.0,0.0,1200.0,0.0,0.0,0.0,99.4004322096676,0.0,0.31599364,0.15773848731799858,0.005394133175131485
Kepler-1716 b,2.4247685,,0.45190562613430135,6.3,4894.0,0.0,408.0,0.0,0.0,0.0,26.986539734821786,7.430709506967025e-33,0.24391238,0.17332585759840072,0.0053829244391375985
Kepler-1045 b,2.69,,0.3938294010889292,19.127,5301.0,0.0,512.0,0.0,0.0,0.0,32.11098179201991,0.0,0.10156474,0.20490561913308544,0.005380449727496155
HIP 97166 c,2.75,,0.38294010889292196,30.7622,5216.0,0.0,642.0,0.0,0.0,0.0,33.35934749042692,0.0,0.08807466,0.20769271153789856,0.005375144598656112
Kepler-913 c,3.8580709,,0.24682395644283125,122.82,6068.0,0.0,1357.0,0.0,0.0,0.0,59.37266350116522,0.0,0.18468238,0.18593778486483026,0.005368872241574321
Kepler-517 b,2.67,,0.3992740471869329,10.555,5690.0,0.0,467.0,0.0,0.0,0.0,31.83416591062733,7.114103309589895e-128,0.14531936,0.19412896233761526,0.005354838375467074
Kepler-1816 b,1.9679397,,0.5934664246823956,2.0,5051.0,0.0,310.0,0.0,0.0,0.0,18.946113038660123,0.9730912340759189,0.4501628,0.12603687217225953,0.0053487307464304724
Kepler-20 c,2.894,11.1,0.455535390199637,78.7,5495.0,0.076,828.0,0.30936558389806107,0.011147540097102919,0.07824437676976623,46.249422292522134,0.0,0.02961489,0.21930687650189526,0.005340720318572912
Kepler-1822 b,2.64755943,,0.40290381125226865,15.65,5165.0,0.0,507.0,0.0,0.0,0.0,31.320388288930744,0.0,0.121892974,0.19813123121097248,0.005324973725134071
Kepler-1190 b,1.33,,0.987295825771325,24.211,4730.0,0.0,609.0,0.0,0.0,0.0,9.729506959408015,0.0,0.5378214,0.10499994262650089,0.005311058311297575
HD 136352 c,2.916,11.24,0.453297277676951,35.1,5664.0,0.0,677.0,0.0,0.0,0.0,47.079764211192455,0.0,0.08183332,0.2062092839785515,0.005304328664453289
Kepler-781 b,2.89,,0.35934664246823955,44.397,5162.0,0.0,629.0,0.0,0.0,0.0,36.332537375176074,0.0,0.08219229,0.206110544890593,0.005303863989302783
Kepler-1721 b,3.11856756,,0.32486388384754994,172.6,5351.0,0.0,924.0,0.0,0.0,0.0,41.27199975566092,0.0,0.11879921,0.1965138954424691,0.0052681263707932465
Kepler-1784 b,2.79936489,,0.3738656987295826,64.8,5442.0,0.0,724.0,0.0,0.0,0.0,34.35443138865012,0.0,0.07945872,0.20493749425366709,0.005259946069676366
Kepler-860 b,3.24,,0.3103448275862069,233.621,5836.0,0.0,1050.0,0.0,0.0,0.0,44.214849538200184,0.0,0.16740522,0.1847362697552793,0.005244455986472301
Kepler-531 b,2.78,,0.37749546279491836,10.007,4893.0,0.0,453.0,0.0,0.0,0.0,33.97306524407332,4.16033785090658e-112,0.17705438,0.1825612231960058,0.005243776031798713
Kepler-248 b,3.02,,0.33938294010889297,79.311,5190.0,0.0,819.0,0.0,0.0,0.0,39.156101522398956,0.0,0.087789975,0.20218938758999666,0.005237907309414963
Kepler-709 b,2.92,,0.35390199637023595,28.216,5071.0,0.0,613.0,0.0,0.0,0.0,36.90797146408427,0.0,0.096719995,0.1997143129457907,0.005225884968369769
TOI-5789 d,1.91,,0.6134301270417423,15.2098,5185.0,0.096,545.0,0.4481477649234872,0.06804532041853621,0.0699631351177952,17.904154319490235,7.1115254903157635e-304,0.18357354,0.18038311082340086,0.005225847139158001
Kepler-463 b,3.05,,0.3357531760435572,166.039,5661.0,0.0,880.0,0.0,0.0,0.0,39.90324887759406,0.0,0.12521817,0.19287093520804707,0.00521353426412253
WASP-89 b,11.65736,1875.197,1.2704174228675136,278.8533,5130.0,0.193,1120.0,0.17165331531884123,0.0021814493391522386,0.06849388256664432,8430.157252768755,0.0,0.74249643,0.05531883027164453,0.0052092466425519455
HD 39194 c,2.65,,0.4010889292196007,33.2512,5205.0,0.078,675.19,0.3609146471541891,0.028045232834420952,0.07049740877275915,31.265609974880746,0.0,0.0401033,0.21125421735955843,0.005199742358672083
Kepler-1151 b,2.22,,0.5063520871143375,4.86,5470.0,0.0,485.0,0.0,0.0,0.0,23.205991940484335,6.035379267795323e-15,0.2561062,0.16266453003577264,0.005186991165401287
Kepler-1008 b,1.28,,1.0362976406533575,35.408,5066.0,0.0,627.0,0.0,0.0,0.0,9.103387459923805,0.0,0.510754,0.10597799839468267,0.005186659388515775
Kepler-733 b,2.82,,0.3720508166969147,24.507,5418.0,0.0,595.0,0.0,0.0,0.0,34.949277047746776,0.0,0.083898306,0.20037852493489153,0.005171911015601068
Kepler-222 b,3.16,,0.3194192377495463,206.769,5433.0,0.0,1004.0,0.0,0.0,0.0,42.21929005820646,0.0,0.13156931,0.18859997900245137,0.00514308784107528
Kepler-150 d,2.79,,0.3756805807622504,65.142,5560.0,0.0,734.0,0.0,0.0,0.0,34.17590043095715,0.0,0.08252815,0.1994093749361451,0.005140500600589004
TOI-5624 e,3.247,8.9,0.26497277676951,21.9904,5327.0,0.0,613.8,0.0,0.0,0.0,37.995899659945884,0.0,0.1043234,0.1944979905713017,0.005139002949142246
Kepler-530 b,3.01,,0.3411978221415608,14.238,5697.0,0.0,488.0,0.0,0.0,0.0,38.97573793300523,6.596289695462118e-261,0.114745036,0.1916316362359709,0.005125518285180623
HD 23472 c,1.87,3.41,0.5626134301270418,7.96,4684.0,0.063,467.0,0.5305371339809798,0.13884041373614353,0.05657958006089776,15.41074108309988,1.8892859102934062e-62,0.2993694,0.15009857372793547,0.005114571260330483
Kepler-167 d,1.238,,1.0834845735027223,14.489,4884.0,0.0,538.0,0.0,0.0,0.0,8.611390342153577,1.049221392101956e-271,0.5993783,0.08296436478355824,0.00510555290079533
Kepler-667 b,4.73,,0.18874773139745918,71.817,5327.0,0.0,516.0,0.0,0.0,0.0,83.66691811361451,0.0,0.17294781,0.17725985956565013,0.005090548195165792
HD 135694 b,2.857,6.1,0.3720508166969147,71.8,5712.0,0.0,750.83,0.0,0.0,0.0,36.3430684997887,0.0,0.09125941,0.19442818030104014,0.005065603495247272
Kepler-1453 b,2.67,,0.3992740471869329,11.889,5665.0,0.0,503.0,0.0,0.0,0.0,31.83416591062733,1.2884875661277708e-170,0.13521196,0.18430387134569087,0.005057160644017455
Kepler-180 c,3.01,,0.3411978221415608,16.423,5731.0,0.0,540.0,0.0,0.0,0.0,38.97573793300523,0.0,0.10985692,0.18943237693575585,0.005044479506161129
Kepler-482 b,2.36,,0.4682395644283122,4.436,4871.0,0.0,352.0,0.0,0.0,0.0,25.78058247142872,4.813831933105804e-11,0.29373693,0.1484315801758417,0.005042570582779072
Kepler-139 b,2.94,7.0,0.3937274047186933,64.78,5594.0,0.0,752.0,0.0,0.0,0.0,41.91082836292759,0.0,0.07631527,0.1961240261073421,0.005025417469574519
Kepler-511 c,4.20964327,,0.22141560798548096,101.6,5866.0,0.0,742.0,0.0,0.0,0.0,69.18831045500868,0.0,0.16614833,0.17580929237490725,0.005017480073584355
Kepler-1562 b,3.55,,0.27404718693284935,31.768,5760.0,0.0,554.0,0.0,0.0,0.0,51.35692553057634,0.0,0.09918014,0.19068922987344358,0.0050168846702901785
K2-105 b,3.4,15.4,0.4065335753176044,100.0,5373.0,0.0,805.0,0.0,0.0,0.0,66.93014716297466,0.0,0.073386356,0.19628292093732208,0.005013264640438949
Kepler-1860 b,1.13863767,,1.0471869328493648,56.3,5420.0,0.0,697.0,0.0,0.0,0.0,6.475442727089548,0.0,0.559947,0.0877009137340665,0.005005976297328711
Kepler-735 b,2.95,,0.3502722323049002,32.679,5107.0,0.0,657.0,0.0,0.0,0.0,37.66694235242357,0.0,0.089411,0.19187393194667918,0.004992491031446177
Kepler-235 c,1.28,,1.0362976406533575,14.2,4255.0,0.0,555.0,0.0,0.0,0.0,9.103387459923805,2.610601087185158e-259,0.7317543,0.048862449327783566,0.004991136573749421
Kepler-189 b,1.21,,1.0816696914700545,45.389,5235.0,0.0,678.0,0.0,0.0,0.0,8.026743428190604,0.0,0.53926575,0.0916578041800824,0.004990054731781135
Kepler-239 c,2.51,,0.4319419237749546,4.315,4914.0,0.0,366.0,0.0,0.0,0.0,28.611137990783305,4.808283566137338e-10,0.27402458,0.15047518103516105,0.004984796038133531
K2-60 b,7.655747,135.39558,0.308529945553539,1212.0,5500.0,0.0,1400.0,0.0,0.0,0.0,579.8940468925379,0.0,0.46068892,0.10892886168189372,0.004984715113582276
HD 189567 c,2.54,,0.426497277676951,54.3688,5726.0,0.16,634.41,0.2966209781529663,0.014771741674147406,0.08441523748462194,29.2756146907002,0.0,0.11093511,0.18622382804486678,0.0049712938086866115
Kepler-222 c,4.64,,0.1941923774954628,59.076,5433.0,0.0,734.0,0.0,0.0,0.0,81.25960928377002,0.0,0.15920106,0.17535474796516484,0.004968156285753189
Kepler-1722 b,2.86719266,,0.3629764065335753,76.14,5506.0,0.0,753.0,0.0,0.0,0.0,35.83749411927781,0.0,0.08182988,0.1924408171243784,0.004964871214088323
Kepler-383 b,1.32,,0.9981851179673321,20.91,4710.0,0.0,545.0,0.0,0.0,0.0,9.61659870480432,0.0,0.5545095,0.08599663786041556,0.00493412622662182
K2-285 c,3.53,15.68,0.35390199637023595,50.35,4975.0,0.0,741.4,0.0,0.0,0.0,65.20722792590567,0.0,0.08868188,0.18886948745003118,0.00491442095988537
Kepler-749 b,3.1,,0.3284936479128857,24.631,5009.0,0.0,454.0,0.0,0.0,0.0,40.99214712764654,0.0,0.10556911,0.18358076602603554,0.004876691790458344
Kepler-178 b,2.9,,0.3575317604355717,84.571,5676.0,0.0,846.0,0.0,0.0,0.0,36.525589197810255,0.0,0.092575744,0.1864681765118829,0.004876585177727381
Kepler-1090 c,3.29265785,,0.30490018148820325,13.8,5330.0,0.0,496.0,0.0,0.0,0.0,45.591733440604685,1.2893316686324022e-242,0.10812829,0.18268036866263138,0.004868535485241627
HD 160691 d,3.23,,0.3103448275862069,209.5104,5773.0,0.0,900.0,0.0,0.0,0.0,43.80671505347891,0.0,0.15246925,0.17262325690029157,0.004863880425983797
Kepler-26 d,1.07,,1.0090744101633393,31.79,4486.0,0.0,652.0,0.0,0.0,0.0,5.178012983804405,0.0,0.7156548,0.047251232904488516,0.004863081331099217
Kepler-752 b,2.81,,0.3738656987295826,45.278,5373.0,0.0,632.0,0.0,0.0,0.0,34.74747015184204,0.0,0.07565554,0.18963704005579685,0.00486187190124115
Kepler-103 c,5.4539,58.47,0.35934664246823955,5.97,6047.0,0.103,434.0,0.41838432967742284,0.14635191101337564,0.09299032964682223,244.18765977019467,4.172893720249867e-28,0.19899538,0.16136967180892842,0.004841717719682262
HD 45184 c,2.91,,0.35571687840290384,93.3884,5869.0,0.07,884.78,0.29339329216526366,0.009025904354301003,0.08823529411762729,36.71741082369577,0.0,0.06380724,0.19088897151881634,0.004827727920821499
Kepler-599 b,2.84,,0.3684210526315789,24.467,5127.0,0.0,623.0,0.0,0.0,0.0,35.34989014533763,0.0,0.09700958,0.1828112302186423,0.004810756450558846
Kepler-610 b,4.19,,0.22141560798548096,139.072,5943.0,0.0,888.0,0.0,0.0,0.0,68.2242719809991,0.0,0.19302884,0.1613548098946158,0.004808614578738698
Kepler-800 b,2.85,,0.3666061705989111,44.872,5315.0,0.0,675.0,0.0,0.0,0.0,35.54863750630473,0.0,0.075769566,0.18728243582747034,0.004804448671305947
Kepler-11 d,3.12,7.3,0.23230490018148822,51.115,5663.0,0.004,653.0,0.30609799682835526,0.0162252389379725,0.0827322754714752,29.553625259151715,0.0,0.11995499,0.1773137027438544,0.0048011190295650895
Kepler-284 c,2.61,,0.4101633393829401,9.042,5615.0,0.0,478.0,0.0,0.0,0.0,30.54688793246715,7.01724314987231e-87,0.15642473,0.16685271651792774,0.004743319973112024
Kepler-1503 b,2.27,,0.49183303085299457,5.636,5069.0,0.0,321.0,0.0,0.0,0.0,24.098159408961518,1.0570891392456189e-23,0.25137037,0.1455267180650706,0.004738502820035597
Kepler-347 d,3.04,,0.3357531760435572,12.75,5592.0,0.0,482.0,0.0,0.0,0.0,39.51204335427572,1.743869246128001e-201,0.11457392,0.1752413125275139,0.00472050331934784
HD 219828 b,4.59,,0.1960072595281307,1095.4885,5891.0,0.091,1602.83,0.1457147176599701,0.00048580671758599727,0.08882299513808702,79.39603646972861,0.0,0.4001979,0.11068187967319126,0.004696035796938818
HATS-22 b,10.682177,870.8542,0.705989110707804,111.299,4803.0,0.079,858.0,0.2401997174075623,0.0070058218871654,0.05975850830794738,3604.6733952372597,0.0,0.38367423,0.11361688938555087,0.0046777328132317575
Kepler-161 c,2.05,3.61,0.23774954627949185,76.201,5078.0,0.0,769.0,0.0,0.0,0.0,8.579656277503368,0.0,0.2174063,0.15002453808368674,0.004663037837555157
Kepler-501 b,4.3,,0.21415607985480944,324.856,5904.0,0.0,1125.0,0.0,0.0,0.0,71.32214310673372,0.0,0.26439792,0.13883607568688772,0.004645034600370202
Kepler-20 d,2.606,13.4,0.7441016333938294,5.71,5495.0,0.082,430.0,0.5414494820576545,0.18781790764151984,0.07824437676976785,55.1625204299274,1.2242440817858788e-24,0.21102305,0.14964686456014478,0.004618703841902066
HD 93385 c,2.56,,0.4228675136116153,128.3482,5977.0,0.2,937.43,0.2391544039189203,0.005481095209338904,0.09112037185444463,29.71753804780731,0.0,0.2399905,0.14319944609503224,0.004618689611760995
Kepler-1266 b,2.58,,0.4174228675136116,10.313,5044.0,0.0,489.0,0.0,0.0,0.0,30.027831097818066,8.768875849295438e-121,0.16541007,0.15974044648714894,0.0046172788264770065
TOI-1246 e,3.5141875,14.5,0.33212341197822143,11.0,5213.0,0.0,463.98,0.0,0.0,0.0,60.37579870802728,1.9312823146537134e-141,0.118044615,0.16929051884265134,0.004592839106017334
TOI-908 b,3.186,16.137,0.49764065335753177,80.884,5626.0,0.132,1317.0,0.279924938544258,0.009902527930733407,0.08174386920979361,67.41270831011775,0.0,0.055921793,0.1830505177867507,0.0045912186823381
TOI-1472 b,4.058,18.05,0.27041742286751363,110.0201,5100.0,0.041,891.0,0.27751336877741123,0.007526233607280688,0.0676924720841865,75.6936428947344,0.0,0.078847244,0.17781078142053727,0.004587827139533171
TOI-2019 b,5.33275337,34.4,0.2268602540834846,126.052,5626.0,0.0,917.46,0.0,0.0,0.0,144.11245611668735,0.0,0.1720721,0.15654920730703356,0.004575156745819941
HD 5891 b,12.6,,1.208711433756806,96.1914,4673.0,0.07,918.78,0.24831097312199688,0.008394144737069469,0.056285729550670995,10127.98093078656,0.0,0.6517246,0.049638254311336574,0.004571162320446771
Kepler-227 b,3.11,,0.3266787658802178,104.641,5854.0,0.0,793.0,0.0,0.0,0.0,41.16145164190952,0.0,0.11663073,0.16825339216495908,0.004559512907216422
Kepler-476 b,3.08,,0.33030852994555354,100.09,5837.0,0.0,807.0,0.0,0.0,0.0,40.42597917482252,0.0,0.11268543,0.16868936788816496,0.004548614402889364
TYC 0434-04538-1 b,12.7,,0.9437386569872959,107.3772,4679.0,0.08,877.8,0.24074000118915317,0.007376882075271611,0.05644601164715973,8097.510446363883,0.0,0.57143295,0.06632369344488051,0.004541976570361239
Kepler-92 b,3.51,64.3,0.3807751361161525,257.776,5883.0,0.17,975.0,0.20185605999665915,0.0024976710817231807,0.08860928567610454,68.97290861465041,0.0,0.18617046,0.15158194695066962,0.004530050946439393
Kepler-1018 b,2.58,,0.4174228675136116,12.098,5518.0,0.0,498.0,0.0,0.0,0.0,30.027831097818066,7.127916084545939e-178,0.13265505,0.16335255832505272,0.004526611936357155
Kepler-318 b,4.71,,0.19056261343012706,333.149,5746.0,0.0,1039.0,0.0,0.0,0.0,83.40441314653172,0.0,0.28398752,0.12965635799982245,0.004526206490115478
Kepler-949 b,2.91,,0.35571687840290384,58.442,5403.0,0.0,782.0,0.0,0.0,0.0,36.71741082369577,0.0,0.07435871,0.17460725796747953,0.004484222291882335
Kepler-760 b,3.06,,0.3339382940108893,84.406,5322.0,0.0,748.0,0.0,0.0,0.0,40.07920633862844,0.0,0.08247609,0.1726195328812243,0.004479756006623182
TOI-2337 b,10.08808263,508.5254512,0.4936479128856625,619.5809,4780.0,0.019,1272.46,0.20068353225976338,0.001213643577139068,0.059144093604735534,2122.911095691163,0.0,0.49963975,0.07935187102681578,0.004469255654893561
Kepler-1261 b,2.26,,0.49546279491833034,4.744,5006.0,0.0,396.0,0.0,0.0,0.0,23.95658860096664,8.133726699030787e-14,0.27953318,0.12763893634989304,0.004452030668577148
Kepler-354 c,1.31,,1.0072595281306715,14.404,4648.0,0.0,508.0,0.0,0.0,0.0,9.4851429509056,4.990865874340648e-268,0.5935202,0.05541283760418465,0.004394174310833414
Kepler-410 A b,2.838,,0.3684210526315789,159.5,6273.0,0.17,866.0,0.22677974023472638,0.004293447359410013,0.09902762194793922,35.27525986005546,0.0,0.2447393,0.13287564788602904,0.0043902288226693
Kepler-254 b,3.87,,0.24682395644283125,184.341,5957.0,0.0,1013.0,0.0,0.0,0.0,59.92510640825432,0.0,0.19060427,0.144918931766728,0.00439011248068389
HD 20794 d,2.04,,0.5644283121597096,5.2273,5368.0,0.077,388.0,0.554344848049607,0.2025704019912314,0.07485173906073245,20.07187306169637,7.855705073620943e-19,0.2293028,0.13620222898994375,0.004387544500585652
Kepler-1223 b,1.22,,1.087114337568058,20.51,4870.0,0.0,557.0,0.0,0.0,0.0,8.268815940386196,0.0,0.5936368,0.05479377098779429,0.004379551840182389
Kepler-67 b,2.94,,0.35208711433756806,30.6,5331.0,0.0,602.0,0.0,0.0,0.0,37.478373211900745,0.0,0.07649563,0.16936412483067262,0.00436668625817202
Kepler-1889 b,2.94360686,,0.3502722323049002,14.0,5646.0,0.0,493.0,0.0,0.0,0.0,37.42258112786638,6.921194482493673e-251,0.113087475,0.16094217977022143,0.004359826306893325
Kepler-921 b,2.87,,0.3629764065335753,15.007,5663.0,0.0,492.0,0.0,0.0,0.0,35.9428653823958,1.242352501582154e-294,0.11187444,0.16076116677211155,0.004348708152521097
Kepler-657 b,3.52,,0.279491833030853,62.2,5808.0,0.0,616.0,0.0,0.0,0.0,51.06057741928693,0.0,0.10296561,0.16244555011585346,0.0043413535861789605
TOI-6651 b,5.09,61.0,0.4573502722323049,817.0,5940.0,0.091,1493.0,0.17281356834915368,0.0007662289607432652,0.09013196559275949,252.63347637363705,0.0,0.28240204,0.12237626880468047,0.004338028996813567
TOI-125 c,2.759,6.63,0.3139745916515427,77.59,5320.0,0.066,827.8,0.301841642069906,0.010953243581291931,0.07356948228881216,27.62092477093018,0.0,0.046165194,0.17486914988805902,0.004335989002663132
HD 96700 b,2.93,,0.35208711433756806,228.5794,5845.0,0.138,1089.02,0.2182886148950548,0.002975591352785308,0.08759416573166866,37.09724014777561,0.0,0.14567249,0.15149847817308382,0.004305792285704339
Kepler-114 c,1.6,2.8,0.21415607985480944,51.623,4660.0,0.0,507.0,0.0,0.0,0.0,3.674336827765875,0.0,0.3881886,0.09751702708182317,0.004305586510492137
Kepler-681 b,3.08,,0.33030852994555354,14.151,5021.0,0.0,489.0,0.0,0.0,0.0,40.42597917482252,3.202715462231564e-257,0.12901376,0.15499169982827093,0.004300510162481768
WASP-105 b,10.76064,572.094,0.4809437386569873,166.5368,5070.0,0.0,900.0,0.0,0.0,0.0,2510.135645482716,0.0,0.37192884,0.10090895591218983,0.004299996313286708
Kepler-255 c,2.99,,0.3448275862068966,83.264,5573.0,0.0,807.0,0.0,0.0,0.0,38.610388929770465,0.0,0.084057726,0.16488304351059235,0.004297703722033647
Kepler-23 c,3.005,7.81,0.2861876588021779,257.39,5828.0,0.021,1008.0,0.27303459772270167,0.0033376564063558162,0.08714003312494625,32.529166855596245,0.0,0.16608392,0.14657478124404894,0.004296398452099488
Kepler-233 c,2.71,,0.39019963702359345,6.195,5360.0,0.0,390.0,0.0,0.0,0.0,32.529946047917385,2.6421595927484306e-31,0.18036231,0.14311489962429,0.004289442349076331
Kepler-305 b,3.6,10.5,0.2250453720508167,112.914,5080.0,0.005,836.0,0.26092243358953604,0.006841987925370081,0.06715819842921958,43.98111121328443,0.0,0.14870235,0.1495575001511922,0.004274564696634817
Kepler-352 c,1.24,,1.0834845735027223,26.373,5212.0,0.0,591.0,0.0,0.0,0.0,8.653193135100102,0.0,0.5354188,0.06326366038861543,0.004268937375242464
Kepler-977 b,2.62,,0.40834845735027225,13.955,5315.0,0.0,544.0,0.0,0.0,0.0,30.762625786720864,5.14613407746606e-249,0.12165365,0.15518730998866528,0.004264949759888476
Kepler-636 b,4.45,,0.20508166969147004,67.509,5203.0,0.0,614.0,0.0,0.0,0.0,75.69993156357087,0.0,0.1524214,0.148260613582602,0.004262997512155522
Kepler-859 b,3.09,,0.33030852994555354,14.897,5020.0,0.0,528.0,0.0,0.0,0.0,40.8210185358893,1.109274067645163e-289,0.12586436,0.15346562593226443,0.004245607418437689
Kepler-1664 b,3.03320653,,0.3375680580762251,85.46,5735.81,0.0,776.0,0.0,0.0,0.0,39.459892839397966,0.0,0.097137816,0.15941433246611028,0.004234648516035814
Kepler-1546 b,3.13,,0.32304900181488205,36.302,5623.0,0.0,671.0,0.0,0.0,0.0,41.494451234167705,0.0,0.07717336,0.16376765999831752,0.0042324332472287495
K2-138 e,3.39,12.97,0.3266787658802178,91.1,5356.3,0.077,757.0,0.2783504720736566,0.00885393765537806,0.07453918897257564,53.30999111753568,0.0,0.025055477,0.17515870484416063,0.004227304467423496
Kepler-623 b,3.01,,0.3411978221415608,77.098,5443.0,0.0,825.0,0.0,0.0,0.0,38.97573793300523,0.0,0.078430906,0.16301409474327105,0.004220755141464064
HD 31527 b,3.22,,0.3121597096188748,76.3108,5898.0,0.1,832.2,0.2777303332006026,0.010312884749032037,0.08900999091732681,43.654907511213636,0.0,0.06324953,0.16603616621486664,0.004211963375702004
Kepler-1808 b,3.02511302,,0.33938294010889297,30.94,5530.0,0.0,601.0,0.0,0.0,0.0,39.355318490026264,0.0,0.0752037,0.16277771697340052,0.004197220899867084
Kepler-1068 b,3.63,,0.26678765880217786,55.933,5806.0,0.0,702.0,0.0,0.0,0.0,53.45326286323576,0.0,0.106598556,0.15567783666923976,0.004194439833696324
Kepler-154 d,3.84,,0.2486388384754991,53.002,5769.0,0.0,657.0,0.0,0.0,0.0,58.97273242426996,0.0,0.11295871,0.15358387574460927,0.004177713051125737
HD 102272 b,12.9,,0.7295825771324863,176.4116,4790.0,0.05,1038.01,0.2283725665888406,0.004448919015178529,0.05941123043221985,6560.428315936339,0.0,0.52517927,0.06036002034415402,0.004141171397036732
Kepler-552 b,3.95,,0.23956442831215974,358.994,5863.0,0.0,1103.0,0.0,0.0,0.0,61.84466317120087,0.0,0.24294487,0.12241896462362828,0.004122591234872207
Kepler-549 b,2.57,11.0,0.3448275862068966,9.549,5360.0,0.0,487.0,0.0,0.0,0.0,24.51827892711573,9.78731042280349e-100,0.15433797,0.14053255710417106,0.004082990829645534
Kepler-1719 b,3.95000623,,0.23956442831215974,686.9,5687.0,0.0,1287.0,0.0,0.0,0.0,61.8449557986889,0.0,0.30524844,0.106267717601216,0.004066251205364644
WASP-10 b,12.106,1001.12,0.7513611615245008,174.0323,4675.0,0.0473,1370.0,0.2337880782023742,0.004592595788924219,0.05633915691616569,5583.92222066987,0.0,0.5205979,0.05818477244397892,0.004062407420781136
Kepler-219 c,3.58,,0.2722323049001815,54.105,5786.0,0.0,766.0,0.0,0.0,0.0,52.321158238103905,0.0,0.1015987,0.1513418934602014,0.004060111599164854
Kepler-1919 b,2.62390658,,0.4065335753176044,12.46,5513.0,0.0,479.0,0.0,0.0,0.0,30.763102650289024,8.414436547282419e-191,0.12761065,0.14514671005258684,0.004050099848453769
Kepler-1668 b,4.34764405,,0.21052631578947367,63.79,5542.0,0.0,721.0,0.0,0.0,0.0,72.46977963216298,0.0,0.13776594,0.14287655827850634,0.004049852262392538
Kepler-1023 b,2.63,,0.4065335753176044,6.978,5494.0,0.0,524.0,0.0,0.0,0.0,30.977921453731273,8.798639846496767e-44,0.17338948,0.13490313726651432,0.004048737049407405
DS Tuc A b,5.7,413.179,0.5326293129203011,115.8276,5428.0,0.0,850.0,0.0,0.0,0.0,413.179,0.0,0.1284053,0.14469927262622975,0.004043429068713141
Kepler-95 b,3.42,13.0,0.3103448275862069,178.832,5699.0,0.0,927.0,0.0,0.0,0.0,52.000969304272125,0.0,0.12897344,0.14324883536778474,0.004010788148539642
Kepler-199 b,3.11,,0.3266787658802178,31.679,5644.0,0.0,595.0,0.0,0.0,0.0,41.16145164190952,0.0,0.08009754,0.15378409351941355,0.0040023491983216235
Kepler-251 d,2.77,,0.3793103448275862,17.477,5526.0,0.0,536.0,0.0,0.0,0.0,33.76934241377408,0.0,0.10070553,0.14823754000283315,0.003978678315298219
Kepler-608 b,3.64,,0.26678765880217786,270.162,5820.0,0.0,1069.0,0.0,0.0,0.0,53.89624346034754,0.0,0.19113506,0.12802566992141717,0.003976549547945097
Kepler-209 c,3.1,,0.3284936479128857,13.637,5513.0,0.0,486.0,0.0,0.0,0.0,40.99214712764654,5.573857383575341e-236,0.10694526,0.14643990387732722,0.003968596270197244
Kepler-449 c,2.764,,0.38112522686025413,45.09,5649.18,0.05,661.0,0.362971941980361,0.021480856709864854,0.08236309237589702,33.71090574377563,0.0,0.03856556,0.16131424185998325,0.003960118283604019
HD 134606 b,2.97,,0.3466424682395644,106.1131,5576.0,0.092,894.63,0.2709950945070388,0.007437166398299377,0.08040818507237661,38.039931450518424,0.0,0.04284806,0.15940211182744468,0.003936474770506665
HD 40307 f,2.13,,0.5372050816696915,3.7636,4956.0,0.02,398.0,0.6910345375205433,0.3242506793265407,0.06384570176843393,21.745406561079005,3.858945015549199e-06,0.3131897,0.09887015800676256,0.0039274480380887215
HD 233604 b,12.7,,1.0181488203266789,100.7764,4791.0,0.05,882.5,0.2643397102209729,0.008575713903564243,0.059437944114969485,8735.968000788727,0.0,0.57640296,0.04024323774696737,0.003926275494691012
Kepler-487 c,2.68,,0.39564428312159716,15.038,5444.0,0.0,487.0,0.0,0.0,0.0,31.900529088691453,4.906847636411558e-296,0.11164148,0.14331449857165288,0.003917311421818544
Kepler-1655 b,2.213,5.4,0.4936479128856625,129.1,6148.0,0.19,938.0,0.25070208763442475,0.0056784942292566086,0.09568841160440437,22.41042827797567,0.0,0.2930046,0.1029073485911459,0.003916228394605771
HD 5583 b,12.8,,0.8729582577132486,145.0268,4830.0,0.076,964.55,0.2273268907206586,0.005295749031944043,0.06047977774215255,7668.527790233538,0.0,0.53802645,0.04639979670696608,0.0038674941115922354
Kepler-247 c,4.09,,0.22867513611615245,53.899,5100.0,0.0,686.0,0.0,0.0,0.0,65.53563013466118,0.0,0.12876193,0.13725424657955423,0.0038618410592611437
Kepler-223 b,2.99,7.4,0.279491833030853,444.053,5803.0,0.078,1042.0,0.20318843454127394,0.0015083904584922523,0.08647219105623903,31.294736290445535,0.0,0.1955426,0.12192591790579438,0.003850353217165911
Kepler-1168 b,2.5,,0.43375680580762255,4.107,5157.0,0.0,379.0,0.0,0.0,0.0,28.389316553537533,1.9042848256831846e-08,0.25196043,0.10847255540163452,0.0038282315435202567
Kepler-679 b,3.01,,0.3411978221415608,56.002,5403.0,0.0,677.0,0.0,0.0,0.0,38.97573793300523,0.0,0.07201027,0.14813310255951384,0.003818660883480558
Kepler-577 b,2.55,,0.4228675136116153,5.688,4984.0,0.0,314.0,0.0,0.0,0.0,29.370644238439844,2.3129145328846115e-24,0.22916985,0.11301522442485873,0.0038151780604298237
TOI-1117 d,3.27,,0.30490018148820325,152.0,5635.0,0.0,978.0,0.0,0.0,0.0,44.65700059520605,0.0,0.11763632,0.13593136139453857,0.003768184455675128
Kepler-563 b,3.09,,0.33030852994555354,18.738,5066.0,0.0,546.0,0.0,0.0,0.0,40.8210185358893,0.0,0.10894477,0.13693185769728367,0.003745161973494574
Kepler-565 b,3.64,,0.26678765880217786,301.46,5735.0,0.0,1063.0,0.0,0.0,0.0,53.89624346034754,0.0,0.19264863,0.11751989252986379,0.0037258516479431905
K2-285 e,1.95,10.7,0.3445016721960816,10.5,4975.0,0.0,500.9,0.0,0.0,0.0,10.7,2.8513541514382287e-126,0.24528182,0.10430972307806675,0.003688960260203182
TOI-1422 c,2.61,14.0,0.7803992740471869,26.5556,5840.0,0.2,628.0,0.35200368955104006,0.03345449906337097,0.08746059731793143,58.12018500425166,0.0,0.27372187,0.09792607965982797,0.003687624678392034
Kepler-1065 b,3.73,,0.2577132486388385,419.91,5635.0,0.0,1092.0,0.0,0.0,0.0,56.021128135662074,0.0,0.22540052,0.10814123339055196,0.0036743367467358943
Kepler-715 b,3.75,,0.2558983666061706,181.408,5871.0,0.0,876.0,0.0,0.0,0.0,56.52621763562624,0.0,0.17063347,0.12017398681683926,0.0036704928979125564
Kepler-550 b,4.42,,0.20689655172413793,77.258,5322.0,0.0,760.0,0.0,0.0,0.0,74.83567320600137,0.0,0.14723185,0.12495032400912852,0.0036598475277321526
Kepler-101 b,5.77,51.1,0.2631578947368421,1240.332,5667.0,0.086,1513.0,0.14489824083472194,0.0004398233372256938,0.08283913020247112,211.75440436040583,0.0,0.36736244,0.07510158462623422,0.0036387039976941956
HD 63935 c,3.06451296,11.1,0.38294010889292196,36.7,5513.0,0.0,619.59,0.0,0.0,0.0,46.16404469115759,0.0,0.06623174,0.14055839545099388,0.0036002139347644977
Kepler-949 c,2.97,,0.3466424682395644,27.2,5211.0,0.0,582.0,0.0,0.0,0.0,38.039931450518424,0.0,0.08442446,0.13645142052904047,0.00359878158828146
Kepler-569 b,3.16,,0.3194192377495463,19.314,5616.0,0.0,526.0,0.0,0.0,0.0,42.21929005820646,0.0,0.09361204,0.13438011265408428,0.003598126580983886
Kepler-1727 b,3.17321625,,0.3176043557168784,77.75,5349.0,0.0,757.0,0.0,0.0,0.0,42.50833240959152,0.0,0.07965374,0.13713535091529797,0.0035894671752729314
HD 104985 b,12.8,,0.8402903811252269,115.1548,4738.0,0.047,901.01,0.2549292432981504,0.0073264175895723,0.05802211892930882,7381.555856295485,0.0,0.5412233,0.03355812970894097,0.0035684444948994717
CoRoT-8 b,6.39,69.92,0.29038112522686027,100.3041,5080.0,0.0,870.0,0.0,0.0,0.0,317.3653930535854,0.0,0.169155,0.11546595749195734,0.0035463123978606743
Kepler-941 b,3.08,,0.33030852994555354,47.032,5539.0,0.0,722.0,0.0,0.0,0.0,40.42597917482252,0.0,0.07219246,0.13644477648853534,0.0035315042701831193
Kepler-473 b,4.08,,0.22867513611615245,243.376,5816.0,0.0,879.0,0.0,0.0,0.0,65.0561030424114,0.0,0.20892814,0.10453011273048166,0.0034949313129169998
Kepler-1325 b,2.86,,0.36479128856624315,18.153,5550.0,0.0,564.0,0.0,0.0,0.0,35.74630587748713,0.0,0.096342206,0.1275423387051525,0.0034445323061751045
Kepler-564 b,4.63,,0.1941923774954628,389.404,5626.0,0.0,1129.0,0.0,0.0,0.0,80.73535536161808,0.0,0.28481895,0.08386021816405555,0.0034017407824839287
EPIC 249893012 c,3.67,14.67,0.29401088929219604,160.0,5430.0,0.07,990.0,0.24608228879207122,0.004710535463067247,0.07650798739112466,60.87657602407107,0.0,0.061369695,0.1333719274132157,0.003396366860828195
Kepler-1854 b,2.58746104,,0.41560798548094374,7.33,5026.0,0.0,420.0,0.0,0.0,0.0,30.157403757468327,4.375422083691028e-50,0.19566439,0.10303378086119754,0.0033852672653785477
Kepler-148 c,3.6,,0.26860254083484575,187.197,5272.0,0.0,957.0,0.0,0.0,0.0,52.49358435133948,0.0,0.14009254,0.11531831589072528,0.0033832150395073277
Kepler-1740 b,3.32321414,,0.29945553539019965,127.95,5705.0,0.0,858.0,0.0,0.0,0.0,46.0358255763524,0.0,0.11337499,0.12083344606052226,0.003372589789574352
TOI-1136 d,4.627,8.35,0.3284936479128857,626.362,5770.0,0.042,843.0,0.19982690001747552,0.0011174878376994215,0.08559063952554664,136.3057208336232,0.0,0.2258629,0.09484871036070866,0.0033491686515910958
HD 102888 b,12.8,,0.8602540834845736,37.4512,4990.0,0.11,688.63,0.2794242957627436,0.022073776923098636,0.06475396698187957,7556.927593702073,0.0,0.48203397,0.03637758211196801,0.003313198422623805
Kepler-232 c,3.83,,0.2486388384754991,116.524,5847.0,0.0,806.0,0.0,0.0,0.0,58.5132067140221,0.0,0.14555293,0.11045926074104742,0.0032933827847922946
Kepler-1897 b,2.81407954,,0.3720508166969147,15.43,5165.0,0.0,505.0,0.0,0.0,0.0,34.729615674745226,4.649488901e-314,0.11434187,0.11687886718844023,0.003280401192371213
WASP-47 d,3.65,15.5,0.3266787658802178,145.0,5565.0,0.001,885.0,0.20021317538365124,0.0041916850709394935,0.08011433456214515,66.54081393765193,0.0,0.09871651,0.1198632615217528,0.0032682445834552477
Kepler-218 c,3.14,,0.32123411978221417,16.147,5502.0,0.0,500.0,0.0,0.0,0.0,41.658077254140714,0.0,0.097680464,0.11964245697411613,0.0032571165131055867
Kepler-368 b,3.26,,0.308529945553539,107.58,5502.0,0.0,800.0,0.0,0.0,0.0,44.775323473123294,0.0,0.09215983,0.12084410703588563,0.0032564510333481125
Kepler-305 d,2.76,6.2,0.2961941923774955,25.523,5090.0,0.0,576.0,0.0,0.0,0.0,26.085093295127823,0.0,0.118860304,0.11364018759287849,0.0032253483401453917
TOI-1136 e,2.639,6.07,0.3284936479128857,48.4771,5770.0,0.0425,737.0,0.36174205090685246,0.019960016316305878,0.08559063952554508,25.289122257392563,0.0,0.06740126,0.124955082828994,0.0032219570604764074
Kepler-290 c,2.7,,0.3920145190562614,6.596,5147.0,0.0,437.0,0.0,0.0,0.0,32.320796446052775,1.986219103995373e-37,0.18525355,0.09798293137765147,0.0032036256517446625
HD 59686 A b,12.7,,1.0707803992740472,56.2338,4658.0,0.05,783.08,0.2941573923968363,0.016178180860618438,0.055885024309445766,9187.559929528252,0.0,0.6062739,0.0038135153003012482,0.0031920545734465122
Kepler-151 b,3.06,,0.3339382940108893,40.728,5460.0,0.0,639.0,0.0,0.0,0.0,40.07920633862844,0.0,0.07047546,0.12246720070182993,0.0031774897404281827
Kepler-600 b,2.9,,0.3575317604355717,20.182,5279.0,0.0,528.0,0.0,0.0,0.0,36.525589197810255,0.0,0.09178474,0.11621469738360518,0.0031402626290599304
Kepler-1521 b,2.5,,0.43375680580762255,5.122,5042.0,0.0,391.0,0.0,0.0,0.0,28.389316553537533,1.1475535808901327e-17,0.23759124,0.08362191220096257,0.0031367407226913693
Kepler-1993 b,4.15,,0.2250453720508167,157.45,5159.0,0.0,903.0,0.0,0.0,0.0,67.37565274913801,0.0,0.16766216,0.09899730918957722,0.0031321144935491673
Kepler-896 c,3.15,,0.32304900181488205,16.56,5510.0,0.0,515.0,0.0,0.0,0.0,42.29496541103621,0.0,0.09583891,0.11196175439771575,0.003057657518450175
Kepler-1835 b,3.53387773,,0.27586206896551724,100.96,5903.0,0.0,808.0,0.0,0.0,0.0,50.995887658410304,0.0,0.13138965,0.10311047327997275,0.0030345007055830498
Kepler-739 b,3.32,,0.29945553539019965,115.963,5601.0,0.0,775.0,0.0,0.0,0.0,45.90238019554175,0.0,0.10121586,0.10832477344136497,0.002997495606259791
Kepler-554 b,4.29,,0.21415607985480944,877.945,5447.0,0.0,1346.0,0.0,0.0,0.0,70.82570306323014,0.0,0.35753888,0.051029119813733065,0.002991338338344054
Kepler-85 c,1.978,2.15,0.2771818511796733,61.929,5505.2,0.027,706.0,0.3697366237787933,0.01608128950909954,0.07851685633379554,8.98529338231473,0.0,0.1504947,0.09659068354395192,0.0029785901123937693
Kepler-1757 b,2.94660251,,0.3502722323049002,21.5,5288.0,0.0,549.0,0.0,0.0,0.0,37.536950083543736,0.0,0.08798947,0.1100765653789744,0.0029681136782172936
Kepler-153 b,2.92,,0.35390199637023595,21.609,5404.0,0.0,621.0,0.0,0.0,0.0,36.90797146408427,0.0,0.08524768,0.1101794108118439,0.002955605711264223
Kepler-153 c,2.53,,0.426497277676951,6.422,5404.0,0.0,458.0,0.0,0.0,0.0,28.931199246336508,1.054520672584264e-34,0.18850766,0.08705496871537137,0.002952069316891121
HD 191939 b,3.41,10.0,0.2540834845735027,100.0,5348.0,0.031,880.0,0.3004817415431096,0.008763365063266505,0.07431746540576331,42.2015287058876,0.0,0.0780887,0.11136408944579232,0.002945532703727968
TOI-561 c,2.865,5.93,0.23593466424682397,67.5,5342.0,0.023,802.0,0.34176394329371174,0.014053071422576039,0.07415718330927289,23.240969549338296,0.0,0.102003,0.10470196808728309,0.0029125001784137644
TOI-1723 b,3.435,10.4,0.29038112522686027,92.36,5777.0,0.0,782.98,0.0,0.0,0.0,49.29889866787161,0.0,0.10674594,0.10303862386247609,0.002897516386699381
TOI-5398 c,3.52,11.8,0.2722323049001815,370.603,6000.0,0.14,1242.0,0.1843876405540505,0.0016333209682866466,0.09173478655765288,49.73432865514961,0.0,0.22767946,0.07517043530696928,0.002874000450259101
HD 183579 b,3.49,20.4,0.4809437386569873,58.1,5784.0,0.061,752.0,0.33479763330198087,0.016045233972747347,0.085964631084024,85.63655049507045,0.0,0.03126873,0.11751085961149951,0.002840183208103206
TIC 434398831 b,3.51,,0.279491833030853,333.6313,5638.0,0.04,1250.0,0.23211146926780724,0.0022625297900239066,0.08206443340277017,50.62663716650277,0.0,0.14966278,0.08925180394458418,0.0027930977879479756
HD 108236 e,3.083,,0.33030852994555354,35.0031,5660.0,0.058,636.0,0.3591964738636193,0.02680019944169864,0.08265213442323249,40.54422213300976,0.0,0.030409718,0.11526262215967964,0.0027800434999816115
Kepler-1175 b,2.99,,0.3448275862068966,12.938,5453.0,0.0,515.0,0.0,0.0,0.0,38.610388929770465,1.4399413596963514e-208,0.10984746,0.09635384994901025,0.0027497315739202764
TOI-1794 b,3.29701268,8.7,0.23774954627949185,228.913,5631.0,0.0,992.91,0.0,0.0,0.0,35.69194033443696,0.0,0.18315943,0.0793735614937103,0.0027333527864151774
Kepler-150 e,3.12,,0.32486388384754994,19.671,5560.0,0.0,544.0,0.0,0.0,0.0,41.32889782334498,0.0,0.08990631,0.09900469097980762,0.00270567221798515
TOI-1691 b,3.66,14.6,0.3194192377495463,59.13,5759.0,0.0,703.49,0.0,0.0,0.0,65.59835283591853,0.0,0.081491195,0.10083659125604684,0.002704663304061573
TOI-1203.01,2.918,7.39,0.2958257713248639,51.0,5737.0,0.032,743.6,0.3609408216511979,0.019132053851834686,0.08470908799485069,30.787929082532642,0.0,0.06679004,0.1028172050554074,0.002672830947268594
Kepler-1793 b,3.79037518,,0.25226860254083483,61.24,5191.0,0.0,713.0,0.0,0.0,0.0,57.54378297620708,0.0,0.10324639,0.09406695034852133,0.002657133669284919
HD 168009 b,3.05,,0.3357531760435572,99.3735,5778.33,0.12,887.57,0.260888581855932,0.007601290193148654,0.08581316450283898,39.90324887759406,0.0,0.06774529,0.10154371698094779,0.0026466764266324682
Kepler-1001 b,3.15,,0.32304900181488205,40.853,5491.0,0.0,693.0,0.0,0.0,0.0,42.29496541103621,0.0,0.070585534,0.1007770778337134,0.002643359817586025
Kepler-684 b,3.36,,0.29401088929219604,102.87,5493.0,0.0,812.0,0.0,0.0,0.0,46.71645258164611,0.0,0.09303607,0.09355708313747192,0.0025885425939940745
Kepler-995 b,2.7,,0.3920145190562614,11.92,5206.0,0.0,517.0,0.0,0.0,0.0,32.320796446052775,1.1050596827033198e-171,0.13230875,0.08409386539627521,0.0025707207875158952
HD 35843 c,2.54,11.32,0.6896551724137931,11.3814,5666.0,0.153,479.0,0.4289323930646755,0.08462589975042027,0.08281241651972647,47.33929184028118,1.281335130707253e-153,0.1952948,0.0687516416668039,0.002538070378769188
Kepler-1530 d,3.27870115,,0.30490018148820325,69.2,5678.0,0.0,972.0,0.0,0.0,0.0,45.01443373030275,0.0,0.086409785,0.09263113732015901,0.002529358407834616
HD 86728 b,3.03,,0.3375680580762251,37.1828,5610.0,0.067,687.36,0.3487432466757678,0.02464088996625702,0.0813164502858179,39.33488095847061,0.0,0.024495183,0.10626006215252812,0.0025256489974312675
Kepler-692 b,3.11,,0.3266787658802178,28.504,5440.0,0.0,639.0,0.0,0.0,0.0,41.16145164190952,0.0,0.0751689,0.09431882620469594,0.002509290009658389
HD 3167 c,2.983,11.41,0.4283121597096189,16.9,5338.0,0.04,567.0,0.4528115239626641,0.06422749995640795,0.07405032857828256,47.62212531435852,0.0,0.052092098,0.09931523977117544,0.0025058524144729844
Kepler-559 b,3.61,,0.26860254083484575,42.543,5630.0,0.0,706.0,0.0,0.0,0.0,52.932247141987716,0.0,0.08907409,0.09062400153959868,0.002494494089824965
Kepler-1132 b,2.35,,0.47005444646098005,4.547,5298.0,0.0,384.0,0.0,0.0,0.0,25.55290976560077,5.266709060574817e-12,0.24746037,0.054300927764801936,0.0024680297563432155
TOI-1249 b,3.2710301,11.9,0.3339382940108893,48.6058,5497.0,0.0,726.89,0.0,0.0,0.0,48.95628507237724,0.0,0.065352015,0.0946142067825192,0.0024627096668494216
Kepler-253 d,3.17,,0.3194192377495463,24.084,5208.0,0.0,563.0,0.0,0.0,0.0,42.62137584624826,0.0,0.08713688,0.08970320632282155,0.002461164494644639
TOI-469.01,3.41,9.1,0.23593466424682397,74.7,5289.0,0.0,716.0,0.0,0.0,0.0,39.1871337983242,0.0,0.1168854,0.08159743363473433,0.0024245518420058405
TOI-1136 c,2.879,6.32,0.2631578947368421,232.392,5770.0,0.11,1062.0,0.21734135884158573,0.0029050628426492806,0.08559063952554448,26.30449734982261,0.0,0.14769876,0.07308797286492373,0.0023838294677736935
Kepler-1642 b,3.2,,0.3139745916515427,39.915,5355.0,0.0,895.0,0.0,0.0,0.0,43.09561160701671,0.0,0.071978286,0.08831688647390537,0.002343816198145461
TOI-1439 b,4.2427861,38.5,0.5009074410163339,68.4355,5841.0,0.157,748.4,0.2687738773806101,0.011269880849034452,0.08748731100067725,160.25054109799862,0.0,0.0958312,0.08258239009560472,0.0023333159032151605
Kepler-740 b,4.57,,0.19782214156079858,432.866,5438.0,0.0,1131.0,0.0,0.0,0.0,79.08827598052089,0.0,0.28509766,0.03967778279689433,0.00231402565191732
Kepler-318 c,3.68,,0.2613430127041742,96.513,5746.0,0.0,762.0,0.0,0.0,0.0,54.55605500350461,0.0,0.11746675,0.0768417168210802,0.002310497285780323
NGTS-14 A b,4.976796,29.24036,0.2531760435571688,191.782,5187.0,0.0,1143.0,0.0,0.0,0.0,130.725627717156,0.0,0.1719853,0.06457574882468572,0.0023072281033179797
Kepler-553 b,4.74139884,116.007368555,0.25982294376368675,235.0,5191.0,0.0,1089.0,0.0,0.0,0.0,116.00736855499999,0.0,0.17846982,0.06175831691025136,0.0022733477458802475
Kepler-1172 b,3.2,,0.3139745916515427,26.356,5558.0,0.0,675.0,0.0,0.0,0.0,43.09561160701671,0.0,0.08041714,0.08042470159584261,0.0021955491276936063
Kepler-697 b,4.13,,0.2268602540834846,472.236,5513.0,0.0,1151.0,0.0,0.0,0.0,66.94176801492893,0.0,0.25877514,0.0406394891126197,0.0021933107697324015
Kepler-1747 b,4.26508,,0.2159709618874773,138.33,5477.0,0.0,875.0,0.0,0.0,0.0,70.18842816883443,0.0,0.15919098,0.06270324091597274,0.002190865751009091
Kepler-955 b,3.13,,0.32304900181488205,33.091,5350.0,0.0,664.0,0.0,0.0,0.0,41.494451234167705,0.0,0.0735157,0.08077706316778394,0.0021663697492128476
Kepler-734 b,3.56,,0.27404718693284935,89.25,5326.0,0.0,784.0,0.0,0.0,0.0,51.792151407458334,0.0,0.09406954,0.07530357203155566,0.002144203034700944
Kepler-698 b,3.68,,0.2613430127041742,172.557,5612.0,0.0,727.0,0.0,0.0,0.0,54.55605500350461,0.0,0.13930719,0.0635602053079889,0.0021028960246946716
Kepler-607 c,2.76001201,,0.38112522686025413,8.8,5244.0,0.0,473.0,0.0,0.0,0.0,33.56519857051045,4.634210450591564e-81,0.14990966,0.04867028947988403,0.001793982684041769
Kepler-1627 b,3.69,,0.2613430127041742,143.12,5445.0,0.0,794.0,0.0,0.0,0.0,55.002015107614874,0.0,0.121977866,0.05123237086199513,0.0017038927473432461
TOI-3862 b,5.53,53.7,0.3176043557168784,358.839,5300.0,0.0232,1539.0,0.23097108560821922,0.0021817906462267664,0.07303520863384715,224.9833882940201,0.0,0.18328254,0.03731677312810698,0.001697188210841672
Kepler-263 c,2.47,,0.44101633393829404,5.994,5265.0,0.0,386.0,0.0,0.0,0.0,27.837750867808452,1.9062224275263595e-28,0.20504078,0.024696593840933544,0.0015054399432341973
Kepler-150 c,3.69,,0.2613430127041742,132.091,5560.0,0.0,876.0,0.0,0.0,0.0,55.002015107614874,0.0,0.11989329,0.042522744629945576,0.0014777339033345683
Kepler-145 c,4.32,79.4,0.4682395644283122,67.193,6022.0,0.11,709.0,0.2830095064911359,0.012083394427662156,0.09232248757811834,158.1277010125106,0.0,0.07456112,0.052214970777297115,0.0014679548572635026
Kepler-1720 b,3.21585295,,0.3121597096188748,55.86,5573.0,0.0,697.0,0.0,0.0,0.0,43.486454694400486,0.0,0.07557058,0.04200301592405415,0.0012217347509782014
K2-111 c,3.34,,0.29764065335753176,142.0569,5775.0,0.069,923.0,0.25837852933507854,0.0054671133960676865,0.08572420793928655,46.45369443982614,0.0,0.07420944,0.04207148879598678,0.0012159546180823102
HD 45184 b,3.52,,0.279491833030853,272.4625,5869.0,0.07,1156.34,0.22209625762793758,0.0026044086618320465,0.08823529411762623,51.06057741928693,0.0,0.14031021,0.02720674627880871,0.001212165337149115
Kepler-726 b,3.26,,0.308529945553539,25.296,5452.0,0.0,543.0,0.0,0.0,0.0,44.775323473123294,0.0,0.079272866,0.030476608881175576,0.0009578837783136674
Kepler-819 b,2.76,,0.38112522686025413,9.913,5279.0,0.0,485.0,0.0,0.0,0.0,33.56476040254678,1.6546212061626e-109,0.13857606,0.01683391249325112,0.0009469255962817216
Kepler-160 c,3.76,,0.2558983666061706,84.848,5471.0,0.0,771.0,0.0,0.0,0.0,56.9796343412587,0.0,0.10083081,0.0072123067847048306,0.0005026234581068559
